max_ia_risk,max_copy_risk,min_speedup,t_l,t_h,speedup,ia_risk,copy_risk,delta_miou_ia,delta_accuracy_ia,delta_miou_copy,delta_accuracy_copy
0.2,0.1,,0.69,0.71,5.347110829601966,0.16558937371921467,0.027059648153566658,0.018995454545454548,0.045659090909090906,-0.00016716738197424932,0.0002527896995708154
0.2,0.1,2.0,0.69,0.71,5.347110829601966,0.16558937371921467,0.027059648153566658,0.018995454545454548,0.045659090909090906,-0.00016716738197424932,0.0002527896995708154
0.2,0.1,4.0,0.69,0.71,5.347110829601966,0.16558937371921467,0.027059648153566658,0.018995454545454548,0.045659090909090906,-0.00016716738197424932,0.0002527896995708154
0.2,0.15,,0.69,0.71,5.347110829601966,0.16558937371921467,0.027059648153566658,0.018995454545454548,0.045659090909090906,-0.00016716738197424932,0.0002527896995708154
0.2,0.15,2.0,0.69,0.71,5.347110829601966,0.16558937371921467,0.027059648153566658,0.018995454545454548,0.045659090909090906,-0.00016716738197424932,0.0002527896995708154
0.2,0.15,4.0,0.69,0.71,5.347110829601966,0.16558937371921467,0.027059648153566658,0.018995454545454548,0.045659090909090906,-0.00016716738197424932,0.0002527896995708154
0.2,0.2,,0.69,0.71,5.347110829601966,0.16558937371921467,0.027059648153566658,0.018995454545454548,0.045659090909090906,-0.00016716738197424932,0.0002527896995708154
0.2,0.2,2.0,0.69,0.71,5.347110829601966,0.16558937371921467,0.027059648153566658,0.018995454545454548,0.045659090909090906,-0.00016716738197424932,0.0002527896995708154
0.2,0.2,4.0,0.69,0.71,5.347110829601966,0.16558937371921467,0.027059648153566658,0.018995454545454548,0.045659090909090906,-0.00016716738197424932,0.0002527896995708154
0.2,0.25,,0.69,0.71,5.347110829601966,0.16558937371921467,0.027059648153566658,0.018995454545454548,0.045659090909090906,-0.00016716738197424932,0.0002527896995708154
0.2,0.25,2.0,0.69,0.71,5.347110829601966,0.16558937371921467,0.027059648153566658,0.018995454545454548,0.045659090909090906,-0.00016716738197424932,0.0002527896995708154
0.2,0.25,4.0,0.69,0.71,5.347110829601966,0.16558937371921467,0.027059648153566658,0.018995454545454548,0.045659090909090906,-0.00016716738197424932,0.0002527896995708154
0.2,0.3,,0.69,0.71,5.347110829601966,0.16558937371921467,0.027059648153566658,0.018995454545454548,0.045659090909090906,-0.00016716738197424932,0.0002527896995708154
0.2,0.3,2.0,0.69,0.71,5.347110829601966,0.16558937371921467,0.027059648153566658,0.018995454545454548,0.045659090909090906,-0.00016716738197424932,0.0002527896995708154
0.2,0.3,4.0,0.69,0.71,5.347110829601966,0.16558937371921467,0.027059648153566658,0.018995454545454548,0.045659090909090906,-0.00016716738197424932,0.0002527896995708154
0.2,0.35,,0.69,0.71,5.347110829601966,0.16558937371921467,0.027059648153566658,0.018995454545454548,0.045659090909090906,-0.00016716738197424932,0.0002527896995708154
0.2,0.35,2.0,0.69,0.71,5.347110829601966,0.16558937371921467,0.027059648153566658,0.018995454545454548,0.045659090909090906,-0.00016716738197424932,0.0002527896995708154
0.2,0.35,4.0,0.69,0.71,5.347110829601966,0.16558937371921467,0.027059648153566658,0.018995454545454548,0.045659090909090906,-0.00016716738197424932,0.0002527896995708154
0.2,0.4,,0.69,0.71,5.347110829601966,0.16558937371921467,0.027059648153566658,0.018995454545454548,0.045659090909090906,-0.00016716738197424932,0.0002527896995708154
0.2,0.4,2.0,0.69,0.71,5.347110829601966,0.16558937371921467,0.027059648153566658,0.018995454545454548,0.045659090909090906,-0.00016716738197424932,0.0002527896995708154
0.2,0.4,4.0,0.69,0.71,5.347110829601966,0.16558937371921467,0.027059648153566658,0.018995454545454548,0.045659090909090906,-0.00016716738197424932,0.0002527896995708154
0.2,0.45,,0.69,0.71,5.347110829601966,0.16558937371921467,0.027059648153566658,0.018995454545454548,0.045659090909090906,-0.00016716738197424932,0.0002527896995708154
0.2,0.45,2.0,0.69,0.71,5.347110829601966,0.16558937371921467,0.027059648153566658,0.018995454545454548,0.045659090909090906,-0.00016716738197424932,0.0002527896995708154
0.2,0.45,4.0,0.69,0.71,5.347110829601966,0.16558937371921467,0.027059648153566658,0.018995454545454548,0.045659090909090906,-0.00016716738197424932,0.0002527896995708154
0.2,0.5,,0.69,0.71,5.347110829601966,0.16558937371921467,0.027059648153566658,0.018995454545454548,0.045659090909090906,-0.00016716738197424932,0.0002527896995708154
0.2,0.5,2.0,0.69,0.71,5.347110829601966,0.16558937371921467,0.027059648153566658,0.018995454545454548,0.045659090909090906,-0.00016716738197424932,0.0002527896995708154
0.2,0.5,4.0,0.69,0.71,5.347110829601966,0.16558937371921467,0.027059648153566658,0.018995454545454548,0.045659090909090906,-0.00016716738197424932,0.0002527896995708154
0.2,0.55,,0.69,0.71,5.347110829601966,0.16558937371921467,0.027059648153566658,0.018995454545454548,0.045659090909090906,-0.00016716738197424932,0.0002527896995708154
0.2,0.55,2.0,0.69,0.71,5.347110829601966,0.16558937371921467,0.027059648153566658,0.018995454545454548,0.045659090909090906,-0.00016716738197424932,0.0002527896995708154
0.2,0.55,4.0,0.69,0.71,5.347110829601966,0.16558937371921467,0.027059648153566658,0.018995454545454548,0.045659090909090906,-0.00016716738197424932,0.0002527896995708154
0.2,0.6,,0.69,0.71,5.347110829601966,0.16558937371921467,0.027059648153566658,0.018995454545454548,0.045659090909090906,-0.00016716738197424932,0.0002527896995708154
0.2,0.6,2.0,0.69,0.71,5.347110829601966,0.16558937371921467,0.027059648153566658,0.018995454545454548,0.045659090909090906,-0.00016716738197424932,0.0002527896995708154
0.2,0.6,4.0,0.69,0.71,5.347110829601966,0.16558937371921467,0.027059648153566658,0.018995454545454548,0.045659090909090906,-0.00016716738197424932,0.0002527896995708154
0.2,0.65,,0.69,0.71,5.347110829601966,0.16558937371921467,0.027059648153566658,0.018995454545454548,0.045659090909090906,-0.00016716738197424932,0.0002527896995708154
0.2,0.65,2.0,0.69,0.71,5.347110829601966,0.16558937371921467,0.027059648153566658,0.018995454545454548,0.045659090909090906,-0.00016716738197424932,0.0002527896995708154
0.2,0.65,4.0,0.69,0.71,5.347110829601966,0.16558937371921467,0.027059648153566658,0.018995454545454548,0.045659090909090906,-0.00016716738197424932,0.0002527896995708154
0.2,0.7,,0.69,0.71,5.347110829601966,0.16558937371921467,0.027059648153566658,0.018995454545454548,0.045659090909090906,-0.00016716738197424932,0.0002527896995708154
0.2,0.7,2.0,0.69,0.71,5.347110829601966,0.16558937371921467,0.027059648153566658,0.018995454545454548,0.045659090909090906,-0.00016716738197424932,0.0002527896995708154
0.2,0.7,4.0,0.69,0.71,5.347110829601966,0.16558937371921467,0.027059648153566658,0.018995454545454548,0.045659090909090906,-0.00016716738197424932,0.0002527896995708154
0.2,0.75,,0.69,0.71,5.347110829601966,0.16558937371921467,0.027059648153566658,0.018995454545454548,0.045659090909090906,-0.00016716738197424932,0.0002527896995708154
0.2,0.75,2.0,0.69,0.71,5.347110829601966,0.16558937371921467,0.027059648153566658,0.018995454545454548,0.045659090909090906,-0.00016716738197424932,0.0002527896995708154
0.2,0.75,4.0,0.69,0.71,5.347110829601966,0.16558937371921467,0.027059648153566658,0.018995454545454548,0.045659090909090906,-0.00016716738197424932,0.0002527896995708154
0.2,0.8,,0.69,0.71,5.347110829601966,0.16558937371921467,0.027059648153566658,0.018995454545454548,0.045659090909090906,-0.00016716738197424932,0.0002527896995708154
0.2,0.8,2.0,0.69,0.71,5.347110829601966,0.16558937371921467,0.027059648153566658,0.018995454545454548,0.045659090909090906,-0.00016716738197424932,0.0002527896995708154
0.2,0.8,4.0,0.69,0.71,5.347110829601966,0.16558937371921467,0.027059648153566658,0.018995454545454548,0.045659090909090906,-0.00016716738197424932,0.0002527896995708154
0.2,0.85,,0.69,0.71,5.347110829601966,0.16558937371921467,0.027059648153566658,0.018995454545454548,0.045659090909090906,-0.00016716738197424932,0.0002527896995708154
0.2,0.85,2.0,0.69,0.71,5.347110829601966,0.16558937371921467,0.027059648153566658,0.018995454545454548,0.045659090909090906,-0.00016716738197424932,0.0002527896995708154
0.2,0.85,4.0,0.69,0.71,5.347110829601966,0.16558937371921467,0.027059648153566658,0.018995454545454548,0.045659090909090906,-0.00016716738197424932,0.0002527896995708154
0.2,0.9,,0.69,0.71,5.347110829601966,0.16558937371921467,0.027059648153566658,0.018995454545454548,0.045659090909090906,-0.00016716738197424932,0.0002527896995708154
0.2,0.9,2.0,0.69,0.71,5.347110829601966,0.16558937371921467,0.027059648153566658,0.018995454545454548,0.045659090909090906,-0.00016716738197424932,0.0002527896995708154
0.2,0.9,4.0,0.69,0.71,5.347110829601966,0.16558937371921467,0.027059648153566658,0.018995454545454548,0.045659090909090906,-0.00016716738197424932,0.0002527896995708154
0.2,0.95,,0.69,0.71,5.347110829601966,0.16558937371921467,0.027059648153566658,0.018995454545454548,0.045659090909090906,-0.00016716738197424932,0.0002527896995708154
0.2,0.95,2.0,0.69,0.71,5.347110829601966,0.16558937371921467,0.027059648153566658,0.018995454545454548,0.045659090909090906,-0.00016716738197424932,0.0002527896995708154
0.2,0.95,4.0,0.69,0.71,5.347110829601966,0.16558937371921467,0.027059648153566658,0.018995454545454548,0.045659090909090906,-0.00016716738197424932,0.0002527896995708154
0.2,1.0,,0.69,0.71,5.347110829601966,0.16558937371921467,0.027059648153566658,0.018995454545454548,0.045659090909090906,-0.00016716738197424932,0.0002527896995708154
0.2,1.0,2.0,0.69,0.71,5.347110829601966,0.16558937371921467,0.027059648153566658,0.018995454545454548,0.045659090909090906,-0.00016716738197424932,0.0002527896995708154
0.2,1.0,4.0,0.69,0.71,5.347110829601966,0.16558937371921467,0.027059648153566658,0.018995454545454548,0.045659090909090906,-0.00016716738197424932,0.0002527896995708154
0.25,0.1,,0.31,0.49,19.542942114479693,0.22573631731887292,0.02981991924210142,0.02788888888888889,0.003977777777777778,-7.804878048780485e-05,0.00013500259470679814
0.25,0.1,2.0,0.31,0.49,19.542942114479693,0.22573631731887292,0.02981991924210142,0.02788888888888889,0.003977777777777778,-7.804878048780485e-05,0.00013500259470679814
0.25,0.1,4.0,0.31,0.49,19.542942114479693,0.22573631731887292,0.02981991924210142,0.02788888888888889,0.003977777777777778,-7.804878048780485e-05,0.00013500259470679814
0.25,0.1,6.0,0.31,0.49,19.542942114479693,0.22573631731887292,0.02981991924210142,0.02788888888888889,0.003977777777777778,-7.804878048780485e-05,0.00013500259470679814
0.25,0.1,8.0,0.31,0.49,19.542942114479693,0.22573631731887292,0.02981991924210142,0.02788888888888889,0.003977777777777778,-7.804878048780485e-05,0.00013500259470679814
0.25,0.1,10.0,0.31,0.49,19.542942114479693,0.22573631731887292,0.02981991924210142,0.02788888888888889,0.003977777777777778,-7.804878048780485e-05,0.00013500259470679814
0.25,0.1,12.0,0.31,0.49,19.542942114479693,0.22573631731887292,0.02981991924210142,0.02788888888888889,0.003977777777777778,-7.804878048780485e-05,0.00013500259470679814
0.25,0.1,14.0,0.31,0.49,19.542942114479693,0.22573631731887292,0.02981991924210142,0.02788888888888889,0.003977777777777778,-7.804878048780485e-05,0.00013500259470679814
0.25,0.1,16.0,0.31,0.49,19.542942114479693,0.22573631731887292,0.02981991924210142,0.02788888888888889,0.003977777777777778,-7.804878048780485e-05,0.00013500259470679814
0.25,0.1,18.0,0.31,0.49,19.542942114479693,0.22573631731887292,0.02981991924210142,0.02788888888888889,0.003977777777777778,-7.804878048780485e-05,0.00013500259470679814
0.25,0.15,,0.31,0.49,19.542942114479693,0.22573631731887292,0.02981991924210142,0.02788888888888889,0.003977777777777778,-7.804878048780485e-05,0.00013500259470679814
0.25,0.15,2.0,0.31,0.49,19.542942114479693,0.22573631731887292,0.02981991924210142,0.02788888888888889,0.003977777777777778,-7.804878048780485e-05,0.00013500259470679814
0.25,0.15,4.0,0.31,0.49,19.542942114479693,0.22573631731887292,0.02981991924210142,0.02788888888888889,0.003977777777777778,-7.804878048780485e-05,0.00013500259470679814
0.25,0.15,6.0,0.31,0.49,19.542942114479693,0.22573631731887292,0.02981991924210142,0.02788888888888889,0.003977777777777778,-7.804878048780485e-05,0.00013500259470679814
0.25,0.15,8.0,0.31,0.49,19.542942114479693,0.22573631731887292,0.02981991924210142,0.02788888888888889,0.003977777777777778,-7.804878048780485e-05,0.00013500259470679814
0.25,0.15,10.0,0.31,0.49,19.542942114479693,0.22573631731887292,0.02981991924210142,0.02788888888888889,0.003977777777777778,-7.804878048780485e-05,0.00013500259470679814
0.25,0.15,12.0,0.31,0.49,19.542942114479693,0.22573631731887292,0.02981991924210142,0.02788888888888889,0.003977777777777778,-7.804878048780485e-05,0.00013500259470679814
0.25,0.15,14.0,0.31,0.49,19.542942114479693,0.22573631731887292,0.02981991924210142,0.02788888888888889,0.003977777777777778,-7.804878048780485e-05,0.00013500259470679814
0.25,0.15,16.0,0.31,0.49,19.542942114479693,0.22573631731887292,0.02981991924210142,0.02788888888888889,0.003977777777777778,-7.804878048780485e-05,0.00013500259470679814
0.25,0.15,18.0,0.31,0.49,19.542942114479693,0.22573631731887292,0.02981991924210142,0.02788888888888889,0.003977777777777778,-7.804878048780485e-05,0.00013500259470679814
0.25,0.2,,0.31,0.49,19.542942114479693,0.22573631731887292,0.02981991924210142,0.02788888888888889,0.003977777777777778,-7.804878048780485e-05,0.00013500259470679814
0.25,0.2,2.0,0.31,0.49,19.542942114479693,0.22573631731887292,0.02981991924210142,0.02788888888888889,0.003977777777777778,-7.804878048780485e-05,0.00013500259470679814
0.25,0.2,4.0,0.31,0.49,19.542942114479693,0.22573631731887292,0.02981991924210142,0.02788888888888889,0.003977777777777778,-7.804878048780485e-05,0.00013500259470679814
0.25,0.2,6.0,0.31,0.49,19.542942114479693,0.22573631731887292,0.02981991924210142,0.02788888888888889,0.003977777777777778,-7.804878048780485e-05,0.00013500259470679814
0.25,0.2,8.0,0.31,0.49,19.542942114479693,0.22573631731887292,0.02981991924210142,0.02788888888888889,0.003977777777777778,-7.804878048780485e-05,0.00013500259470679814
0.25,0.2,10.0,0.31,0.49,19.542942114479693,0.22573631731887292,0.02981991924210142,0.02788888888888889,0.003977777777777778,-7.804878048780485e-05,0.00013500259470679814
0.25,0.2,12.0,0.31,0.49,19.542942114479693,0.22573631731887292,0.02981991924210142,0.02788888888888889,0.003977777777777778,-7.804878048780485e-05,0.00013500259470679814
0.25,0.2,14.0,0.31,0.49,19.542942114479693,0.22573631731887292,0.02981991924210142,0.02788888888888889,0.003977777777777778,-7.804878048780485e-05,0.00013500259470679814
0.25,0.2,16.0,0.31,0.49,19.542942114479693,0.22573631731887292,0.02981991924210142,0.02788888888888889,0.003977777777777778,-7.804878048780485e-05,0.00013500259470679814
0.25,0.2,18.0,0.31,0.49,19.542942114479693,0.22573631731887292,0.02981991924210142,0.02788888888888889,0.003977777777777778,-7.804878048780485e-05,0.00013500259470679814
0.25,0.25,,0.31,0.49,19.542942114479693,0.22573631731887292,0.02981991924210142,0.02788888888888889,0.003977777777777778,-7.804878048780485e-05,0.00013500259470679814
0.25,0.25,2.0,0.31,0.49,19.542942114479693,0.22573631731887292,0.02981991924210142,0.02788888888888889,0.003977777777777778,-7.804878048780485e-05,0.00013500259470679814
0.25,0.25,4.0,0.31,0.49,19.542942114479693,0.22573631731887292,0.02981991924210142,0.02788888888888889,0.003977777777777778,-7.804878048780485e-05,0.00013500259470679814
0.25,0.25,6.0,0.31,0.49,19.542942114479693,0.22573631731887292,0.02981991924210142,0.02788888888888889,0.003977777777777778,-7.804878048780485e-05,0.00013500259470679814
0.25,0.25,8.0,0.31,0.49,19.542942114479693,0.22573631731887292,0.02981991924210142,0.02788888888888889,0.003977777777777778,-7.804878048780485e-05,0.00013500259470679814
0.25,0.25,10.0,0.31,0.49,19.542942114479693,0.22573631731887292,0.02981991924210142,0.02788888888888889,0.003977777777777778,-7.804878048780485e-05,0.00013500259470679814
0.25,0.25,12.0,0.31,0.49,19.542942114479693,0.22573631731887292,0.02981991924210142,0.02788888888888889,0.003977777777777778,-7.804878048780485e-05,0.00013500259470679814
0.25,0.25,14.0,0.31,0.49,19.542942114479693,0.22573631731887292,0.02981991924210142,0.02788888888888889,0.003977777777777778,-7.804878048780485e-05,0.00013500259470679814
0.25,0.25,16.0,0.31,0.49,19.542942114479693,0.22573631731887292,0.02981991924210142,0.02788888888888889,0.003977777777777778,-7.804878048780485e-05,0.00013500259470679814
0.25,0.25,18.0,0.31,0.49,19.542942114479693,0.22573631731887292,0.02981991924210142,0.02788888888888889,0.003977777777777778,-7.804878048780485e-05,0.00013500259470679814
0.25,0.3,,0.31,0.49,19.542942114479693,0.22573631731887292,0.02981991924210142,0.02788888888888889,0.003977777777777778,-7.804878048780485e-05,0.00013500259470679814
0.25,0.3,2.0,0.31,0.49,19.542942114479693,0.22573631731887292,0.02981991924210142,0.02788888888888889,0.003977777777777778,-7.804878048780485e-05,0.00013500259470679814
0.25,0.3,4.0,0.31,0.49,19.542942114479693,0.22573631731887292,0.02981991924210142,0.02788888888888889,0.003977777777777778,-7.804878048780485e-05,0.00013500259470679814
0.25,0.3,6.0,0.31,0.49,19.542942114479693,0.22573631731887292,0.02981991924210142,0.02788888888888889,0.003977777777777778,-7.804878048780485e-05,0.00013500259470679814
0.25,0.3,8.0,0.31,0.49,19.542942114479693,0.22573631731887292,0.02981991924210142,0.02788888888888889,0.003977777777777778,-7.804878048780485e-05,0.00013500259470679814
0.25,0.3,10.0,0.31,0.49,19.542942114479693,0.22573631731887292,0.02981991924210142,0.02788888888888889,0.003977777777777778,-7.804878048780485e-05,0.00013500259470679814
0.25,0.3,12.0,0.31,0.49,19.542942114479693,0.22573631731887292,0.02981991924210142,0.02788888888888889,0.003977777777777778,-7.804878048780485e-05,0.00013500259470679814
0.25,0.3,14.0,0.31,0.49,19.542942114479693,0.22573631731887292,0.02981991924210142,0.02788888888888889,0.003977777777777778,-7.804878048780485e-05,0.00013500259470679814
0.25,0.3,16.0,0.31,0.49,19.542942114479693,0.22573631731887292,0.02981991924210142,0.02788888888888889,0.003977777777777778,-7.804878048780485e-05,0.00013500259470679814
0.25,0.3,18.0,0.31,0.49,19.542942114479693,0.22573631731887292,0.02981991924210142,0.02788888888888889,0.003977777777777778,-7.804878048780485e-05,0.00013500259470679814
0.25,0.35,,0.31,0.49,19.542942114479693,0.22573631731887292,0.02981991924210142,0.02788888888888889,0.003977777777777778,-7.804878048780485e-05,0.00013500259470679814
0.25,0.35,2.0,0.31,0.49,19.542942114479693,0.22573631731887292,0.02981991924210142,0.02788888888888889,0.003977777777777778,-7.804878048780485e-05,0.00013500259470679814
0.25,0.35,4.0,0.31,0.49,19.542942114479693,0.22573631731887292,0.02981991924210142,0.02788888888888889,0.003977777777777778,-7.804878048780485e-05,0.00013500259470679814
0.25,0.35,6.0,0.31,0.49,19.542942114479693,0.22573631731887292,0.02981991924210142,0.02788888888888889,0.003977777777777778,-7.804878048780485e-05,0.00013500259470679814
0.25,0.35,8.0,0.31,0.49,19.542942114479693,0.22573631731887292,0.02981991924210142,0.02788888888888889,0.003977777777777778,-7.804878048780485e-05,0.00013500259470679814
0.25,0.35,10.0,0.31,0.49,19.542942114479693,0.22573631731887292,0.02981991924210142,0.02788888888888889,0.003977777777777778,-7.804878048780485e-05,0.00013500259470679814
0.25,0.35,12.0,0.31,0.49,19.542942114479693,0.22573631731887292,0.02981991924210142,0.02788888888888889,0.003977777777777778,-7.804878048780485e-05,0.00013500259470679814
0.25,0.35,14.0,0.31,0.49,19.542942114479693,0.22573631731887292,0.02981991924210142,0.02788888888888889,0.003977777777777778,-7.804878048780485e-05,0.00013500259470679814
0.25,0.35,16.0,0.31,0.49,19.542942114479693,0.22573631731887292,0.02981991924210142,0.02788888888888889,0.003977777777777778,-7.804878048780485e-05,0.00013500259470679814
0.25,0.35,18.0,0.31,0.49,19.542942114479693,0.22573631731887292,0.02981991924210142,0.02788888888888889,0.003977777777777778,-7.804878048780485e-05,0.00013500259470679814
0.25,0.4,,0.31,0.49,19.542942114479693,0.22573631731887292,0.02981991924210142,0.02788888888888889,0.003977777777777778,-7.804878048780485e-05,0.00013500259470679814
0.25,0.4,2.0,0.31,0.49,19.542942114479693,0.22573631731887292,0.02981991924210142,0.02788888888888889,0.003977777777777778,-7.804878048780485e-05,0.00013500259470679814
0.25,0.4,4.0,0.31,0.49,19.542942114479693,0.22573631731887292,0.02981991924210142,0.02788888888888889,0.003977777777777778,-7.804878048780485e-05,0.00013500259470679814
0.25,0.4,6.0,0.31,0.49,19.542942114479693,0.22573631731887292,0.02981991924210142,0.02788888888888889,0.003977777777777778,-7.804878048780485e-05,0.00013500259470679814
0.25,0.4,8.0,0.31,0.49,19.542942114479693,0.22573631731887292,0.02981991924210142,0.02788888888888889,0.003977777777777778,-7.804878048780485e-05,0.00013500259470679814
0.25,0.4,10.0,0.31,0.49,19.542942114479693,0.22573631731887292,0.02981991924210142,0.02788888888888889,0.003977777777777778,-7.804878048780485e-05,0.00013500259470679814
0.25,0.4,12.0,0.31,0.49,19.542942114479693,0.22573631731887292,0.02981991924210142,0.02788888888888889,0.003977777777777778,-7.804878048780485e-05,0.00013500259470679814
0.25,0.4,14.0,0.31,0.49,19.542942114479693,0.22573631731887292,0.02981991924210142,0.02788888888888889,0.003977777777777778,-7.804878048780485e-05,0.00013500259470679814
0.25,0.4,16.0,0.31,0.49,19.542942114479693,0.22573631731887292,0.02981991924210142,0.02788888888888889,0.003977777777777778,-7.804878048780485e-05,0.00013500259470679814
0.25,0.4,18.0,0.31,0.49,19.542942114479693,0.22573631731887292,0.02981991924210142,0.02788888888888889,0.003977777777777778,-7.804878048780485e-05,0.00013500259470679814
0.25,0.45,,0.31,0.49,19.542942114479693,0.22573631731887292,0.02981991924210142,0.02788888888888889,0.003977777777777778,-7.804878048780485e-05,0.00013500259470679814
0.25,0.45,2.0,0.31,0.49,19.542942114479693,0.22573631731887292,0.02981991924210142,0.02788888888888889,0.003977777777777778,-7.804878048780485e-05,0.00013500259470679814
0.25,0.45,4.0,0.31,0.49,19.542942114479693,0.22573631731887292,0.02981991924210142,0.02788888888888889,0.003977777777777778,-7.804878048780485e-05,0.00013500259470679814
0.25,0.45,6.0,0.31,0.49,19.542942114479693,0.22573631731887292,0.02981991924210142,0.02788888888888889,0.003977777777777778,-7.804878048780485e-05,0.00013500259470679814
0.25,0.45,8.0,0.31,0.49,19.542942114479693,0.22573631731887292,0.02981991924210142,0.02788888888888889,0.003977777777777778,-7.804878048780485e-05,0.00013500259470679814
0.25,0.45,10.0,0.31,0.49,19.542942114479693,0.22573631731887292,0.02981991924210142,0.02788888888888889,0.003977777777777778,-7.804878048780485e-05,0.00013500259470679814
0.25,0.45,12.0,0.31,0.49,19.542942114479693,0.22573631731887292,0.02981991924210142,0.02788888888888889,0.003977777777777778,-7.804878048780485e-05,0.00013500259470679814
0.25,0.45,14.0,0.31,0.49,19.542942114479693,0.22573631731887292,0.02981991924210142,0.02788888888888889,0.003977777777777778,-7.804878048780485e-05,0.00013500259470679814
0.25,0.45,16.0,0.31,0.49,19.542942114479693,0.22573631731887292,0.02981991924210142,0.02788888888888889,0.003977777777777778,-7.804878048780485e-05,0.00013500259470679814
0.25,0.45,18.0,0.31,0.49,19.542942114479693,0.22573631731887292,0.02981991924210142,0.02788888888888889,0.003977777777777778,-7.804878048780485e-05,0.00013500259470679814
0.25,0.5,,0.31,0.49,19.542942114479693,0.22573631731887292,0.02981991924210142,0.02788888888888889,0.003977777777777778,-7.804878048780485e-05,0.00013500259470679814
0.25,0.5,2.0,0.31,0.49,19.542942114479693,0.22573631731887292,0.02981991924210142,0.02788888888888889,0.003977777777777778,-7.804878048780485e-05,0.00013500259470679814
0.25,0.5,4.0,0.31,0.49,19.542942114479693,0.22573631731887292,0.02981991924210142,0.02788888888888889,0.003977777777777778,-7.804878048780485e-05,0.00013500259470679814
0.25,0.5,6.0,0.31,0.49,19.542942114479693,0.22573631731887292,0.02981991924210142,0.02788888888888889,0.003977777777777778,-7.804878048780485e-05,0.00013500259470679814
0.25,0.5,8.0,0.31,0.49,19.542942114479693,0.22573631731887292,0.02981991924210142,0.02788888888888889,0.003977777777777778,-7.804878048780485e-05,0.00013500259470679814
0.25,0.5,10.0,0.31,0.49,19.542942114479693,0.22573631731887292,0.02981991924210142,0.02788888888888889,0.003977777777777778,-7.804878048780485e-05,0.00013500259470679814
0.25,0.5,12.0,0.31,0.49,19.542942114479693,0.22573631731887292,0.02981991924210142,0.02788888888888889,0.003977777777777778,-7.804878048780485e-05,0.00013500259470679814
0.25,0.5,14.0,0.31,0.49,19.542942114479693,0.22573631731887292,0.02981991924210142,0.02788888888888889,0.003977777777777778,-7.804878048780485e-05,0.00013500259470679814
0.25,0.5,16.0,0.31,0.49,19.542942114479693,0.22573631731887292,0.02981991924210142,0.02788888888888889,0.003977777777777778,-7.804878048780485e-05,0.00013500259470679814
0.25,0.5,18.0,0.31,0.49,19.542942114479693,0.22573631731887292,0.02981991924210142,0.02788888888888889,0.003977777777777778,-7.804878048780485e-05,0.00013500259470679814
0.25,0.55,,0.31,0.49,19.542942114479693,0.22573631731887292,0.02981991924210142,0.02788888888888889,0.003977777777777778,-7.804878048780485e-05,0.00013500259470679814
0.25,0.55,2.0,0.31,0.49,19.542942114479693,0.22573631731887292,0.02981991924210142,0.02788888888888889,0.003977777777777778,-7.804878048780485e-05,0.00013500259470679814
0.25,0.55,4.0,0.31,0.49,19.542942114479693,0.22573631731887292,0.02981991924210142,0.02788888888888889,0.003977777777777778,-7.804878048780485e-05,0.00013500259470679814
0.25,0.55,6.0,0.31,0.49,19.542942114479693,0.22573631731887292,0.02981991924210142,0.02788888888888889,0.003977777777777778,-7.804878048780485e-05,0.00013500259470679814
0.25,0.55,8.0,0.31,0.49,19.542942114479693,0.22573631731887292,0.02981991924210142,0.02788888888888889,0.003977777777777778,-7.804878048780485e-05,0.00013500259470679814
0.25,0.55,10.0,0.31,0.49,19.542942114479693,0.22573631731887292,0.02981991924210142,0.02788888888888889,0.003977777777777778,-7.804878048780485e-05,0.00013500259470679814
0.25,0.55,12.0,0.31,0.49,19.542942114479693,0.22573631731887292,0.02981991924210142,0.02788888888888889,0.003977777777777778,-7.804878048780485e-05,0.00013500259470679814
0.25,0.55,14.0,0.31,0.49,19.542942114479693,0.22573631731887292,0.02981991924210142,0.02788888888888889,0.003977777777777778,-7.804878048780485e-05,0.00013500259470679814
0.25,0.55,16.0,0.31,0.49,19.542942114479693,0.22573631731887292,0.02981991924210142,0.02788888888888889,0.003977777777777778,-7.804878048780485e-05,0.00013500259470679814
0.25,0.55,18.0,0.31,0.49,19.542942114479693,0.22573631731887292,0.02981991924210142,0.02788888888888889,0.003977777777777778,-7.804878048780485e-05,0.00013500259470679814
0.25,0.6,,0.31,0.49,19.542942114479693,0.22573631731887292,0.02981991924210142,0.02788888888888889,0.003977777777777778,-7.804878048780485e-05,0.00013500259470679814
0.25,0.6,2.0,0.31,0.49,19.542942114479693,0.22573631731887292,0.02981991924210142,0.02788888888888889,0.003977777777777778,-7.804878048780485e-05,0.00013500259470679814
0.25,0.6,4.0,0.31,0.49,19.542942114479693,0.22573631731887292,0.02981991924210142,0.02788888888888889,0.003977777777777778,-7.804878048780485e-05,0.00013500259470679814
0.25,0.6,6.0,0.31,0.49,19.542942114479693,0.22573631731887292,0.02981991924210142,0.02788888888888889,0.003977777777777778,-7.804878048780485e-05,0.00013500259470679814
0.25,0.6,8.0,0.31,0.49,19.542942114479693,0.22573631731887292,0.02981991924210142,0.02788888888888889,0.003977777777777778,-7.804878048780485e-05,0.00013500259470679814
0.25,0.6,10.0,0.31,0.49,19.542942114479693,0.22573631731887292,0.02981991924210142,0.02788888888888889,0.003977777777777778,-7.804878048780485e-05,0.00013500259470679814
0.25,0.6,12.0,0.31,0.49,19.542942114479693,0.22573631731887292,0.02981991924210142,0.02788888888888889,0.003977777777777778,-7.804878048780485e-05,0.00013500259470679814
0.25,0.6,14.0,0.31,0.49,19.542942114479693,0.22573631731887292,0.02981991924210142,0.02788888888888889,0.003977777777777778,-7.804878048780485e-05,0.00013500259470679814
0.25,0.6,16.0,0.31,0.49,19.542942114479693,0.22573631731887292,0.02981991924210142,0.02788888888888889,0.003977777777777778,-7.804878048780485e-05,0.00013500259470679814
0.25,0.6,18.0,0.31,0.49,19.542942114479693,0.22573631731887292,0.02981991924210142,0.02788888888888889,0.003977777777777778,-7.804878048780485e-05,0.00013500259470679814
0.25,0.65,,0.31,0.49,19.542942114479693,0.22573631731887292,0.02981991924210142,0.02788888888888889,0.003977777777777778,-7.804878048780485e-05,0.00013500259470679814
0.25,0.65,2.0,0.31,0.49,19.542942114479693,0.22573631731887292,0.02981991924210142,0.02788888888888889,0.003977777777777778,-7.804878048780485e-05,0.00013500259470679814
0.25,0.65,4.0,0.31,0.49,19.542942114479693,0.22573631731887292,0.02981991924210142,0.02788888888888889,0.003977777777777778,-7.804878048780485e-05,0.00013500259470679814
0.25,0.65,6.0,0.31,0.49,19.542942114479693,0.22573631731887292,0.02981991924210142,0.02788888888888889,0.003977777777777778,-7.804878048780485e-05,0.00013500259470679814
0.25,0.65,8.0,0.31,0.49,19.542942114479693,0.22573631731887292,0.02981991924210142,0.02788888888888889,0.003977777777777778,-7.804878048780485e-05,0.00013500259470679814
0.25,0.65,10.0,0.31,0.49,19.542942114479693,0.22573631731887292,0.02981991924210142,0.02788888888888889,0.003977777777777778,-7.804878048780485e-05,0.00013500259470679814
0.25,0.65,12.0,0.31,0.49,19.542942114479693,0.22573631731887292,0.02981991924210142,0.02788888888888889,0.003977777777777778,-7.804878048780485e-05,0.00013500259470679814
0.25,0.65,14.0,0.31,0.49,19.542942114479693,0.22573631731887292,0.02981991924210142,0.02788888888888889,0.003977777777777778,-7.804878048780485e-05,0.00013500259470679814
0.25,0.65,16.0,0.31,0.49,19.542942114479693,0.22573631731887292,0.02981991924210142,0.02788888888888889,0.003977777777777778,-7.804878048780485e-05,0.00013500259470679814
0.25,0.65,18.0,0.31,0.49,19.542942114479693,0.22573631731887292,0.02981991924210142,0.02788888888888889,0.003977777777777778,-7.804878048780485e-05,0.00013500259470679814
0.25,0.7,,0.31,0.49,19.542942114479693,0.22573631731887292,0.02981991924210142,0.02788888888888889,0.003977777777777778,-7.804878048780485e-05,0.00013500259470679814
0.25,0.7,2.0,0.31,0.49,19.542942114479693,0.22573631731887292,0.02981991924210142,0.02788888888888889,0.003977777777777778,-7.804878048780485e-05,0.00013500259470679814
0.25,0.7,4.0,0.31,0.49,19.542942114479693,0.22573631731887292,0.02981991924210142,0.02788888888888889,0.003977777777777778,-7.804878048780485e-05,0.00013500259470679814
0.25,0.7,6.0,0.31,0.49,19.542942114479693,0.22573631731887292,0.02981991924210142,0.02788888888888889,0.003977777777777778,-7.804878048780485e-05,0.00013500259470679814
0.25,0.7,8.0,0.31,0.49,19.542942114479693,0.22573631731887292,0.02981991924210142,0.02788888888888889,0.003977777777777778,-7.804878048780485e-05,0.00013500259470679814
0.25,0.7,10.0,0.31,0.49,19.542942114479693,0.22573631731887292,0.02981991924210142,0.02788888888888889,0.003977777777777778,-7.804878048780485e-05,0.00013500259470679814
0.25,0.7,12.0,0.31,0.49,19.542942114479693,0.22573631731887292,0.02981991924210142,0.02788888888888889,0.003977777777777778,-7.804878048780485e-05,0.00013500259470679814
0.25,0.7,14.0,0.31,0.49,19.542942114479693,0.22573631731887292,0.02981991924210142,0.02788888888888889,0.003977777777777778,-7.804878048780485e-05,0.00013500259470679814
0.25,0.7,16.0,0.31,0.49,19.542942114479693,0.22573631731887292,0.02981991924210142,0.02788888888888889,0.003977777777777778,-7.804878048780485e-05,0.00013500259470679814
0.25,0.7,18.0,0.31,0.49,19.542942114479693,0.22573631731887292,0.02981991924210142,0.02788888888888889,0.003977777777777778,-7.804878048780485e-05,0.00013500259470679814
0.25,0.75,,0.31,0.49,19.542942114479693,0.22573631731887292,0.02981991924210142,0.02788888888888889,0.003977777777777778,-7.804878048780485e-05,0.00013500259470679814
0.25,0.75,2.0,0.31,0.49,19.542942114479693,0.22573631731887292,0.02981991924210142,0.02788888888888889,0.003977777777777778,-7.804878048780485e-05,0.00013500259470679814
0.25,0.75,4.0,0.31,0.49,19.542942114479693,0.22573631731887292,0.02981991924210142,0.02788888888888889,0.003977777777777778,-7.804878048780485e-05,0.00013500259470679814
0.25,0.75,6.0,0.31,0.49,19.542942114479693,0.22573631731887292,0.02981991924210142,0.02788888888888889,0.003977777777777778,-7.804878048780485e-05,0.00013500259470679814
0.25,0.75,8.0,0.31,0.49,19.542942114479693,0.22573631731887292,0.02981991924210142,0.02788888888888889,0.003977777777777778,-7.804878048780485e-05,0.00013500259470679814
0.25,0.75,10.0,0.31,0.49,19.542942114479693,0.22573631731887292,0.02981991924210142,0.02788888888888889,0.003977777777777778,-7.804878048780485e-05,0.00013500259470679814
0.25,0.75,12.0,0.31,0.49,19.542942114479693,0.22573631731887292,0.02981991924210142,0.02788888888888889,0.003977777777777778,-7.804878048780485e-05,0.00013500259470679814
0.25,0.75,14.0,0.31,0.49,19.542942114479693,0.22573631731887292,0.02981991924210142,0.02788888888888889,0.003977777777777778,-7.804878048780485e-05,0.00013500259470679814
0.25,0.75,16.0,0.31,0.49,19.542942114479693,0.22573631731887292,0.02981991924210142,0.02788888888888889,0.003977777777777778,-7.804878048780485e-05,0.00013500259470679814
0.25,0.75,18.0,0.31,0.49,19.542942114479693,0.22573631731887292,0.02981991924210142,0.02788888888888889,0.003977777777777778,-7.804878048780485e-05,0.00013500259470679814
0.25,0.8,,0.31,0.49,19.542942114479693,0.22573631731887292,0.02981991924210142,0.02788888888888889,0.003977777777777778,-7.804878048780485e-05,0.00013500259470679814
0.25,0.8,2.0,0.31,0.49,19.542942114479693,0.22573631731887292,0.02981991924210142,0.02788888888888889,0.003977777777777778,-7.804878048780485e-05,0.00013500259470679814
0.25,0.8,4.0,0.31,0.49,19.542942114479693,0.22573631731887292,0.02981991924210142,0.02788888888888889,0.003977777777777778,-7.804878048780485e-05,0.00013500259470679814
0.25,0.8,6.0,0.31,0.49,19.542942114479693,0.22573631731887292,0.02981991924210142,0.02788888888888889,0.003977777777777778,-7.804878048780485e-05,0.00013500259470679814
0.25,0.8,8.0,0.31,0.49,19.542942114479693,0.22573631731887292,0.02981991924210142,0.02788888888888889,0.003977777777777778,-7.804878048780485e-05,0.00013500259470679814
0.25,0.8,10.0,0.31,0.49,19.542942114479693,0.22573631731887292,0.02981991924210142,0.02788888888888889,0.003977777777777778,-7.804878048780485e-05,0.00013500259470679814
0.25,0.8,12.0,0.31,0.49,19.542942114479693,0.22573631731887292,0.02981991924210142,0.02788888888888889,0.003977777777777778,-7.804878048780485e-05,0.00013500259470679814
0.25,0.8,14.0,0.31,0.49,19.542942114479693,0.22573631731887292,0.02981991924210142,0.02788888888888889,0.003977777777777778,-7.804878048780485e-05,0.00013500259470679814
0.25,0.8,16.0,0.31,0.49,19.542942114479693,0.22573631731887292,0.02981991924210142,0.02788888888888889,0.003977777777777778,-7.804878048780485e-05,0.00013500259470679814
0.25,0.8,18.0,0.31,0.49,19.542942114479693,0.22573631731887292,0.02981991924210142,0.02788888888888889,0.003977777777777778,-7.804878048780485e-05,0.00013500259470679814
0.25,0.85,,0.31,0.49,19.542942114479693,0.22573631731887292,0.02981991924210142,0.02788888888888889,0.003977777777777778,-7.804878048780485e-05,0.00013500259470679814
0.25,0.85,2.0,0.31,0.49,19.542942114479693,0.22573631731887292,0.02981991924210142,0.02788888888888889,0.003977777777777778,-7.804878048780485e-05,0.00013500259470679814
0.25,0.85,4.0,0.31,0.49,19.542942114479693,0.22573631731887292,0.02981991924210142,0.02788888888888889,0.003977777777777778,-7.804878048780485e-05,0.00013500259470679814
0.25,0.85,6.0,0.31,0.49,19.542942114479693,0.22573631731887292,0.02981991924210142,0.02788888888888889,0.003977777777777778,-7.804878048780485e-05,0.00013500259470679814
0.25,0.85,8.0,0.31,0.49,19.542942114479693,0.22573631731887292,0.02981991924210142,0.02788888888888889,0.003977777777777778,-7.804878048780485e-05,0.00013500259470679814
0.25,0.85,10.0,0.31,0.49,19.542942114479693,0.22573631731887292,0.02981991924210142,0.02788888888888889,0.003977777777777778,-7.804878048780485e-05,0.00013500259470679814
0.25,0.85,12.0,0.31,0.49,19.542942114479693,0.22573631731887292,0.02981991924210142,0.02788888888888889,0.003977777777777778,-7.804878048780485e-05,0.00013500259470679814
0.25,0.85,14.0,0.31,0.49,19.542942114479693,0.22573631731887292,0.02981991924210142,0.02788888888888889,0.003977777777777778,-7.804878048780485e-05,0.00013500259470679814
0.25,0.85,16.0,0.31,0.49,19.542942114479693,0.22573631731887292,0.02981991924210142,0.02788888888888889,0.003977777777777778,-7.804878048780485e-05,0.00013500259470679814
0.25,0.85,18.0,0.31,0.49,19.542942114479693,0.22573631731887292,0.02981991924210142,0.02788888888888889,0.003977777777777778,-7.804878048780485e-05,0.00013500259470679814
0.25,0.9,,0.31,0.49,19.542942114479693,0.22573631731887292,0.02981991924210142,0.02788888888888889,0.003977777777777778,-7.804878048780485e-05,0.00013500259470679814
0.25,0.9,2.0,0.31,0.49,19.542942114479693,0.22573631731887292,0.02981991924210142,0.02788888888888889,0.003977777777777778,-7.804878048780485e-05,0.00013500259470679814
0.25,0.9,4.0,0.31,0.49,19.542942114479693,0.22573631731887292,0.02981991924210142,0.02788888888888889,0.003977777777777778,-7.804878048780485e-05,0.00013500259470679814
0.25,0.9,6.0,0.31,0.49,19.542942114479693,0.22573631731887292,0.02981991924210142,0.02788888888888889,0.003977777777777778,-7.804878048780485e-05,0.00013500259470679814
0.25,0.9,8.0,0.31,0.49,19.542942114479693,0.22573631731887292,0.02981991924210142,0.02788888888888889,0.003977777777777778,-7.804878048780485e-05,0.00013500259470679814
0.25,0.9,10.0,0.31,0.49,19.542942114479693,0.22573631731887292,0.02981991924210142,0.02788888888888889,0.003977777777777778,-7.804878048780485e-05,0.00013500259470679814
0.25,0.9,12.0,0.31,0.49,19.542942114479693,0.22573631731887292,0.02981991924210142,0.02788888888888889,0.003977777777777778,-7.804878048780485e-05,0.00013500259470679814
0.25,0.9,14.0,0.31,0.49,19.542942114479693,0.22573631731887292,0.02981991924210142,0.02788888888888889,0.003977777777777778,-7.804878048780485e-05,0.00013500259470679814
0.25,0.9,16.0,0.31,0.49,19.542942114479693,0.22573631731887292,0.02981991924210142,0.02788888888888889,0.003977777777777778,-7.804878048780485e-05,0.00013500259470679814
0.25,0.9,18.0,0.31,0.49,19.542942114479693,0.22573631731887292,0.02981991924210142,0.02788888888888889,0.003977777777777778,-7.804878048780485e-05,0.00013500259470679814
0.25,0.95,,0.31,0.49,19.542942114479693,0.22573631731887292,0.02981991924210142,0.02788888888888889,0.003977777777777778,-7.804878048780485e-05,0.00013500259470679814
0.25,0.95,2.0,0.31,0.49,19.542942114479693,0.22573631731887292,0.02981991924210142,0.02788888888888889,0.003977777777777778,-7.804878048780485e-05,0.00013500259470679814
0.25,0.95,4.0,0.31,0.49,19.542942114479693,0.22573631731887292,0.02981991924210142,0.02788888888888889,0.003977777777777778,-7.804878048780485e-05,0.00013500259470679814
0.25,0.95,6.0,0.31,0.49,19.542942114479693,0.22573631731887292,0.02981991924210142,0.02788888888888889,0.003977777777777778,-7.804878048780485e-05,0.00013500259470679814
0.25,0.95,8.0,0.31,0.49,19.542942114479693,0.22573631731887292,0.02981991924210142,0.02788888888888889,0.003977777777777778,-7.804878048780485e-05,0.00013500259470679814
0.25,0.95,10.0,0.31,0.49,19.542942114479693,0.22573631731887292,0.02981991924210142,0.02788888888888889,0.003977777777777778,-7.804878048780485e-05,0.00013500259470679814
0.25,0.95,12.0,0.31,0.49,19.542942114479693,0.22573631731887292,0.02981991924210142,0.02788888888888889,0.003977777777777778,-7.804878048780485e-05,0.00013500259470679814
0.25,0.95,14.0,0.31,0.49,19.542942114479693,0.22573631731887292,0.02981991924210142,0.02788888888888889,0.003977777777777778,-7.804878048780485e-05,0.00013500259470679814
0.25,0.95,16.0,0.31,0.49,19.542942114479693,0.22573631731887292,0.02981991924210142,0.02788888888888889,0.003977777777777778,-7.804878048780485e-05,0.00013500259470679814
0.25,0.95,18.0,0.31,0.49,19.542942114479693,0.22573631731887292,0.02981991924210142,0.02788888888888889,0.003977777777777778,-7.804878048780485e-05,0.00013500259470679814
0.25,1.0,,0.31,0.49,19.542942114479693,0.22573631731887292,0.02981991924210142,0.02788888888888889,0.003977777777777778,-7.804878048780485e-05,0.00013500259470679814
0.25,1.0,2.0,0.31,0.49,19.542942114479693,0.22573631731887292,0.02981991924210142,0.02788888888888889,0.003977777777777778,-7.804878048780485e-05,0.00013500259470679814
0.25,1.0,4.0,0.31,0.49,19.542942114479693,0.22573631731887292,0.02981991924210142,0.02788888888888889,0.003977777777777778,-7.804878048780485e-05,0.00013500259470679814
0.25,1.0,6.0,0.31,0.49,19.542942114479693,0.22573631731887292,0.02981991924210142,0.02788888888888889,0.003977777777777778,-7.804878048780485e-05,0.00013500259470679814
0.25,1.0,8.0,0.31,0.49,19.542942114479693,0.22573631731887292,0.02981991924210142,0.02788888888888889,0.003977777777777778,-7.804878048780485e-05,0.00013500259470679814
0.25,1.0,10.0,0.31,0.49,19.542942114479693,0.22573631731887292,0.02981991924210142,0.02788888888888889,0.003977777777777778,-7.804878048780485e-05,0.00013500259470679814
0.25,1.0,12.0,0.31,0.49,19.542942114479693,0.22573631731887292,0.02981991924210142,0.02788888888888889,0.003977777777777778,-7.804878048780485e-05,0.00013500259470679814
0.25,1.0,14.0,0.31,0.49,19.542942114479693,0.22573631731887292,0.02981991924210142,0.02788888888888889,0.003977777777777778,-7.804878048780485e-05,0.00013500259470679814
0.25,1.0,16.0,0.31,0.49,19.542942114479693,0.22573631731887292,0.02981991924210142,0.02788888888888889,0.003977777777777778,-7.804878048780485e-05,0.00013500259470679814
0.25,1.0,18.0,0.31,0.49,19.542942114479693,0.22573631731887292,0.02981991924210142,0.02788888888888889,0.003977777777777778,-7.804878048780485e-05,0.00013500259470679814
0.3,0.1,,0.31,0.46,20.20417788859786,0.28031432699884795,0.029673900179835927,0.029428571428571432,-0.009042857142857142,-5.2827265685515134e-05,0.00016021172217918928
0.3,0.1,2.0,0.31,0.46,20.20417788859786,0.28031432699884795,0.029673900179835927,0.029428571428571432,-0.009042857142857142,-5.2827265685515134e-05,0.00016021172217918928
0.3,0.1,4.0,0.31,0.46,20.20417788859786,0.28031432699884795,0.029673900179835927,0.029428571428571432,-0.009042857142857142,-5.2827265685515134e-05,0.00016021172217918928
0.3,0.1,6.0,0.31,0.46,20.20417788859786,0.28031432699884795,0.029673900179835927,0.029428571428571432,-0.009042857142857142,-5.2827265685515134e-05,0.00016021172217918928
0.3,0.1,8.0,0.31,0.46,20.20417788859786,0.28031432699884795,0.029673900179835927,0.029428571428571432,-0.009042857142857142,-5.2827265685515134e-05,0.00016021172217918928
0.3,0.1,10.0,0.31,0.46,20.20417788859786,0.28031432699884795,0.029673900179835927,0.029428571428571432,-0.009042857142857142,-5.2827265685515134e-05,0.00016021172217918928
0.3,0.1,12.0,0.31,0.46,20.20417788859786,0.28031432699884795,0.029673900179835927,0.029428571428571432,-0.009042857142857142,-5.2827265685515134e-05,0.00016021172217918928
0.3,0.1,14.0,0.31,0.46,20.20417788859786,0.28031432699884795,0.029673900179835927,0.029428571428571432,-0.009042857142857142,-5.2827265685515134e-05,0.00016021172217918928
0.3,0.1,16.0,0.31,0.46,20.20417788859786,0.28031432699884795,0.029673900179835927,0.029428571428571432,-0.009042857142857142,-5.2827265685515134e-05,0.00016021172217918928
0.3,0.1,18.0,0.31,0.46,20.20417788859786,0.28031432699884795,0.029673900179835927,0.029428571428571432,-0.009042857142857142,-5.2827265685515134e-05,0.00016021172217918928
0.3,0.1,20.0,0.31,0.46,20.20417788859786,0.28031432699884795,0.029673900179835927,0.029428571428571432,-0.009042857142857142,-5.2827265685515134e-05,0.00016021172217918928
0.3,0.15,,0.31,0.46,20.20417788859786,0.28031432699884795,0.029673900179835927,0.029428571428571432,-0.009042857142857142,-5.2827265685515134e-05,0.00016021172217918928
0.3,0.15,2.0,0.31,0.46,20.20417788859786,0.28031432699884795,0.029673900179835927,0.029428571428571432,-0.009042857142857142,-5.2827265685515134e-05,0.00016021172217918928
0.3,0.15,4.0,0.31,0.46,20.20417788859786,0.28031432699884795,0.029673900179835927,0.029428571428571432,-0.009042857142857142,-5.2827265685515134e-05,0.00016021172217918928
0.3,0.15,6.0,0.31,0.46,20.20417788859786,0.28031432699884795,0.029673900179835927,0.029428571428571432,-0.009042857142857142,-5.2827265685515134e-05,0.00016021172217918928
0.3,0.15,8.0,0.31,0.46,20.20417788859786,0.28031432699884795,0.029673900179835927,0.029428571428571432,-0.009042857142857142,-5.2827265685515134e-05,0.00016021172217918928
0.3,0.15,10.0,0.31,0.46,20.20417788859786,0.28031432699884795,0.029673900179835927,0.029428571428571432,-0.009042857142857142,-5.2827265685515134e-05,0.00016021172217918928
0.3,0.15,12.0,0.31,0.46,20.20417788859786,0.28031432699884795,0.029673900179835927,0.029428571428571432,-0.009042857142857142,-5.2827265685515134e-05,0.00016021172217918928
0.3,0.15,14.0,0.31,0.46,20.20417788859786,0.28031432699884795,0.029673900179835927,0.029428571428571432,-0.009042857142857142,-5.2827265685515134e-05,0.00016021172217918928
0.3,0.15,16.0,0.31,0.46,20.20417788859786,0.28031432699884795,0.029673900179835927,0.029428571428571432,-0.009042857142857142,-5.2827265685515134e-05,0.00016021172217918928
0.3,0.15,18.0,0.31,0.46,20.20417788859786,0.28031432699884795,0.029673900179835927,0.029428571428571432,-0.009042857142857142,-5.2827265685515134e-05,0.00016021172217918928
0.3,0.15,20.0,0.31,0.46,20.20417788859786,0.28031432699884795,0.029673900179835927,0.029428571428571432,-0.009042857142857142,-5.2827265685515134e-05,0.00016021172217918928
0.3,0.2,,0.31,0.46,20.20417788859786,0.28031432699884795,0.029673900179835927,0.029428571428571432,-0.009042857142857142,-5.2827265685515134e-05,0.00016021172217918928
0.3,0.2,2.0,0.31,0.46,20.20417788859786,0.28031432699884795,0.029673900179835927,0.029428571428571432,-0.009042857142857142,-5.2827265685515134e-05,0.00016021172217918928
0.3,0.2,4.0,0.31,0.46,20.20417788859786,0.28031432699884795,0.029673900179835927,0.029428571428571432,-0.009042857142857142,-5.2827265685515134e-05,0.00016021172217918928
0.3,0.2,6.0,0.31,0.46,20.20417788859786,0.28031432699884795,0.029673900179835927,0.029428571428571432,-0.009042857142857142,-5.2827265685515134e-05,0.00016021172217918928
0.3,0.2,8.0,0.31,0.46,20.20417788859786,0.28031432699884795,0.029673900179835927,0.029428571428571432,-0.009042857142857142,-5.2827265685515134e-05,0.00016021172217918928
0.3,0.2,10.0,0.31,0.46,20.20417788859786,0.28031432699884795,0.029673900179835927,0.029428571428571432,-0.009042857142857142,-5.2827265685515134e-05,0.00016021172217918928
0.3,0.2,12.0,0.31,0.46,20.20417788859786,0.28031432699884795,0.029673900179835927,0.029428571428571432,-0.009042857142857142,-5.2827265685515134e-05,0.00016021172217918928
0.3,0.2,14.0,0.31,0.46,20.20417788859786,0.28031432699884795,0.029673900179835927,0.029428571428571432,-0.009042857142857142,-5.2827265685515134e-05,0.00016021172217918928
0.3,0.2,16.0,0.31,0.46,20.20417788859786,0.28031432699884795,0.029673900179835927,0.029428571428571432,-0.009042857142857142,-5.2827265685515134e-05,0.00016021172217918928
0.3,0.2,18.0,0.31,0.46,20.20417788859786,0.28031432699884795,0.029673900179835927,0.029428571428571432,-0.009042857142857142,-5.2827265685515134e-05,0.00016021172217918928
0.3,0.2,20.0,0.31,0.46,20.20417788859786,0.28031432699884795,0.029673900179835927,0.029428571428571432,-0.009042857142857142,-5.2827265685515134e-05,0.00016021172217918928
0.3,0.25,,0.31,0.46,20.20417788859786,0.28031432699884795,0.029673900179835927,0.029428571428571432,-0.009042857142857142,-5.2827265685515134e-05,0.00016021172217918928
0.3,0.25,2.0,0.31,0.46,20.20417788859786,0.28031432699884795,0.029673900179835927,0.029428571428571432,-0.009042857142857142,-5.2827265685515134e-05,0.00016021172217918928
0.3,0.25,4.0,0.31,0.46,20.20417788859786,0.28031432699884795,0.029673900179835927,0.029428571428571432,-0.009042857142857142,-5.2827265685515134e-05,0.00016021172217918928
0.3,0.25,6.0,0.31,0.46,20.20417788859786,0.28031432699884795,0.029673900179835927,0.029428571428571432,-0.009042857142857142,-5.2827265685515134e-05,0.00016021172217918928
0.3,0.25,8.0,0.31,0.46,20.20417788859786,0.28031432699884795,0.029673900179835927,0.029428571428571432,-0.009042857142857142,-5.2827265685515134e-05,0.00016021172217918928
0.3,0.25,10.0,0.31,0.46,20.20417788859786,0.28031432699884795,0.029673900179835927,0.029428571428571432,-0.009042857142857142,-5.2827265685515134e-05,0.00016021172217918928
0.3,0.25,12.0,0.31,0.46,20.20417788859786,0.28031432699884795,0.029673900179835927,0.029428571428571432,-0.009042857142857142,-5.2827265685515134e-05,0.00016021172217918928
0.3,0.25,14.0,0.31,0.46,20.20417788859786,0.28031432699884795,0.029673900179835927,0.029428571428571432,-0.009042857142857142,-5.2827265685515134e-05,0.00016021172217918928
0.3,0.25,16.0,0.31,0.46,20.20417788859786,0.28031432699884795,0.029673900179835927,0.029428571428571432,-0.009042857142857142,-5.2827265685515134e-05,0.00016021172217918928
0.3,0.25,18.0,0.31,0.46,20.20417788859786,0.28031432699884795,0.029673900179835927,0.029428571428571432,-0.009042857142857142,-5.2827265685515134e-05,0.00016021172217918928
0.3,0.25,20.0,0.31,0.46,20.20417788859786,0.28031432699884795,0.029673900179835927,0.029428571428571432,-0.009042857142857142,-5.2827265685515134e-05,0.00016021172217918928
0.3,0.3,,0.31,0.46,20.20417788859786,0.28031432699884795,0.029673900179835927,0.029428571428571432,-0.009042857142857142,-5.2827265685515134e-05,0.00016021172217918928
0.3,0.3,2.0,0.31,0.46,20.20417788859786,0.28031432699884795,0.029673900179835927,0.029428571428571432,-0.009042857142857142,-5.2827265685515134e-05,0.00016021172217918928
0.3,0.3,4.0,0.31,0.46,20.20417788859786,0.28031432699884795,0.029673900179835927,0.029428571428571432,-0.009042857142857142,-5.2827265685515134e-05,0.00016021172217918928
0.3,0.3,6.0,0.31,0.46,20.20417788859786,0.28031432699884795,0.029673900179835927,0.029428571428571432,-0.009042857142857142,-5.2827265685515134e-05,0.00016021172217918928
0.3,0.3,8.0,0.31,0.46,20.20417788859786,0.28031432699884795,0.029673900179835927,0.029428571428571432,-0.009042857142857142,-5.2827265685515134e-05,0.00016021172217918928
0.3,0.3,10.0,0.31,0.46,20.20417788859786,0.28031432699884795,0.029673900179835927,0.029428571428571432,-0.009042857142857142,-5.2827265685515134e-05,0.00016021172217918928
0.3,0.3,12.0,0.31,0.46,20.20417788859786,0.28031432699884795,0.029673900179835927,0.029428571428571432,-0.009042857142857142,-5.2827265685515134e-05,0.00016021172217918928
0.3,0.3,14.0,0.31,0.46,20.20417788859786,0.28031432699884795,0.029673900179835927,0.029428571428571432,-0.009042857142857142,-5.2827265685515134e-05,0.00016021172217918928
0.3,0.3,16.0,0.31,0.46,20.20417788859786,0.28031432699884795,0.029673900179835927,0.029428571428571432,-0.009042857142857142,-5.2827265685515134e-05,0.00016021172217918928
0.3,0.3,18.0,0.31,0.46,20.20417788859786,0.28031432699884795,0.029673900179835927,0.029428571428571432,-0.009042857142857142,-5.2827265685515134e-05,0.00016021172217918928
0.3,0.3,20.0,0.31,0.46,20.20417788859786,0.28031432699884795,0.029673900179835927,0.029428571428571432,-0.009042857142857142,-5.2827265685515134e-05,0.00016021172217918928
0.3,0.35,,0.31,0.46,20.20417788859786,0.28031432699884795,0.029673900179835927,0.029428571428571432,-0.009042857142857142,-5.2827265685515134e-05,0.00016021172217918928
0.3,0.35,2.0,0.31,0.46,20.20417788859786,0.28031432699884795,0.029673900179835927,0.029428571428571432,-0.009042857142857142,-5.2827265685515134e-05,0.00016021172217918928
0.3,0.35,4.0,0.31,0.46,20.20417788859786,0.28031432699884795,0.029673900179835927,0.029428571428571432,-0.009042857142857142,-5.2827265685515134e-05,0.00016021172217918928
0.3,0.35,6.0,0.31,0.46,20.20417788859786,0.28031432699884795,0.029673900179835927,0.029428571428571432,-0.009042857142857142,-5.2827265685515134e-05,0.00016021172217918928
0.3,0.35,8.0,0.31,0.46,20.20417788859786,0.28031432699884795,0.029673900179835927,0.029428571428571432,-0.009042857142857142,-5.2827265685515134e-05,0.00016021172217918928
0.3,0.35,10.0,0.31,0.46,20.20417788859786,0.28031432699884795,0.029673900179835927,0.029428571428571432,-0.009042857142857142,-5.2827265685515134e-05,0.00016021172217918928
0.3,0.35,12.0,0.31,0.46,20.20417788859786,0.28031432699884795,0.029673900179835927,0.029428571428571432,-0.009042857142857142,-5.2827265685515134e-05,0.00016021172217918928
0.3,0.35,14.0,0.31,0.46,20.20417788859786,0.28031432699884795,0.029673900179835927,0.029428571428571432,-0.009042857142857142,-5.2827265685515134e-05,0.00016021172217918928
0.3,0.35,16.0,0.31,0.46,20.20417788859786,0.28031432699884795,0.029673900179835927,0.029428571428571432,-0.009042857142857142,-5.2827265685515134e-05,0.00016021172217918928
0.3,0.35,18.0,0.31,0.46,20.20417788859786,0.28031432699884795,0.029673900179835927,0.029428571428571432,-0.009042857142857142,-5.2827265685515134e-05,0.00016021172217918928
0.3,0.35,20.0,0.31,0.46,20.20417788859786,0.28031432699884795,0.029673900179835927,0.029428571428571432,-0.009042857142857142,-5.2827265685515134e-05,0.00016021172217918928
0.3,0.4,,0.31,0.46,20.20417788859786,0.28031432699884795,0.029673900179835927,0.029428571428571432,-0.009042857142857142,-5.2827265685515134e-05,0.00016021172217918928
0.3,0.4,2.0,0.31,0.46,20.20417788859786,0.28031432699884795,0.029673900179835927,0.029428571428571432,-0.009042857142857142,-5.2827265685515134e-05,0.00016021172217918928
0.3,0.4,4.0,0.31,0.46,20.20417788859786,0.28031432699884795,0.029673900179835927,0.029428571428571432,-0.009042857142857142,-5.2827265685515134e-05,0.00016021172217918928
0.3,0.4,6.0,0.31,0.46,20.20417788859786,0.28031432699884795,0.029673900179835927,0.029428571428571432,-0.009042857142857142,-5.2827265685515134e-05,0.00016021172217918928
0.3,0.4,8.0,0.31,0.46,20.20417788859786,0.28031432699884795,0.029673900179835927,0.029428571428571432,-0.009042857142857142,-5.2827265685515134e-05,0.00016021172217918928
0.3,0.4,10.0,0.31,0.46,20.20417788859786,0.28031432699884795,0.029673900179835927,0.029428571428571432,-0.009042857142857142,-5.2827265685515134e-05,0.00016021172217918928
0.3,0.4,12.0,0.31,0.46,20.20417788859786,0.28031432699884795,0.029673900179835927,0.029428571428571432,-0.009042857142857142,-5.2827265685515134e-05,0.00016021172217918928
0.3,0.4,14.0,0.31,0.46,20.20417788859786,0.28031432699884795,0.029673900179835927,0.029428571428571432,-0.009042857142857142,-5.2827265685515134e-05,0.00016021172217918928
0.3,0.4,16.0,0.31,0.46,20.20417788859786,0.28031432699884795,0.029673900179835927,0.029428571428571432,-0.009042857142857142,-5.2827265685515134e-05,0.00016021172217918928
0.3,0.4,18.0,0.31,0.46,20.20417788859786,0.28031432699884795,0.029673900179835927,0.029428571428571432,-0.009042857142857142,-5.2827265685515134e-05,0.00016021172217918928
0.3,0.4,20.0,0.31,0.46,20.20417788859786,0.28031432699884795,0.029673900179835927,0.029428571428571432,-0.009042857142857142,-5.2827265685515134e-05,0.00016021172217918928
0.3,0.45,,0.31,0.46,20.20417788859786,0.28031432699884795,0.029673900179835927,0.029428571428571432,-0.009042857142857142,-5.2827265685515134e-05,0.00016021172217918928
0.3,0.45,2.0,0.31,0.46,20.20417788859786,0.28031432699884795,0.029673900179835927,0.029428571428571432,-0.009042857142857142,-5.2827265685515134e-05,0.00016021172217918928
0.3,0.45,4.0,0.31,0.46,20.20417788859786,0.28031432699884795,0.029673900179835927,0.029428571428571432,-0.009042857142857142,-5.2827265685515134e-05,0.00016021172217918928
0.3,0.45,6.0,0.31,0.46,20.20417788859786,0.28031432699884795,0.029673900179835927,0.029428571428571432,-0.009042857142857142,-5.2827265685515134e-05,0.00016021172217918928
0.3,0.45,8.0,0.31,0.46,20.20417788859786,0.28031432699884795,0.029673900179835927,0.029428571428571432,-0.009042857142857142,-5.2827265685515134e-05,0.00016021172217918928
0.3,0.45,10.0,0.31,0.46,20.20417788859786,0.28031432699884795,0.029673900179835927,0.029428571428571432,-0.009042857142857142,-5.2827265685515134e-05,0.00016021172217918928
0.3,0.45,12.0,0.31,0.46,20.20417788859786,0.28031432699884795,0.029673900179835927,0.029428571428571432,-0.009042857142857142,-5.2827265685515134e-05,0.00016021172217918928
0.3,0.45,14.0,0.31,0.46,20.20417788859786,0.28031432699884795,0.029673900179835927,0.029428571428571432,-0.009042857142857142,-5.2827265685515134e-05,0.00016021172217918928
0.3,0.45,16.0,0.31,0.46,20.20417788859786,0.28031432699884795,0.029673900179835927,0.029428571428571432,-0.009042857142857142,-5.2827265685515134e-05,0.00016021172217918928
0.3,0.45,18.0,0.31,0.46,20.20417788859786,0.28031432699884795,0.029673900179835927,0.029428571428571432,-0.009042857142857142,-5.2827265685515134e-05,0.00016021172217918928
0.3,0.45,20.0,0.31,0.46,20.20417788859786,0.28031432699884795,0.029673900179835927,0.029428571428571432,-0.009042857142857142,-5.2827265685515134e-05,0.00016021172217918928
0.3,0.5,,0.31,0.46,20.20417788859786,0.28031432699884795,0.029673900179835927,0.029428571428571432,-0.009042857142857142,-5.2827265685515134e-05,0.00016021172217918928
0.3,0.5,2.0,0.31,0.46,20.20417788859786,0.28031432699884795,0.029673900179835927,0.029428571428571432,-0.009042857142857142,-5.2827265685515134e-05,0.00016021172217918928
0.3,0.5,4.0,0.31,0.46,20.20417788859786,0.28031432699884795,0.029673900179835927,0.029428571428571432,-0.009042857142857142,-5.2827265685515134e-05,0.00016021172217918928
0.3,0.5,6.0,0.31,0.46,20.20417788859786,0.28031432699884795,0.029673900179835927,0.029428571428571432,-0.009042857142857142,-5.2827265685515134e-05,0.00016021172217918928
0.3,0.5,8.0,0.31,0.46,20.20417788859786,0.28031432699884795,0.029673900179835927,0.029428571428571432,-0.009042857142857142,-5.2827265685515134e-05,0.00016021172217918928
0.3,0.5,10.0,0.31,0.46,20.20417788859786,0.28031432699884795,0.029673900179835927,0.029428571428571432,-0.009042857142857142,-5.2827265685515134e-05,0.00016021172217918928
0.3,0.5,12.0,0.31,0.46,20.20417788859786,0.28031432699884795,0.029673900179835927,0.029428571428571432,-0.009042857142857142,-5.2827265685515134e-05,0.00016021172217918928
0.3,0.5,14.0,0.31,0.46,20.20417788859786,0.28031432699884795,0.029673900179835927,0.029428571428571432,-0.009042857142857142,-5.2827265685515134e-05,0.00016021172217918928
0.3,0.5,16.0,0.31,0.46,20.20417788859786,0.28031432699884795,0.029673900179835927,0.029428571428571432,-0.009042857142857142,-5.2827265685515134e-05,0.00016021172217918928
0.3,0.5,18.0,0.31,0.46,20.20417788859786,0.28031432699884795,0.029673900179835927,0.029428571428571432,-0.009042857142857142,-5.2827265685515134e-05,0.00016021172217918928
0.3,0.5,20.0,0.31,0.46,20.20417788859786,0.28031432699884795,0.029673900179835927,0.029428571428571432,-0.009042857142857142,-5.2827265685515134e-05,0.00016021172217918928
0.3,0.55,,0.31,0.46,20.20417788859786,0.28031432699884795,0.029673900179835927,0.029428571428571432,-0.009042857142857142,-5.2827265685515134e-05,0.00016021172217918928
0.3,0.55,2.0,0.31,0.46,20.20417788859786,0.28031432699884795,0.029673900179835927,0.029428571428571432,-0.009042857142857142,-5.2827265685515134e-05,0.00016021172217918928
0.3,0.55,4.0,0.31,0.46,20.20417788859786,0.28031432699884795,0.029673900179835927,0.029428571428571432,-0.009042857142857142,-5.2827265685515134e-05,0.00016021172217918928
0.3,0.55,6.0,0.31,0.46,20.20417788859786,0.28031432699884795,0.029673900179835927,0.029428571428571432,-0.009042857142857142,-5.2827265685515134e-05,0.00016021172217918928
0.3,0.55,8.0,0.31,0.46,20.20417788859786,0.28031432699884795,0.029673900179835927,0.029428571428571432,-0.009042857142857142,-5.2827265685515134e-05,0.00016021172217918928
0.3,0.55,10.0,0.31,0.46,20.20417788859786,0.28031432699884795,0.029673900179835927,0.029428571428571432,-0.009042857142857142,-5.2827265685515134e-05,0.00016021172217918928
0.3,0.55,12.0,0.31,0.46,20.20417788859786,0.28031432699884795,0.029673900179835927,0.029428571428571432,-0.009042857142857142,-5.2827265685515134e-05,0.00016021172217918928
0.3,0.55,14.0,0.31,0.46,20.20417788859786,0.28031432699884795,0.029673900179835927,0.029428571428571432,-0.009042857142857142,-5.2827265685515134e-05,0.00016021172217918928
0.3,0.55,16.0,0.31,0.46,20.20417788859786,0.28031432699884795,0.029673900179835927,0.029428571428571432,-0.009042857142857142,-5.2827265685515134e-05,0.00016021172217918928
0.3,0.55,18.0,0.31,0.46,20.20417788859786,0.28031432699884795,0.029673900179835927,0.029428571428571432,-0.009042857142857142,-5.2827265685515134e-05,0.00016021172217918928
0.3,0.55,20.0,0.31,0.46,20.20417788859786,0.28031432699884795,0.029673900179835927,0.029428571428571432,-0.009042857142857142,-5.2827265685515134e-05,0.00016021172217918928
0.3,0.6,,0.31,0.46,20.20417788859786,0.28031432699884795,0.029673900179835927,0.029428571428571432,-0.009042857142857142,-5.2827265685515134e-05,0.00016021172217918928
0.3,0.6,2.0,0.31,0.46,20.20417788859786,0.28031432699884795,0.029673900179835927,0.029428571428571432,-0.009042857142857142,-5.2827265685515134e-05,0.00016021172217918928
0.3,0.6,4.0,0.31,0.46,20.20417788859786,0.28031432699884795,0.029673900179835927,0.029428571428571432,-0.009042857142857142,-5.2827265685515134e-05,0.00016021172217918928
0.3,0.6,6.0,0.31,0.46,20.20417788859786,0.28031432699884795,0.029673900179835927,0.029428571428571432,-0.009042857142857142,-5.2827265685515134e-05,0.00016021172217918928
0.3,0.6,8.0,0.31,0.46,20.20417788859786,0.28031432699884795,0.029673900179835927,0.029428571428571432,-0.009042857142857142,-5.2827265685515134e-05,0.00016021172217918928
0.3,0.6,10.0,0.31,0.46,20.20417788859786,0.28031432699884795,0.029673900179835927,0.029428571428571432,-0.009042857142857142,-5.2827265685515134e-05,0.00016021172217918928
0.3,0.6,12.0,0.31,0.46,20.20417788859786,0.28031432699884795,0.029673900179835927,0.029428571428571432,-0.009042857142857142,-5.2827265685515134e-05,0.00016021172217918928
0.3,0.6,14.0,0.31,0.46,20.20417788859786,0.28031432699884795,0.029673900179835927,0.029428571428571432,-0.009042857142857142,-5.2827265685515134e-05,0.00016021172217918928
0.3,0.6,16.0,0.31,0.46,20.20417788859786,0.28031432699884795,0.029673900179835927,0.029428571428571432,-0.009042857142857142,-5.2827265685515134e-05,0.00016021172217918928
0.3,0.6,18.0,0.31,0.46,20.20417788859786,0.28031432699884795,0.029673900179835927,0.029428571428571432,-0.009042857142857142,-5.2827265685515134e-05,0.00016021172217918928
0.3,0.6,20.0,0.31,0.46,20.20417788859786,0.28031432699884795,0.029673900179835927,0.029428571428571432,-0.009042857142857142,-5.2827265685515134e-05,0.00016021172217918928
0.3,0.65,,0.31,0.46,20.20417788859786,0.28031432699884795,0.029673900179835927,0.029428571428571432,-0.009042857142857142,-5.2827265685515134e-05,0.00016021172217918928
0.3,0.65,2.0,0.31,0.46,20.20417788859786,0.28031432699884795,0.029673900179835927,0.029428571428571432,-0.009042857142857142,-5.2827265685515134e-05,0.00016021172217918928
0.3,0.65,4.0,0.31,0.46,20.20417788859786,0.28031432699884795,0.029673900179835927,0.029428571428571432,-0.009042857142857142,-5.2827265685515134e-05,0.00016021172217918928
0.3,0.65,6.0,0.31,0.46,20.20417788859786,0.28031432699884795,0.029673900179835927,0.029428571428571432,-0.009042857142857142,-5.2827265685515134e-05,0.00016021172217918928
0.3,0.65,8.0,0.31,0.46,20.20417788859786,0.28031432699884795,0.029673900179835927,0.029428571428571432,-0.009042857142857142,-5.2827265685515134e-05,0.00016021172217918928
0.3,0.65,10.0,0.31,0.46,20.20417788859786,0.28031432699884795,0.029673900179835927,0.029428571428571432,-0.009042857142857142,-5.2827265685515134e-05,0.00016021172217918928
0.3,0.65,12.0,0.31,0.46,20.20417788859786,0.28031432699884795,0.029673900179835927,0.029428571428571432,-0.009042857142857142,-5.2827265685515134e-05,0.00016021172217918928
0.3,0.65,14.0,0.31,0.46,20.20417788859786,0.28031432699884795,0.029673900179835927,0.029428571428571432,-0.009042857142857142,-5.2827265685515134e-05,0.00016021172217918928
0.3,0.65,16.0,0.31,0.46,20.20417788859786,0.28031432699884795,0.029673900179835927,0.029428571428571432,-0.009042857142857142,-5.2827265685515134e-05,0.00016021172217918928
0.3,0.65,18.0,0.31,0.46,20.20417788859786,0.28031432699884795,0.029673900179835927,0.029428571428571432,-0.009042857142857142,-5.2827265685515134e-05,0.00016021172217918928
0.3,0.65,20.0,0.31,0.46,20.20417788859786,0.28031432699884795,0.029673900179835927,0.029428571428571432,-0.009042857142857142,-5.2827265685515134e-05,0.00016021172217918928
0.3,0.7,,0.31,0.46,20.20417788859786,0.28031432699884795,0.029673900179835927,0.029428571428571432,-0.009042857142857142,-5.2827265685515134e-05,0.00016021172217918928
0.3,0.7,2.0,0.31,0.46,20.20417788859786,0.28031432699884795,0.029673900179835927,0.029428571428571432,-0.009042857142857142,-5.2827265685515134e-05,0.00016021172217918928
0.3,0.7,4.0,0.31,0.46,20.20417788859786,0.28031432699884795,0.029673900179835927,0.029428571428571432,-0.009042857142857142,-5.2827265685515134e-05,0.00016021172217918928
0.3,0.7,6.0,0.31,0.46,20.20417788859786,0.28031432699884795,0.029673900179835927,0.029428571428571432,-0.009042857142857142,-5.2827265685515134e-05,0.00016021172217918928
0.3,0.7,8.0,0.31,0.46,20.20417788859786,0.28031432699884795,0.029673900179835927,0.029428571428571432,-0.009042857142857142,-5.2827265685515134e-05,0.00016021172217918928
0.3,0.7,10.0,0.31,0.46,20.20417788859786,0.28031432699884795,0.029673900179835927,0.029428571428571432,-0.009042857142857142,-5.2827265685515134e-05,0.00016021172217918928
0.3,0.7,12.0,0.31,0.46,20.20417788859786,0.28031432699884795,0.029673900179835927,0.029428571428571432,-0.009042857142857142,-5.2827265685515134e-05,0.00016021172217918928
0.3,0.7,14.0,0.31,0.46,20.20417788859786,0.28031432699884795,0.029673900179835927,0.029428571428571432,-0.009042857142857142,-5.2827265685515134e-05,0.00016021172217918928
0.3,0.7,16.0,0.31,0.46,20.20417788859786,0.28031432699884795,0.029673900179835927,0.029428571428571432,-0.009042857142857142,-5.2827265685515134e-05,0.00016021172217918928
0.3,0.7,18.0,0.31,0.46,20.20417788859786,0.28031432699884795,0.029673900179835927,0.029428571428571432,-0.009042857142857142,-5.2827265685515134e-05,0.00016021172217918928
0.3,0.7,20.0,0.31,0.46,20.20417788859786,0.28031432699884795,0.029673900179835927,0.029428571428571432,-0.009042857142857142,-5.2827265685515134e-05,0.00016021172217918928
0.3,0.75,,0.31,0.46,20.20417788859786,0.28031432699884795,0.029673900179835927,0.029428571428571432,-0.009042857142857142,-5.2827265685515134e-05,0.00016021172217918928
0.3,0.75,2.0,0.31,0.46,20.20417788859786,0.28031432699884795,0.029673900179835927,0.029428571428571432,-0.009042857142857142,-5.2827265685515134e-05,0.00016021172217918928
0.3,0.75,4.0,0.31,0.46,20.20417788859786,0.28031432699884795,0.029673900179835927,0.029428571428571432,-0.009042857142857142,-5.2827265685515134e-05,0.00016021172217918928
0.3,0.75,6.0,0.31,0.46,20.20417788859786,0.28031432699884795,0.029673900179835927,0.029428571428571432,-0.009042857142857142,-5.2827265685515134e-05,0.00016021172217918928
0.3,0.75,8.0,0.31,0.46,20.20417788859786,0.28031432699884795,0.029673900179835927,0.029428571428571432,-0.009042857142857142,-5.2827265685515134e-05,0.00016021172217918928
0.3,0.75,10.0,0.31,0.46,20.20417788859786,0.28031432699884795,0.029673900179835927,0.029428571428571432,-0.009042857142857142,-5.2827265685515134e-05,0.00016021172217918928
0.3,0.75,12.0,0.31,0.46,20.20417788859786,0.28031432699884795,0.029673900179835927,0.029428571428571432,-0.009042857142857142,-5.2827265685515134e-05,0.00016021172217918928
0.3,0.75,14.0,0.31,0.46,20.20417788859786,0.28031432699884795,0.029673900179835927,0.029428571428571432,-0.009042857142857142,-5.2827265685515134e-05,0.00016021172217918928
0.3,0.75,16.0,0.31,0.46,20.20417788859786,0.28031432699884795,0.029673900179835927,0.029428571428571432,-0.009042857142857142,-5.2827265685515134e-05,0.00016021172217918928
0.3,0.75,18.0,0.31,0.46,20.20417788859786,0.28031432699884795,0.029673900179835927,0.029428571428571432,-0.009042857142857142,-5.2827265685515134e-05,0.00016021172217918928
0.3,0.75,20.0,0.31,0.46,20.20417788859786,0.28031432699884795,0.029673900179835927,0.029428571428571432,-0.009042857142857142,-5.2827265685515134e-05,0.00016021172217918928
0.3,0.8,,0.31,0.46,20.20417788859786,0.28031432699884795,0.029673900179835927,0.029428571428571432,-0.009042857142857142,-5.2827265685515134e-05,0.00016021172217918928
0.3,0.8,2.0,0.31,0.46,20.20417788859786,0.28031432699884795,0.029673900179835927,0.029428571428571432,-0.009042857142857142,-5.2827265685515134e-05,0.00016021172217918928
0.3,0.8,4.0,0.31,0.46,20.20417788859786,0.28031432699884795,0.029673900179835927,0.029428571428571432,-0.009042857142857142,-5.2827265685515134e-05,0.00016021172217918928
0.3,0.8,6.0,0.31,0.46,20.20417788859786,0.28031432699884795,0.029673900179835927,0.029428571428571432,-0.009042857142857142,-5.2827265685515134e-05,0.00016021172217918928
0.3,0.8,8.0,0.31,0.46,20.20417788859786,0.28031432699884795,0.029673900179835927,0.029428571428571432,-0.009042857142857142,-5.2827265685515134e-05,0.00016021172217918928
0.3,0.8,10.0,0.31,0.46,20.20417788859786,0.28031432699884795,0.029673900179835927,0.029428571428571432,-0.009042857142857142,-5.2827265685515134e-05,0.00016021172217918928
0.3,0.8,12.0,0.31,0.46,20.20417788859786,0.28031432699884795,0.029673900179835927,0.029428571428571432,-0.009042857142857142,-5.2827265685515134e-05,0.00016021172217918928
0.3,0.8,14.0,0.31,0.46,20.20417788859786,0.28031432699884795,0.029673900179835927,0.029428571428571432,-0.009042857142857142,-5.2827265685515134e-05,0.00016021172217918928
0.3,0.8,16.0,0.31,0.46,20.20417788859786,0.28031432699884795,0.029673900179835927,0.029428571428571432,-0.009042857142857142,-5.2827265685515134e-05,0.00016021172217918928
0.3,0.8,18.0,0.31,0.46,20.20417788859786,0.28031432699884795,0.029673900179835927,0.029428571428571432,-0.009042857142857142,-5.2827265685515134e-05,0.00016021172217918928
0.3,0.8,20.0,0.31,0.46,20.20417788859786,0.28031432699884795,0.029673900179835927,0.029428571428571432,-0.009042857142857142,-5.2827265685515134e-05,0.00016021172217918928
0.3,0.85,,0.31,0.46,20.20417788859786,0.28031432699884795,0.029673900179835927,0.029428571428571432,-0.009042857142857142,-5.2827265685515134e-05,0.00016021172217918928
0.3,0.85,2.0,0.31,0.46,20.20417788859786,0.28031432699884795,0.029673900179835927,0.029428571428571432,-0.009042857142857142,-5.2827265685515134e-05,0.00016021172217918928
0.3,0.85,4.0,0.31,0.46,20.20417788859786,0.28031432699884795,0.029673900179835927,0.029428571428571432,-0.009042857142857142,-5.2827265685515134e-05,0.00016021172217918928
0.3,0.85,6.0,0.31,0.46,20.20417788859786,0.28031432699884795,0.029673900179835927,0.029428571428571432,-0.009042857142857142,-5.2827265685515134e-05,0.00016021172217918928
0.3,0.85,8.0,0.31,0.46,20.20417788859786,0.28031432699884795,0.029673900179835927,0.029428571428571432,-0.009042857142857142,-5.2827265685515134e-05,0.00016021172217918928
0.3,0.85,10.0,0.31,0.46,20.20417788859786,0.28031432699884795,0.029673900179835927,0.029428571428571432,-0.009042857142857142,-5.2827265685515134e-05,0.00016021172217918928
0.3,0.85,12.0,0.31,0.46,20.20417788859786,0.28031432699884795,0.029673900179835927,0.029428571428571432,-0.009042857142857142,-5.2827265685515134e-05,0.00016021172217918928
0.3,0.85,14.0,0.31,0.46,20.20417788859786,0.28031432699884795,0.029673900179835927,0.029428571428571432,-0.009042857142857142,-5.2827265685515134e-05,0.00016021172217918928
0.3,0.85,16.0,0.31,0.46,20.20417788859786,0.28031432699884795,0.029673900179835927,0.029428571428571432,-0.009042857142857142,-5.2827265685515134e-05,0.00016021172217918928
0.3,0.85,18.0,0.31,0.46,20.20417788859786,0.28031432699884795,0.029673900179835927,0.029428571428571432,-0.009042857142857142,-5.2827265685515134e-05,0.00016021172217918928
0.3,0.85,20.0,0.31,0.46,20.20417788859786,0.28031432699884795,0.029673900179835927,0.029428571428571432,-0.009042857142857142,-5.2827265685515134e-05,0.00016021172217918928
0.3,0.9,,0.31,0.46,20.20417788859786,0.28031432699884795,0.029673900179835927,0.029428571428571432,-0.009042857142857142,-5.2827265685515134e-05,0.00016021172217918928
0.3,0.9,2.0,0.31,0.46,20.20417788859786,0.28031432699884795,0.029673900179835927,0.029428571428571432,-0.009042857142857142,-5.2827265685515134e-05,0.00016021172217918928
0.3,0.9,4.0,0.31,0.46,20.20417788859786,0.28031432699884795,0.029673900179835927,0.029428571428571432,-0.009042857142857142,-5.2827265685515134e-05,0.00016021172217918928
0.3,0.9,6.0,0.31,0.46,20.20417788859786,0.28031432699884795,0.029673900179835927,0.029428571428571432,-0.009042857142857142,-5.2827265685515134e-05,0.00016021172217918928
0.3,0.9,8.0,0.31,0.46,20.20417788859786,0.28031432699884795,0.029673900179835927,0.029428571428571432,-0.009042857142857142,-5.2827265685515134e-05,0.00016021172217918928
0.3,0.9,10.0,0.31,0.46,20.20417788859786,0.28031432699884795,0.029673900179835927,0.029428571428571432,-0.009042857142857142,-5.2827265685515134e-05,0.00016021172217918928
0.3,0.9,12.0,0.31,0.46,20.20417788859786,0.28031432699884795,0.029673900179835927,0.029428571428571432,-0.009042857142857142,-5.2827265685515134e-05,0.00016021172217918928
0.3,0.9,14.0,0.31,0.46,20.20417788859786,0.28031432699884795,0.029673900179835927,0.029428571428571432,-0.009042857142857142,-5.2827265685515134e-05,0.00016021172217918928
0.3,0.9,16.0,0.31,0.46,20.20417788859786,0.28031432699884795,0.029673900179835927,0.029428571428571432,-0.009042857142857142,-5.2827265685515134e-05,0.00016021172217918928
0.3,0.9,18.0,0.31,0.46,20.20417788859786,0.28031432699884795,0.029673900179835927,0.029428571428571432,-0.009042857142857142,-5.2827265685515134e-05,0.00016021172217918928
0.3,0.9,20.0,0.31,0.46,20.20417788859786,0.28031432699884795,0.029673900179835927,0.029428571428571432,-0.009042857142857142,-5.2827265685515134e-05,0.00016021172217918928
0.3,0.95,,0.31,0.46,20.20417788859786,0.28031432699884795,0.029673900179835927,0.029428571428571432,-0.009042857142857142,-5.2827265685515134e-05,0.00016021172217918928
0.3,0.95,2.0,0.31,0.46,20.20417788859786,0.28031432699884795,0.029673900179835927,0.029428571428571432,-0.009042857142857142,-5.2827265685515134e-05,0.00016021172217918928
0.3,0.95,4.0,0.31,0.46,20.20417788859786,0.28031432699884795,0.029673900179835927,0.029428571428571432,-0.009042857142857142,-5.2827265685515134e-05,0.00016021172217918928
0.3,0.95,6.0,0.31,0.46,20.20417788859786,0.28031432699884795,0.029673900179835927,0.029428571428571432,-0.009042857142857142,-5.2827265685515134e-05,0.00016021172217918928
0.3,0.95,8.0,0.31,0.46,20.20417788859786,0.28031432699884795,0.029673900179835927,0.029428571428571432,-0.009042857142857142,-5.2827265685515134e-05,0.00016021172217918928
0.3,0.95,10.0,0.31,0.46,20.20417788859786,0.28031432699884795,0.029673900179835927,0.029428571428571432,-0.009042857142857142,-5.2827265685515134e-05,0.00016021172217918928
0.3,0.95,12.0,0.31,0.46,20.20417788859786,0.28031432699884795,0.029673900179835927,0.029428571428571432,-0.009042857142857142,-5.2827265685515134e-05,0.00016021172217918928
0.3,0.95,14.0,0.31,0.46,20.20417788859786,0.28031432699884795,0.029673900179835927,0.029428571428571432,-0.009042857142857142,-5.2827265685515134e-05,0.00016021172217918928
0.3,0.95,16.0,0.31,0.46,20.20417788859786,0.28031432699884795,0.029673900179835927,0.029428571428571432,-0.009042857142857142,-5.2827265685515134e-05,0.00016021172217918928
0.3,0.95,18.0,0.31,0.46,20.20417788859786,0.28031432699884795,0.029673900179835927,0.029428571428571432,-0.009042857142857142,-5.2827265685515134e-05,0.00016021172217918928
0.3,0.95,20.0,0.31,0.46,20.20417788859786,0.28031432699884795,0.029673900179835927,0.029428571428571432,-0.009042857142857142,-5.2827265685515134e-05,0.00016021172217918928
0.3,1.0,,0.31,0.46,20.20417788859786,0.28031432699884795,0.029673900179835927,0.029428571428571432,-0.009042857142857142,-5.2827265685515134e-05,0.00016021172217918928
0.3,1.0,2.0,0.31,0.46,20.20417788859786,0.28031432699884795,0.029673900179835927,0.029428571428571432,-0.009042857142857142,-5.2827265685515134e-05,0.00016021172217918928
0.3,1.0,4.0,0.31,0.46,20.20417788859786,0.28031432699884795,0.029673900179835927,0.029428571428571432,-0.009042857142857142,-5.2827265685515134e-05,0.00016021172217918928
0.3,1.0,6.0,0.31,0.46,20.20417788859786,0.28031432699884795,0.029673900179835927,0.029428571428571432,-0.009042857142857142,-5.2827265685515134e-05,0.00016021172217918928
0.3,1.0,8.0,0.31,0.46,20.20417788859786,0.28031432699884795,0.029673900179835927,0.029428571428571432,-0.009042857142857142,-5.2827265685515134e-05,0.00016021172217918928
0.3,1.0,10.0,0.31,0.46,20.20417788859786,0.28031432699884795,0.029673900179835927,0.029428571428571432,-0.009042857142857142,-5.2827265685515134e-05,0.00016021172217918928
0.3,1.0,12.0,0.31,0.46,20.20417788859786,0.28031432699884795,0.029673900179835927,0.029428571428571432,-0.009042857142857142,-5.2827265685515134e-05,0.00016021172217918928
0.3,1.0,14.0,0.31,0.46,20.20417788859786,0.28031432699884795,0.029673900179835927,0.029428571428571432,-0.009042857142857142,-5.2827265685515134e-05,0.00016021172217918928
0.3,1.0,16.0,0.31,0.46,20.20417788859786,0.28031432699884795,0.029673900179835927,0.029428571428571432,-0.009042857142857142,-5.2827265685515134e-05,0.00016021172217918928
0.3,1.0,18.0,0.31,0.46,20.20417788859786,0.28031432699884795,0.029673900179835927,0.029428571428571432,-0.009042857142857142,-5.2827265685515134e-05,0.00016021172217918928
0.3,1.0,20.0,0.31,0.46,20.20417788859786,0.28031432699884795,0.029673900179835927,0.029428571428571432,-0.009042857142857142,-5.2827265685515134e-05,0.00016021172217918928
0.35,0.1,,0.31,0.46,20.20417788859786,0.28031432699884795,0.029673900179835927,0.029428571428571432,-0.009042857142857142,-5.2827265685515134e-05,0.00016021172217918928
0.35,0.1,2.0,0.31,0.46,20.20417788859786,0.28031432699884795,0.029673900179835927,0.029428571428571432,-0.009042857142857142,-5.2827265685515134e-05,0.00016021172217918928
0.35,0.1,4.0,0.31,0.46,20.20417788859786,0.28031432699884795,0.029673900179835927,0.029428571428571432,-0.009042857142857142,-5.2827265685515134e-05,0.00016021172217918928
0.35,0.1,6.0,0.31,0.46,20.20417788859786,0.28031432699884795,0.029673900179835927,0.029428571428571432,-0.009042857142857142,-5.2827265685515134e-05,0.00016021172217918928
0.35,0.1,8.0,0.31,0.46,20.20417788859786,0.28031432699884795,0.029673900179835927,0.029428571428571432,-0.009042857142857142,-5.2827265685515134e-05,0.00016021172217918928
0.35,0.1,10.0,0.31,0.46,20.20417788859786,0.28031432699884795,0.029673900179835927,0.029428571428571432,-0.009042857142857142,-5.2827265685515134e-05,0.00016021172217918928
0.35,0.1,12.0,0.31,0.46,20.20417788859786,0.28031432699884795,0.029673900179835927,0.029428571428571432,-0.009042857142857142,-5.2827265685515134e-05,0.00016021172217918928
0.35,0.1,14.0,0.31,0.46,20.20417788859786,0.28031432699884795,0.029673900179835927,0.029428571428571432,-0.009042857142857142,-5.2827265685515134e-05,0.00016021172217918928
0.35,0.1,16.0,0.31,0.46,20.20417788859786,0.28031432699884795,0.029673900179835927,0.029428571428571432,-0.009042857142857142,-5.2827265685515134e-05,0.00016021172217918928
0.35,0.1,18.0,0.31,0.46,20.20417788859786,0.28031432699884795,0.029673900179835927,0.029428571428571432,-0.009042857142857142,-5.2827265685515134e-05,0.00016021172217918928
0.35,0.1,20.0,0.31,0.46,20.20417788859786,0.28031432699884795,0.029673900179835927,0.029428571428571432,-0.009042857142857142,-5.2827265685515134e-05,0.00016021172217918928
0.35,0.15,,0.31,0.46,20.20417788859786,0.28031432699884795,0.029673900179835927,0.029428571428571432,-0.009042857142857142,-5.2827265685515134e-05,0.00016021172217918928
0.35,0.15,2.0,0.31,0.46,20.20417788859786,0.28031432699884795,0.029673900179835927,0.029428571428571432,-0.009042857142857142,-5.2827265685515134e-05,0.00016021172217918928
0.35,0.15,4.0,0.31,0.46,20.20417788859786,0.28031432699884795,0.029673900179835927,0.029428571428571432,-0.009042857142857142,-5.2827265685515134e-05,0.00016021172217918928
0.35,0.15,6.0,0.31,0.46,20.20417788859786,0.28031432699884795,0.029673900179835927,0.029428571428571432,-0.009042857142857142,-5.2827265685515134e-05,0.00016021172217918928
0.35,0.15,8.0,0.31,0.46,20.20417788859786,0.28031432699884795,0.029673900179835927,0.029428571428571432,-0.009042857142857142,-5.2827265685515134e-05,0.00016021172217918928
0.35,0.15,10.0,0.31,0.46,20.20417788859786,0.28031432699884795,0.029673900179835927,0.029428571428571432,-0.009042857142857142,-5.2827265685515134e-05,0.00016021172217918928
0.35,0.15,12.0,0.31,0.46,20.20417788859786,0.28031432699884795,0.029673900179835927,0.029428571428571432,-0.009042857142857142,-5.2827265685515134e-05,0.00016021172217918928
0.35,0.15,14.0,0.31,0.46,20.20417788859786,0.28031432699884795,0.029673900179835927,0.029428571428571432,-0.009042857142857142,-5.2827265685515134e-05,0.00016021172217918928
0.35,0.15,16.0,0.31,0.46,20.20417788859786,0.28031432699884795,0.029673900179835927,0.029428571428571432,-0.009042857142857142,-5.2827265685515134e-05,0.00016021172217918928
0.35,0.15,18.0,0.31,0.46,20.20417788859786,0.28031432699884795,0.029673900179835927,0.029428571428571432,-0.009042857142857142,-5.2827265685515134e-05,0.00016021172217918928
0.35,0.15,20.0,0.31,0.46,20.20417788859786,0.28031432699884795,0.029673900179835927,0.029428571428571432,-0.009042857142857142,-5.2827265685515134e-05,0.00016021172217918928
0.35,0.2,,0.31,0.46,20.20417788859786,0.28031432699884795,0.029673900179835927,0.029428571428571432,-0.009042857142857142,-5.2827265685515134e-05,0.00016021172217918928
0.35,0.2,2.0,0.31,0.46,20.20417788859786,0.28031432699884795,0.029673900179835927,0.029428571428571432,-0.009042857142857142,-5.2827265685515134e-05,0.00016021172217918928
0.35,0.2,4.0,0.31,0.46,20.20417788859786,0.28031432699884795,0.029673900179835927,0.029428571428571432,-0.009042857142857142,-5.2827265685515134e-05,0.00016021172217918928
0.35,0.2,6.0,0.31,0.46,20.20417788859786,0.28031432699884795,0.029673900179835927,0.029428571428571432,-0.009042857142857142,-5.2827265685515134e-05,0.00016021172217918928
0.35,0.2,8.0,0.31,0.46,20.20417788859786,0.28031432699884795,0.029673900179835927,0.029428571428571432,-0.009042857142857142,-5.2827265685515134e-05,0.00016021172217918928
0.35,0.2,10.0,0.31,0.46,20.20417788859786,0.28031432699884795,0.029673900179835927,0.029428571428571432,-0.009042857142857142,-5.2827265685515134e-05,0.00016021172217918928
0.35,0.2,12.0,0.31,0.46,20.20417788859786,0.28031432699884795,0.029673900179835927,0.029428571428571432,-0.009042857142857142,-5.2827265685515134e-05,0.00016021172217918928
0.35,0.2,14.0,0.31,0.46,20.20417788859786,0.28031432699884795,0.029673900179835927,0.029428571428571432,-0.009042857142857142,-5.2827265685515134e-05,0.00016021172217918928
0.35,0.2,16.0,0.31,0.46,20.20417788859786,0.28031432699884795,0.029673900179835927,0.029428571428571432,-0.009042857142857142,-5.2827265685515134e-05,0.00016021172217918928
0.35,0.2,18.0,0.31,0.46,20.20417788859786,0.28031432699884795,0.029673900179835927,0.029428571428571432,-0.009042857142857142,-5.2827265685515134e-05,0.00016021172217918928
0.35,0.2,20.0,0.31,0.46,20.20417788859786,0.28031432699884795,0.029673900179835927,0.029428571428571432,-0.009042857142857142,-5.2827265685515134e-05,0.00016021172217918928
0.35,0.25,,0.31,0.46,20.20417788859786,0.28031432699884795,0.029673900179835927,0.029428571428571432,-0.009042857142857142,-5.2827265685515134e-05,0.00016021172217918928
0.35,0.25,2.0,0.31,0.46,20.20417788859786,0.28031432699884795,0.029673900179835927,0.029428571428571432,-0.009042857142857142,-5.2827265685515134e-05,0.00016021172217918928
0.35,0.25,4.0,0.31,0.46,20.20417788859786,0.28031432699884795,0.029673900179835927,0.029428571428571432,-0.009042857142857142,-5.2827265685515134e-05,0.00016021172217918928
0.35,0.25,6.0,0.31,0.46,20.20417788859786,0.28031432699884795,0.029673900179835927,0.029428571428571432,-0.009042857142857142,-5.2827265685515134e-05,0.00016021172217918928
0.35,0.25,8.0,0.31,0.46,20.20417788859786,0.28031432699884795,0.029673900179835927,0.029428571428571432,-0.009042857142857142,-5.2827265685515134e-05,0.00016021172217918928
0.35,0.25,10.0,0.31,0.46,20.20417788859786,0.28031432699884795,0.029673900179835927,0.029428571428571432,-0.009042857142857142,-5.2827265685515134e-05,0.00016021172217918928
0.35,0.25,12.0,0.31,0.46,20.20417788859786,0.28031432699884795,0.029673900179835927,0.029428571428571432,-0.009042857142857142,-5.2827265685515134e-05,0.00016021172217918928
0.35,0.25,14.0,0.31,0.46,20.20417788859786,0.28031432699884795,0.029673900179835927,0.029428571428571432,-0.009042857142857142,-5.2827265685515134e-05,0.00016021172217918928
0.35,0.25,16.0,0.31,0.46,20.20417788859786,0.28031432699884795,0.029673900179835927,0.029428571428571432,-0.009042857142857142,-5.2827265685515134e-05,0.00016021172217918928
0.35,0.25,18.0,0.31,0.46,20.20417788859786,0.28031432699884795,0.029673900179835927,0.029428571428571432,-0.009042857142857142,-5.2827265685515134e-05,0.00016021172217918928
0.35,0.25,20.0,0.31,0.46,20.20417788859786,0.28031432699884795,0.029673900179835927,0.029428571428571432,-0.009042857142857142,-5.2827265685515134e-05,0.00016021172217918928
0.35,0.3,,0.31,0.46,20.20417788859786,0.28031432699884795,0.029673900179835927,0.029428571428571432,-0.009042857142857142,-5.2827265685515134e-05,0.00016021172217918928
0.35,0.3,2.0,0.31,0.46,20.20417788859786,0.28031432699884795,0.029673900179835927,0.029428571428571432,-0.009042857142857142,-5.2827265685515134e-05,0.00016021172217918928
0.35,0.3,4.0,0.31,0.46,20.20417788859786,0.28031432699884795,0.029673900179835927,0.029428571428571432,-0.009042857142857142,-5.2827265685515134e-05,0.00016021172217918928
0.35,0.3,6.0,0.31,0.46,20.20417788859786,0.28031432699884795,0.029673900179835927,0.029428571428571432,-0.009042857142857142,-5.2827265685515134e-05,0.00016021172217918928
0.35,0.3,8.0,0.31,0.46,20.20417788859786,0.28031432699884795,0.029673900179835927,0.029428571428571432,-0.009042857142857142,-5.2827265685515134e-05,0.00016021172217918928
0.35,0.3,10.0,0.31,0.46,20.20417788859786,0.28031432699884795,0.029673900179835927,0.029428571428571432,-0.009042857142857142,-5.2827265685515134e-05,0.00016021172217918928
0.35,0.3,12.0,0.31,0.46,20.20417788859786,0.28031432699884795,0.029673900179835927,0.029428571428571432,-0.009042857142857142,-5.2827265685515134e-05,0.00016021172217918928
0.35,0.3,14.0,0.31,0.46,20.20417788859786,0.28031432699884795,0.029673900179835927,0.029428571428571432,-0.009042857142857142,-5.2827265685515134e-05,0.00016021172217918928
0.35,0.3,16.0,0.31,0.46,20.20417788859786,0.28031432699884795,0.029673900179835927,0.029428571428571432,-0.009042857142857142,-5.2827265685515134e-05,0.00016021172217918928
0.35,0.3,18.0,0.31,0.46,20.20417788859786,0.28031432699884795,0.029673900179835927,0.029428571428571432,-0.009042857142857142,-5.2827265685515134e-05,0.00016021172217918928
0.35,0.3,20.0,0.31,0.46,20.20417788859786,0.28031432699884795,0.029673900179835927,0.029428571428571432,-0.009042857142857142,-5.2827265685515134e-05,0.00016021172217918928
0.35,0.35,,0.31,0.46,20.20417788859786,0.28031432699884795,0.029673900179835927,0.029428571428571432,-0.009042857142857142,-5.2827265685515134e-05,0.00016021172217918928
0.35,0.35,2.0,0.31,0.46,20.20417788859786,0.28031432699884795,0.029673900179835927,0.029428571428571432,-0.009042857142857142,-5.2827265685515134e-05,0.00016021172217918928
0.35,0.35,4.0,0.31,0.46,20.20417788859786,0.28031432699884795,0.029673900179835927,0.029428571428571432,-0.009042857142857142,-5.2827265685515134e-05,0.00016021172217918928
0.35,0.35,6.0,0.31,0.46,20.20417788859786,0.28031432699884795,0.029673900179835927,0.029428571428571432,-0.009042857142857142,-5.2827265685515134e-05,0.00016021172217918928
0.35,0.35,8.0,0.31,0.46,20.20417788859786,0.28031432699884795,0.029673900179835927,0.029428571428571432,-0.009042857142857142,-5.2827265685515134e-05,0.00016021172217918928
0.35,0.35,10.0,0.31,0.46,20.20417788859786,0.28031432699884795,0.029673900179835927,0.029428571428571432,-0.009042857142857142,-5.2827265685515134e-05,0.00016021172217918928
0.35,0.35,12.0,0.31,0.46,20.20417788859786,0.28031432699884795,0.029673900179835927,0.029428571428571432,-0.009042857142857142,-5.2827265685515134e-05,0.00016021172217918928
0.35,0.35,14.0,0.31,0.46,20.20417788859786,0.28031432699884795,0.029673900179835927,0.029428571428571432,-0.009042857142857142,-5.2827265685515134e-05,0.00016021172217918928
0.35,0.35,16.0,0.31,0.46,20.20417788859786,0.28031432699884795,0.029673900179835927,0.029428571428571432,-0.009042857142857142,-5.2827265685515134e-05,0.00016021172217918928
0.35,0.35,18.0,0.31,0.46,20.20417788859786,0.28031432699884795,0.029673900179835927,0.029428571428571432,-0.009042857142857142,-5.2827265685515134e-05,0.00016021172217918928
0.35,0.35,20.0,0.31,0.46,20.20417788859786,0.28031432699884795,0.029673900179835927,0.029428571428571432,-0.009042857142857142,-5.2827265685515134e-05,0.00016021172217918928
0.35,0.4,,0.31,0.46,20.20417788859786,0.28031432699884795,0.029673900179835927,0.029428571428571432,-0.009042857142857142,-5.2827265685515134e-05,0.00016021172217918928
0.35,0.4,2.0,0.31,0.46,20.20417788859786,0.28031432699884795,0.029673900179835927,0.029428571428571432,-0.009042857142857142,-5.2827265685515134e-05,0.00016021172217918928
0.35,0.4,4.0,0.31,0.46,20.20417788859786,0.28031432699884795,0.029673900179835927,0.029428571428571432,-0.009042857142857142,-5.2827265685515134e-05,0.00016021172217918928
0.35,0.4,6.0,0.31,0.46,20.20417788859786,0.28031432699884795,0.029673900179835927,0.029428571428571432,-0.009042857142857142,-5.2827265685515134e-05,0.00016021172217918928
0.35,0.4,8.0,0.31,0.46,20.20417788859786,0.28031432699884795,0.029673900179835927,0.029428571428571432,-0.009042857142857142,-5.2827265685515134e-05,0.00016021172217918928
0.35,0.4,10.0,0.31,0.46,20.20417788859786,0.28031432699884795,0.029673900179835927,0.029428571428571432,-0.009042857142857142,-5.2827265685515134e-05,0.00016021172217918928
0.35,0.4,12.0,0.31,0.46,20.20417788859786,0.28031432699884795,0.029673900179835927,0.029428571428571432,-0.009042857142857142,-5.2827265685515134e-05,0.00016021172217918928
0.35,0.4,14.0,0.31,0.46,20.20417788859786,0.28031432699884795,0.029673900179835927,0.029428571428571432,-0.009042857142857142,-5.2827265685515134e-05,0.00016021172217918928
0.35,0.4,16.0,0.31,0.46,20.20417788859786,0.28031432699884795,0.029673900179835927,0.029428571428571432,-0.009042857142857142,-5.2827265685515134e-05,0.00016021172217918928
0.35,0.4,18.0,0.31,0.46,20.20417788859786,0.28031432699884795,0.029673900179835927,0.029428571428571432,-0.009042857142857142,-5.2827265685515134e-05,0.00016021172217918928
0.35,0.4,20.0,0.31,0.46,20.20417788859786,0.28031432699884795,0.029673900179835927,0.029428571428571432,-0.009042857142857142,-5.2827265685515134e-05,0.00016021172217918928
0.35,0.45,,0.31,0.46,20.20417788859786,0.28031432699884795,0.029673900179835927,0.029428571428571432,-0.009042857142857142,-5.2827265685515134e-05,0.00016021172217918928
0.35,0.45,2.0,0.31,0.46,20.20417788859786,0.28031432699884795,0.029673900179835927,0.029428571428571432,-0.009042857142857142,-5.2827265685515134e-05,0.00016021172217918928
0.35,0.45,4.0,0.31,0.46,20.20417788859786,0.28031432699884795,0.029673900179835927,0.029428571428571432,-0.009042857142857142,-5.2827265685515134e-05,0.00016021172217918928
0.35,0.45,6.0,0.31,0.46,20.20417788859786,0.28031432699884795,0.029673900179835927,0.029428571428571432,-0.009042857142857142,-5.2827265685515134e-05,0.00016021172217918928
0.35,0.45,8.0,0.31,0.46,20.20417788859786,0.28031432699884795,0.029673900179835927,0.029428571428571432,-0.009042857142857142,-5.2827265685515134e-05,0.00016021172217918928
0.35,0.45,10.0,0.31,0.46,20.20417788859786,0.28031432699884795,0.029673900179835927,0.029428571428571432,-0.009042857142857142,-5.2827265685515134e-05,0.00016021172217918928
0.35,0.45,12.0,0.31,0.46,20.20417788859786,0.28031432699884795,0.029673900179835927,0.029428571428571432,-0.009042857142857142,-5.2827265685515134e-05,0.00016021172217918928
0.35,0.45,14.0,0.31,0.46,20.20417788859786,0.28031432699884795,0.029673900179835927,0.029428571428571432,-0.009042857142857142,-5.2827265685515134e-05,0.00016021172217918928
0.35,0.45,16.0,0.31,0.46,20.20417788859786,0.28031432699884795,0.029673900179835927,0.029428571428571432,-0.009042857142857142,-5.2827265685515134e-05,0.00016021172217918928
0.35,0.45,18.0,0.31,0.46,20.20417788859786,0.28031432699884795,0.029673900179835927,0.029428571428571432,-0.009042857142857142,-5.2827265685515134e-05,0.00016021172217918928
0.35,0.45,20.0,0.31,0.46,20.20417788859786,0.28031432699884795,0.029673900179835927,0.029428571428571432,-0.009042857142857142,-5.2827265685515134e-05,0.00016021172217918928
0.35,0.5,,0.31,0.46,20.20417788859786,0.28031432699884795,0.029673900179835927,0.029428571428571432,-0.009042857142857142,-5.2827265685515134e-05,0.00016021172217918928
0.35,0.5,2.0,0.31,0.46,20.20417788859786,0.28031432699884795,0.029673900179835927,0.029428571428571432,-0.009042857142857142,-5.2827265685515134e-05,0.00016021172217918928
0.35,0.5,4.0,0.31,0.46,20.20417788859786,0.28031432699884795,0.029673900179835927,0.029428571428571432,-0.009042857142857142,-5.2827265685515134e-05,0.00016021172217918928
0.35,0.5,6.0,0.31,0.46,20.20417788859786,0.28031432699884795,0.029673900179835927,0.029428571428571432,-0.009042857142857142,-5.2827265685515134e-05,0.00016021172217918928
0.35,0.5,8.0,0.31,0.46,20.20417788859786,0.28031432699884795,0.029673900179835927,0.029428571428571432,-0.009042857142857142,-5.2827265685515134e-05,0.00016021172217918928
0.35,0.5,10.0,0.31,0.46,20.20417788859786,0.28031432699884795,0.029673900179835927,0.029428571428571432,-0.009042857142857142,-5.2827265685515134e-05,0.00016021172217918928
0.35,0.5,12.0,0.31,0.46,20.20417788859786,0.28031432699884795,0.029673900179835927,0.029428571428571432,-0.009042857142857142,-5.2827265685515134e-05,0.00016021172217918928
0.35,0.5,14.0,0.31,0.46,20.20417788859786,0.28031432699884795,0.029673900179835927,0.029428571428571432,-0.009042857142857142,-5.2827265685515134e-05,0.00016021172217918928
0.35,0.5,16.0,0.31,0.46,20.20417788859786,0.28031432699884795,0.029673900179835927,0.029428571428571432,-0.009042857142857142,-5.2827265685515134e-05,0.00016021172217918928
0.35,0.5,18.0,0.31,0.46,20.20417788859786,0.28031432699884795,0.029673900179835927,0.029428571428571432,-0.009042857142857142,-5.2827265685515134e-05,0.00016021172217918928
0.35,0.5,20.0,0.31,0.46,20.20417788859786,0.28031432699884795,0.029673900179835927,0.029428571428571432,-0.009042857142857142,-5.2827265685515134e-05,0.00016021172217918928
0.35,0.55,,0.31,0.46,20.20417788859786,0.28031432699884795,0.029673900179835927,0.029428571428571432,-0.009042857142857142,-5.2827265685515134e-05,0.00016021172217918928
0.35,0.55,2.0,0.31,0.46,20.20417788859786,0.28031432699884795,0.029673900179835927,0.029428571428571432,-0.009042857142857142,-5.2827265685515134e-05,0.00016021172217918928
0.35,0.55,4.0,0.31,0.46,20.20417788859786,0.28031432699884795,0.029673900179835927,0.029428571428571432,-0.009042857142857142,-5.2827265685515134e-05,0.00016021172217918928
0.35,0.55,6.0,0.31,0.46,20.20417788859786,0.28031432699884795,0.029673900179835927,0.029428571428571432,-0.009042857142857142,-5.2827265685515134e-05,0.00016021172217918928
0.35,0.55,8.0,0.31,0.46,20.20417788859786,0.28031432699884795,0.029673900179835927,0.029428571428571432,-0.009042857142857142,-5.2827265685515134e-05,0.00016021172217918928
0.35,0.55,10.0,0.31,0.46,20.20417788859786,0.28031432699884795,0.029673900179835927,0.029428571428571432,-0.009042857142857142,-5.2827265685515134e-05,0.00016021172217918928
0.35,0.55,12.0,0.31,0.46,20.20417788859786,0.28031432699884795,0.029673900179835927,0.029428571428571432,-0.009042857142857142,-5.2827265685515134e-05,0.00016021172217918928
0.35,0.55,14.0,0.31,0.46,20.20417788859786,0.28031432699884795,0.029673900179835927,0.029428571428571432,-0.009042857142857142,-5.2827265685515134e-05,0.00016021172217918928
0.35,0.55,16.0,0.31,0.46,20.20417788859786,0.28031432699884795,0.029673900179835927,0.029428571428571432,-0.009042857142857142,-5.2827265685515134e-05,0.00016021172217918928
0.35,0.55,18.0,0.31,0.46,20.20417788859786,0.28031432699884795,0.029673900179835927,0.029428571428571432,-0.009042857142857142,-5.2827265685515134e-05,0.00016021172217918928
0.35,0.55,20.0,0.31,0.46,20.20417788859786,0.28031432699884795,0.029673900179835927,0.029428571428571432,-0.009042857142857142,-5.2827265685515134e-05,0.00016021172217918928
0.35,0.6,,0.31,0.46,20.20417788859786,0.28031432699884795,0.029673900179835927,0.029428571428571432,-0.009042857142857142,-5.2827265685515134e-05,0.00016021172217918928
0.35,0.6,2.0,0.31,0.46,20.20417788859786,0.28031432699884795,0.029673900179835927,0.029428571428571432,-0.009042857142857142,-5.2827265685515134e-05,0.00016021172217918928
0.35,0.6,4.0,0.31,0.46,20.20417788859786,0.28031432699884795,0.029673900179835927,0.029428571428571432,-0.009042857142857142,-5.2827265685515134e-05,0.00016021172217918928
0.35,0.6,6.0,0.31,0.46,20.20417788859786,0.28031432699884795,0.029673900179835927,0.029428571428571432,-0.009042857142857142,-5.2827265685515134e-05,0.00016021172217918928
0.35,0.6,8.0,0.31,0.46,20.20417788859786,0.28031432699884795,0.029673900179835927,0.029428571428571432,-0.009042857142857142,-5.2827265685515134e-05,0.00016021172217918928
0.35,0.6,10.0,0.31,0.46,20.20417788859786,0.28031432699884795,0.029673900179835927,0.029428571428571432,-0.009042857142857142,-5.2827265685515134e-05,0.00016021172217918928
0.35,0.6,12.0,0.31,0.46,20.20417788859786,0.28031432699884795,0.029673900179835927,0.029428571428571432,-0.009042857142857142,-5.2827265685515134e-05,0.00016021172217918928
0.35,0.6,14.0,0.31,0.46,20.20417788859786,0.28031432699884795,0.029673900179835927,0.029428571428571432,-0.009042857142857142,-5.2827265685515134e-05,0.00016021172217918928
0.35,0.6,16.0,0.31,0.46,20.20417788859786,0.28031432699884795,0.029673900179835927,0.029428571428571432,-0.009042857142857142,-5.2827265685515134e-05,0.00016021172217918928
0.35,0.6,18.0,0.31,0.46,20.20417788859786,0.28031432699884795,0.029673900179835927,0.029428571428571432,-0.009042857142857142,-5.2827265685515134e-05,0.00016021172217918928
0.35,0.6,20.0,0.31,0.46,20.20417788859786,0.28031432699884795,0.029673900179835927,0.029428571428571432,-0.009042857142857142,-5.2827265685515134e-05,0.00016021172217918928
0.35,0.65,,0.31,0.46,20.20417788859786,0.28031432699884795,0.029673900179835927,0.029428571428571432,-0.009042857142857142,-5.2827265685515134e-05,0.00016021172217918928
0.35,0.65,2.0,0.31,0.46,20.20417788859786,0.28031432699884795,0.029673900179835927,0.029428571428571432,-0.009042857142857142,-5.2827265685515134e-05,0.00016021172217918928
0.35,0.65,4.0,0.31,0.46,20.20417788859786,0.28031432699884795,0.029673900179835927,0.029428571428571432,-0.009042857142857142,-5.2827265685515134e-05,0.00016021172217918928
0.35,0.65,6.0,0.31,0.46,20.20417788859786,0.28031432699884795,0.029673900179835927,0.029428571428571432,-0.009042857142857142,-5.2827265685515134e-05,0.00016021172217918928
0.35,0.65,8.0,0.31,0.46,20.20417788859786,0.28031432699884795,0.029673900179835927,0.029428571428571432,-0.009042857142857142,-5.2827265685515134e-05,0.00016021172217918928
0.35,0.65,10.0,0.31,0.46,20.20417788859786,0.28031432699884795,0.029673900179835927,0.029428571428571432,-0.009042857142857142,-5.2827265685515134e-05,0.00016021172217918928
0.35,0.65,12.0,0.31,0.46,20.20417788859786,0.28031432699884795,0.029673900179835927,0.029428571428571432,-0.009042857142857142,-5.2827265685515134e-05,0.00016021172217918928
0.35,0.65,14.0,0.31,0.46,20.20417788859786,0.28031432699884795,0.029673900179835927,0.029428571428571432,-0.009042857142857142,-5.2827265685515134e-05,0.00016021172217918928
0.35,0.65,16.0,0.31,0.46,20.20417788859786,0.28031432699884795,0.029673900179835927,0.029428571428571432,-0.009042857142857142,-5.2827265685515134e-05,0.00016021172217918928
0.35,0.65,18.0,0.31,0.46,20.20417788859786,0.28031432699884795,0.029673900179835927,0.029428571428571432,-0.009042857142857142,-5.2827265685515134e-05,0.00016021172217918928
0.35,0.65,20.0,0.31,0.46,20.20417788859786,0.28031432699884795,0.029673900179835927,0.029428571428571432,-0.009042857142857142,-5.2827265685515134e-05,0.00016021172217918928
0.35,0.7,,0.31,0.46,20.20417788859786,0.28031432699884795,0.029673900179835927,0.029428571428571432,-0.009042857142857142,-5.2827265685515134e-05,0.00016021172217918928
0.35,0.7,2.0,0.31,0.46,20.20417788859786,0.28031432699884795,0.029673900179835927,0.029428571428571432,-0.009042857142857142,-5.2827265685515134e-05,0.00016021172217918928
0.35,0.7,4.0,0.31,0.46,20.20417788859786,0.28031432699884795,0.029673900179835927,0.029428571428571432,-0.009042857142857142,-5.2827265685515134e-05,0.00016021172217918928
0.35,0.7,6.0,0.31,0.46,20.20417788859786,0.28031432699884795,0.029673900179835927,0.029428571428571432,-0.009042857142857142,-5.2827265685515134e-05,0.00016021172217918928
0.35,0.7,8.0,0.31,0.46,20.20417788859786,0.28031432699884795,0.029673900179835927,0.029428571428571432,-0.009042857142857142,-5.2827265685515134e-05,0.00016021172217918928
0.35,0.7,10.0,0.31,0.46,20.20417788859786,0.28031432699884795,0.029673900179835927,0.029428571428571432,-0.009042857142857142,-5.2827265685515134e-05,0.00016021172217918928
0.35,0.7,12.0,0.31,0.46,20.20417788859786,0.28031432699884795,0.029673900179835927,0.029428571428571432,-0.009042857142857142,-5.2827265685515134e-05,0.00016021172217918928
0.35,0.7,14.0,0.31,0.46,20.20417788859786,0.28031432699884795,0.029673900179835927,0.029428571428571432,-0.009042857142857142,-5.2827265685515134e-05,0.00016021172217918928
0.35,0.7,16.0,0.31,0.46,20.20417788859786,0.28031432699884795,0.029673900179835927,0.029428571428571432,-0.009042857142857142,-5.2827265685515134e-05,0.00016021172217918928
0.35,0.7,18.0,0.31,0.46,20.20417788859786,0.28031432699884795,0.029673900179835927,0.029428571428571432,-0.009042857142857142,-5.2827265685515134e-05,0.00016021172217918928
0.35,0.7,20.0,0.31,0.46,20.20417788859786,0.28031432699884795,0.029673900179835927,0.029428571428571432,-0.009042857142857142,-5.2827265685515134e-05,0.00016021172217918928
0.35,0.75,,0.31,0.46,20.20417788859786,0.28031432699884795,0.029673900179835927,0.029428571428571432,-0.009042857142857142,-5.2827265685515134e-05,0.00016021172217918928
0.35,0.75,2.0,0.31,0.46,20.20417788859786,0.28031432699884795,0.029673900179835927,0.029428571428571432,-0.009042857142857142,-5.2827265685515134e-05,0.00016021172217918928
0.35,0.75,4.0,0.31,0.46,20.20417788859786,0.28031432699884795,0.029673900179835927,0.029428571428571432,-0.009042857142857142,-5.2827265685515134e-05,0.00016021172217918928
0.35,0.75,6.0,0.31,0.46,20.20417788859786,0.28031432699884795,0.029673900179835927,0.029428571428571432,-0.009042857142857142,-5.2827265685515134e-05,0.00016021172217918928
0.35,0.75,8.0,0.31,0.46,20.20417788859786,0.28031432699884795,0.029673900179835927,0.029428571428571432,-0.009042857142857142,-5.2827265685515134e-05,0.00016021172217918928
0.35,0.75,10.0,0.31,0.46,20.20417788859786,0.28031432699884795,0.029673900179835927,0.029428571428571432,-0.009042857142857142,-5.2827265685515134e-05,0.00016021172217918928
0.35,0.75,12.0,0.31,0.46,20.20417788859786,0.28031432699884795,0.029673900179835927,0.029428571428571432,-0.009042857142857142,-5.2827265685515134e-05,0.00016021172217918928
0.35,0.75,14.0,0.31,0.46,20.20417788859786,0.28031432699884795,0.029673900179835927,0.029428571428571432,-0.009042857142857142,-5.2827265685515134e-05,0.00016021172217918928
0.35,0.75,16.0,0.31,0.46,20.20417788859786,0.28031432699884795,0.029673900179835927,0.029428571428571432,-0.009042857142857142,-5.2827265685515134e-05,0.00016021172217918928
0.35,0.75,18.0,0.31,0.46,20.20417788859786,0.28031432699884795,0.029673900179835927,0.029428571428571432,-0.009042857142857142,-5.2827265685515134e-05,0.00016021172217918928
0.35,0.75,20.0,0.31,0.46,20.20417788859786,0.28031432699884795,0.029673900179835927,0.029428571428571432,-0.009042857142857142,-5.2827265685515134e-05,0.00016021172217918928
0.35,0.8,,0.31,0.46,20.20417788859786,0.28031432699884795,0.029673900179835927,0.029428571428571432,-0.009042857142857142,-5.2827265685515134e-05,0.00016021172217918928
0.35,0.8,2.0,0.31,0.46,20.20417788859786,0.28031432699884795,0.029673900179835927,0.029428571428571432,-0.009042857142857142,-5.2827265685515134e-05,0.00016021172217918928
0.35,0.8,4.0,0.31,0.46,20.20417788859786,0.28031432699884795,0.029673900179835927,0.029428571428571432,-0.009042857142857142,-5.2827265685515134e-05,0.00016021172217918928
0.35,0.8,6.0,0.31,0.46,20.20417788859786,0.28031432699884795,0.029673900179835927,0.029428571428571432,-0.009042857142857142,-5.2827265685515134e-05,0.00016021172217918928
0.35,0.8,8.0,0.31,0.46,20.20417788859786,0.28031432699884795,0.029673900179835927,0.029428571428571432,-0.009042857142857142,-5.2827265685515134e-05,0.00016021172217918928
0.35,0.8,10.0,0.31,0.46,20.20417788859786,0.28031432699884795,0.029673900179835927,0.029428571428571432,-0.009042857142857142,-5.2827265685515134e-05,0.00016021172217918928
0.35,0.8,12.0,0.31,0.46,20.20417788859786,0.28031432699884795,0.029673900179835927,0.029428571428571432,-0.009042857142857142,-5.2827265685515134e-05,0.00016021172217918928
0.35,0.8,14.0,0.31,0.46,20.20417788859786,0.28031432699884795,0.029673900179835927,0.029428571428571432,-0.009042857142857142,-5.2827265685515134e-05,0.00016021172217918928
0.35,0.8,16.0,0.31,0.46,20.20417788859786,0.28031432699884795,0.029673900179835927,0.029428571428571432,-0.009042857142857142,-5.2827265685515134e-05,0.00016021172217918928
0.35,0.8,18.0,0.31,0.46,20.20417788859786,0.28031432699884795,0.029673900179835927,0.029428571428571432,-0.009042857142857142,-5.2827265685515134e-05,0.00016021172217918928
0.35,0.8,20.0,0.31,0.46,20.20417788859786,0.28031432699884795,0.029673900179835927,0.029428571428571432,-0.009042857142857142,-5.2827265685515134e-05,0.00016021172217918928
0.35,0.85,,0.31,0.46,20.20417788859786,0.28031432699884795,0.029673900179835927,0.029428571428571432,-0.009042857142857142,-5.2827265685515134e-05,0.00016021172217918928
0.35,0.85,2.0,0.31,0.46,20.20417788859786,0.28031432699884795,0.029673900179835927,0.029428571428571432,-0.009042857142857142,-5.2827265685515134e-05,0.00016021172217918928
0.35,0.85,4.0,0.31,0.46,20.20417788859786,0.28031432699884795,0.029673900179835927,0.029428571428571432,-0.009042857142857142,-5.2827265685515134e-05,0.00016021172217918928
0.35,0.85,6.0,0.31,0.46,20.20417788859786,0.28031432699884795,0.029673900179835927,0.029428571428571432,-0.009042857142857142,-5.2827265685515134e-05,0.00016021172217918928
0.35,0.85,8.0,0.31,0.46,20.20417788859786,0.28031432699884795,0.029673900179835927,0.029428571428571432,-0.009042857142857142,-5.2827265685515134e-05,0.00016021172217918928
0.35,0.85,10.0,0.31,0.46,20.20417788859786,0.28031432699884795,0.029673900179835927,0.029428571428571432,-0.009042857142857142,-5.2827265685515134e-05,0.00016021172217918928
0.35,0.85,12.0,0.31,0.46,20.20417788859786,0.28031432699884795,0.029673900179835927,0.029428571428571432,-0.009042857142857142,-5.2827265685515134e-05,0.00016021172217918928
0.35,0.85,14.0,0.31,0.46,20.20417788859786,0.28031432699884795,0.029673900179835927,0.029428571428571432,-0.009042857142857142,-5.2827265685515134e-05,0.00016021172217918928
0.35,0.85,16.0,0.31,0.46,20.20417788859786,0.28031432699884795,0.029673900179835927,0.029428571428571432,-0.009042857142857142,-5.2827265685515134e-05,0.00016021172217918928
0.35,0.85,18.0,0.31,0.46,20.20417788859786,0.28031432699884795,0.029673900179835927,0.029428571428571432,-0.009042857142857142,-5.2827265685515134e-05,0.00016021172217918928
0.35,0.85,20.0,0.31,0.46,20.20417788859786,0.28031432699884795,0.029673900179835927,0.029428571428571432,-0.009042857142857142,-5.2827265685515134e-05,0.00016021172217918928
0.35,0.9,,0.31,0.46,20.20417788859786,0.28031432699884795,0.029673900179835927,0.029428571428571432,-0.009042857142857142,-5.2827265685515134e-05,0.00016021172217918928
0.35,0.9,2.0,0.31,0.46,20.20417788859786,0.28031432699884795,0.029673900179835927,0.029428571428571432,-0.009042857142857142,-5.2827265685515134e-05,0.00016021172217918928
0.35,0.9,4.0,0.31,0.46,20.20417788859786,0.28031432699884795,0.029673900179835927,0.029428571428571432,-0.009042857142857142,-5.2827265685515134e-05,0.00016021172217918928
0.35,0.9,6.0,0.31,0.46,20.20417788859786,0.28031432699884795,0.029673900179835927,0.029428571428571432,-0.009042857142857142,-5.2827265685515134e-05,0.00016021172217918928
0.35,0.9,8.0,0.31,0.46,20.20417788859786,0.28031432699884795,0.029673900179835927,0.029428571428571432,-0.009042857142857142,-5.2827265685515134e-05,0.00016021172217918928
0.35,0.9,10.0,0.31,0.46,20.20417788859786,0.28031432699884795,0.029673900179835927,0.029428571428571432,-0.009042857142857142,-5.2827265685515134e-05,0.00016021172217918928
0.35,0.9,12.0,0.31,0.46,20.20417788859786,0.28031432699884795,0.029673900179835927,0.029428571428571432,-0.009042857142857142,-5.2827265685515134e-05,0.00016021172217918928
0.35,0.9,14.0,0.31,0.46,20.20417788859786,0.28031432699884795,0.029673900179835927,0.029428571428571432,-0.009042857142857142,-5.2827265685515134e-05,0.00016021172217918928
0.35,0.9,16.0,0.31,0.46,20.20417788859786,0.28031432699884795,0.029673900179835927,0.029428571428571432,-0.009042857142857142,-5.2827265685515134e-05,0.00016021172217918928
0.35,0.9,18.0,0.31,0.46,20.20417788859786,0.28031432699884795,0.029673900179835927,0.029428571428571432,-0.009042857142857142,-5.2827265685515134e-05,0.00016021172217918928
0.35,0.9,20.0,0.31,0.46,20.20417788859786,0.28031432699884795,0.029673900179835927,0.029428571428571432,-0.009042857142857142,-5.2827265685515134e-05,0.00016021172217918928
0.35,0.95,,0.31,0.46,20.20417788859786,0.28031432699884795,0.029673900179835927,0.029428571428571432,-0.009042857142857142,-5.2827265685515134e-05,0.00016021172217918928
0.35,0.95,2.0,0.31,0.46,20.20417788859786,0.28031432699884795,0.029673900179835927,0.029428571428571432,-0.009042857142857142,-5.2827265685515134e-05,0.00016021172217918928
0.35,0.95,4.0,0.31,0.46,20.20417788859786,0.28031432699884795,0.029673900179835927,0.029428571428571432,-0.009042857142857142,-5.2827265685515134e-05,0.00016021172217918928
0.35,0.95,6.0,0.31,0.46,20.20417788859786,0.28031432699884795,0.029673900179835927,0.029428571428571432,-0.009042857142857142,-5.2827265685515134e-05,0.00016021172217918928
0.35,0.95,8.0,0.31,0.46,20.20417788859786,0.28031432699884795,0.029673900179835927,0.029428571428571432,-0.009042857142857142,-5.2827265685515134e-05,0.00016021172217918928
0.35,0.95,10.0,0.31,0.46,20.20417788859786,0.28031432699884795,0.029673900179835927,0.029428571428571432,-0.009042857142857142,-5.2827265685515134e-05,0.00016021172217918928
0.35,0.95,12.0,0.31,0.46,20.20417788859786,0.28031432699884795,0.029673900179835927,0.029428571428571432,-0.009042857142857142,-5.2827265685515134e-05,0.00016021172217918928
0.35,0.95,14.0,0.31,0.46,20.20417788859786,0.28031432699884795,0.029673900179835927,0.029428571428571432,-0.009042857142857142,-5.2827265685515134e-05,0.00016021172217918928
0.35,0.95,16.0,0.31,0.46,20.20417788859786,0.28031432699884795,0.029673900179835927,0.029428571428571432,-0.009042857142857142,-5.2827265685515134e-05,0.00016021172217918928
0.35,0.95,18.0,0.31,0.46,20.20417788859786,0.28031432699884795,0.029673900179835927,0.029428571428571432,-0.009042857142857142,-5.2827265685515134e-05,0.00016021172217918928
0.35,0.95,20.0,0.31,0.46,20.20417788859786,0.28031432699884795,0.029673900179835927,0.029428571428571432,-0.009042857142857142,-5.2827265685515134e-05,0.00016021172217918928
0.35,1.0,,0.31,0.46,20.20417788859786,0.28031432699884795,0.029673900179835927,0.029428571428571432,-0.009042857142857142,-5.2827265685515134e-05,0.00016021172217918928
0.35,1.0,2.0,0.31,0.46,20.20417788859786,0.28031432699884795,0.029673900179835927,0.029428571428571432,-0.009042857142857142,-5.2827265685515134e-05,0.00016021172217918928
0.35,1.0,4.0,0.31,0.46,20.20417788859786,0.28031432699884795,0.029673900179835927,0.029428571428571432,-0.009042857142857142,-5.2827265685515134e-05,0.00016021172217918928
0.35,1.0,6.0,0.31,0.46,20.20417788859786,0.28031432699884795,0.029673900179835927,0.029428571428571432,-0.009042857142857142,-5.2827265685515134e-05,0.00016021172217918928
0.35,1.0,8.0,0.31,0.46,20.20417788859786,0.28031432699884795,0.029673900179835927,0.029428571428571432,-0.009042857142857142,-5.2827265685515134e-05,0.00016021172217918928
0.35,1.0,10.0,0.31,0.46,20.20417788859786,0.28031432699884795,0.029673900179835927,0.029428571428571432,-0.009042857142857142,-5.2827265685515134e-05,0.00016021172217918928
0.35,1.0,12.0,0.31,0.46,20.20417788859786,0.28031432699884795,0.029673900179835927,0.029428571428571432,-0.009042857142857142,-5.2827265685515134e-05,0.00016021172217918928
0.35,1.0,14.0,0.31,0.46,20.20417788859786,0.28031432699884795,0.029673900179835927,0.029428571428571432,-0.009042857142857142,-5.2827265685515134e-05,0.00016021172217918928
0.35,1.0,16.0,0.31,0.46,20.20417788859786,0.28031432699884795,0.029673900179835927,0.029428571428571432,-0.009042857142857142,-5.2827265685515134e-05,0.00016021172217918928
0.35,1.0,18.0,0.31,0.46,20.20417788859786,0.28031432699884795,0.029673900179835927,0.029428571428571432,-0.009042857142857142,-5.2827265685515134e-05,0.00016021172217918928
0.35,1.0,20.0,0.31,0.46,20.20417788859786,0.28031432699884795,0.029673900179835927,0.029428571428571432,-0.009042857142857142,-5.2827265685515134e-05,0.00016021172217918928
0.4,0.1,,0.31,0.45,20.45921287142934,0.36904265551980675,0.029620463505811,0.029959999999999997,-0.00658,-3.4845360824742293e-05,0.0001301030927835052
0.4,0.1,2.0,0.31,0.45,20.45921287142934,0.36904265551980675,0.029620463505811,0.029959999999999997,-0.00658,-3.4845360824742293e-05,0.0001301030927835052
0.4,0.1,4.0,0.31,0.45,20.45921287142934,0.36904265551980675,0.029620463505811,0.029959999999999997,-0.00658,-3.4845360824742293e-05,0.0001301030927835052
0.4,0.1,6.0,0.31,0.45,20.45921287142934,0.36904265551980675,0.029620463505811,0.029959999999999997,-0.00658,-3.4845360824742293e-05,0.0001301030927835052
0.4,0.1,8.0,0.31,0.45,20.45921287142934,0.36904265551980675,0.029620463505811,0.029959999999999997,-0.00658,-3.4845360824742293e-05,0.0001301030927835052
0.4,0.1,10.0,0.31,0.45,20.45921287142934,0.36904265551980675,0.029620463505811,0.029959999999999997,-0.00658,-3.4845360824742293e-05,0.0001301030927835052
0.4,0.1,12.0,0.31,0.45,20.45921287142934,0.36904265551980675,0.029620463505811,0.029959999999999997,-0.00658,-3.4845360824742293e-05,0.0001301030927835052
0.4,0.1,14.0,0.31,0.45,20.45921287142934,0.36904265551980675,0.029620463505811,0.029959999999999997,-0.00658,-3.4845360824742293e-05,0.0001301030927835052
0.4,0.1,16.0,0.31,0.45,20.45921287142934,0.36904265551980675,0.029620463505811,0.029959999999999997,-0.00658,-3.4845360824742293e-05,0.0001301030927835052
0.4,0.1,18.0,0.31,0.45,20.45921287142934,0.36904265551980675,0.029620463505811,0.029959999999999997,-0.00658,-3.4845360824742293e-05,0.0001301030927835052
0.4,0.1,20.0,0.31,0.45,20.45921287142934,0.36904265551980675,0.029620463505811,0.029959999999999997,-0.00658,-3.4845360824742293e-05,0.0001301030927835052
0.4,0.15,,0.31,0.45,20.45921287142934,0.36904265551980675,0.029620463505811,0.029959999999999997,-0.00658,-3.4845360824742293e-05,0.0001301030927835052
0.4,0.15,2.0,0.31,0.45,20.45921287142934,0.36904265551980675,0.029620463505811,0.029959999999999997,-0.00658,-3.4845360824742293e-05,0.0001301030927835052
0.4,0.15,4.0,0.31,0.45,20.45921287142934,0.36904265551980675,0.029620463505811,0.029959999999999997,-0.00658,-3.4845360824742293e-05,0.0001301030927835052
0.4,0.15,6.0,0.31,0.45,20.45921287142934,0.36904265551980675,0.029620463505811,0.029959999999999997,-0.00658,-3.4845360824742293e-05,0.0001301030927835052
0.4,0.15,8.0,0.31,0.45,20.45921287142934,0.36904265551980675,0.029620463505811,0.029959999999999997,-0.00658,-3.4845360824742293e-05,0.0001301030927835052
0.4,0.15,10.0,0.31,0.45,20.45921287142934,0.36904265551980675,0.029620463505811,0.029959999999999997,-0.00658,-3.4845360824742293e-05,0.0001301030927835052
0.4,0.15,12.0,0.31,0.45,20.45921287142934,0.36904265551980675,0.029620463505811,0.029959999999999997,-0.00658,-3.4845360824742293e-05,0.0001301030927835052
0.4,0.15,14.0,0.31,0.45,20.45921287142934,0.36904265551980675,0.029620463505811,0.029959999999999997,-0.00658,-3.4845360824742293e-05,0.0001301030927835052
0.4,0.15,16.0,0.31,0.45,20.45921287142934,0.36904265551980675,0.029620463505811,0.029959999999999997,-0.00658,-3.4845360824742293e-05,0.0001301030927835052
0.4,0.15,18.0,0.31,0.45,20.45921287142934,0.36904265551980675,0.029620463505811,0.029959999999999997,-0.00658,-3.4845360824742293e-05,0.0001301030927835052
0.4,0.15,20.0,0.31,0.45,20.45921287142934,0.36904265551980675,0.029620463505811,0.029959999999999997,-0.00658,-3.4845360824742293e-05,0.0001301030927835052
0.4,0.2,,0.31,0.45,20.45921287142934,0.36904265551980675,0.029620463505811,0.029959999999999997,-0.00658,-3.4845360824742293e-05,0.0001301030927835052
0.4,0.2,2.0,0.31,0.45,20.45921287142934,0.36904265551980675,0.029620463505811,0.029959999999999997,-0.00658,-3.4845360824742293e-05,0.0001301030927835052
0.4,0.2,4.0,0.31,0.45,20.45921287142934,0.36904265551980675,0.029620463505811,0.029959999999999997,-0.00658,-3.4845360824742293e-05,0.0001301030927835052
0.4,0.2,6.0,0.31,0.45,20.45921287142934,0.36904265551980675,0.029620463505811,0.029959999999999997,-0.00658,-3.4845360824742293e-05,0.0001301030927835052
0.4,0.2,8.0,0.31,0.45,20.45921287142934,0.36904265551980675,0.029620463505811,0.029959999999999997,-0.00658,-3.4845360824742293e-05,0.0001301030927835052
0.4,0.2,10.0,0.31,0.45,20.45921287142934,0.36904265551980675,0.029620463505811,0.029959999999999997,-0.00658,-3.4845360824742293e-05,0.0001301030927835052
0.4,0.2,12.0,0.31,0.45,20.45921287142934,0.36904265551980675,0.029620463505811,0.029959999999999997,-0.00658,-3.4845360824742293e-05,0.0001301030927835052
0.4,0.2,14.0,0.31,0.45,20.45921287142934,0.36904265551980675,0.029620463505811,0.029959999999999997,-0.00658,-3.4845360824742293e-05,0.0001301030927835052
0.4,0.2,16.0,0.31,0.45,20.45921287142934,0.36904265551980675,0.029620463505811,0.029959999999999997,-0.00658,-3.4845360824742293e-05,0.0001301030927835052
0.4,0.2,18.0,0.31,0.45,20.45921287142934,0.36904265551980675,0.029620463505811,0.029959999999999997,-0.00658,-3.4845360824742293e-05,0.0001301030927835052
0.4,0.2,20.0,0.31,0.45,20.45921287142934,0.36904265551980675,0.029620463505811,0.029959999999999997,-0.00658,-3.4845360824742293e-05,0.0001301030927835052
0.4,0.25,,0.31,0.45,20.45921287142934,0.36904265551980675,0.029620463505811,0.029959999999999997,-0.00658,-3.4845360824742293e-05,0.0001301030927835052
0.4,0.25,2.0,0.31,0.45,20.45921287142934,0.36904265551980675,0.029620463505811,0.029959999999999997,-0.00658,-3.4845360824742293e-05,0.0001301030927835052
0.4,0.25,4.0,0.31,0.45,20.45921287142934,0.36904265551980675,0.029620463505811,0.029959999999999997,-0.00658,-3.4845360824742293e-05,0.0001301030927835052
0.4,0.25,6.0,0.31,0.45,20.45921287142934,0.36904265551980675,0.029620463505811,0.029959999999999997,-0.00658,-3.4845360824742293e-05,0.0001301030927835052
0.4,0.25,8.0,0.31,0.45,20.45921287142934,0.36904265551980675,0.029620463505811,0.029959999999999997,-0.00658,-3.4845360824742293e-05,0.0001301030927835052
0.4,0.25,10.0,0.31,0.45,20.45921287142934,0.36904265551980675,0.029620463505811,0.029959999999999997,-0.00658,-3.4845360824742293e-05,0.0001301030927835052
0.4,0.25,12.0,0.31,0.45,20.45921287142934,0.36904265551980675,0.029620463505811,0.029959999999999997,-0.00658,-3.4845360824742293e-05,0.0001301030927835052
0.4,0.25,14.0,0.31,0.45,20.45921287142934,0.36904265551980675,0.029620463505811,0.029959999999999997,-0.00658,-3.4845360824742293e-05,0.0001301030927835052
0.4,0.25,16.0,0.31,0.45,20.45921287142934,0.36904265551980675,0.029620463505811,0.029959999999999997,-0.00658,-3.4845360824742293e-05,0.0001301030927835052
0.4,0.25,18.0,0.31,0.45,20.45921287142934,0.36904265551980675,0.029620463505811,0.029959999999999997,-0.00658,-3.4845360824742293e-05,0.0001301030927835052
0.4,0.25,20.0,0.31,0.45,20.45921287142934,0.36904265551980675,0.029620463505811,0.029959999999999997,-0.00658,-3.4845360824742293e-05,0.0001301030927835052
0.4,0.3,,0.31,0.45,20.45921287142934,0.36904265551980675,0.029620463505811,0.029959999999999997,-0.00658,-3.4845360824742293e-05,0.0001301030927835052
0.4,0.3,2.0,0.31,0.45,20.45921287142934,0.36904265551980675,0.029620463505811,0.029959999999999997,-0.00658,-3.4845360824742293e-05,0.0001301030927835052
0.4,0.3,4.0,0.31,0.45,20.45921287142934,0.36904265551980675,0.029620463505811,0.029959999999999997,-0.00658,-3.4845360824742293e-05,0.0001301030927835052
0.4,0.3,6.0,0.31,0.45,20.45921287142934,0.36904265551980675,0.029620463505811,0.029959999999999997,-0.00658,-3.4845360824742293e-05,0.0001301030927835052
0.4,0.3,8.0,0.31,0.45,20.45921287142934,0.36904265551980675,0.029620463505811,0.029959999999999997,-0.00658,-3.4845360824742293e-05,0.0001301030927835052
0.4,0.3,10.0,0.31,0.45,20.45921287142934,0.36904265551980675,0.029620463505811,0.029959999999999997,-0.00658,-3.4845360824742293e-05,0.0001301030927835052
0.4,0.3,12.0,0.31,0.45,20.45921287142934,0.36904265551980675,0.029620463505811,0.029959999999999997,-0.00658,-3.4845360824742293e-05,0.0001301030927835052
0.4,0.3,14.0,0.31,0.45,20.45921287142934,0.36904265551980675,0.029620463505811,0.029959999999999997,-0.00658,-3.4845360824742293e-05,0.0001301030927835052
0.4,0.3,16.0,0.31,0.45,20.45921287142934,0.36904265551980675,0.029620463505811,0.029959999999999997,-0.00658,-3.4845360824742293e-05,0.0001301030927835052
0.4,0.3,18.0,0.31,0.45,20.45921287142934,0.36904265551980675,0.029620463505811,0.029959999999999997,-0.00658,-3.4845360824742293e-05,0.0001301030927835052
0.4,0.3,20.0,0.31,0.45,20.45921287142934,0.36904265551980675,0.029620463505811,0.029959999999999997,-0.00658,-3.4845360824742293e-05,0.0001301030927835052
0.4,0.35,,0.31,0.45,20.45921287142934,0.36904265551980675,0.029620463505811,0.029959999999999997,-0.00658,-3.4845360824742293e-05,0.0001301030927835052
0.4,0.35,2.0,0.31,0.45,20.45921287142934,0.36904265551980675,0.029620463505811,0.029959999999999997,-0.00658,-3.4845360824742293e-05,0.0001301030927835052
0.4,0.35,4.0,0.31,0.45,20.45921287142934,0.36904265551980675,0.029620463505811,0.029959999999999997,-0.00658,-3.4845360824742293e-05,0.0001301030927835052
0.4,0.35,6.0,0.31,0.45,20.45921287142934,0.36904265551980675,0.029620463505811,0.029959999999999997,-0.00658,-3.4845360824742293e-05,0.0001301030927835052
0.4,0.35,8.0,0.31,0.45,20.45921287142934,0.36904265551980675,0.029620463505811,0.029959999999999997,-0.00658,-3.4845360824742293e-05,0.0001301030927835052
0.4,0.35,10.0,0.31,0.45,20.45921287142934,0.36904265551980675,0.029620463505811,0.029959999999999997,-0.00658,-3.4845360824742293e-05,0.0001301030927835052
0.4,0.35,12.0,0.31,0.45,20.45921287142934,0.36904265551980675,0.029620463505811,0.029959999999999997,-0.00658,-3.4845360824742293e-05,0.0001301030927835052
0.4,0.35,14.0,0.31,0.45,20.45921287142934,0.36904265551980675,0.029620463505811,0.029959999999999997,-0.00658,-3.4845360824742293e-05,0.0001301030927835052
0.4,0.35,16.0,0.31,0.45,20.45921287142934,0.36904265551980675,0.029620463505811,0.029959999999999997,-0.00658,-3.4845360824742293e-05,0.0001301030927835052
0.4,0.35,18.0,0.31,0.45,20.45921287142934,0.36904265551980675,0.029620463505811,0.029959999999999997,-0.00658,-3.4845360824742293e-05,0.0001301030927835052
0.4,0.35,20.0,0.31,0.45,20.45921287142934,0.36904265551980675,0.029620463505811,0.029959999999999997,-0.00658,-3.4845360824742293e-05,0.0001301030927835052
0.4,0.4,,0.31,0.45,20.45921287142934,0.36904265551980675,0.029620463505811,0.029959999999999997,-0.00658,-3.4845360824742293e-05,0.0001301030927835052
0.4,0.4,2.0,0.31,0.45,20.45921287142934,0.36904265551980675,0.029620463505811,0.029959999999999997,-0.00658,-3.4845360824742293e-05,0.0001301030927835052
0.4,0.4,4.0,0.31,0.45,20.45921287142934,0.36904265551980675,0.029620463505811,0.029959999999999997,-0.00658,-3.4845360824742293e-05,0.0001301030927835052
0.4,0.4,6.0,0.31,0.45,20.45921287142934,0.36904265551980675,0.029620463505811,0.029959999999999997,-0.00658,-3.4845360824742293e-05,0.0001301030927835052
0.4,0.4,8.0,0.31,0.45,20.45921287142934,0.36904265551980675,0.029620463505811,0.029959999999999997,-0.00658,-3.4845360824742293e-05,0.0001301030927835052
0.4,0.4,10.0,0.31,0.45,20.45921287142934,0.36904265551980675,0.029620463505811,0.029959999999999997,-0.00658,-3.4845360824742293e-05,0.0001301030927835052
0.4,0.4,12.0,0.31,0.45,20.45921287142934,0.36904265551980675,0.029620463505811,0.029959999999999997,-0.00658,-3.4845360824742293e-05,0.0001301030927835052
0.4,0.4,14.0,0.31,0.45,20.45921287142934,0.36904265551980675,0.029620463505811,0.029959999999999997,-0.00658,-3.4845360824742293e-05,0.0001301030927835052
0.4,0.4,16.0,0.31,0.45,20.45921287142934,0.36904265551980675,0.029620463505811,0.029959999999999997,-0.00658,-3.4845360824742293e-05,0.0001301030927835052
0.4,0.4,18.0,0.31,0.45,20.45921287142934,0.36904265551980675,0.029620463505811,0.029959999999999997,-0.00658,-3.4845360824742293e-05,0.0001301030927835052
0.4,0.4,20.0,0.31,0.45,20.45921287142934,0.36904265551980675,0.029620463505811,0.029959999999999997,-0.00658,-3.4845360824742293e-05,0.0001301030927835052
0.4,0.45,,0.31,0.45,20.45921287142934,0.36904265551980675,0.029620463505811,0.029959999999999997,-0.00658,-3.4845360824742293e-05,0.0001301030927835052
0.4,0.45,2.0,0.31,0.45,20.45921287142934,0.36904265551980675,0.029620463505811,0.029959999999999997,-0.00658,-3.4845360824742293e-05,0.0001301030927835052
0.4,0.45,4.0,0.31,0.45,20.45921287142934,0.36904265551980675,0.029620463505811,0.029959999999999997,-0.00658,-3.4845360824742293e-05,0.0001301030927835052
0.4,0.45,6.0,0.31,0.45,20.45921287142934,0.36904265551980675,0.029620463505811,0.029959999999999997,-0.00658,-3.4845360824742293e-05,0.0001301030927835052
0.4,0.45,8.0,0.31,0.45,20.45921287142934,0.36904265551980675,0.029620463505811,0.029959999999999997,-0.00658,-3.4845360824742293e-05,0.0001301030927835052
0.4,0.45,10.0,0.31,0.45,20.45921287142934,0.36904265551980675,0.029620463505811,0.029959999999999997,-0.00658,-3.4845360824742293e-05,0.0001301030927835052
0.4,0.45,12.0,0.31,0.45,20.45921287142934,0.36904265551980675,0.029620463505811,0.029959999999999997,-0.00658,-3.4845360824742293e-05,0.0001301030927835052
0.4,0.45,14.0,0.31,0.45,20.45921287142934,0.36904265551980675,0.029620463505811,0.029959999999999997,-0.00658,-3.4845360824742293e-05,0.0001301030927835052
0.4,0.45,16.0,0.31,0.45,20.45921287142934,0.36904265551980675,0.029620463505811,0.029959999999999997,-0.00658,-3.4845360824742293e-05,0.0001301030927835052
0.4,0.45,18.0,0.31,0.45,20.45921287142934,0.36904265551980675,0.029620463505811,0.029959999999999997,-0.00658,-3.4845360824742293e-05,0.0001301030927835052
0.4,0.45,20.0,0.31,0.45,20.45921287142934,0.36904265551980675,0.029620463505811,0.029959999999999997,-0.00658,-3.4845360824742293e-05,0.0001301030927835052
0.4,0.5,,0.31,0.45,20.45921287142934,0.36904265551980675,0.029620463505811,0.029959999999999997,-0.00658,-3.4845360824742293e-05,0.0001301030927835052
0.4,0.5,2.0,0.31,0.45,20.45921287142934,0.36904265551980675,0.029620463505811,0.029959999999999997,-0.00658,-3.4845360824742293e-05,0.0001301030927835052
0.4,0.5,4.0,0.31,0.45,20.45921287142934,0.36904265551980675,0.029620463505811,0.029959999999999997,-0.00658,-3.4845360824742293e-05,0.0001301030927835052
0.4,0.5,6.0,0.31,0.45,20.45921287142934,0.36904265551980675,0.029620463505811,0.029959999999999997,-0.00658,-3.4845360824742293e-05,0.0001301030927835052
0.4,0.5,8.0,0.31,0.45,20.45921287142934,0.36904265551980675,0.029620463505811,0.029959999999999997,-0.00658,-3.4845360824742293e-05,0.0001301030927835052
0.4,0.5,10.0,0.31,0.45,20.45921287142934,0.36904265551980675,0.029620463505811,0.029959999999999997,-0.00658,-3.4845360824742293e-05,0.0001301030927835052
0.4,0.5,12.0,0.31,0.45,20.45921287142934,0.36904265551980675,0.029620463505811,0.029959999999999997,-0.00658,-3.4845360824742293e-05,0.0001301030927835052
0.4,0.5,14.0,0.31,0.45,20.45921287142934,0.36904265551980675,0.029620463505811,0.029959999999999997,-0.00658,-3.4845360824742293e-05,0.0001301030927835052
0.4,0.5,16.0,0.31,0.45,20.45921287142934,0.36904265551980675,0.029620463505811,0.029959999999999997,-0.00658,-3.4845360824742293e-05,0.0001301030927835052
0.4,0.5,18.0,0.31,0.45,20.45921287142934,0.36904265551980675,0.029620463505811,0.029959999999999997,-0.00658,-3.4845360824742293e-05,0.0001301030927835052
0.4,0.5,20.0,0.31,0.45,20.45921287142934,0.36904265551980675,0.029620463505811,0.029959999999999997,-0.00658,-3.4845360824742293e-05,0.0001301030927835052
0.4,0.55,,0.31,0.45,20.45921287142934,0.36904265551980675,0.029620463505811,0.029959999999999997,-0.00658,-3.4845360824742293e-05,0.0001301030927835052
0.4,0.55,2.0,0.31,0.45,20.45921287142934,0.36904265551980675,0.029620463505811,0.029959999999999997,-0.00658,-3.4845360824742293e-05,0.0001301030927835052
0.4,0.55,4.0,0.31,0.45,20.45921287142934,0.36904265551980675,0.029620463505811,0.029959999999999997,-0.00658,-3.4845360824742293e-05,0.0001301030927835052
0.4,0.55,6.0,0.31,0.45,20.45921287142934,0.36904265551980675,0.029620463505811,0.029959999999999997,-0.00658,-3.4845360824742293e-05,0.0001301030927835052
0.4,0.55,8.0,0.31,0.45,20.45921287142934,0.36904265551980675,0.029620463505811,0.029959999999999997,-0.00658,-3.4845360824742293e-05,0.0001301030927835052
0.4,0.55,10.0,0.31,0.45,20.45921287142934,0.36904265551980675,0.029620463505811,0.029959999999999997,-0.00658,-3.4845360824742293e-05,0.0001301030927835052
0.4,0.55,12.0,0.31,0.45,20.45921287142934,0.36904265551980675,0.029620463505811,0.029959999999999997,-0.00658,-3.4845360824742293e-05,0.0001301030927835052
0.4,0.55,14.0,0.31,0.45,20.45921287142934,0.36904265551980675,0.029620463505811,0.029959999999999997,-0.00658,-3.4845360824742293e-05,0.0001301030927835052
0.4,0.55,16.0,0.31,0.45,20.45921287142934,0.36904265551980675,0.029620463505811,0.029959999999999997,-0.00658,-3.4845360824742293e-05,0.0001301030927835052
0.4,0.55,18.0,0.31,0.45,20.45921287142934,0.36904265551980675,0.029620463505811,0.029959999999999997,-0.00658,-3.4845360824742293e-05,0.0001301030927835052
0.4,0.55,20.0,0.31,0.45,20.45921287142934,0.36904265551980675,0.029620463505811,0.029959999999999997,-0.00658,-3.4845360824742293e-05,0.0001301030927835052
0.4,0.6,,0.31,0.45,20.45921287142934,0.36904265551980675,0.029620463505811,0.029959999999999997,-0.00658,-3.4845360824742293e-05,0.0001301030927835052
0.4,0.6,2.0,0.31,0.45,20.45921287142934,0.36904265551980675,0.029620463505811,0.029959999999999997,-0.00658,-3.4845360824742293e-05,0.0001301030927835052
0.4,0.6,4.0,0.31,0.45,20.45921287142934,0.36904265551980675,0.029620463505811,0.029959999999999997,-0.00658,-3.4845360824742293e-05,0.0001301030927835052
0.4,0.6,6.0,0.31,0.45,20.45921287142934,0.36904265551980675,0.029620463505811,0.029959999999999997,-0.00658,-3.4845360824742293e-05,0.0001301030927835052
0.4,0.6,8.0,0.31,0.45,20.45921287142934,0.36904265551980675,0.029620463505811,0.029959999999999997,-0.00658,-3.4845360824742293e-05,0.0001301030927835052
0.4,0.6,10.0,0.31,0.45,20.45921287142934,0.36904265551980675,0.029620463505811,0.029959999999999997,-0.00658,-3.4845360824742293e-05,0.0001301030927835052
0.4,0.6,12.0,0.31,0.45,20.45921287142934,0.36904265551980675,0.029620463505811,0.029959999999999997,-0.00658,-3.4845360824742293e-05,0.0001301030927835052
0.4,0.6,14.0,0.31,0.45,20.45921287142934,0.36904265551980675,0.029620463505811,0.029959999999999997,-0.00658,-3.4845360824742293e-05,0.0001301030927835052
0.4,0.6,16.0,0.31,0.45,20.45921287142934,0.36904265551980675,0.029620463505811,0.029959999999999997,-0.00658,-3.4845360824742293e-05,0.0001301030927835052
0.4,0.6,18.0,0.31,0.45,20.45921287142934,0.36904265551980675,0.029620463505811,0.029959999999999997,-0.00658,-3.4845360824742293e-05,0.0001301030927835052
0.4,0.6,20.0,0.31,0.45,20.45921287142934,0.36904265551980675,0.029620463505811,0.029959999999999997,-0.00658,-3.4845360824742293e-05,0.0001301030927835052
0.4,0.65,,0.31,0.45,20.45921287142934,0.36904265551980675,0.029620463505811,0.029959999999999997,-0.00658,-3.4845360824742293e-05,0.0001301030927835052
0.4,0.65,2.0,0.31,0.45,20.45921287142934,0.36904265551980675,0.029620463505811,0.029959999999999997,-0.00658,-3.4845360824742293e-05,0.0001301030927835052
0.4,0.65,4.0,0.31,0.45,20.45921287142934,0.36904265551980675,0.029620463505811,0.029959999999999997,-0.00658,-3.4845360824742293e-05,0.0001301030927835052
0.4,0.65,6.0,0.31,0.45,20.45921287142934,0.36904265551980675,0.029620463505811,0.029959999999999997,-0.00658,-3.4845360824742293e-05,0.0001301030927835052
0.4,0.65,8.0,0.31,0.45,20.45921287142934,0.36904265551980675,0.029620463505811,0.029959999999999997,-0.00658,-3.4845360824742293e-05,0.0001301030927835052
0.4,0.65,10.0,0.31,0.45,20.45921287142934,0.36904265551980675,0.029620463505811,0.029959999999999997,-0.00658,-3.4845360824742293e-05,0.0001301030927835052
0.4,0.65,12.0,0.31,0.45,20.45921287142934,0.36904265551980675,0.029620463505811,0.029959999999999997,-0.00658,-3.4845360824742293e-05,0.0001301030927835052
0.4,0.65,14.0,0.31,0.45,20.45921287142934,0.36904265551980675,0.029620463505811,0.029959999999999997,-0.00658,-3.4845360824742293e-05,0.0001301030927835052
0.4,0.65,16.0,0.31,0.45,20.45921287142934,0.36904265551980675,0.029620463505811,0.029959999999999997,-0.00658,-3.4845360824742293e-05,0.0001301030927835052
0.4,0.65,18.0,0.31,0.45,20.45921287142934,0.36904265551980675,0.029620463505811,0.029959999999999997,-0.00658,-3.4845360824742293e-05,0.0001301030927835052
0.4,0.65,20.0,0.31,0.45,20.45921287142934,0.36904265551980675,0.029620463505811,0.029959999999999997,-0.00658,-3.4845360824742293e-05,0.0001301030927835052
0.4,0.7,,0.31,0.45,20.45921287142934,0.36904265551980675,0.029620463505811,0.029959999999999997,-0.00658,-3.4845360824742293e-05,0.0001301030927835052
0.4,0.7,2.0,0.31,0.45,20.45921287142934,0.36904265551980675,0.029620463505811,0.029959999999999997,-0.00658,-3.4845360824742293e-05,0.0001301030927835052
0.4,0.7,4.0,0.31,0.45,20.45921287142934,0.36904265551980675,0.029620463505811,0.029959999999999997,-0.00658,-3.4845360824742293e-05,0.0001301030927835052
0.4,0.7,6.0,0.31,0.45,20.45921287142934,0.36904265551980675,0.029620463505811,0.029959999999999997,-0.00658,-3.4845360824742293e-05,0.0001301030927835052
0.4,0.7,8.0,0.31,0.45,20.45921287142934,0.36904265551980675,0.029620463505811,0.029959999999999997,-0.00658,-3.4845360824742293e-05,0.0001301030927835052
0.4,0.7,10.0,0.31,0.45,20.45921287142934,0.36904265551980675,0.029620463505811,0.029959999999999997,-0.00658,-3.4845360824742293e-05,0.0001301030927835052
0.4,0.7,12.0,0.31,0.45,20.45921287142934,0.36904265551980675,0.029620463505811,0.029959999999999997,-0.00658,-3.4845360824742293e-05,0.0001301030927835052
0.4,0.7,14.0,0.31,0.45,20.45921287142934,0.36904265551980675,0.029620463505811,0.029959999999999997,-0.00658,-3.4845360824742293e-05,0.0001301030927835052
0.4,0.7,16.0,0.31,0.45,20.45921287142934,0.36904265551980675,0.029620463505811,0.029959999999999997,-0.00658,-3.4845360824742293e-05,0.0001301030927835052
0.4,0.7,18.0,0.31,0.45,20.45921287142934,0.36904265551980675,0.029620463505811,0.029959999999999997,-0.00658,-3.4845360824742293e-05,0.0001301030927835052
0.4,0.7,20.0,0.31,0.45,20.45921287142934,0.36904265551980675,0.029620463505811,0.029959999999999997,-0.00658,-3.4845360824742293e-05,0.0001301030927835052
0.4,0.75,,0.31,0.45,20.45921287142934,0.36904265551980675,0.029620463505811,0.029959999999999997,-0.00658,-3.4845360824742293e-05,0.0001301030927835052
0.4,0.75,2.0,0.31,0.45,20.45921287142934,0.36904265551980675,0.029620463505811,0.029959999999999997,-0.00658,-3.4845360824742293e-05,0.0001301030927835052
0.4,0.75,4.0,0.31,0.45,20.45921287142934,0.36904265551980675,0.029620463505811,0.029959999999999997,-0.00658,-3.4845360824742293e-05,0.0001301030927835052
0.4,0.75,6.0,0.31,0.45,20.45921287142934,0.36904265551980675,0.029620463505811,0.029959999999999997,-0.00658,-3.4845360824742293e-05,0.0001301030927835052
0.4,0.75,8.0,0.31,0.45,20.45921287142934,0.36904265551980675,0.029620463505811,0.029959999999999997,-0.00658,-3.4845360824742293e-05,0.0001301030927835052
0.4,0.75,10.0,0.31,0.45,20.45921287142934,0.36904265551980675,0.029620463505811,0.029959999999999997,-0.00658,-3.4845360824742293e-05,0.0001301030927835052
0.4,0.75,12.0,0.31,0.45,20.45921287142934,0.36904265551980675,0.029620463505811,0.029959999999999997,-0.00658,-3.4845360824742293e-05,0.0001301030927835052
0.4,0.75,14.0,0.31,0.45,20.45921287142934,0.36904265551980675,0.029620463505811,0.029959999999999997,-0.00658,-3.4845360824742293e-05,0.0001301030927835052
0.4,0.75,16.0,0.31,0.45,20.45921287142934,0.36904265551980675,0.029620463505811,0.029959999999999997,-0.00658,-3.4845360824742293e-05,0.0001301030927835052
0.4,0.75,18.0,0.31,0.45,20.45921287142934,0.36904265551980675,0.029620463505811,0.029959999999999997,-0.00658,-3.4845360824742293e-05,0.0001301030927835052
0.4,0.75,20.0,0.31,0.45,20.45921287142934,0.36904265551980675,0.029620463505811,0.029959999999999997,-0.00658,-3.4845360824742293e-05,0.0001301030927835052
0.4,0.8,,0.31,0.45,20.45921287142934,0.36904265551980675,0.029620463505811,0.029959999999999997,-0.00658,-3.4845360824742293e-05,0.0001301030927835052
0.4,0.8,2.0,0.31,0.45,20.45921287142934,0.36904265551980675,0.029620463505811,0.029959999999999997,-0.00658,-3.4845360824742293e-05,0.0001301030927835052
0.4,0.8,4.0,0.31,0.45,20.45921287142934,0.36904265551980675,0.029620463505811,0.029959999999999997,-0.00658,-3.4845360824742293e-05,0.0001301030927835052
0.4,0.8,6.0,0.31,0.45,20.45921287142934,0.36904265551980675,0.029620463505811,0.029959999999999997,-0.00658,-3.4845360824742293e-05,0.0001301030927835052
0.4,0.8,8.0,0.31,0.45,20.45921287142934,0.36904265551980675,0.029620463505811,0.029959999999999997,-0.00658,-3.4845360824742293e-05,0.0001301030927835052
0.4,0.8,10.0,0.31,0.45,20.45921287142934,0.36904265551980675,0.029620463505811,0.029959999999999997,-0.00658,-3.4845360824742293e-05,0.0001301030927835052
0.4,0.8,12.0,0.31,0.45,20.45921287142934,0.36904265551980675,0.029620463505811,0.029959999999999997,-0.00658,-3.4845360824742293e-05,0.0001301030927835052
0.4,0.8,14.0,0.31,0.45,20.45921287142934,0.36904265551980675,0.029620463505811,0.029959999999999997,-0.00658,-3.4845360824742293e-05,0.0001301030927835052
0.4,0.8,16.0,0.31,0.45,20.45921287142934,0.36904265551980675,0.029620463505811,0.029959999999999997,-0.00658,-3.4845360824742293e-05,0.0001301030927835052
0.4,0.8,18.0,0.31,0.45,20.45921287142934,0.36904265551980675,0.029620463505811,0.029959999999999997,-0.00658,-3.4845360824742293e-05,0.0001301030927835052
0.4,0.8,20.0,0.31,0.45,20.45921287142934,0.36904265551980675,0.029620463505811,0.029959999999999997,-0.00658,-3.4845360824742293e-05,0.0001301030927835052
0.4,0.85,,0.31,0.45,20.45921287142934,0.36904265551980675,0.029620463505811,0.029959999999999997,-0.00658,-3.4845360824742293e-05,0.0001301030927835052
0.4,0.85,2.0,0.31,0.45,20.45921287142934,0.36904265551980675,0.029620463505811,0.029959999999999997,-0.00658,-3.4845360824742293e-05,0.0001301030927835052
0.4,0.85,4.0,0.31,0.45,20.45921287142934,0.36904265551980675,0.029620463505811,0.029959999999999997,-0.00658,-3.4845360824742293e-05,0.0001301030927835052
0.4,0.85,6.0,0.31,0.45,20.45921287142934,0.36904265551980675,0.029620463505811,0.029959999999999997,-0.00658,-3.4845360824742293e-05,0.0001301030927835052
0.4,0.85,8.0,0.31,0.45,20.45921287142934,0.36904265551980675,0.029620463505811,0.029959999999999997,-0.00658,-3.4845360824742293e-05,0.0001301030927835052
0.4,0.85,10.0,0.31,0.45,20.45921287142934,0.36904265551980675,0.029620463505811,0.029959999999999997,-0.00658,-3.4845360824742293e-05,0.0001301030927835052
0.4,0.85,12.0,0.31,0.45,20.45921287142934,0.36904265551980675,0.029620463505811,0.029959999999999997,-0.00658,-3.4845360824742293e-05,0.0001301030927835052
0.4,0.85,14.0,0.31,0.45,20.45921287142934,0.36904265551980675,0.029620463505811,0.029959999999999997,-0.00658,-3.4845360824742293e-05,0.0001301030927835052
0.4,0.85,16.0,0.31,0.45,20.45921287142934,0.36904265551980675,0.029620463505811,0.029959999999999997,-0.00658,-3.4845360824742293e-05,0.0001301030927835052
0.4,0.85,18.0,0.31,0.45,20.45921287142934,0.36904265551980675,0.029620463505811,0.029959999999999997,-0.00658,-3.4845360824742293e-05,0.0001301030927835052
0.4,0.85,20.0,0.31,0.45,20.45921287142934,0.36904265551980675,0.029620463505811,0.029959999999999997,-0.00658,-3.4845360824742293e-05,0.0001301030927835052
0.4,0.9,,0.31,0.45,20.45921287142934,0.36904265551980675,0.029620463505811,0.029959999999999997,-0.00658,-3.4845360824742293e-05,0.0001301030927835052
0.4,0.9,2.0,0.31,0.45,20.45921287142934,0.36904265551980675,0.029620463505811,0.029959999999999997,-0.00658,-3.4845360824742293e-05,0.0001301030927835052
0.4,0.9,4.0,0.31,0.45,20.45921287142934,0.36904265551980675,0.029620463505811,0.029959999999999997,-0.00658,-3.4845360824742293e-05,0.0001301030927835052
0.4,0.9,6.0,0.31,0.45,20.45921287142934,0.36904265551980675,0.029620463505811,0.029959999999999997,-0.00658,-3.4845360824742293e-05,0.0001301030927835052
0.4,0.9,8.0,0.31,0.45,20.45921287142934,0.36904265551980675,0.029620463505811,0.029959999999999997,-0.00658,-3.4845360824742293e-05,0.0001301030927835052
0.4,0.9,10.0,0.31,0.45,20.45921287142934,0.36904265551980675,0.029620463505811,0.029959999999999997,-0.00658,-3.4845360824742293e-05,0.0001301030927835052
0.4,0.9,12.0,0.31,0.45,20.45921287142934,0.36904265551980675,0.029620463505811,0.029959999999999997,-0.00658,-3.4845360824742293e-05,0.0001301030927835052
0.4,0.9,14.0,0.31,0.45,20.45921287142934,0.36904265551980675,0.029620463505811,0.029959999999999997,-0.00658,-3.4845360824742293e-05,0.0001301030927835052
0.4,0.9,16.0,0.31,0.45,20.45921287142934,0.36904265551980675,0.029620463505811,0.029959999999999997,-0.00658,-3.4845360824742293e-05,0.0001301030927835052
0.4,0.9,18.0,0.31,0.45,20.45921287142934,0.36904265551980675,0.029620463505811,0.029959999999999997,-0.00658,-3.4845360824742293e-05,0.0001301030927835052
0.4,0.9,20.0,0.31,0.45,20.45921287142934,0.36904265551980675,0.029620463505811,0.029959999999999997,-0.00658,-3.4845360824742293e-05,0.0001301030927835052
0.4,0.95,,0.31,0.45,20.45921287142934,0.36904265551980675,0.029620463505811,0.029959999999999997,-0.00658,-3.4845360824742293e-05,0.0001301030927835052
0.4,0.95,2.0,0.31,0.45,20.45921287142934,0.36904265551980675,0.029620463505811,0.029959999999999997,-0.00658,-3.4845360824742293e-05,0.0001301030927835052
0.4,0.95,4.0,0.31,0.45,20.45921287142934,0.36904265551980675,0.029620463505811,0.029959999999999997,-0.00658,-3.4845360824742293e-05,0.0001301030927835052
0.4,0.95,6.0,0.31,0.45,20.45921287142934,0.36904265551980675,0.029620463505811,0.029959999999999997,-0.00658,-3.4845360824742293e-05,0.0001301030927835052
0.4,0.95,8.0,0.31,0.45,20.45921287142934,0.36904265551980675,0.029620463505811,0.029959999999999997,-0.00658,-3.4845360824742293e-05,0.0001301030927835052
0.4,0.95,10.0,0.31,0.45,20.45921287142934,0.36904265551980675,0.029620463505811,0.029959999999999997,-0.00658,-3.4845360824742293e-05,0.0001301030927835052
0.4,0.95,12.0,0.31,0.45,20.45921287142934,0.36904265551980675,0.029620463505811,0.029959999999999997,-0.00658,-3.4845360824742293e-05,0.0001301030927835052
0.4,0.95,14.0,0.31,0.45,20.45921287142934,0.36904265551980675,0.029620463505811,0.029959999999999997,-0.00658,-3.4845360824742293e-05,0.0001301030927835052
0.4,0.95,16.0,0.31,0.45,20.45921287142934,0.36904265551980675,0.029620463505811,0.029959999999999997,-0.00658,-3.4845360824742293e-05,0.0001301030927835052
0.4,0.95,18.0,0.31,0.45,20.45921287142934,0.36904265551980675,0.029620463505811,0.029959999999999997,-0.00658,-3.4845360824742293e-05,0.0001301030927835052
0.4,0.95,20.0,0.31,0.45,20.45921287142934,0.36904265551980675,0.029620463505811,0.029959999999999997,-0.00658,-3.4845360824742293e-05,0.0001301030927835052
0.4,1.0,,0.31,0.45,20.45921287142934,0.36904265551980675,0.029620463505811,0.029959999999999997,-0.00658,-3.4845360824742293e-05,0.0001301030927835052
0.4,1.0,2.0,0.31,0.45,20.45921287142934,0.36904265551980675,0.029620463505811,0.029959999999999997,-0.00658,-3.4845360824742293e-05,0.0001301030927835052
0.4,1.0,4.0,0.31,0.45,20.45921287142934,0.36904265551980675,0.029620463505811,0.029959999999999997,-0.00658,-3.4845360824742293e-05,0.0001301030927835052
0.4,1.0,6.0,0.31,0.45,20.45921287142934,0.36904265551980675,0.029620463505811,0.029959999999999997,-0.00658,-3.4845360824742293e-05,0.0001301030927835052
0.4,1.0,8.0,0.31,0.45,20.45921287142934,0.36904265551980675,0.029620463505811,0.029959999999999997,-0.00658,-3.4845360824742293e-05,0.0001301030927835052
0.4,1.0,10.0,0.31,0.45,20.45921287142934,0.36904265551980675,0.029620463505811,0.029959999999999997,-0.00658,-3.4845360824742293e-05,0.0001301030927835052
0.4,1.0,12.0,0.31,0.45,20.45921287142934,0.36904265551980675,0.029620463505811,0.029959999999999997,-0.00658,-3.4845360824742293e-05,0.0001301030927835052
0.4,1.0,14.0,0.31,0.45,20.45921287142934,0.36904265551980675,0.029620463505811,0.029959999999999997,-0.00658,-3.4845360824742293e-05,0.0001301030927835052
0.4,1.0,16.0,0.31,0.45,20.45921287142934,0.36904265551980675,0.029620463505811,0.029959999999999997,-0.00658,-3.4845360824742293e-05,0.0001301030927835052
0.4,1.0,18.0,0.31,0.45,20.45921287142934,0.36904265551980675,0.029620463505811,0.029959999999999997,-0.00658,-3.4845360824742293e-05,0.0001301030927835052
0.4,1.0,20.0,0.31,0.45,20.45921287142934,0.36904265551980675,0.029620463505811,0.029959999999999997,-0.00658,-3.4845360824742293e-05,0.0001301030927835052
0.45,0.1,,0.31,0.44,20.533266881382012,0.4376586748096509,0.02960523121531125,0.053725,-0.026375,-2.946934569809381e-05,0.00013554868624420405
0.45,0.1,2.0,0.31,0.44,20.533266881382012,0.4376586748096509,0.02960523121531125,0.053725,-0.026375,-2.946934569809381e-05,0.00013554868624420405
0.45,0.1,4.0,0.31,0.44,20.533266881382012,0.4376586748096509,0.02960523121531125,0.053725,-0.026375,-2.946934569809381e-05,0.00013554868624420405
0.45,0.1,6.0,0.31,0.44,20.533266881382012,0.4376586748096509,0.02960523121531125,0.053725,-0.026375,-2.946934569809381e-05,0.00013554868624420405
0.45,0.1,8.0,0.31,0.44,20.533266881382012,0.4376586748096509,0.02960523121531125,0.053725,-0.026375,-2.946934569809381e-05,0.00013554868624420405
0.45,0.1,10.0,0.31,0.44,20.533266881382012,0.4376586748096509,0.02960523121531125,0.053725,-0.026375,-2.946934569809381e-05,0.00013554868624420405
0.45,0.1,12.0,0.31,0.44,20.533266881382012,0.4376586748096509,0.02960523121531125,0.053725,-0.026375,-2.946934569809381e-05,0.00013554868624420405
0.45,0.1,14.0,0.31,0.44,20.533266881382012,0.4376586748096509,0.02960523121531125,0.053725,-0.026375,-2.946934569809381e-05,0.00013554868624420405
0.45,0.1,16.0,0.31,0.44,20.533266881382012,0.4376586748096509,0.02960523121531125,0.053725,-0.026375,-2.946934569809381e-05,0.00013554868624420405
0.45,0.1,18.0,0.31,0.44,20.533266881382012,0.4376586748096509,0.02960523121531125,0.053725,-0.026375,-2.946934569809381e-05,0.00013554868624420405
0.45,0.1,20.0,0.31,0.44,20.533266881382012,0.4376586748096509,0.02960523121531125,0.053725,-0.026375,-2.946934569809381e-05,0.00013554868624420405
0.45,0.15,,0.31,0.44,20.533266881382012,0.4376586748096509,0.02960523121531125,0.053725,-0.026375,-2.946934569809381e-05,0.00013554868624420405
0.45,0.15,2.0,0.31,0.44,20.533266881382012,0.4376586748096509,0.02960523121531125,0.053725,-0.026375,-2.946934569809381e-05,0.00013554868624420405
0.45,0.15,4.0,0.31,0.44,20.533266881382012,0.4376586748096509,0.02960523121531125,0.053725,-0.026375,-2.946934569809381e-05,0.00013554868624420405
0.45,0.15,6.0,0.31,0.44,20.533266881382012,0.4376586748096509,0.02960523121531125,0.053725,-0.026375,-2.946934569809381e-05,0.00013554868624420405
0.45,0.15,8.0,0.31,0.44,20.533266881382012,0.4376586748096509,0.02960523121531125,0.053725,-0.026375,-2.946934569809381e-05,0.00013554868624420405
0.45,0.15,10.0,0.31,0.44,20.533266881382012,0.4376586748096509,0.02960523121531125,0.053725,-0.026375,-2.946934569809381e-05,0.00013554868624420405
0.45,0.15,12.0,0.31,0.44,20.533266881382012,0.4376586748096509,0.02960523121531125,0.053725,-0.026375,-2.946934569809381e-05,0.00013554868624420405
0.45,0.15,14.0,0.31,0.44,20.533266881382012,0.4376586748096509,0.02960523121531125,0.053725,-0.026375,-2.946934569809381e-05,0.00013554868624420405
0.45,0.15,16.0,0.31,0.44,20.533266881382012,0.4376586748096509,0.02960523121531125,0.053725,-0.026375,-2.946934569809381e-05,0.00013554868624420405
0.45,0.15,18.0,0.31,0.44,20.533266881382012,0.4376586748096509,0.02960523121531125,0.053725,-0.026375,-2.946934569809381e-05,0.00013554868624420405
0.45,0.15,20.0,0.31,0.44,20.533266881382012,0.4376586748096509,0.02960523121531125,0.053725,-0.026375,-2.946934569809381e-05,0.00013554868624420405
0.45,0.2,,0.31,0.44,20.533266881382012,0.4376586748096509,0.02960523121531125,0.053725,-0.026375,-2.946934569809381e-05,0.00013554868624420405
0.45,0.2,2.0,0.31,0.44,20.533266881382012,0.4376586748096509,0.02960523121531125,0.053725,-0.026375,-2.946934569809381e-05,0.00013554868624420405
0.45,0.2,4.0,0.31,0.44,20.533266881382012,0.4376586748096509,0.02960523121531125,0.053725,-0.026375,-2.946934569809381e-05,0.00013554868624420405
0.45,0.2,6.0,0.31,0.44,20.533266881382012,0.4376586748096509,0.02960523121531125,0.053725,-0.026375,-2.946934569809381e-05,0.00013554868624420405
0.45,0.2,8.0,0.31,0.44,20.533266881382012,0.4376586748096509,0.02960523121531125,0.053725,-0.026375,-2.946934569809381e-05,0.00013554868624420405
0.45,0.2,10.0,0.31,0.44,20.533266881382012,0.4376586748096509,0.02960523121531125,0.053725,-0.026375,-2.946934569809381e-05,0.00013554868624420405
0.45,0.2,12.0,0.31,0.44,20.533266881382012,0.4376586748096509,0.02960523121531125,0.053725,-0.026375,-2.946934569809381e-05,0.00013554868624420405
0.45,0.2,14.0,0.31,0.44,20.533266881382012,0.4376586748096509,0.02960523121531125,0.053725,-0.026375,-2.946934569809381e-05,0.00013554868624420405
0.45,0.2,16.0,0.31,0.44,20.533266881382012,0.4376586748096509,0.02960523121531125,0.053725,-0.026375,-2.946934569809381e-05,0.00013554868624420405
0.45,0.2,18.0,0.31,0.44,20.533266881382012,0.4376586748096509,0.02960523121531125,0.053725,-0.026375,-2.946934569809381e-05,0.00013554868624420405
0.45,0.2,20.0,0.31,0.44,20.533266881382012,0.4376586748096509,0.02960523121531125,0.053725,-0.026375,-2.946934569809381e-05,0.00013554868624420405
0.45,0.25,,0.31,0.44,20.533266881382012,0.4376586748096509,0.02960523121531125,0.053725,-0.026375,-2.946934569809381e-05,0.00013554868624420405
0.45,0.25,2.0,0.31,0.44,20.533266881382012,0.4376586748096509,0.02960523121531125,0.053725,-0.026375,-2.946934569809381e-05,0.00013554868624420405
0.45,0.25,4.0,0.31,0.44,20.533266881382012,0.4376586748096509,0.02960523121531125,0.053725,-0.026375,-2.946934569809381e-05,0.00013554868624420405
0.45,0.25,6.0,0.31,0.44,20.533266881382012,0.4376586748096509,0.02960523121531125,0.053725,-0.026375,-2.946934569809381e-05,0.00013554868624420405
0.45,0.25,8.0,0.31,0.44,20.533266881382012,0.4376586748096509,0.02960523121531125,0.053725,-0.026375,-2.946934569809381e-05,0.00013554868624420405
0.45,0.25,10.0,0.31,0.44,20.533266881382012,0.4376586748096509,0.02960523121531125,0.053725,-0.026375,-2.946934569809381e-05,0.00013554868624420405
0.45,0.25,12.0,0.31,0.44,20.533266881382012,0.4376586748096509,0.02960523121531125,0.053725,-0.026375,-2.946934569809381e-05,0.00013554868624420405
0.45,0.25,14.0,0.31,0.44,20.533266881382012,0.4376586748096509,0.02960523121531125,0.053725,-0.026375,-2.946934569809381e-05,0.00013554868624420405
0.45,0.25,16.0,0.31,0.44,20.533266881382012,0.4376586748096509,0.02960523121531125,0.053725,-0.026375,-2.946934569809381e-05,0.00013554868624420405
0.45,0.25,18.0,0.31,0.44,20.533266881382012,0.4376586748096509,0.02960523121531125,0.053725,-0.026375,-2.946934569809381e-05,0.00013554868624420405
0.45,0.25,20.0,0.31,0.44,20.533266881382012,0.4376586748096509,0.02960523121531125,0.053725,-0.026375,-2.946934569809381e-05,0.00013554868624420405
0.45,0.3,,0.31,0.44,20.533266881382012,0.4376586748096509,0.02960523121531125,0.053725,-0.026375,-2.946934569809381e-05,0.00013554868624420405
0.45,0.3,2.0,0.31,0.44,20.533266881382012,0.4376586748096509,0.02960523121531125,0.053725,-0.026375,-2.946934569809381e-05,0.00013554868624420405
0.45,0.3,4.0,0.31,0.44,20.533266881382012,0.4376586748096509,0.02960523121531125,0.053725,-0.026375,-2.946934569809381e-05,0.00013554868624420405
0.45,0.3,6.0,0.31,0.44,20.533266881382012,0.4376586748096509,0.02960523121531125,0.053725,-0.026375,-2.946934569809381e-05,0.00013554868624420405
0.45,0.3,8.0,0.31,0.44,20.533266881382012,0.4376586748096509,0.02960523121531125,0.053725,-0.026375,-2.946934569809381e-05,0.00013554868624420405
0.45,0.3,10.0,0.31,0.44,20.533266881382012,0.4376586748096509,0.02960523121531125,0.053725,-0.026375,-2.946934569809381e-05,0.00013554868624420405
0.45,0.3,12.0,0.31,0.44,20.533266881382012,0.4376586748096509,0.02960523121531125,0.053725,-0.026375,-2.946934569809381e-05,0.00013554868624420405
0.45,0.3,14.0,0.31,0.44,20.533266881382012,0.4376586748096509,0.02960523121531125,0.053725,-0.026375,-2.946934569809381e-05,0.00013554868624420405
0.45,0.3,16.0,0.31,0.44,20.533266881382012,0.4376586748096509,0.02960523121531125,0.053725,-0.026375,-2.946934569809381e-05,0.00013554868624420405
0.45,0.3,18.0,0.31,0.44,20.533266881382012,0.4376586748096509,0.02960523121531125,0.053725,-0.026375,-2.946934569809381e-05,0.00013554868624420405
0.45,0.3,20.0,0.31,0.44,20.533266881382012,0.4376586748096509,0.02960523121531125,0.053725,-0.026375,-2.946934569809381e-05,0.00013554868624420405
0.45,0.35,,0.31,0.44,20.533266881382012,0.4376586748096509,0.02960523121531125,0.053725,-0.026375,-2.946934569809381e-05,0.00013554868624420405
0.45,0.35,2.0,0.31,0.44,20.533266881382012,0.4376586748096509,0.02960523121531125,0.053725,-0.026375,-2.946934569809381e-05,0.00013554868624420405
0.45,0.35,4.0,0.31,0.44,20.533266881382012,0.4376586748096509,0.02960523121531125,0.053725,-0.026375,-2.946934569809381e-05,0.00013554868624420405
0.45,0.35,6.0,0.31,0.44,20.533266881382012,0.4376586748096509,0.02960523121531125,0.053725,-0.026375,-2.946934569809381e-05,0.00013554868624420405
0.45,0.35,8.0,0.31,0.44,20.533266881382012,0.4376586748096509,0.02960523121531125,0.053725,-0.026375,-2.946934569809381e-05,0.00013554868624420405
0.45,0.35,10.0,0.31,0.44,20.533266881382012,0.4376586748096509,0.02960523121531125,0.053725,-0.026375,-2.946934569809381e-05,0.00013554868624420405
0.45,0.35,12.0,0.31,0.44,20.533266881382012,0.4376586748096509,0.02960523121531125,0.053725,-0.026375,-2.946934569809381e-05,0.00013554868624420405
0.45,0.35,14.0,0.31,0.44,20.533266881382012,0.4376586748096509,0.02960523121531125,0.053725,-0.026375,-2.946934569809381e-05,0.00013554868624420405
0.45,0.35,16.0,0.31,0.44,20.533266881382012,0.4376586748096509,0.02960523121531125,0.053725,-0.026375,-2.946934569809381e-05,0.00013554868624420405
0.45,0.35,18.0,0.31,0.44,20.533266881382012,0.4376586748096509,0.02960523121531125,0.053725,-0.026375,-2.946934569809381e-05,0.00013554868624420405
0.45,0.35,20.0,0.31,0.44,20.533266881382012,0.4376586748096509,0.02960523121531125,0.053725,-0.026375,-2.946934569809381e-05,0.00013554868624420405
0.45,0.4,,0.31,0.44,20.533266881382012,0.4376586748096509,0.02960523121531125,0.053725,-0.026375,-2.946934569809381e-05,0.00013554868624420405
0.45,0.4,2.0,0.31,0.44,20.533266881382012,0.4376586748096509,0.02960523121531125,0.053725,-0.026375,-2.946934569809381e-05,0.00013554868624420405
0.45,0.4,4.0,0.31,0.44,20.533266881382012,0.4376586748096509,0.02960523121531125,0.053725,-0.026375,-2.946934569809381e-05,0.00013554868624420405
0.45,0.4,6.0,0.31,0.44,20.533266881382012,0.4376586748096509,0.02960523121531125,0.053725,-0.026375,-2.946934569809381e-05,0.00013554868624420405
0.45,0.4,8.0,0.31,0.44,20.533266881382012,0.4376586748096509,0.02960523121531125,0.053725,-0.026375,-2.946934569809381e-05,0.00013554868624420405
0.45,0.4,10.0,0.31,0.44,20.533266881382012,0.4376586748096509,0.02960523121531125,0.053725,-0.026375,-2.946934569809381e-05,0.00013554868624420405
0.45,0.4,12.0,0.31,0.44,20.533266881382012,0.4376586748096509,0.02960523121531125,0.053725,-0.026375,-2.946934569809381e-05,0.00013554868624420405
0.45,0.4,14.0,0.31,0.44,20.533266881382012,0.4376586748096509,0.02960523121531125,0.053725,-0.026375,-2.946934569809381e-05,0.00013554868624420405
0.45,0.4,16.0,0.31,0.44,20.533266881382012,0.4376586748096509,0.02960523121531125,0.053725,-0.026375,-2.946934569809381e-05,0.00013554868624420405
0.45,0.4,18.0,0.31,0.44,20.533266881382012,0.4376586748096509,0.02960523121531125,0.053725,-0.026375,-2.946934569809381e-05,0.00013554868624420405
0.45,0.4,20.0,0.31,0.44,20.533266881382012,0.4376586748096509,0.02960523121531125,0.053725,-0.026375,-2.946934569809381e-05,0.00013554868624420405
0.45,0.45,,0.31,0.44,20.533266881382012,0.4376586748096509,0.02960523121531125,0.053725,-0.026375,-2.946934569809381e-05,0.00013554868624420405
0.45,0.45,2.0,0.31,0.44,20.533266881382012,0.4376586748096509,0.02960523121531125,0.053725,-0.026375,-2.946934569809381e-05,0.00013554868624420405
0.45,0.45,4.0,0.31,0.44,20.533266881382012,0.4376586748096509,0.02960523121531125,0.053725,-0.026375,-2.946934569809381e-05,0.00013554868624420405
0.45,0.45,6.0,0.31,0.44,20.533266881382012,0.4376586748096509,0.02960523121531125,0.053725,-0.026375,-2.946934569809381e-05,0.00013554868624420405
0.45,0.45,8.0,0.31,0.44,20.533266881382012,0.4376586748096509,0.02960523121531125,0.053725,-0.026375,-2.946934569809381e-05,0.00013554868624420405
0.45,0.45,10.0,0.31,0.44,20.533266881382012,0.4376586748096509,0.02960523121531125,0.053725,-0.026375,-2.946934569809381e-05,0.00013554868624420405
0.45,0.45,12.0,0.31,0.44,20.533266881382012,0.4376586748096509,0.02960523121531125,0.053725,-0.026375,-2.946934569809381e-05,0.00013554868624420405
0.45,0.45,14.0,0.31,0.44,20.533266881382012,0.4376586748096509,0.02960523121531125,0.053725,-0.026375,-2.946934569809381e-05,0.00013554868624420405
0.45,0.45,16.0,0.31,0.44,20.533266881382012,0.4376586748096509,0.02960523121531125,0.053725,-0.026375,-2.946934569809381e-05,0.00013554868624420405
0.45,0.45,18.0,0.31,0.44,20.533266881382012,0.4376586748096509,0.02960523121531125,0.053725,-0.026375,-2.946934569809381e-05,0.00013554868624420405
0.45,0.45,20.0,0.31,0.44,20.533266881382012,0.4376586748096509,0.02960523121531125,0.053725,-0.026375,-2.946934569809381e-05,0.00013554868624420405
0.45,0.5,,0.31,0.44,20.533266881382012,0.4376586748096509,0.02960523121531125,0.053725,-0.026375,-2.946934569809381e-05,0.00013554868624420405
0.45,0.5,2.0,0.31,0.44,20.533266881382012,0.4376586748096509,0.02960523121531125,0.053725,-0.026375,-2.946934569809381e-05,0.00013554868624420405
0.45,0.5,4.0,0.31,0.44,20.533266881382012,0.4376586748096509,0.02960523121531125,0.053725,-0.026375,-2.946934569809381e-05,0.00013554868624420405
0.45,0.5,6.0,0.31,0.44,20.533266881382012,0.4376586748096509,0.02960523121531125,0.053725,-0.026375,-2.946934569809381e-05,0.00013554868624420405
0.45,0.5,8.0,0.31,0.44,20.533266881382012,0.4376586748096509,0.02960523121531125,0.053725,-0.026375,-2.946934569809381e-05,0.00013554868624420405
0.45,0.5,10.0,0.31,0.44,20.533266881382012,0.4376586748096509,0.02960523121531125,0.053725,-0.026375,-2.946934569809381e-05,0.00013554868624420405
0.45,0.5,12.0,0.31,0.44,20.533266881382012,0.4376586748096509,0.02960523121531125,0.053725,-0.026375,-2.946934569809381e-05,0.00013554868624420405
0.45,0.5,14.0,0.31,0.44,20.533266881382012,0.4376586748096509,0.02960523121531125,0.053725,-0.026375,-2.946934569809381e-05,0.00013554868624420405
0.45,0.5,16.0,0.31,0.44,20.533266881382012,0.4376586748096509,0.02960523121531125,0.053725,-0.026375,-2.946934569809381e-05,0.00013554868624420405
0.45,0.5,18.0,0.31,0.44,20.533266881382012,0.4376586748096509,0.02960523121531125,0.053725,-0.026375,-2.946934569809381e-05,0.00013554868624420405
0.45,0.5,20.0,0.31,0.44,20.533266881382012,0.4376586748096509,0.02960523121531125,0.053725,-0.026375,-2.946934569809381e-05,0.00013554868624420405
0.45,0.55,,0.31,0.44,20.533266881382012,0.4376586748096509,0.02960523121531125,0.053725,-0.026375,-2.946934569809381e-05,0.00013554868624420405
0.45,0.55,2.0,0.31,0.44,20.533266881382012,0.4376586748096509,0.02960523121531125,0.053725,-0.026375,-2.946934569809381e-05,0.00013554868624420405
0.45,0.55,4.0,0.31,0.44,20.533266881382012,0.4376586748096509,0.02960523121531125,0.053725,-0.026375,-2.946934569809381e-05,0.00013554868624420405
0.45,0.55,6.0,0.31,0.44,20.533266881382012,0.4376586748096509,0.02960523121531125,0.053725,-0.026375,-2.946934569809381e-05,0.00013554868624420405
0.45,0.55,8.0,0.31,0.44,20.533266881382012,0.4376586748096509,0.02960523121531125,0.053725,-0.026375,-2.946934569809381e-05,0.00013554868624420405
0.45,0.55,10.0,0.31,0.44,20.533266881382012,0.4376586748096509,0.02960523121531125,0.053725,-0.026375,-2.946934569809381e-05,0.00013554868624420405
0.45,0.55,12.0,0.31,0.44,20.533266881382012,0.4376586748096509,0.02960523121531125,0.053725,-0.026375,-2.946934569809381e-05,0.00013554868624420405
0.45,0.55,14.0,0.31,0.44,20.533266881382012,0.4376586748096509,0.02960523121531125,0.053725,-0.026375,-2.946934569809381e-05,0.00013554868624420405
0.45,0.55,16.0,0.31,0.44,20.533266881382012,0.4376586748096509,0.02960523121531125,0.053725,-0.026375,-2.946934569809381e-05,0.00013554868624420405
0.45,0.55,18.0,0.31,0.44,20.533266881382012,0.4376586748096509,0.02960523121531125,0.053725,-0.026375,-2.946934569809381e-05,0.00013554868624420405
0.45,0.55,20.0,0.31,0.44,20.533266881382012,0.4376586748096509,0.02960523121531125,0.053725,-0.026375,-2.946934569809381e-05,0.00013554868624420405
0.45,0.6,,0.31,0.44,20.533266881382012,0.4376586748096509,0.02960523121531125,0.053725,-0.026375,-2.946934569809381e-05,0.00013554868624420405
0.45,0.6,2.0,0.31,0.44,20.533266881382012,0.4376586748096509,0.02960523121531125,0.053725,-0.026375,-2.946934569809381e-05,0.00013554868624420405
0.45,0.6,4.0,0.31,0.44,20.533266881382012,0.4376586748096509,0.02960523121531125,0.053725,-0.026375,-2.946934569809381e-05,0.00013554868624420405
0.45,0.6,6.0,0.31,0.44,20.533266881382012,0.4376586748096509,0.02960523121531125,0.053725,-0.026375,-2.946934569809381e-05,0.00013554868624420405
0.45,0.6,8.0,0.31,0.44,20.533266881382012,0.4376586748096509,0.02960523121531125,0.053725,-0.026375,-2.946934569809381e-05,0.00013554868624420405
0.45,0.6,10.0,0.31,0.44,20.533266881382012,0.4376586748096509,0.02960523121531125,0.053725,-0.026375,-2.946934569809381e-05,0.00013554868624420405
0.45,0.6,12.0,0.31,0.44,20.533266881382012,0.4376586748096509,0.02960523121531125,0.053725,-0.026375,-2.946934569809381e-05,0.00013554868624420405
0.45,0.6,14.0,0.31,0.44,20.533266881382012,0.4376586748096509,0.02960523121531125,0.053725,-0.026375,-2.946934569809381e-05,0.00013554868624420405
0.45,0.6,16.0,0.31,0.44,20.533266881382012,0.4376586748096509,0.02960523121531125,0.053725,-0.026375,-2.946934569809381e-05,0.00013554868624420405
0.45,0.6,18.0,0.31,0.44,20.533266881382012,0.4376586748096509,0.02960523121531125,0.053725,-0.026375,-2.946934569809381e-05,0.00013554868624420405
0.45,0.6,20.0,0.31,0.44,20.533266881382012,0.4376586748096509,0.02960523121531125,0.053725,-0.026375,-2.946934569809381e-05,0.00013554868624420405
0.45,0.65,,0.31,0.44,20.533266881382012,0.4376586748096509,0.02960523121531125,0.053725,-0.026375,-2.946934569809381e-05,0.00013554868624420405
0.45,0.65,2.0,0.31,0.44,20.533266881382012,0.4376586748096509,0.02960523121531125,0.053725,-0.026375,-2.946934569809381e-05,0.00013554868624420405
0.45,0.65,4.0,0.31,0.44,20.533266881382012,0.4376586748096509,0.02960523121531125,0.053725,-0.026375,-2.946934569809381e-05,0.00013554868624420405
0.45,0.65,6.0,0.31,0.44,20.533266881382012,0.4376586748096509,0.02960523121531125,0.053725,-0.026375,-2.946934569809381e-05,0.00013554868624420405
0.45,0.65,8.0,0.31,0.44,20.533266881382012,0.4376586748096509,0.02960523121531125,0.053725,-0.026375,-2.946934569809381e-05,0.00013554868624420405
0.45,0.65,10.0,0.31,0.44,20.533266881382012,0.4376586748096509,0.02960523121531125,0.053725,-0.026375,-2.946934569809381e-05,0.00013554868624420405
0.45,0.65,12.0,0.31,0.44,20.533266881382012,0.4376586748096509,0.02960523121531125,0.053725,-0.026375,-2.946934569809381e-05,0.00013554868624420405
0.45,0.65,14.0,0.31,0.44,20.533266881382012,0.4376586748096509,0.02960523121531125,0.053725,-0.026375,-2.946934569809381e-05,0.00013554868624420405
0.45,0.65,16.0,0.31,0.44,20.533266881382012,0.4376586748096509,0.02960523121531125,0.053725,-0.026375,-2.946934569809381e-05,0.00013554868624420405
0.45,0.65,18.0,0.31,0.44,20.533266881382012,0.4376586748096509,0.02960523121531125,0.053725,-0.026375,-2.946934569809381e-05,0.00013554868624420405
0.45,0.65,20.0,0.31,0.44,20.533266881382012,0.4376586748096509,0.02960523121531125,0.053725,-0.026375,-2.946934569809381e-05,0.00013554868624420405
0.45,0.7,,0.31,0.44,20.533266881382012,0.4376586748096509,0.02960523121531125,0.053725,-0.026375,-2.946934569809381e-05,0.00013554868624420405
0.45,0.7,2.0,0.31,0.44,20.533266881382012,0.4376586748096509,0.02960523121531125,0.053725,-0.026375,-2.946934569809381e-05,0.00013554868624420405
0.45,0.7,4.0,0.31,0.44,20.533266881382012,0.4376586748096509,0.02960523121531125,0.053725,-0.026375,-2.946934569809381e-05,0.00013554868624420405
0.45,0.7,6.0,0.31,0.44,20.533266881382012,0.4376586748096509,0.02960523121531125,0.053725,-0.026375,-2.946934569809381e-05,0.00013554868624420405
0.45,0.7,8.0,0.31,0.44,20.533266881382012,0.4376586748096509,0.02960523121531125,0.053725,-0.026375,-2.946934569809381e-05,0.00013554868624420405
0.45,0.7,10.0,0.31,0.44,20.533266881382012,0.4376586748096509,0.02960523121531125,0.053725,-0.026375,-2.946934569809381e-05,0.00013554868624420405
0.45,0.7,12.0,0.31,0.44,20.533266881382012,0.4376586748096509,0.02960523121531125,0.053725,-0.026375,-2.946934569809381e-05,0.00013554868624420405
0.45,0.7,14.0,0.31,0.44,20.533266881382012,0.4376586748096509,0.02960523121531125,0.053725,-0.026375,-2.946934569809381e-05,0.00013554868624420405
0.45,0.7,16.0,0.31,0.44,20.533266881382012,0.4376586748096509,0.02960523121531125,0.053725,-0.026375,-2.946934569809381e-05,0.00013554868624420405
0.45,0.7,18.0,0.31,0.44,20.533266881382012,0.4376586748096509,0.02960523121531125,0.053725,-0.026375,-2.946934569809381e-05,0.00013554868624420405
0.45,0.7,20.0,0.31,0.44,20.533266881382012,0.4376586748096509,0.02960523121531125,0.053725,-0.026375,-2.946934569809381e-05,0.00013554868624420405
0.45,0.75,,0.31,0.44,20.533266881382012,0.4376586748096509,0.02960523121531125,0.053725,-0.026375,-2.946934569809381e-05,0.00013554868624420405
0.45,0.75,2.0,0.31,0.44,20.533266881382012,0.4376586748096509,0.02960523121531125,0.053725,-0.026375,-2.946934569809381e-05,0.00013554868624420405
0.45,0.75,4.0,0.31,0.44,20.533266881382012,0.4376586748096509,0.02960523121531125,0.053725,-0.026375,-2.946934569809381e-05,0.00013554868624420405
0.45,0.75,6.0,0.31,0.44,20.533266881382012,0.4376586748096509,0.02960523121531125,0.053725,-0.026375,-2.946934569809381e-05,0.00013554868624420405
0.45,0.75,8.0,0.31,0.44,20.533266881382012,0.4376586748096509,0.02960523121531125,0.053725,-0.026375,-2.946934569809381e-05,0.00013554868624420405
0.45,0.75,10.0,0.31,0.44,20.533266881382012,0.4376586748096509,0.02960523121531125,0.053725,-0.026375,-2.946934569809381e-05,0.00013554868624420405
0.45,0.75,12.0,0.31,0.44,20.533266881382012,0.4376586748096509,0.02960523121531125,0.053725,-0.026375,-2.946934569809381e-05,0.00013554868624420405
0.45,0.75,14.0,0.31,0.44,20.533266881382012,0.4376586748096509,0.02960523121531125,0.053725,-0.026375,-2.946934569809381e-05,0.00013554868624420405
0.45,0.75,16.0,0.31,0.44,20.533266881382012,0.4376586748096509,0.02960523121531125,0.053725,-0.026375,-2.946934569809381e-05,0.00013554868624420405
0.45,0.75,18.0,0.31,0.44,20.533266881382012,0.4376586748096509,0.02960523121531125,0.053725,-0.026375,-2.946934569809381e-05,0.00013554868624420405
0.45,0.75,20.0,0.31,0.44,20.533266881382012,0.4376586748096509,0.02960523121531125,0.053725,-0.026375,-2.946934569809381e-05,0.00013554868624420405
0.45,0.8,,0.31,0.44,20.533266881382012,0.4376586748096509,0.02960523121531125,0.053725,-0.026375,-2.946934569809381e-05,0.00013554868624420405
0.45,0.8,2.0,0.31,0.44,20.533266881382012,0.4376586748096509,0.02960523121531125,0.053725,-0.026375,-2.946934569809381e-05,0.00013554868624420405
0.45,0.8,4.0,0.31,0.44,20.533266881382012,0.4376586748096509,0.02960523121531125,0.053725,-0.026375,-2.946934569809381e-05,0.00013554868624420405
0.45,0.8,6.0,0.31,0.44,20.533266881382012,0.4376586748096509,0.02960523121531125,0.053725,-0.026375,-2.946934569809381e-05,0.00013554868624420405
0.45,0.8,8.0,0.31,0.44,20.533266881382012,0.4376586748096509,0.02960523121531125,0.053725,-0.026375,-2.946934569809381e-05,0.00013554868624420405
0.45,0.8,10.0,0.31,0.44,20.533266881382012,0.4376586748096509,0.02960523121531125,0.053725,-0.026375,-2.946934569809381e-05,0.00013554868624420405
0.45,0.8,12.0,0.31,0.44,20.533266881382012,0.4376586748096509,0.02960523121531125,0.053725,-0.026375,-2.946934569809381e-05,0.00013554868624420405
0.45,0.8,14.0,0.31,0.44,20.533266881382012,0.4376586748096509,0.02960523121531125,0.053725,-0.026375,-2.946934569809381e-05,0.00013554868624420405
0.45,0.8,16.0,0.31,0.44,20.533266881382012,0.4376586748096509,0.02960523121531125,0.053725,-0.026375,-2.946934569809381e-05,0.00013554868624420405
0.45,0.8,18.0,0.31,0.44,20.533266881382012,0.4376586748096509,0.02960523121531125,0.053725,-0.026375,-2.946934569809381e-05,0.00013554868624420405
0.45,0.8,20.0,0.31,0.44,20.533266881382012,0.4376586748096509,0.02960523121531125,0.053725,-0.026375,-2.946934569809381e-05,0.00013554868624420405
0.45,0.85,,0.31,0.44,20.533266881382012,0.4376586748096509,0.02960523121531125,0.053725,-0.026375,-2.946934569809381e-05,0.00013554868624420405
0.45,0.85,2.0,0.31,0.44,20.533266881382012,0.4376586748096509,0.02960523121531125,0.053725,-0.026375,-2.946934569809381e-05,0.00013554868624420405
0.45,0.85,4.0,0.31,0.44,20.533266881382012,0.4376586748096509,0.02960523121531125,0.053725,-0.026375,-2.946934569809381e-05,0.00013554868624420405
0.45,0.85,6.0,0.31,0.44,20.533266881382012,0.4376586748096509,0.02960523121531125,0.053725,-0.026375,-2.946934569809381e-05,0.00013554868624420405
0.45,0.85,8.0,0.31,0.44,20.533266881382012,0.4376586748096509,0.02960523121531125,0.053725,-0.026375,-2.946934569809381e-05,0.00013554868624420405
0.45,0.85,10.0,0.31,0.44,20.533266881382012,0.4376586748096509,0.02960523121531125,0.053725,-0.026375,-2.946934569809381e-05,0.00013554868624420405
0.45,0.85,12.0,0.31,0.44,20.533266881382012,0.4376586748096509,0.02960523121531125,0.053725,-0.026375,-2.946934569809381e-05,0.00013554868624420405
0.45,0.85,14.0,0.31,0.44,20.533266881382012,0.4376586748096509,0.02960523121531125,0.053725,-0.026375,-2.946934569809381e-05,0.00013554868624420405
0.45,0.85,16.0,0.31,0.44,20.533266881382012,0.4376586748096509,0.02960523121531125,0.053725,-0.026375,-2.946934569809381e-05,0.00013554868624420405
0.45,0.85,18.0,0.31,0.44,20.533266881382012,0.4376586748096509,0.02960523121531125,0.053725,-0.026375,-2.946934569809381e-05,0.00013554868624420405
0.45,0.85,20.0,0.31,0.44,20.533266881382012,0.4376586748096509,0.02960523121531125,0.053725,-0.026375,-2.946934569809381e-05,0.00013554868624420405
0.45,0.9,,0.31,0.44,20.533266881382012,0.4376586748096509,0.02960523121531125,0.053725,-0.026375,-2.946934569809381e-05,0.00013554868624420405
0.45,0.9,2.0,0.31,0.44,20.533266881382012,0.4376586748096509,0.02960523121531125,0.053725,-0.026375,-2.946934569809381e-05,0.00013554868624420405
0.45,0.9,4.0,0.31,0.44,20.533266881382012,0.4376586748096509,0.02960523121531125,0.053725,-0.026375,-2.946934569809381e-05,0.00013554868624420405
0.45,0.9,6.0,0.31,0.44,20.533266881382012,0.4376586748096509,0.02960523121531125,0.053725,-0.026375,-2.946934569809381e-05,0.00013554868624420405
0.45,0.9,8.0,0.31,0.44,20.533266881382012,0.4376586748096509,0.02960523121531125,0.053725,-0.026375,-2.946934569809381e-05,0.00013554868624420405
0.45,0.9,10.0,0.31,0.44,20.533266881382012,0.4376586748096509,0.02960523121531125,0.053725,-0.026375,-2.946934569809381e-05,0.00013554868624420405
0.45,0.9,12.0,0.31,0.44,20.533266881382012,0.4376586748096509,0.02960523121531125,0.053725,-0.026375,-2.946934569809381e-05,0.00013554868624420405
0.45,0.9,14.0,0.31,0.44,20.533266881382012,0.4376586748096509,0.02960523121531125,0.053725,-0.026375,-2.946934569809381e-05,0.00013554868624420405
0.45,0.9,16.0,0.31,0.44,20.533266881382012,0.4376586748096509,0.02960523121531125,0.053725,-0.026375,-2.946934569809381e-05,0.00013554868624420405
0.45,0.9,18.0,0.31,0.44,20.533266881382012,0.4376586748096509,0.02960523121531125,0.053725,-0.026375,-2.946934569809381e-05,0.00013554868624420405
0.45,0.9,20.0,0.31,0.44,20.533266881382012,0.4376586748096509,0.02960523121531125,0.053725,-0.026375,-2.946934569809381e-05,0.00013554868624420405
0.45,0.95,,0.31,0.44,20.533266881382012,0.4376586748096509,0.02960523121531125,0.053725,-0.026375,-2.946934569809381e-05,0.00013554868624420405
0.45,0.95,2.0,0.31,0.44,20.533266881382012,0.4376586748096509,0.02960523121531125,0.053725,-0.026375,-2.946934569809381e-05,0.00013554868624420405
0.45,0.95,4.0,0.31,0.44,20.533266881382012,0.4376586748096509,0.02960523121531125,0.053725,-0.026375,-2.946934569809381e-05,0.00013554868624420405
0.45,0.95,6.0,0.31,0.44,20.533266881382012,0.4376586748096509,0.02960523121531125,0.053725,-0.026375,-2.946934569809381e-05,0.00013554868624420405
0.45,0.95,8.0,0.31,0.44,20.533266881382012,0.4376586748096509,0.02960523121531125,0.053725,-0.026375,-2.946934569809381e-05,0.00013554868624420405
0.45,0.95,10.0,0.31,0.44,20.533266881382012,0.4376586748096509,0.02960523121531125,0.053725,-0.026375,-2.946934569809381e-05,0.00013554868624420405
0.45,0.95,12.0,0.31,0.44,20.533266881382012,0.4376586748096509,0.02960523121531125,0.053725,-0.026375,-2.946934569809381e-05,0.00013554868624420405
0.45,0.95,14.0,0.31,0.44,20.533266881382012,0.4376586748096509,0.02960523121531125,0.053725,-0.026375,-2.946934569809381e-05,0.00013554868624420405
0.45,0.95,16.0,0.31,0.44,20.533266881382012,0.4376586748096509,0.02960523121531125,0.053725,-0.026375,-2.946934569809381e-05,0.00013554868624420405
0.45,0.95,18.0,0.31,0.44,20.533266881382012,0.4376586748096509,0.02960523121531125,0.053725,-0.026375,-2.946934569809381e-05,0.00013554868624420405
0.45,0.95,20.0,0.31,0.44,20.533266881382012,0.4376586748096509,0.02960523121531125,0.053725,-0.026375,-2.946934569809381e-05,0.00013554868624420405
0.45,1.0,,0.31,0.44,20.533266881382012,0.4376586748096509,0.02960523121531125,0.053725,-0.026375,-2.946934569809381e-05,0.00013554868624420405
0.45,1.0,2.0,0.31,0.44,20.533266881382012,0.4376586748096509,0.02960523121531125,0.053725,-0.026375,-2.946934569809381e-05,0.00013554868624420405
0.45,1.0,4.0,0.31,0.44,20.533266881382012,0.4376586748096509,0.02960523121531125,0.053725,-0.026375,-2.946934569809381e-05,0.00013554868624420405
0.45,1.0,6.0,0.31,0.44,20.533266881382012,0.4376586748096509,0.02960523121531125,0.053725,-0.026375,-2.946934569809381e-05,0.00013554868624420405
0.45,1.0,8.0,0.31,0.44,20.533266881382012,0.4376586748096509,0.02960523121531125,0.053725,-0.026375,-2.946934569809381e-05,0.00013554868624420405
0.45,1.0,10.0,0.31,0.44,20.533266881382012,0.4376586748096509,0.02960523121531125,0.053725,-0.026375,-2.946934569809381e-05,0.00013554868624420405
0.45,1.0,12.0,0.31,0.44,20.533266881382012,0.4376586748096509,0.02960523121531125,0.053725,-0.026375,-2.946934569809381e-05,0.00013554868624420405
0.45,1.0,14.0,0.31,0.44,20.533266881382012,0.4376586748096509,0.02960523121531125,0.053725,-0.026375,-2.946934569809381e-05,0.00013554868624420405
0.45,1.0,16.0,0.31,0.44,20.533266881382012,0.4376586748096509,0.02960523121531125,0.053725,-0.026375,-2.946934569809381e-05,0.00013554868624420405
0.45,1.0,18.0,0.31,0.44,20.533266881382012,0.4376586748096509,0.02960523121531125,0.053725,-0.026375,-2.946934569809381e-05,0.00013554868624420405
0.45,1.0,20.0,0.31,0.44,20.533266881382012,0.4376586748096509,0.02960523121531125,0.053725,-0.026375,-2.946934569809381e-05,0.00013554868624420405
0.5,0.1,,0.31,0.44,20.533266881382012,0.4376586748096509,0.02960523121531125,0.053725,-0.026375,-2.946934569809381e-05,0.00013554868624420405
0.5,0.1,2.0,0.31,0.44,20.533266881382012,0.4376586748096509,0.02960523121531125,0.053725,-0.026375,-2.946934569809381e-05,0.00013554868624420405
0.5,0.1,4.0,0.31,0.44,20.533266881382012,0.4376586748096509,0.02960523121531125,0.053725,-0.026375,-2.946934569809381e-05,0.00013554868624420405
0.5,0.1,6.0,0.31,0.44,20.533266881382012,0.4376586748096509,0.02960523121531125,0.053725,-0.026375,-2.946934569809381e-05,0.00013554868624420405
0.5,0.1,8.0,0.31,0.44,20.533266881382012,0.4376586748096509,0.02960523121531125,0.053725,-0.026375,-2.946934569809381e-05,0.00013554868624420405
0.5,0.1,10.0,0.31,0.44,20.533266881382012,0.4376586748096509,0.02960523121531125,0.053725,-0.026375,-2.946934569809381e-05,0.00013554868624420405
0.5,0.1,12.0,0.31,0.44,20.533266881382012,0.4376586748096509,0.02960523121531125,0.053725,-0.026375,-2.946934569809381e-05,0.00013554868624420405
0.5,0.1,14.0,0.31,0.44,20.533266881382012,0.4376586748096509,0.02960523121531125,0.053725,-0.026375,-2.946934569809381e-05,0.00013554868624420405
0.5,0.1,16.0,0.31,0.44,20.533266881382012,0.4376586748096509,0.02960523121531125,0.053725,-0.026375,-2.946934569809381e-05,0.00013554868624420405
0.5,0.1,18.0,0.31,0.44,20.533266881382012,0.4376586748096509,0.02960523121531125,0.053725,-0.026375,-2.946934569809381e-05,0.00013554868624420405
0.5,0.1,20.0,0.31,0.44,20.533266881382012,0.4376586748096509,0.02960523121531125,0.053725,-0.026375,-2.946934569809381e-05,0.00013554868624420405
0.5,0.15,,0.31,0.44,20.533266881382012,0.4376586748096509,0.02960523121531125,0.053725,-0.026375,-2.946934569809381e-05,0.00013554868624420405
0.5,0.15,2.0,0.31,0.44,20.533266881382012,0.4376586748096509,0.02960523121531125,0.053725,-0.026375,-2.946934569809381e-05,0.00013554868624420405
0.5,0.15,4.0,0.31,0.44,20.533266881382012,0.4376586748096509,0.02960523121531125,0.053725,-0.026375,-2.946934569809381e-05,0.00013554868624420405
0.5,0.15,6.0,0.31,0.44,20.533266881382012,0.4376586748096509,0.02960523121531125,0.053725,-0.026375,-2.946934569809381e-05,0.00013554868624420405
0.5,0.15,8.0,0.31,0.44,20.533266881382012,0.4376586748096509,0.02960523121531125,0.053725,-0.026375,-2.946934569809381e-05,0.00013554868624420405
0.5,0.15,10.0,0.31,0.44,20.533266881382012,0.4376586748096509,0.02960523121531125,0.053725,-0.026375,-2.946934569809381e-05,0.00013554868624420405
0.5,0.15,12.0,0.31,0.44,20.533266881382012,0.4376586748096509,0.02960523121531125,0.053725,-0.026375,-2.946934569809381e-05,0.00013554868624420405
0.5,0.15,14.0,0.31,0.44,20.533266881382012,0.4376586748096509,0.02960523121531125,0.053725,-0.026375,-2.946934569809381e-05,0.00013554868624420405
0.5,0.15,16.0,0.31,0.44,20.533266881382012,0.4376586748096509,0.02960523121531125,0.053725,-0.026375,-2.946934569809381e-05,0.00013554868624420405
0.5,0.15,18.0,0.31,0.44,20.533266881382012,0.4376586748096509,0.02960523121531125,0.053725,-0.026375,-2.946934569809381e-05,0.00013554868624420405
0.5,0.15,20.0,0.31,0.44,20.533266881382012,0.4376586748096509,0.02960523121531125,0.053725,-0.026375,-2.946934569809381e-05,0.00013554868624420405
0.5,0.2,,0.31,0.44,20.533266881382012,0.4376586748096509,0.02960523121531125,0.053725,-0.026375,-2.946934569809381e-05,0.00013554868624420405
0.5,0.2,2.0,0.31,0.44,20.533266881382012,0.4376586748096509,0.02960523121531125,0.053725,-0.026375,-2.946934569809381e-05,0.00013554868624420405
0.5,0.2,4.0,0.31,0.44,20.533266881382012,0.4376586748096509,0.02960523121531125,0.053725,-0.026375,-2.946934569809381e-05,0.00013554868624420405
0.5,0.2,6.0,0.31,0.44,20.533266881382012,0.4376586748096509,0.02960523121531125,0.053725,-0.026375,-2.946934569809381e-05,0.00013554868624420405
0.5,0.2,8.0,0.31,0.44,20.533266881382012,0.4376586748096509,0.02960523121531125,0.053725,-0.026375,-2.946934569809381e-05,0.00013554868624420405
0.5,0.2,10.0,0.31,0.44,20.533266881382012,0.4376586748096509,0.02960523121531125,0.053725,-0.026375,-2.946934569809381e-05,0.00013554868624420405
0.5,0.2,12.0,0.31,0.44,20.533266881382012,0.4376586748096509,0.02960523121531125,0.053725,-0.026375,-2.946934569809381e-05,0.00013554868624420405
0.5,0.2,14.0,0.31,0.44,20.533266881382012,0.4376586748096509,0.02960523121531125,0.053725,-0.026375,-2.946934569809381e-05,0.00013554868624420405
0.5,0.2,16.0,0.31,0.44,20.533266881382012,0.4376586748096509,0.02960523121531125,0.053725,-0.026375,-2.946934569809381e-05,0.00013554868624420405
0.5,0.2,18.0,0.31,0.44,20.533266881382012,0.4376586748096509,0.02960523121531125,0.053725,-0.026375,-2.946934569809381e-05,0.00013554868624420405
0.5,0.2,20.0,0.31,0.44,20.533266881382012,0.4376586748096509,0.02960523121531125,0.053725,-0.026375,-2.946934569809381e-05,0.00013554868624420405
0.5,0.25,,0.31,0.44,20.533266881382012,0.4376586748096509,0.02960523121531125,0.053725,-0.026375,-2.946934569809381e-05,0.00013554868624420405
0.5,0.25,2.0,0.31,0.44,20.533266881382012,0.4376586748096509,0.02960523121531125,0.053725,-0.026375,-2.946934569809381e-05,0.00013554868624420405
0.5,0.25,4.0,0.31,0.44,20.533266881382012,0.4376586748096509,0.02960523121531125,0.053725,-0.026375,-2.946934569809381e-05,0.00013554868624420405
0.5,0.25,6.0,0.31,0.44,20.533266881382012,0.4376586748096509,0.02960523121531125,0.053725,-0.026375,-2.946934569809381e-05,0.00013554868624420405
0.5,0.25,8.0,0.31,0.44,20.533266881382012,0.4376586748096509,0.02960523121531125,0.053725,-0.026375,-2.946934569809381e-05,0.00013554868624420405
0.5,0.25,10.0,0.31,0.44,20.533266881382012,0.4376586748096509,0.02960523121531125,0.053725,-0.026375,-2.946934569809381e-05,0.00013554868624420405
0.5,0.25,12.0,0.31,0.44,20.533266881382012,0.4376586748096509,0.02960523121531125,0.053725,-0.026375,-2.946934569809381e-05,0.00013554868624420405
0.5,0.25,14.0,0.31,0.44,20.533266881382012,0.4376586748096509,0.02960523121531125,0.053725,-0.026375,-2.946934569809381e-05,0.00013554868624420405
0.5,0.25,16.0,0.31,0.44,20.533266881382012,0.4376586748096509,0.02960523121531125,0.053725,-0.026375,-2.946934569809381e-05,0.00013554868624420405
0.5,0.25,18.0,0.31,0.44,20.533266881382012,0.4376586748096509,0.02960523121531125,0.053725,-0.026375,-2.946934569809381e-05,0.00013554868624420405
0.5,0.25,20.0,0.31,0.44,20.533266881382012,0.4376586748096509,0.02960523121531125,0.053725,-0.026375,-2.946934569809381e-05,0.00013554868624420405
0.5,0.3,,0.31,0.44,20.533266881382012,0.4376586748096509,0.02960523121531125,0.053725,-0.026375,-2.946934569809381e-05,0.00013554868624420405
0.5,0.3,2.0,0.31,0.44,20.533266881382012,0.4376586748096509,0.02960523121531125,0.053725,-0.026375,-2.946934569809381e-05,0.00013554868624420405
0.5,0.3,4.0,0.31,0.44,20.533266881382012,0.4376586748096509,0.02960523121531125,0.053725,-0.026375,-2.946934569809381e-05,0.00013554868624420405
0.5,0.3,6.0,0.31,0.44,20.533266881382012,0.4376586748096509,0.02960523121531125,0.053725,-0.026375,-2.946934569809381e-05,0.00013554868624420405
0.5,0.3,8.0,0.31,0.44,20.533266881382012,0.4376586748096509,0.02960523121531125,0.053725,-0.026375,-2.946934569809381e-05,0.00013554868624420405
0.5,0.3,10.0,0.31,0.44,20.533266881382012,0.4376586748096509,0.02960523121531125,0.053725,-0.026375,-2.946934569809381e-05,0.00013554868624420405
0.5,0.3,12.0,0.31,0.44,20.533266881382012,0.4376586748096509,0.02960523121531125,0.053725,-0.026375,-2.946934569809381e-05,0.00013554868624420405
0.5,0.3,14.0,0.31,0.44,20.533266881382012,0.4376586748096509,0.02960523121531125,0.053725,-0.026375,-2.946934569809381e-05,0.00013554868624420405
0.5,0.3,16.0,0.31,0.44,20.533266881382012,0.4376586748096509,0.02960523121531125,0.053725,-0.026375,-2.946934569809381e-05,0.00013554868624420405
0.5,0.3,18.0,0.31,0.44,20.533266881382012,0.4376586748096509,0.02960523121531125,0.053725,-0.026375,-2.946934569809381e-05,0.00013554868624420405
0.5,0.3,20.0,0.31,0.44,20.533266881382012,0.4376586748096509,0.02960523121531125,0.053725,-0.026375,-2.946934569809381e-05,0.00013554868624420405
0.5,0.35,,0.31,0.44,20.533266881382012,0.4376586748096509,0.02960523121531125,0.053725,-0.026375,-2.946934569809381e-05,0.00013554868624420405
0.5,0.35,2.0,0.31,0.44,20.533266881382012,0.4376586748096509,0.02960523121531125,0.053725,-0.026375,-2.946934569809381e-05,0.00013554868624420405
0.5,0.35,4.0,0.31,0.44,20.533266881382012,0.4376586748096509,0.02960523121531125,0.053725,-0.026375,-2.946934569809381e-05,0.00013554868624420405
0.5,0.35,6.0,0.31,0.44,20.533266881382012,0.4376586748096509,0.02960523121531125,0.053725,-0.026375,-2.946934569809381e-05,0.00013554868624420405
0.5,0.35,8.0,0.31,0.44,20.533266881382012,0.4376586748096509,0.02960523121531125,0.053725,-0.026375,-2.946934569809381e-05,0.00013554868624420405
0.5,0.35,10.0,0.31,0.44,20.533266881382012,0.4376586748096509,0.02960523121531125,0.053725,-0.026375,-2.946934569809381e-05,0.00013554868624420405
0.5,0.35,12.0,0.31,0.44,20.533266881382012,0.4376586748096509,0.02960523121531125,0.053725,-0.026375,-2.946934569809381e-05,0.00013554868624420405
0.5,0.35,14.0,0.31,0.44,20.533266881382012,0.4376586748096509,0.02960523121531125,0.053725,-0.026375,-2.946934569809381e-05,0.00013554868624420405
0.5,0.35,16.0,0.31,0.44,20.533266881382012,0.4376586748096509,0.02960523121531125,0.053725,-0.026375,-2.946934569809381e-05,0.00013554868624420405
0.5,0.35,18.0,0.31,0.44,20.533266881382012,0.4376586748096509,0.02960523121531125,0.053725,-0.026375,-2.946934569809381e-05,0.00013554868624420405
0.5,0.35,20.0,0.31,0.44,20.533266881382012,0.4376586748096509,0.02960523121531125,0.053725,-0.026375,-2.946934569809381e-05,0.00013554868624420405
0.5,0.4,,0.31,0.44,20.533266881382012,0.4376586748096509,0.02960523121531125,0.053725,-0.026375,-2.946934569809381e-05,0.00013554868624420405
0.5,0.4,2.0,0.31,0.44,20.533266881382012,0.4376586748096509,0.02960523121531125,0.053725,-0.026375,-2.946934569809381e-05,0.00013554868624420405
0.5,0.4,4.0,0.31,0.44,20.533266881382012,0.4376586748096509,0.02960523121531125,0.053725,-0.026375,-2.946934569809381e-05,0.00013554868624420405
0.5,0.4,6.0,0.31,0.44,20.533266881382012,0.4376586748096509,0.02960523121531125,0.053725,-0.026375,-2.946934569809381e-05,0.00013554868624420405
0.5,0.4,8.0,0.31,0.44,20.533266881382012,0.4376586748096509,0.02960523121531125,0.053725,-0.026375,-2.946934569809381e-05,0.00013554868624420405
0.5,0.4,10.0,0.31,0.44,20.533266881382012,0.4376586748096509,0.02960523121531125,0.053725,-0.026375,-2.946934569809381e-05,0.00013554868624420405
0.5,0.4,12.0,0.31,0.44,20.533266881382012,0.4376586748096509,0.02960523121531125,0.053725,-0.026375,-2.946934569809381e-05,0.00013554868624420405
0.5,0.4,14.0,0.31,0.44,20.533266881382012,0.4376586748096509,0.02960523121531125,0.053725,-0.026375,-2.946934569809381e-05,0.00013554868624420405
0.5,0.4,16.0,0.31,0.44,20.533266881382012,0.4376586748096509,0.02960523121531125,0.053725,-0.026375,-2.946934569809381e-05,0.00013554868624420405
0.5,0.4,18.0,0.31,0.44,20.533266881382012,0.4376586748096509,0.02960523121531125,0.053725,-0.026375,-2.946934569809381e-05,0.00013554868624420405
0.5,0.4,20.0,0.31,0.44,20.533266881382012,0.4376586748096509,0.02960523121531125,0.053725,-0.026375,-2.946934569809381e-05,0.00013554868624420405
0.5,0.45,,0.31,0.44,20.533266881382012,0.4376586748096509,0.02960523121531125,0.053725,-0.026375,-2.946934569809381e-05,0.00013554868624420405
0.5,0.45,2.0,0.31,0.44,20.533266881382012,0.4376586748096509,0.02960523121531125,0.053725,-0.026375,-2.946934569809381e-05,0.00013554868624420405
0.5,0.45,4.0,0.31,0.44,20.533266881382012,0.4376586748096509,0.02960523121531125,0.053725,-0.026375,-2.946934569809381e-05,0.00013554868624420405
0.5,0.45,6.0,0.31,0.44,20.533266881382012,0.4376586748096509,0.02960523121531125,0.053725,-0.026375,-2.946934569809381e-05,0.00013554868624420405
0.5,0.45,8.0,0.31,0.44,20.533266881382012,0.4376586748096509,0.02960523121531125,0.053725,-0.026375,-2.946934569809381e-05,0.00013554868624420405
0.5,0.45,10.0,0.31,0.44,20.533266881382012,0.4376586748096509,0.02960523121531125,0.053725,-0.026375,-2.946934569809381e-05,0.00013554868624420405
0.5,0.45,12.0,0.31,0.44,20.533266881382012,0.4376586748096509,0.02960523121531125,0.053725,-0.026375,-2.946934569809381e-05,0.00013554868624420405
0.5,0.45,14.0,0.31,0.44,20.533266881382012,0.4376586748096509,0.02960523121531125,0.053725,-0.026375,-2.946934569809381e-05,0.00013554868624420405
0.5,0.45,16.0,0.31,0.44,20.533266881382012,0.4376586748096509,0.02960523121531125,0.053725,-0.026375,-2.946934569809381e-05,0.00013554868624420405
0.5,0.45,18.0,0.31,0.44,20.533266881382012,0.4376586748096509,0.02960523121531125,0.053725,-0.026375,-2.946934569809381e-05,0.00013554868624420405
0.5,0.45,20.0,0.31,0.44,20.533266881382012,0.4376586748096509,0.02960523121531125,0.053725,-0.026375,-2.946934569809381e-05,0.00013554868624420405
0.5,0.5,,0.31,0.44,20.533266881382012,0.4376586748096509,0.02960523121531125,0.053725,-0.026375,-2.946934569809381e-05,0.00013554868624420405
0.5,0.5,2.0,0.31,0.44,20.533266881382012,0.4376586748096509,0.02960523121531125,0.053725,-0.026375,-2.946934569809381e-05,0.00013554868624420405
0.5,0.5,4.0,0.31,0.44,20.533266881382012,0.4376586748096509,0.02960523121531125,0.053725,-0.026375,-2.946934569809381e-05,0.00013554868624420405
0.5,0.5,6.0,0.31,0.44,20.533266881382012,0.4376586748096509,0.02960523121531125,0.053725,-0.026375,-2.946934569809381e-05,0.00013554868624420405
0.5,0.5,8.0,0.31,0.44,20.533266881382012,0.4376586748096509,0.02960523121531125,0.053725,-0.026375,-2.946934569809381e-05,0.00013554868624420405
0.5,0.5,10.0,0.31,0.44,20.533266881382012,0.4376586748096509,0.02960523121531125,0.053725,-0.026375,-2.946934569809381e-05,0.00013554868624420405
0.5,0.5,12.0,0.31,0.44,20.533266881382012,0.4376586748096509,0.02960523121531125,0.053725,-0.026375,-2.946934569809381e-05,0.00013554868624420405
0.5,0.5,14.0,0.31,0.44,20.533266881382012,0.4376586748096509,0.02960523121531125,0.053725,-0.026375,-2.946934569809381e-05,0.00013554868624420405
0.5,0.5,16.0,0.31,0.44,20.533266881382012,0.4376586748096509,0.02960523121531125,0.053725,-0.026375,-2.946934569809381e-05,0.00013554868624420405
0.5,0.5,18.0,0.31,0.44,20.533266881382012,0.4376586748096509,0.02960523121531125,0.053725,-0.026375,-2.946934569809381e-05,0.00013554868624420405
0.5,0.5,20.0,0.31,0.44,20.533266881382012,0.4376586748096509,0.02960523121531125,0.053725,-0.026375,-2.946934569809381e-05,0.00013554868624420405
0.5,0.55,,0.31,0.44,20.533266881382012,0.4376586748096509,0.02960523121531125,0.053725,-0.026375,-2.946934569809381e-05,0.00013554868624420405
0.5,0.55,2.0,0.31,0.44,20.533266881382012,0.4376586748096509,0.02960523121531125,0.053725,-0.026375,-2.946934569809381e-05,0.00013554868624420405
0.5,0.55,4.0,0.31,0.44,20.533266881382012,0.4376586748096509,0.02960523121531125,0.053725,-0.026375,-2.946934569809381e-05,0.00013554868624420405
0.5,0.55,6.0,0.31,0.44,20.533266881382012,0.4376586748096509,0.02960523121531125,0.053725,-0.026375,-2.946934569809381e-05,0.00013554868624420405
0.5,0.55,8.0,0.31,0.44,20.533266881382012,0.4376586748096509,0.02960523121531125,0.053725,-0.026375,-2.946934569809381e-05,0.00013554868624420405
0.5,0.55,10.0,0.31,0.44,20.533266881382012,0.4376586748096509,0.02960523121531125,0.053725,-0.026375,-2.946934569809381e-05,0.00013554868624420405
0.5,0.55,12.0,0.31,0.44,20.533266881382012,0.4376586748096509,0.02960523121531125,0.053725,-0.026375,-2.946934569809381e-05,0.00013554868624420405
0.5,0.55,14.0,0.31,0.44,20.533266881382012,0.4376586748096509,0.02960523121531125,0.053725,-0.026375,-2.946934569809381e-05,0.00013554868624420405
0.5,0.55,16.0,0.31,0.44,20.533266881382012,0.4376586748096509,0.02960523121531125,0.053725,-0.026375,-2.946934569809381e-05,0.00013554868624420405
0.5,0.55,18.0,0.31,0.44,20.533266881382012,0.4376586748096509,0.02960523121531125,0.053725,-0.026375,-2.946934569809381e-05,0.00013554868624420405
0.5,0.55,20.0,0.31,0.44,20.533266881382012,0.4376586748096509,0.02960523121531125,0.053725,-0.026375,-2.946934569809381e-05,0.00013554868624420405
0.5,0.6,,0.31,0.44,20.533266881382012,0.4376586748096509,0.02960523121531125,0.053725,-0.026375,-2.946934569809381e-05,0.00013554868624420405
0.5,0.6,2.0,0.31,0.44,20.533266881382012,0.4376586748096509,0.02960523121531125,0.053725,-0.026375,-2.946934569809381e-05,0.00013554868624420405
0.5,0.6,4.0,0.31,0.44,20.533266881382012,0.4376586748096509,0.02960523121531125,0.053725,-0.026375,-2.946934569809381e-05,0.00013554868624420405
0.5,0.6,6.0,0.31,0.44,20.533266881382012,0.4376586748096509,0.02960523121531125,0.053725,-0.026375,-2.946934569809381e-05,0.00013554868624420405
0.5,0.6,8.0,0.31,0.44,20.533266881382012,0.4376586748096509,0.02960523121531125,0.053725,-0.026375,-2.946934569809381e-05,0.00013554868624420405
0.5,0.6,10.0,0.31,0.44,20.533266881382012,0.4376586748096509,0.02960523121531125,0.053725,-0.026375,-2.946934569809381e-05,0.00013554868624420405
0.5,0.6,12.0,0.31,0.44,20.533266881382012,0.4376586748096509,0.02960523121531125,0.053725,-0.026375,-2.946934569809381e-05,0.00013554868624420405
0.5,0.6,14.0,0.31,0.44,20.533266881382012,0.4376586748096509,0.02960523121531125,0.053725,-0.026375,-2.946934569809381e-05,0.00013554868624420405
0.5,0.6,16.0,0.31,0.44,20.533266881382012,0.4376586748096509,0.02960523121531125,0.053725,-0.026375,-2.946934569809381e-05,0.00013554868624420405
0.5,0.6,18.0,0.31,0.44,20.533266881382012,0.4376586748096509,0.02960523121531125,0.053725,-0.026375,-2.946934569809381e-05,0.00013554868624420405
0.5,0.6,20.0,0.31,0.44,20.533266881382012,0.4376586748096509,0.02960523121531125,0.053725,-0.026375,-2.946934569809381e-05,0.00013554868624420405
0.5,0.65,,0.31,0.44,20.533266881382012,0.4376586748096509,0.02960523121531125,0.053725,-0.026375,-2.946934569809381e-05,0.00013554868624420405
0.5,0.65,2.0,0.31,0.44,20.533266881382012,0.4376586748096509,0.02960523121531125,0.053725,-0.026375,-2.946934569809381e-05,0.00013554868624420405
0.5,0.65,4.0,0.31,0.44,20.533266881382012,0.4376586748096509,0.02960523121531125,0.053725,-0.026375,-2.946934569809381e-05,0.00013554868624420405
0.5,0.65,6.0,0.31,0.44,20.533266881382012,0.4376586748096509,0.02960523121531125,0.053725,-0.026375,-2.946934569809381e-05,0.00013554868624420405
0.5,0.65,8.0,0.31,0.44,20.533266881382012,0.4376586748096509,0.02960523121531125,0.053725,-0.026375,-2.946934569809381e-05,0.00013554868624420405
0.5,0.65,10.0,0.31,0.44,20.533266881382012,0.4376586748096509,0.02960523121531125,0.053725,-0.026375,-2.946934569809381e-05,0.00013554868624420405
0.5,0.65,12.0,0.31,0.44,20.533266881382012,0.4376586748096509,0.02960523121531125,0.053725,-0.026375,-2.946934569809381e-05,0.00013554868624420405
0.5,0.65,14.0,0.31,0.44,20.533266881382012,0.4376586748096509,0.02960523121531125,0.053725,-0.026375,-2.946934569809381e-05,0.00013554868624420405
0.5,0.65,16.0,0.31,0.44,20.533266881382012,0.4376586748096509,0.02960523121531125,0.053725,-0.026375,-2.946934569809381e-05,0.00013554868624420405
0.5,0.65,18.0,0.31,0.44,20.533266881382012,0.4376586748096509,0.02960523121531125,0.053725,-0.026375,-2.946934569809381e-05,0.00013554868624420405
0.5,0.65,20.0,0.31,0.44,20.533266881382012,0.4376586748096509,0.02960523121531125,0.053725,-0.026375,-2.946934569809381e-05,0.00013554868624420405
0.5,0.7,,0.31,0.44,20.533266881382012,0.4376586748096509,0.02960523121531125,0.053725,-0.026375,-2.946934569809381e-05,0.00013554868624420405
0.5,0.7,2.0,0.31,0.44,20.533266881382012,0.4376586748096509,0.02960523121531125,0.053725,-0.026375,-2.946934569809381e-05,0.00013554868624420405
0.5,0.7,4.0,0.31,0.44,20.533266881382012,0.4376586748096509,0.02960523121531125,0.053725,-0.026375,-2.946934569809381e-05,0.00013554868624420405
0.5,0.7,6.0,0.31,0.44,20.533266881382012,0.4376586748096509,0.02960523121531125,0.053725,-0.026375,-2.946934569809381e-05,0.00013554868624420405
0.5,0.7,8.0,0.31,0.44,20.533266881382012,0.4376586748096509,0.02960523121531125,0.053725,-0.026375,-2.946934569809381e-05,0.00013554868624420405
0.5,0.7,10.0,0.31,0.44,20.533266881382012,0.4376586748096509,0.02960523121531125,0.053725,-0.026375,-2.946934569809381e-05,0.00013554868624420405
0.5,0.7,12.0,0.31,0.44,20.533266881382012,0.4376586748096509,0.02960523121531125,0.053725,-0.026375,-2.946934569809381e-05,0.00013554868624420405
0.5,0.7,14.0,0.31,0.44,20.533266881382012,0.4376586748096509,0.02960523121531125,0.053725,-0.026375,-2.946934569809381e-05,0.00013554868624420405
0.5,0.7,16.0,0.31,0.44,20.533266881382012,0.4376586748096509,0.02960523121531125,0.053725,-0.026375,-2.946934569809381e-05,0.00013554868624420405
0.5,0.7,18.0,0.31,0.44,20.533266881382012,0.4376586748096509,0.02960523121531125,0.053725,-0.026375,-2.946934569809381e-05,0.00013554868624420405
0.5,0.7,20.0,0.31,0.44,20.533266881382012,0.4376586748096509,0.02960523121531125,0.053725,-0.026375,-2.946934569809381e-05,0.00013554868624420405
0.5,0.75,,0.31,0.44,20.533266881382012,0.4376586748096509,0.02960523121531125,0.053725,-0.026375,-2.946934569809381e-05,0.00013554868624420405
0.5,0.75,2.0,0.31,0.44,20.533266881382012,0.4376586748096509,0.02960523121531125,0.053725,-0.026375,-2.946934569809381e-05,0.00013554868624420405
0.5,0.75,4.0,0.31,0.44,20.533266881382012,0.4376586748096509,0.02960523121531125,0.053725,-0.026375,-2.946934569809381e-05,0.00013554868624420405
0.5,0.75,6.0,0.31,0.44,20.533266881382012,0.4376586748096509,0.02960523121531125,0.053725,-0.026375,-2.946934569809381e-05,0.00013554868624420405
0.5,0.75,8.0,0.31,0.44,20.533266881382012,0.4376586748096509,0.02960523121531125,0.053725,-0.026375,-2.946934569809381e-05,0.00013554868624420405
0.5,0.75,10.0,0.31,0.44,20.533266881382012,0.4376586748096509,0.02960523121531125,0.053725,-0.026375,-2.946934569809381e-05,0.00013554868624420405
0.5,0.75,12.0,0.31,0.44,20.533266881382012,0.4376586748096509,0.02960523121531125,0.053725,-0.026375,-2.946934569809381e-05,0.00013554868624420405
0.5,0.75,14.0,0.31,0.44,20.533266881382012,0.4376586748096509,0.02960523121531125,0.053725,-0.026375,-2.946934569809381e-05,0.00013554868624420405
0.5,0.75,16.0,0.31,0.44,20.533266881382012,0.4376586748096509,0.02960523121531125,0.053725,-0.026375,-2.946934569809381e-05,0.00013554868624420405
0.5,0.75,18.0,0.31,0.44,20.533266881382012,0.4376586748096509,0.02960523121531125,0.053725,-0.026375,-2.946934569809381e-05,0.00013554868624420405
0.5,0.75,20.0,0.31,0.44,20.533266881382012,0.4376586748096509,0.02960523121531125,0.053725,-0.026375,-2.946934569809381e-05,0.00013554868624420405
0.5,0.8,,0.31,0.44,20.533266881382012,0.4376586748096509,0.02960523121531125,0.053725,-0.026375,-2.946934569809381e-05,0.00013554868624420405
0.5,0.8,2.0,0.31,0.44,20.533266881382012,0.4376586748096509,0.02960523121531125,0.053725,-0.026375,-2.946934569809381e-05,0.00013554868624420405
0.5,0.8,4.0,0.31,0.44,20.533266881382012,0.4376586748096509,0.02960523121531125,0.053725,-0.026375,-2.946934569809381e-05,0.00013554868624420405
0.5,0.8,6.0,0.31,0.44,20.533266881382012,0.4376586748096509,0.02960523121531125,0.053725,-0.026375,-2.946934569809381e-05,0.00013554868624420405
0.5,0.8,8.0,0.31,0.44,20.533266881382012,0.4376586748096509,0.02960523121531125,0.053725,-0.026375,-2.946934569809381e-05,0.00013554868624420405
0.5,0.8,10.0,0.31,0.44,20.533266881382012,0.4376586748096509,0.02960523121531125,0.053725,-0.026375,-2.946934569809381e-05,0.00013554868624420405
0.5,0.8,12.0,0.31,0.44,20.533266881382012,0.4376586748096509,0.02960523121531125,0.053725,-0.026375,-2.946934569809381e-05,0.00013554868624420405
0.5,0.8,14.0,0.31,0.44,20.533266881382012,0.4376586748096509,0.02960523121531125,0.053725,-0.026375,-2.946934569809381e-05,0.00013554868624420405
0.5,0.8,16.0,0.31,0.44,20.533266881382012,0.4376586748096509,0.02960523121531125,0.053725,-0.026375,-2.946934569809381e-05,0.00013554868624420405
0.5,0.8,18.0,0.31,0.44,20.533266881382012,0.4376586748096509,0.02960523121531125,0.053725,-0.026375,-2.946934569809381e-05,0.00013554868624420405
0.5,0.8,20.0,0.31,0.44,20.533266881382012,0.4376586748096509,0.02960523121531125,0.053725,-0.026375,-2.946934569809381e-05,0.00013554868624420405
0.5,0.85,,0.31,0.44,20.533266881382012,0.4376586748096509,0.02960523121531125,0.053725,-0.026375,-2.946934569809381e-05,0.00013554868624420405
0.5,0.85,2.0,0.31,0.44,20.533266881382012,0.4376586748096509,0.02960523121531125,0.053725,-0.026375,-2.946934569809381e-05,0.00013554868624420405
0.5,0.85,4.0,0.31,0.44,20.533266881382012,0.4376586748096509,0.02960523121531125,0.053725,-0.026375,-2.946934569809381e-05,0.00013554868624420405
0.5,0.85,6.0,0.31,0.44,20.533266881382012,0.4376586748096509,0.02960523121531125,0.053725,-0.026375,-2.946934569809381e-05,0.00013554868624420405
0.5,0.85,8.0,0.31,0.44,20.533266881382012,0.4376586748096509,0.02960523121531125,0.053725,-0.026375,-2.946934569809381e-05,0.00013554868624420405
0.5,0.85,10.0,0.31,0.44,20.533266881382012,0.4376586748096509,0.02960523121531125,0.053725,-0.026375,-2.946934569809381e-05,0.00013554868624420405
0.5,0.85,12.0,0.31,0.44,20.533266881382012,0.4376586748096509,0.02960523121531125,0.053725,-0.026375,-2.946934569809381e-05,0.00013554868624420405
0.5,0.85,14.0,0.31,0.44,20.533266881382012,0.4376586748096509,0.02960523121531125,0.053725,-0.026375,-2.946934569809381e-05,0.00013554868624420405
0.5,0.85,16.0,0.31,0.44,20.533266881382012,0.4376586748096509,0.02960523121531125,0.053725,-0.026375,-2.946934569809381e-05,0.00013554868624420405
0.5,0.85,18.0,0.31,0.44,20.533266881382012,0.4376586748096509,0.02960523121531125,0.053725,-0.026375,-2.946934569809381e-05,0.00013554868624420405
0.5,0.85,20.0,0.31,0.44,20.533266881382012,0.4376586748096509,0.02960523121531125,0.053725,-0.026375,-2.946934569809381e-05,0.00013554868624420405
0.5,0.9,,0.31,0.44,20.533266881382012,0.4376586748096509,0.02960523121531125,0.053725,-0.026375,-2.946934569809381e-05,0.00013554868624420405
0.5,0.9,2.0,0.31,0.44,20.533266881382012,0.4376586748096509,0.02960523121531125,0.053725,-0.026375,-2.946934569809381e-05,0.00013554868624420405
0.5,0.9,4.0,0.31,0.44,20.533266881382012,0.4376586748096509,0.02960523121531125,0.053725,-0.026375,-2.946934569809381e-05,0.00013554868624420405
0.5,0.9,6.0,0.31,0.44,20.533266881382012,0.4376586748096509,0.02960523121531125,0.053725,-0.026375,-2.946934569809381e-05,0.00013554868624420405
0.5,0.9,8.0,0.31,0.44,20.533266881382012,0.4376586748096509,0.02960523121531125,0.053725,-0.026375,-2.946934569809381e-05,0.00013554868624420405
0.5,0.9,10.0,0.31,0.44,20.533266881382012,0.4376586748096509,0.02960523121531125,0.053725,-0.026375,-2.946934569809381e-05,0.00013554868624420405
0.5,0.9,12.0,0.31,0.44,20.533266881382012,0.4376586748096509,0.02960523121531125,0.053725,-0.026375,-2.946934569809381e-05,0.00013554868624420405
0.5,0.9,14.0,0.31,0.44,20.533266881382012,0.4376586748096509,0.02960523121531125,0.053725,-0.026375,-2.946934569809381e-05,0.00013554868624420405
0.5,0.9,16.0,0.31,0.44,20.533266881382012,0.4376586748096509,0.02960523121531125,0.053725,-0.026375,-2.946934569809381e-05,0.00013554868624420405
0.5,0.9,18.0,0.31,0.44,20.533266881382012,0.4376586748096509,0.02960523121531125,0.053725,-0.026375,-2.946934569809381e-05,0.00013554868624420405
0.5,0.9,20.0,0.31,0.44,20.533266881382012,0.4376586748096509,0.02960523121531125,0.053725,-0.026375,-2.946934569809381e-05,0.00013554868624420405
0.5,0.95,,0.31,0.44,20.533266881382012,0.4376586748096509,0.02960523121531125,0.053725,-0.026375,-2.946934569809381e-05,0.00013554868624420405
0.5,0.95,2.0,0.31,0.44,20.533266881382012,0.4376586748096509,0.02960523121531125,0.053725,-0.026375,-2.946934569809381e-05,0.00013554868624420405
0.5,0.95,4.0,0.31,0.44,20.533266881382012,0.4376586748096509,0.02960523121531125,0.053725,-0.026375,-2.946934569809381e-05,0.00013554868624420405
0.5,0.95,6.0,0.31,0.44,20.533266881382012,0.4376586748096509,0.02960523121531125,0.053725,-0.026375,-2.946934569809381e-05,0.00013554868624420405
0.5,0.95,8.0,0.31,0.44,20.533266881382012,0.4376586748096509,0.02960523121531125,0.053725,-0.026375,-2.946934569809381e-05,0.00013554868624420405
0.5,0.95,10.0,0.31,0.44,20.533266881382012,0.4376586748096509,0.02960523121531125,0.053725,-0.026375,-2.946934569809381e-05,0.00013554868624420405
0.5,0.95,12.0,0.31,0.44,20.533266881382012,0.4376586748096509,0.02960523121531125,0.053725,-0.026375,-2.946934569809381e-05,0.00013554868624420405
0.5,0.95,14.0,0.31,0.44,20.533266881382012,0.4376586748096509,0.02960523121531125,0.053725,-0.026375,-2.946934569809381e-05,0.00013554868624420405
0.5,0.95,16.0,0.31,0.44,20.533266881382012,0.4376586748096509,0.02960523121531125,0.053725,-0.026375,-2.946934569809381e-05,0.00013554868624420405
0.5,0.95,18.0,0.31,0.44,20.533266881382012,0.4376586748096509,0.02960523121531125,0.053725,-0.026375,-2.946934569809381e-05,0.00013554868624420405
0.5,0.95,20.0,0.31,0.44,20.533266881382012,0.4376586748096509,0.02960523121531125,0.053725,-0.026375,-2.946934569809381e-05,0.00013554868624420405
0.5,1.0,,0.31,0.44,20.533266881382012,0.4376586748096509,0.02960523121531125,0.053725,-0.026375,-2.946934569809381e-05,0.00013554868624420405
0.5,1.0,2.0,0.31,0.44,20.533266881382012,0.4376586748096509,0.02960523121531125,0.053725,-0.026375,-2.946934569809381e-05,0.00013554868624420405
0.5,1.0,4.0,0.31,0.44,20.533266881382012,0.4376586748096509,0.02960523121531125,0.053725,-0.026375,-2.946934569809381e-05,0.00013554868624420405
0.5,1.0,6.0,0.31,0.44,20.533266881382012,0.4376586748096509,0.02960523121531125,0.053725,-0.026375,-2.946934569809381e-05,0.00013554868624420405
0.5,1.0,8.0,0.31,0.44,20.533266881382012,0.4376586748096509,0.02960523121531125,0.053725,-0.026375,-2.946934569809381e-05,0.00013554868624420405
0.5,1.0,10.0,0.31,0.44,20.533266881382012,0.4376586748096509,0.02960523121531125,0.053725,-0.026375,-2.946934569809381e-05,0.00013554868624420405
0.5,1.0,12.0,0.31,0.44,20.533266881382012,0.4376586748096509,0.02960523121531125,0.053725,-0.026375,-2.946934569809381e-05,0.00013554868624420405
0.5,1.0,14.0,0.31,0.44,20.533266881382012,0.4376586748096509,0.02960523121531125,0.053725,-0.026375,-2.946934569809381e-05,0.00013554868624420405
0.5,1.0,16.0,0.31,0.44,20.533266881382012,0.4376586748096509,0.02960523121531125,0.053725,-0.026375,-2.946934569809381e-05,0.00013554868624420405
0.5,1.0,18.0,0.31,0.44,20.533266881382012,0.4376586748096509,0.02960523121531125,0.053725,-0.026375,-2.946934569809381e-05,0.00013554868624420405
0.5,1.0,20.0,0.31,0.44,20.533266881382012,0.4376586748096509,0.02960523121531125,0.053725,-0.026375,-2.946934569809381e-05,0.00013554868624420405
0.55,0.1,,0.31,0.43,20.645358553535374,0.5358411166387221,0.029582412130998728,0.06193333333333334,-0.034333333333333334,-2.8185328185328226e-05,0.00013593307593307594
0.55,0.1,2.0,0.31,0.43,20.645358553535374,0.5358411166387221,0.029582412130998728,0.06193333333333334,-0.034333333333333334,-2.8185328185328226e-05,0.00013593307593307594
0.55,0.1,4.0,0.31,0.43,20.645358553535374,0.5358411166387221,0.029582412130998728,0.06193333333333334,-0.034333333333333334,-2.8185328185328226e-05,0.00013593307593307594
0.55,0.1,6.0,0.31,0.43,20.645358553535374,0.5358411166387221,0.029582412130998728,0.06193333333333334,-0.034333333333333334,-2.8185328185328226e-05,0.00013593307593307594
0.55,0.1,8.0,0.31,0.43,20.645358553535374,0.5358411166387221,0.029582412130998728,0.06193333333333334,-0.034333333333333334,-2.8185328185328226e-05,0.00013593307593307594
0.55,0.1,10.0,0.31,0.43,20.645358553535374,0.5358411166387221,0.029582412130998728,0.06193333333333334,-0.034333333333333334,-2.8185328185328226e-05,0.00013593307593307594
0.55,0.1,12.0,0.31,0.43,20.645358553535374,0.5358411166387221,0.029582412130998728,0.06193333333333334,-0.034333333333333334,-2.8185328185328226e-05,0.00013593307593307594
0.55,0.1,14.0,0.31,0.43,20.645358553535374,0.5358411166387221,0.029582412130998728,0.06193333333333334,-0.034333333333333334,-2.8185328185328226e-05,0.00013593307593307594
0.55,0.1,16.0,0.31,0.43,20.645358553535374,0.5358411166387221,0.029582412130998728,0.06193333333333334,-0.034333333333333334,-2.8185328185328226e-05,0.00013593307593307594
0.55,0.1,18.0,0.31,0.43,20.645358553535374,0.5358411166387221,0.029582412130998728,0.06193333333333334,-0.034333333333333334,-2.8185328185328226e-05,0.00013593307593307594
0.55,0.1,20.0,0.31,0.43,20.645358553535374,0.5358411166387221,0.029582412130998728,0.06193333333333334,-0.034333333333333334,-2.8185328185328226e-05,0.00013593307593307594
0.55,0.15,,0.31,0.43,20.645358553535374,0.5358411166387221,0.029582412130998728,0.06193333333333334,-0.034333333333333334,-2.8185328185328226e-05,0.00013593307593307594
0.55,0.15,2.0,0.31,0.43,20.645358553535374,0.5358411166387221,0.029582412130998728,0.06193333333333334,-0.034333333333333334,-2.8185328185328226e-05,0.00013593307593307594
0.55,0.15,4.0,0.31,0.43,20.645358553535374,0.5358411166387221,0.029582412130998728,0.06193333333333334,-0.034333333333333334,-2.8185328185328226e-05,0.00013593307593307594
0.55,0.15,6.0,0.31,0.43,20.645358553535374,0.5358411166387221,0.029582412130998728,0.06193333333333334,-0.034333333333333334,-2.8185328185328226e-05,0.00013593307593307594
0.55,0.15,8.0,0.31,0.43,20.645358553535374,0.5358411166387221,0.029582412130998728,0.06193333333333334,-0.034333333333333334,-2.8185328185328226e-05,0.00013593307593307594
0.55,0.15,10.0,0.31,0.43,20.645358553535374,0.5358411166387221,0.029582412130998728,0.06193333333333334,-0.034333333333333334,-2.8185328185328226e-05,0.00013593307593307594
0.55,0.15,12.0,0.31,0.43,20.645358553535374,0.5358411166387221,0.029582412130998728,0.06193333333333334,-0.034333333333333334,-2.8185328185328226e-05,0.00013593307593307594
0.55,0.15,14.0,0.31,0.43,20.645358553535374,0.5358411166387221,0.029582412130998728,0.06193333333333334,-0.034333333333333334,-2.8185328185328226e-05,0.00013593307593307594
0.55,0.15,16.0,0.31,0.43,20.645358553535374,0.5358411166387221,0.029582412130998728,0.06193333333333334,-0.034333333333333334,-2.8185328185328226e-05,0.00013593307593307594
0.55,0.15,18.0,0.31,0.43,20.645358553535374,0.5358411166387221,0.029582412130998728,0.06193333333333334,-0.034333333333333334,-2.8185328185328226e-05,0.00013593307593307594
0.55,0.15,20.0,0.31,0.43,20.645358553535374,0.5358411166387221,0.029582412130998728,0.06193333333333334,-0.034333333333333334,-2.8185328185328226e-05,0.00013593307593307594
0.55,0.2,,0.31,0.43,20.645358553535374,0.5358411166387221,0.029582412130998728,0.06193333333333334,-0.034333333333333334,-2.8185328185328226e-05,0.00013593307593307594
0.55,0.2,2.0,0.31,0.43,20.645358553535374,0.5358411166387221,0.029582412130998728,0.06193333333333334,-0.034333333333333334,-2.8185328185328226e-05,0.00013593307593307594
0.55,0.2,4.0,0.31,0.43,20.645358553535374,0.5358411166387221,0.029582412130998728,0.06193333333333334,-0.034333333333333334,-2.8185328185328226e-05,0.00013593307593307594
0.55,0.2,6.0,0.31,0.43,20.645358553535374,0.5358411166387221,0.029582412130998728,0.06193333333333334,-0.034333333333333334,-2.8185328185328226e-05,0.00013593307593307594
0.55,0.2,8.0,0.31,0.43,20.645358553535374,0.5358411166387221,0.029582412130998728,0.06193333333333334,-0.034333333333333334,-2.8185328185328226e-05,0.00013593307593307594
0.55,0.2,10.0,0.31,0.43,20.645358553535374,0.5358411166387221,0.029582412130998728,0.06193333333333334,-0.034333333333333334,-2.8185328185328226e-05,0.00013593307593307594
0.55,0.2,12.0,0.31,0.43,20.645358553535374,0.5358411166387221,0.029582412130998728,0.06193333333333334,-0.034333333333333334,-2.8185328185328226e-05,0.00013593307593307594
0.55,0.2,14.0,0.31,0.43,20.645358553535374,0.5358411166387221,0.029582412130998728,0.06193333333333334,-0.034333333333333334,-2.8185328185328226e-05,0.00013593307593307594
0.55,0.2,16.0,0.31,0.43,20.645358553535374,0.5358411166387221,0.029582412130998728,0.06193333333333334,-0.034333333333333334,-2.8185328185328226e-05,0.00013593307593307594
0.55,0.2,18.0,0.31,0.43,20.645358553535374,0.5358411166387221,0.029582412130998728,0.06193333333333334,-0.034333333333333334,-2.8185328185328226e-05,0.00013593307593307594
0.55,0.2,20.0,0.31,0.43,20.645358553535374,0.5358411166387221,0.029582412130998728,0.06193333333333334,-0.034333333333333334,-2.8185328185328226e-05,0.00013593307593307594
0.55,0.25,,0.31,0.43,20.645358553535374,0.5358411166387221,0.029582412130998728,0.06193333333333334,-0.034333333333333334,-2.8185328185328226e-05,0.00013593307593307594
0.55,0.25,2.0,0.31,0.43,20.645358553535374,0.5358411166387221,0.029582412130998728,0.06193333333333334,-0.034333333333333334,-2.8185328185328226e-05,0.00013593307593307594
0.55,0.25,4.0,0.31,0.43,20.645358553535374,0.5358411166387221,0.029582412130998728,0.06193333333333334,-0.034333333333333334,-2.8185328185328226e-05,0.00013593307593307594
0.55,0.25,6.0,0.31,0.43,20.645358553535374,0.5358411166387221,0.029582412130998728,0.06193333333333334,-0.034333333333333334,-2.8185328185328226e-05,0.00013593307593307594
0.55,0.25,8.0,0.31,0.43,20.645358553535374,0.5358411166387221,0.029582412130998728,0.06193333333333334,-0.034333333333333334,-2.8185328185328226e-05,0.00013593307593307594
0.55,0.25,10.0,0.31,0.43,20.645358553535374,0.5358411166387221,0.029582412130998728,0.06193333333333334,-0.034333333333333334,-2.8185328185328226e-05,0.00013593307593307594
0.55,0.25,12.0,0.31,0.43,20.645358553535374,0.5358411166387221,0.029582412130998728,0.06193333333333334,-0.034333333333333334,-2.8185328185328226e-05,0.00013593307593307594
0.55,0.25,14.0,0.31,0.43,20.645358553535374,0.5358411166387221,0.029582412130998728,0.06193333333333334,-0.034333333333333334,-2.8185328185328226e-05,0.00013593307593307594
0.55,0.25,16.0,0.31,0.43,20.645358553535374,0.5358411166387221,0.029582412130998728,0.06193333333333334,-0.034333333333333334,-2.8185328185328226e-05,0.00013593307593307594
0.55,0.25,18.0,0.31,0.43,20.645358553535374,0.5358411166387221,0.029582412130998728,0.06193333333333334,-0.034333333333333334,-2.8185328185328226e-05,0.00013593307593307594
0.55,0.25,20.0,0.31,0.43,20.645358553535374,0.5358411166387221,0.029582412130998728,0.06193333333333334,-0.034333333333333334,-2.8185328185328226e-05,0.00013593307593307594
0.55,0.3,,0.31,0.43,20.645358553535374,0.5358411166387221,0.029582412130998728,0.06193333333333334,-0.034333333333333334,-2.8185328185328226e-05,0.00013593307593307594
0.55,0.3,2.0,0.31,0.43,20.645358553535374,0.5358411166387221,0.029582412130998728,0.06193333333333334,-0.034333333333333334,-2.8185328185328226e-05,0.00013593307593307594
0.55,0.3,4.0,0.31,0.43,20.645358553535374,0.5358411166387221,0.029582412130998728,0.06193333333333334,-0.034333333333333334,-2.8185328185328226e-05,0.00013593307593307594
0.55,0.3,6.0,0.31,0.43,20.645358553535374,0.5358411166387221,0.029582412130998728,0.06193333333333334,-0.034333333333333334,-2.8185328185328226e-05,0.00013593307593307594
0.55,0.3,8.0,0.31,0.43,20.645358553535374,0.5358411166387221,0.029582412130998728,0.06193333333333334,-0.034333333333333334,-2.8185328185328226e-05,0.00013593307593307594
0.55,0.3,10.0,0.31,0.43,20.645358553535374,0.5358411166387221,0.029582412130998728,0.06193333333333334,-0.034333333333333334,-2.8185328185328226e-05,0.00013593307593307594
0.55,0.3,12.0,0.31,0.43,20.645358553535374,0.5358411166387221,0.029582412130998728,0.06193333333333334,-0.034333333333333334,-2.8185328185328226e-05,0.00013593307593307594
0.55,0.3,14.0,0.31,0.43,20.645358553535374,0.5358411166387221,0.029582412130998728,0.06193333333333334,-0.034333333333333334,-2.8185328185328226e-05,0.00013593307593307594
0.55,0.3,16.0,0.31,0.43,20.645358553535374,0.5358411166387221,0.029582412130998728,0.06193333333333334,-0.034333333333333334,-2.8185328185328226e-05,0.00013593307593307594
0.55,0.3,18.0,0.31,0.43,20.645358553535374,0.5358411166387221,0.029582412130998728,0.06193333333333334,-0.034333333333333334,-2.8185328185328226e-05,0.00013593307593307594
0.55,0.3,20.0,0.31,0.43,20.645358553535374,0.5358411166387221,0.029582412130998728,0.06193333333333334,-0.034333333333333334,-2.8185328185328226e-05,0.00013593307593307594
0.55,0.35,,0.31,0.43,20.645358553535374,0.5358411166387221,0.029582412130998728,0.06193333333333334,-0.034333333333333334,-2.8185328185328226e-05,0.00013593307593307594
0.55,0.35,2.0,0.31,0.43,20.645358553535374,0.5358411166387221,0.029582412130998728,0.06193333333333334,-0.034333333333333334,-2.8185328185328226e-05,0.00013593307593307594
0.55,0.35,4.0,0.31,0.43,20.645358553535374,0.5358411166387221,0.029582412130998728,0.06193333333333334,-0.034333333333333334,-2.8185328185328226e-05,0.00013593307593307594
0.55,0.35,6.0,0.31,0.43,20.645358553535374,0.5358411166387221,0.029582412130998728,0.06193333333333334,-0.034333333333333334,-2.8185328185328226e-05,0.00013593307593307594
0.55,0.35,8.0,0.31,0.43,20.645358553535374,0.5358411166387221,0.029582412130998728,0.06193333333333334,-0.034333333333333334,-2.8185328185328226e-05,0.00013593307593307594
0.55,0.35,10.0,0.31,0.43,20.645358553535374,0.5358411166387221,0.029582412130998728,0.06193333333333334,-0.034333333333333334,-2.8185328185328226e-05,0.00013593307593307594
0.55,0.35,12.0,0.31,0.43,20.645358553535374,0.5358411166387221,0.029582412130998728,0.06193333333333334,-0.034333333333333334,-2.8185328185328226e-05,0.00013593307593307594
0.55,0.35,14.0,0.31,0.43,20.645358553535374,0.5358411166387221,0.029582412130998728,0.06193333333333334,-0.034333333333333334,-2.8185328185328226e-05,0.00013593307593307594
0.55,0.35,16.0,0.31,0.43,20.645358553535374,0.5358411166387221,0.029582412130998728,0.06193333333333334,-0.034333333333333334,-2.8185328185328226e-05,0.00013593307593307594
0.55,0.35,18.0,0.31,0.43,20.645358553535374,0.5358411166387221,0.029582412130998728,0.06193333333333334,-0.034333333333333334,-2.8185328185328226e-05,0.00013593307593307594
0.55,0.35,20.0,0.31,0.43,20.645358553535374,0.5358411166387221,0.029582412130998728,0.06193333333333334,-0.034333333333333334,-2.8185328185328226e-05,0.00013593307593307594
0.55,0.4,,0.31,0.43,20.645358553535374,0.5358411166387221,0.029582412130998728,0.06193333333333334,-0.034333333333333334,-2.8185328185328226e-05,0.00013593307593307594
0.55,0.4,2.0,0.31,0.43,20.645358553535374,0.5358411166387221,0.029582412130998728,0.06193333333333334,-0.034333333333333334,-2.8185328185328226e-05,0.00013593307593307594
0.55,0.4,4.0,0.31,0.43,20.645358553535374,0.5358411166387221,0.029582412130998728,0.06193333333333334,-0.034333333333333334,-2.8185328185328226e-05,0.00013593307593307594
0.55,0.4,6.0,0.31,0.43,20.645358553535374,0.5358411166387221,0.029582412130998728,0.06193333333333334,-0.034333333333333334,-2.8185328185328226e-05,0.00013593307593307594
0.55,0.4,8.0,0.31,0.43,20.645358553535374,0.5358411166387221,0.029582412130998728,0.06193333333333334,-0.034333333333333334,-2.8185328185328226e-05,0.00013593307593307594
0.55,0.4,10.0,0.31,0.43,20.645358553535374,0.5358411166387221,0.029582412130998728,0.06193333333333334,-0.034333333333333334,-2.8185328185328226e-05,0.00013593307593307594
0.55,0.4,12.0,0.31,0.43,20.645358553535374,0.5358411166387221,0.029582412130998728,0.06193333333333334,-0.034333333333333334,-2.8185328185328226e-05,0.00013593307593307594
0.55,0.4,14.0,0.31,0.43,20.645358553535374,0.5358411166387221,0.029582412130998728,0.06193333333333334,-0.034333333333333334,-2.8185328185328226e-05,0.00013593307593307594
0.55,0.4,16.0,0.31,0.43,20.645358553535374,0.5358411166387221,0.029582412130998728,0.06193333333333334,-0.034333333333333334,-2.8185328185328226e-05,0.00013593307593307594
0.55,0.4,18.0,0.31,0.43,20.645358553535374,0.5358411166387221,0.029582412130998728,0.06193333333333334,-0.034333333333333334,-2.8185328185328226e-05,0.00013593307593307594
0.55,0.4,20.0,0.31,0.43,20.645358553535374,0.5358411166387221,0.029582412130998728,0.06193333333333334,-0.034333333333333334,-2.8185328185328226e-05,0.00013593307593307594
0.55,0.45,,0.31,0.43,20.645358553535374,0.5358411166387221,0.029582412130998728,0.06193333333333334,-0.034333333333333334,-2.8185328185328226e-05,0.00013593307593307594
0.55,0.45,2.0,0.31,0.43,20.645358553535374,0.5358411166387221,0.029582412130998728,0.06193333333333334,-0.034333333333333334,-2.8185328185328226e-05,0.00013593307593307594
0.55,0.45,4.0,0.31,0.43,20.645358553535374,0.5358411166387221,0.029582412130998728,0.06193333333333334,-0.034333333333333334,-2.8185328185328226e-05,0.00013593307593307594
0.55,0.45,6.0,0.31,0.43,20.645358553535374,0.5358411166387221,0.029582412130998728,0.06193333333333334,-0.034333333333333334,-2.8185328185328226e-05,0.00013593307593307594
0.55,0.45,8.0,0.31,0.43,20.645358553535374,0.5358411166387221,0.029582412130998728,0.06193333333333334,-0.034333333333333334,-2.8185328185328226e-05,0.00013593307593307594
0.55,0.45,10.0,0.31,0.43,20.645358553535374,0.5358411166387221,0.029582412130998728,0.06193333333333334,-0.034333333333333334,-2.8185328185328226e-05,0.00013593307593307594
0.55,0.45,12.0,0.31,0.43,20.645358553535374,0.5358411166387221,0.029582412130998728,0.06193333333333334,-0.034333333333333334,-2.8185328185328226e-05,0.00013593307593307594
0.55,0.45,14.0,0.31,0.43,20.645358553535374,0.5358411166387221,0.029582412130998728,0.06193333333333334,-0.034333333333333334,-2.8185328185328226e-05,0.00013593307593307594
0.55,0.45,16.0,0.31,0.43,20.645358553535374,0.5358411166387221,0.029582412130998728,0.06193333333333334,-0.034333333333333334,-2.8185328185328226e-05,0.00013593307593307594
0.55,0.45,18.0,0.31,0.43,20.645358553535374,0.5358411166387221,0.029582412130998728,0.06193333333333334,-0.034333333333333334,-2.8185328185328226e-05,0.00013593307593307594
0.55,0.45,20.0,0.31,0.43,20.645358553535374,0.5358411166387221,0.029582412130998728,0.06193333333333334,-0.034333333333333334,-2.8185328185328226e-05,0.00013593307593307594
0.55,0.5,,0.31,0.43,20.645358553535374,0.5358411166387221,0.029582412130998728,0.06193333333333334,-0.034333333333333334,-2.8185328185328226e-05,0.00013593307593307594
0.55,0.5,2.0,0.31,0.43,20.645358553535374,0.5358411166387221,0.029582412130998728,0.06193333333333334,-0.034333333333333334,-2.8185328185328226e-05,0.00013593307593307594
0.55,0.5,4.0,0.31,0.43,20.645358553535374,0.5358411166387221,0.029582412130998728,0.06193333333333334,-0.034333333333333334,-2.8185328185328226e-05,0.00013593307593307594
0.55,0.5,6.0,0.31,0.43,20.645358553535374,0.5358411166387221,0.029582412130998728,0.06193333333333334,-0.034333333333333334,-2.8185328185328226e-05,0.00013593307593307594
0.55,0.5,8.0,0.31,0.43,20.645358553535374,0.5358411166387221,0.029582412130998728,0.06193333333333334,-0.034333333333333334,-2.8185328185328226e-05,0.00013593307593307594
0.55,0.5,10.0,0.31,0.43,20.645358553535374,0.5358411166387221,0.029582412130998728,0.06193333333333334,-0.034333333333333334,-2.8185328185328226e-05,0.00013593307593307594
0.55,0.5,12.0,0.31,0.43,20.645358553535374,0.5358411166387221,0.029582412130998728,0.06193333333333334,-0.034333333333333334,-2.8185328185328226e-05,0.00013593307593307594
0.55,0.5,14.0,0.31,0.43,20.645358553535374,0.5358411166387221,0.029582412130998728,0.06193333333333334,-0.034333333333333334,-2.8185328185328226e-05,0.00013593307593307594
0.55,0.5,16.0,0.31,0.43,20.645358553535374,0.5358411166387221,0.029582412130998728,0.06193333333333334,-0.034333333333333334,-2.8185328185328226e-05,0.00013593307593307594
0.55,0.5,18.0,0.31,0.43,20.645358553535374,0.5358411166387221,0.029582412130998728,0.06193333333333334,-0.034333333333333334,-2.8185328185328226e-05,0.00013593307593307594
0.55,0.5,20.0,0.31,0.43,20.645358553535374,0.5358411166387221,0.029582412130998728,0.06193333333333334,-0.034333333333333334,-2.8185328185328226e-05,0.00013593307593307594
0.55,0.55,,0.31,0.43,20.645358553535374,0.5358411166387221,0.029582412130998728,0.06193333333333334,-0.034333333333333334,-2.8185328185328226e-05,0.00013593307593307594
0.55,0.55,2.0,0.31,0.43,20.645358553535374,0.5358411166387221,0.029582412130998728,0.06193333333333334,-0.034333333333333334,-2.8185328185328226e-05,0.00013593307593307594
0.55,0.55,4.0,0.31,0.43,20.645358553535374,0.5358411166387221,0.029582412130998728,0.06193333333333334,-0.034333333333333334,-2.8185328185328226e-05,0.00013593307593307594
0.55,0.55,6.0,0.31,0.43,20.645358553535374,0.5358411166387221,0.029582412130998728,0.06193333333333334,-0.034333333333333334,-2.8185328185328226e-05,0.00013593307593307594
0.55,0.55,8.0,0.31,0.43,20.645358553535374,0.5358411166387221,0.029582412130998728,0.06193333333333334,-0.034333333333333334,-2.8185328185328226e-05,0.00013593307593307594
0.55,0.55,10.0,0.31,0.43,20.645358553535374,0.5358411166387221,0.029582412130998728,0.06193333333333334,-0.034333333333333334,-2.8185328185328226e-05,0.00013593307593307594
0.55,0.55,12.0,0.31,0.43,20.645358553535374,0.5358411166387221,0.029582412130998728,0.06193333333333334,-0.034333333333333334,-2.8185328185328226e-05,0.00013593307593307594
0.55,0.55,14.0,0.31,0.43,20.645358553535374,0.5358411166387221,0.029582412130998728,0.06193333333333334,-0.034333333333333334,-2.8185328185328226e-05,0.00013593307593307594
0.55,0.55,16.0,0.31,0.43,20.645358553535374,0.5358411166387221,0.029582412130998728,0.06193333333333334,-0.034333333333333334,-2.8185328185328226e-05,0.00013593307593307594
0.55,0.55,18.0,0.31,0.43,20.645358553535374,0.5358411166387221,0.029582412130998728,0.06193333333333334,-0.034333333333333334,-2.8185328185328226e-05,0.00013593307593307594
0.55,0.55,20.0,0.31,0.43,20.645358553535374,0.5358411166387221,0.029582412130998728,0.06193333333333334,-0.034333333333333334,-2.8185328185328226e-05,0.00013593307593307594
0.55,0.6,,0.31,0.43,20.645358553535374,0.5358411166387221,0.029582412130998728,0.06193333333333334,-0.034333333333333334,-2.8185328185328226e-05,0.00013593307593307594
0.55,0.6,2.0,0.31,0.43,20.645358553535374,0.5358411166387221,0.029582412130998728,0.06193333333333334,-0.034333333333333334,-2.8185328185328226e-05,0.00013593307593307594
0.55,0.6,4.0,0.31,0.43,20.645358553535374,0.5358411166387221,0.029582412130998728,0.06193333333333334,-0.034333333333333334,-2.8185328185328226e-05,0.00013593307593307594
0.55,0.6,6.0,0.31,0.43,20.645358553535374,0.5358411166387221,0.029582412130998728,0.06193333333333334,-0.034333333333333334,-2.8185328185328226e-05,0.00013593307593307594
0.55,0.6,8.0,0.31,0.43,20.645358553535374,0.5358411166387221,0.029582412130998728,0.06193333333333334,-0.034333333333333334,-2.8185328185328226e-05,0.00013593307593307594
0.55,0.6,10.0,0.31,0.43,20.645358553535374,0.5358411166387221,0.029582412130998728,0.06193333333333334,-0.034333333333333334,-2.8185328185328226e-05,0.00013593307593307594
0.55,0.6,12.0,0.31,0.43,20.645358553535374,0.5358411166387221,0.029582412130998728,0.06193333333333334,-0.034333333333333334,-2.8185328185328226e-05,0.00013593307593307594
0.55,0.6,14.0,0.31,0.43,20.645358553535374,0.5358411166387221,0.029582412130998728,0.06193333333333334,-0.034333333333333334,-2.8185328185328226e-05,0.00013593307593307594
0.55,0.6,16.0,0.31,0.43,20.645358553535374,0.5358411166387221,0.029582412130998728,0.06193333333333334,-0.034333333333333334,-2.8185328185328226e-05,0.00013593307593307594
0.55,0.6,18.0,0.31,0.43,20.645358553535374,0.5358411166387221,0.029582412130998728,0.06193333333333334,-0.034333333333333334,-2.8185328185328226e-05,0.00013593307593307594
0.55,0.6,20.0,0.31,0.43,20.645358553535374,0.5358411166387221,0.029582412130998728,0.06193333333333334,-0.034333333333333334,-2.8185328185328226e-05,0.00013593307593307594
0.55,0.65,,0.31,0.43,20.645358553535374,0.5358411166387221,0.029582412130998728,0.06193333333333334,-0.034333333333333334,-2.8185328185328226e-05,0.00013593307593307594
0.55,0.65,2.0,0.31,0.43,20.645358553535374,0.5358411166387221,0.029582412130998728,0.06193333333333334,-0.034333333333333334,-2.8185328185328226e-05,0.00013593307593307594
0.55,0.65,4.0,0.31,0.43,20.645358553535374,0.5358411166387221,0.029582412130998728,0.06193333333333334,-0.034333333333333334,-2.8185328185328226e-05,0.00013593307593307594
0.55,0.65,6.0,0.31,0.43,20.645358553535374,0.5358411166387221,0.029582412130998728,0.06193333333333334,-0.034333333333333334,-2.8185328185328226e-05,0.00013593307593307594
0.55,0.65,8.0,0.31,0.43,20.645358553535374,0.5358411166387221,0.029582412130998728,0.06193333333333334,-0.034333333333333334,-2.8185328185328226e-05,0.00013593307593307594
0.55,0.65,10.0,0.31,0.43,20.645358553535374,0.5358411166387221,0.029582412130998728,0.06193333333333334,-0.034333333333333334,-2.8185328185328226e-05,0.00013593307593307594
0.55,0.65,12.0,0.31,0.43,20.645358553535374,0.5358411166387221,0.029582412130998728,0.06193333333333334,-0.034333333333333334,-2.8185328185328226e-05,0.00013593307593307594
0.55,0.65,14.0,0.31,0.43,20.645358553535374,0.5358411166387221,0.029582412130998728,0.06193333333333334,-0.034333333333333334,-2.8185328185328226e-05,0.00013593307593307594
0.55,0.65,16.0,0.31,0.43,20.645358553535374,0.5358411166387221,0.029582412130998728,0.06193333333333334,-0.034333333333333334,-2.8185328185328226e-05,0.00013593307593307594
0.55,0.65,18.0,0.31,0.43,20.645358553535374,0.5358411166387221,0.029582412130998728,0.06193333333333334,-0.034333333333333334,-2.8185328185328226e-05,0.00013593307593307594
0.55,0.65,20.0,0.31,0.43,20.645358553535374,0.5358411166387221,0.029582412130998728,0.06193333333333334,-0.034333333333333334,-2.8185328185328226e-05,0.00013593307593307594
0.55,0.7,,0.31,0.43,20.645358553535374,0.5358411166387221,0.029582412130998728,0.06193333333333334,-0.034333333333333334,-2.8185328185328226e-05,0.00013593307593307594
0.55,0.7,2.0,0.31,0.43,20.645358553535374,0.5358411166387221,0.029582412130998728,0.06193333333333334,-0.034333333333333334,-2.8185328185328226e-05,0.00013593307593307594
0.55,0.7,4.0,0.31,0.43,20.645358553535374,0.5358411166387221,0.029582412130998728,0.06193333333333334,-0.034333333333333334,-2.8185328185328226e-05,0.00013593307593307594
0.55,0.7,6.0,0.31,0.43,20.645358553535374,0.5358411166387221,0.029582412130998728,0.06193333333333334,-0.034333333333333334,-2.8185328185328226e-05,0.00013593307593307594
0.55,0.7,8.0,0.31,0.43,20.645358553535374,0.5358411166387221,0.029582412130998728,0.06193333333333334,-0.034333333333333334,-2.8185328185328226e-05,0.00013593307593307594
0.55,0.7,10.0,0.31,0.43,20.645358553535374,0.5358411166387221,0.029582412130998728,0.06193333333333334,-0.034333333333333334,-2.8185328185328226e-05,0.00013593307593307594
0.55,0.7,12.0,0.31,0.43,20.645358553535374,0.5358411166387221,0.029582412130998728,0.06193333333333334,-0.034333333333333334,-2.8185328185328226e-05,0.00013593307593307594
0.55,0.7,14.0,0.31,0.43,20.645358553535374,0.5358411166387221,0.029582412130998728,0.06193333333333334,-0.034333333333333334,-2.8185328185328226e-05,0.00013593307593307594
0.55,0.7,16.0,0.31,0.43,20.645358553535374,0.5358411166387221,0.029582412130998728,0.06193333333333334,-0.034333333333333334,-2.8185328185328226e-05,0.00013593307593307594
0.55,0.7,18.0,0.31,0.43,20.645358553535374,0.5358411166387221,0.029582412130998728,0.06193333333333334,-0.034333333333333334,-2.8185328185328226e-05,0.00013593307593307594
0.55,0.7,20.0,0.31,0.43,20.645358553535374,0.5358411166387221,0.029582412130998728,0.06193333333333334,-0.034333333333333334,-2.8185328185328226e-05,0.00013593307593307594
0.55,0.75,,0.31,0.43,20.645358553535374,0.5358411166387221,0.029582412130998728,0.06193333333333334,-0.034333333333333334,-2.8185328185328226e-05,0.00013593307593307594
0.55,0.75,2.0,0.31,0.43,20.645358553535374,0.5358411166387221,0.029582412130998728,0.06193333333333334,-0.034333333333333334,-2.8185328185328226e-05,0.00013593307593307594
0.55,0.75,4.0,0.31,0.43,20.645358553535374,0.5358411166387221,0.029582412130998728,0.06193333333333334,-0.034333333333333334,-2.8185328185328226e-05,0.00013593307593307594
0.55,0.75,6.0,0.31,0.43,20.645358553535374,0.5358411166387221,0.029582412130998728,0.06193333333333334,-0.034333333333333334,-2.8185328185328226e-05,0.00013593307593307594
0.55,0.75,8.0,0.31,0.43,20.645358553535374,0.5358411166387221,0.029582412130998728,0.06193333333333334,-0.034333333333333334,-2.8185328185328226e-05,0.00013593307593307594
0.55,0.75,10.0,0.31,0.43,20.645358553535374,0.5358411166387221,0.029582412130998728,0.06193333333333334,-0.034333333333333334,-2.8185328185328226e-05,0.00013593307593307594
0.55,0.75,12.0,0.31,0.43,20.645358553535374,0.5358411166387221,0.029582412130998728,0.06193333333333334,-0.034333333333333334,-2.8185328185328226e-05,0.00013593307593307594
0.55,0.75,14.0,0.31,0.43,20.645358553535374,0.5358411166387221,0.029582412130998728,0.06193333333333334,-0.034333333333333334,-2.8185328185328226e-05,0.00013593307593307594
0.55,0.75,16.0,0.31,0.43,20.645358553535374,0.5358411166387221,0.029582412130998728,0.06193333333333334,-0.034333333333333334,-2.8185328185328226e-05,0.00013593307593307594
0.55,0.75,18.0,0.31,0.43,20.645358553535374,0.5358411166387221,0.029582412130998728,0.06193333333333334,-0.034333333333333334,-2.8185328185328226e-05,0.00013593307593307594
0.55,0.75,20.0,0.31,0.43,20.645358553535374,0.5358411166387221,0.029582412130998728,0.06193333333333334,-0.034333333333333334,-2.8185328185328226e-05,0.00013593307593307594
0.55,0.8,,0.31,0.43,20.645358553535374,0.5358411166387221,0.029582412130998728,0.06193333333333334,-0.034333333333333334,-2.8185328185328226e-05,0.00013593307593307594
0.55,0.8,2.0,0.31,0.43,20.645358553535374,0.5358411166387221,0.029582412130998728,0.06193333333333334,-0.034333333333333334,-2.8185328185328226e-05,0.00013593307593307594
0.55,0.8,4.0,0.31,0.43,20.645358553535374,0.5358411166387221,0.029582412130998728,0.06193333333333334,-0.034333333333333334,-2.8185328185328226e-05,0.00013593307593307594
0.55,0.8,6.0,0.31,0.43,20.645358553535374,0.5358411166387221,0.029582412130998728,0.06193333333333334,-0.034333333333333334,-2.8185328185328226e-05,0.00013593307593307594
0.55,0.8,8.0,0.31,0.43,20.645358553535374,0.5358411166387221,0.029582412130998728,0.06193333333333334,-0.034333333333333334,-2.8185328185328226e-05,0.00013593307593307594
0.55,0.8,10.0,0.31,0.43,20.645358553535374,0.5358411166387221,0.029582412130998728,0.06193333333333334,-0.034333333333333334,-2.8185328185328226e-05,0.00013593307593307594
0.55,0.8,12.0,0.31,0.43,20.645358553535374,0.5358411166387221,0.029582412130998728,0.06193333333333334,-0.034333333333333334,-2.8185328185328226e-05,0.00013593307593307594
0.55,0.8,14.0,0.31,0.43,20.645358553535374,0.5358411166387221,0.029582412130998728,0.06193333333333334,-0.034333333333333334,-2.8185328185328226e-05,0.00013593307593307594
0.55,0.8,16.0,0.31,0.43,20.645358553535374,0.5358411166387221,0.029582412130998728,0.06193333333333334,-0.034333333333333334,-2.8185328185328226e-05,0.00013593307593307594
0.55,0.8,18.0,0.31,0.43,20.645358553535374,0.5358411166387221,0.029582412130998728,0.06193333333333334,-0.034333333333333334,-2.8185328185328226e-05,0.00013593307593307594
0.55,0.8,20.0,0.31,0.43,20.645358553535374,0.5358411166387221,0.029582412130998728,0.06193333333333334,-0.034333333333333334,-2.8185328185328226e-05,0.00013593307593307594
0.55,0.85,,0.31,0.43,20.645358553535374,0.5358411166387221,0.029582412130998728,0.06193333333333334,-0.034333333333333334,-2.8185328185328226e-05,0.00013593307593307594
0.55,0.85,2.0,0.31,0.43,20.645358553535374,0.5358411166387221,0.029582412130998728,0.06193333333333334,-0.034333333333333334,-2.8185328185328226e-05,0.00013593307593307594
0.55,0.85,4.0,0.31,0.43,20.645358553535374,0.5358411166387221,0.029582412130998728,0.06193333333333334,-0.034333333333333334,-2.8185328185328226e-05,0.00013593307593307594
0.55,0.85,6.0,0.31,0.43,20.645358553535374,0.5358411166387221,0.029582412130998728,0.06193333333333334,-0.034333333333333334,-2.8185328185328226e-05,0.00013593307593307594
0.55,0.85,8.0,0.31,0.43,20.645358553535374,0.5358411166387221,0.029582412130998728,0.06193333333333334,-0.034333333333333334,-2.8185328185328226e-05,0.00013593307593307594
0.55,0.85,10.0,0.31,0.43,20.645358553535374,0.5358411166387221,0.029582412130998728,0.06193333333333334,-0.034333333333333334,-2.8185328185328226e-05,0.00013593307593307594
0.55,0.85,12.0,0.31,0.43,20.645358553535374,0.5358411166387221,0.029582412130998728,0.06193333333333334,-0.034333333333333334,-2.8185328185328226e-05,0.00013593307593307594
0.55,0.85,14.0,0.31,0.43,20.645358553535374,0.5358411166387221,0.029582412130998728,0.06193333333333334,-0.034333333333333334,-2.8185328185328226e-05,0.00013593307593307594
0.55,0.85,16.0,0.31,0.43,20.645358553535374,0.5358411166387221,0.029582412130998728,0.06193333333333334,-0.034333333333333334,-2.8185328185328226e-05,0.00013593307593307594
0.55,0.85,18.0,0.31,0.43,20.645358553535374,0.5358411166387221,0.029582412130998728,0.06193333333333334,-0.034333333333333334,-2.8185328185328226e-05,0.00013593307593307594
0.55,0.85,20.0,0.31,0.43,20.645358553535374,0.5358411166387221,0.029582412130998728,0.06193333333333334,-0.034333333333333334,-2.8185328185328226e-05,0.00013593307593307594
0.55,0.9,,0.31,0.43,20.645358553535374,0.5358411166387221,0.029582412130998728,0.06193333333333334,-0.034333333333333334,-2.8185328185328226e-05,0.00013593307593307594
0.55,0.9,2.0,0.31,0.43,20.645358553535374,0.5358411166387221,0.029582412130998728,0.06193333333333334,-0.034333333333333334,-2.8185328185328226e-05,0.00013593307593307594
0.55,0.9,4.0,0.31,0.43,20.645358553535374,0.5358411166387221,0.029582412130998728,0.06193333333333334,-0.034333333333333334,-2.8185328185328226e-05,0.00013593307593307594
0.55,0.9,6.0,0.31,0.43,20.645358553535374,0.5358411166387221,0.029582412130998728,0.06193333333333334,-0.034333333333333334,-2.8185328185328226e-05,0.00013593307593307594
0.55,0.9,8.0,0.31,0.43,20.645358553535374,0.5358411166387221,0.029582412130998728,0.06193333333333334,-0.034333333333333334,-2.8185328185328226e-05,0.00013593307593307594
0.55,0.9,10.0,0.31,0.43,20.645358553535374,0.5358411166387221,0.029582412130998728,0.06193333333333334,-0.034333333333333334,-2.8185328185328226e-05,0.00013593307593307594
0.55,0.9,12.0,0.31,0.43,20.645358553535374,0.5358411166387221,0.029582412130998728,0.06193333333333334,-0.034333333333333334,-2.8185328185328226e-05,0.00013593307593307594
0.55,0.9,14.0,0.31,0.43,20.645358553535374,0.5358411166387221,0.029582412130998728,0.06193333333333334,-0.034333333333333334,-2.8185328185328226e-05,0.00013593307593307594
0.55,0.9,16.0,0.31,0.43,20.645358553535374,0.5358411166387221,0.029582412130998728,0.06193333333333334,-0.034333333333333334,-2.8185328185328226e-05,0.00013593307593307594
0.55,0.9,18.0,0.31,0.43,20.645358553535374,0.5358411166387221,0.029582412130998728,0.06193333333333334,-0.034333333333333334,-2.8185328185328226e-05,0.00013593307593307594
0.55,0.9,20.0,0.31,0.43,20.645358553535374,0.5358411166387221,0.029582412130998728,0.06193333333333334,-0.034333333333333334,-2.8185328185328226e-05,0.00013593307593307594
0.55,0.95,,0.31,0.43,20.645358553535374,0.5358411166387221,0.029582412130998728,0.06193333333333334,-0.034333333333333334,-2.8185328185328226e-05,0.00013593307593307594
0.55,0.95,2.0,0.31,0.43,20.645358553535374,0.5358411166387221,0.029582412130998728,0.06193333333333334,-0.034333333333333334,-2.8185328185328226e-05,0.00013593307593307594
0.55,0.95,4.0,0.31,0.43,20.645358553535374,0.5358411166387221,0.029582412130998728,0.06193333333333334,-0.034333333333333334,-2.8185328185328226e-05,0.00013593307593307594
0.55,0.95,6.0,0.31,0.43,20.645358553535374,0.5358411166387221,0.029582412130998728,0.06193333333333334,-0.034333333333333334,-2.8185328185328226e-05,0.00013593307593307594
0.55,0.95,8.0,0.31,0.43,20.645358553535374,0.5358411166387221,0.029582412130998728,0.06193333333333334,-0.034333333333333334,-2.8185328185328226e-05,0.00013593307593307594
0.55,0.95,10.0,0.31,0.43,20.645358553535374,0.5358411166387221,0.029582412130998728,0.06193333333333334,-0.034333333333333334,-2.8185328185328226e-05,0.00013593307593307594
0.55,0.95,12.0,0.31,0.43,20.645358553535374,0.5358411166387221,0.029582412130998728,0.06193333333333334,-0.034333333333333334,-2.8185328185328226e-05,0.00013593307593307594
0.55,0.95,14.0,0.31,0.43,20.645358553535374,0.5358411166387221,0.029582412130998728,0.06193333333333334,-0.034333333333333334,-2.8185328185328226e-05,0.00013593307593307594
0.55,0.95,16.0,0.31,0.43,20.645358553535374,0.5358411166387221,0.029582412130998728,0.06193333333333334,-0.034333333333333334,-2.8185328185328226e-05,0.00013593307593307594
0.55,0.95,18.0,0.31,0.43,20.645358553535374,0.5358411166387221,0.029582412130998728,0.06193333333333334,-0.034333333333333334,-2.8185328185328226e-05,0.00013593307593307594
0.55,0.95,20.0,0.31,0.43,20.645358553535374,0.5358411166387221,0.029582412130998728,0.06193333333333334,-0.034333333333333334,-2.8185328185328226e-05,0.00013593307593307594
0.55,1.0,,0.31,0.43,20.645358553535374,0.5358411166387221,0.029582412130998728,0.06193333333333334,-0.034333333333333334,-2.8185328185328226e-05,0.00013593307593307594
0.55,1.0,2.0,0.31,0.43,20.645358553535374,0.5358411166387221,0.029582412130998728,0.06193333333333334,-0.034333333333333334,-2.8185328185328226e-05,0.00013593307593307594
0.55,1.0,4.0,0.31,0.43,20.645358553535374,0.5358411166387221,0.029582412130998728,0.06193333333333334,-0.034333333333333334,-2.8185328185328226e-05,0.00013593307593307594
0.55,1.0,6.0,0.31,0.43,20.645358553535374,0.5358411166387221,0.029582412130998728,0.06193333333333334,-0.034333333333333334,-2.8185328185328226e-05,0.00013593307593307594
0.55,1.0,8.0,0.31,0.43,20.645358553535374,0.5358411166387221,0.029582412130998728,0.06193333333333334,-0.034333333333333334,-2.8185328185328226e-05,0.00013593307593307594
0.55,1.0,10.0,0.31,0.43,20.645358553535374,0.5358411166387221,0.029582412130998728,0.06193333333333334,-0.034333333333333334,-2.8185328185328226e-05,0.00013593307593307594
0.55,1.0,12.0,0.31,0.43,20.645358553535374,0.5358411166387221,0.029582412130998728,0.06193333333333334,-0.034333333333333334,-2.8185328185328226e-05,0.00013593307593307594
0.55,1.0,14.0,0.31,0.43,20.645358553535374,0.5358411166387221,0.029582412130998728,0.06193333333333334,-0.034333333333333334,-2.8185328185328226e-05,0.00013593307593307594
0.55,1.0,16.0,0.31,0.43,20.645358553535374,0.5358411166387221,0.029582412130998728,0.06193333333333334,-0.034333333333333334,-2.8185328185328226e-05,0.00013593307593307594
0.55,1.0,18.0,0.31,0.43,20.645358553535374,0.5358411166387221,0.029582412130998728,0.06193333333333334,-0.034333333333333334,-2.8185328185328226e-05,0.00013593307593307594
0.55,1.0,20.0,0.31,0.43,20.645358553535374,0.5358411166387221,0.029582412130998728,0.06193333333333334,-0.034333333333333334,-2.8185328185328226e-05,0.00013593307593307594
0.6,0.1,,0.31,0.43,20.645358553535374,0.5358411166387221,0.029582412130998728,0.06193333333333334,-0.034333333333333334,-2.8185328185328226e-05,0.00013593307593307594
0.6,0.1,2.0,0.31,0.43,20.645358553535374,0.5358411166387221,0.029582412130998728,0.06193333333333334,-0.034333333333333334,-2.8185328185328226e-05,0.00013593307593307594
0.6,0.1,4.0,0.31,0.43,20.645358553535374,0.5358411166387221,0.029582412130998728,0.06193333333333334,-0.034333333333333334,-2.8185328185328226e-05,0.00013593307593307594
0.6,0.1,6.0,0.31,0.43,20.645358553535374,0.5358411166387221,0.029582412130998728,0.06193333333333334,-0.034333333333333334,-2.8185328185328226e-05,0.00013593307593307594
0.6,0.1,8.0,0.31,0.43,20.645358553535374,0.5358411166387221,0.029582412130998728,0.06193333333333334,-0.034333333333333334,-2.8185328185328226e-05,0.00013593307593307594
0.6,0.1,10.0,0.31,0.43,20.645358553535374,0.5358411166387221,0.029582412130998728,0.06193333333333334,-0.034333333333333334,-2.8185328185328226e-05,0.00013593307593307594
0.6,0.1,12.0,0.31,0.43,20.645358553535374,0.5358411166387221,0.029582412130998728,0.06193333333333334,-0.034333333333333334,-2.8185328185328226e-05,0.00013593307593307594
0.6,0.1,14.0,0.31,0.43,20.645358553535374,0.5358411166387221,0.029582412130998728,0.06193333333333334,-0.034333333333333334,-2.8185328185328226e-05,0.00013593307593307594
0.6,0.1,16.0,0.31,0.43,20.645358553535374,0.5358411166387221,0.029582412130998728,0.06193333333333334,-0.034333333333333334,-2.8185328185328226e-05,0.00013593307593307594
0.6,0.1,18.0,0.31,0.43,20.645358553535374,0.5358411166387221,0.029582412130998728,0.06193333333333334,-0.034333333333333334,-2.8185328185328226e-05,0.00013593307593307594
0.6,0.1,20.0,0.31,0.43,20.645358553535374,0.5358411166387221,0.029582412130998728,0.06193333333333334,-0.034333333333333334,-2.8185328185328226e-05,0.00013593307593307594
0.6,0.15,,0.31,0.43,20.645358553535374,0.5358411166387221,0.029582412130998728,0.06193333333333334,-0.034333333333333334,-2.8185328185328226e-05,0.00013593307593307594
0.6,0.15,2.0,0.31,0.43,20.645358553535374,0.5358411166387221,0.029582412130998728,0.06193333333333334,-0.034333333333333334,-2.8185328185328226e-05,0.00013593307593307594
0.6,0.15,4.0,0.31,0.43,20.645358553535374,0.5358411166387221,0.029582412130998728,0.06193333333333334,-0.034333333333333334,-2.8185328185328226e-05,0.00013593307593307594
0.6,0.15,6.0,0.31,0.43,20.645358553535374,0.5358411166387221,0.029582412130998728,0.06193333333333334,-0.034333333333333334,-2.8185328185328226e-05,0.00013593307593307594
0.6,0.15,8.0,0.31,0.43,20.645358553535374,0.5358411166387221,0.029582412130998728,0.06193333333333334,-0.034333333333333334,-2.8185328185328226e-05,0.00013593307593307594
0.6,0.15,10.0,0.31,0.43,20.645358553535374,0.5358411166387221,0.029582412130998728,0.06193333333333334,-0.034333333333333334,-2.8185328185328226e-05,0.00013593307593307594
0.6,0.15,12.0,0.31,0.43,20.645358553535374,0.5358411166387221,0.029582412130998728,0.06193333333333334,-0.034333333333333334,-2.8185328185328226e-05,0.00013593307593307594
0.6,0.15,14.0,0.31,0.43,20.645358553535374,0.5358411166387221,0.029582412130998728,0.06193333333333334,-0.034333333333333334,-2.8185328185328226e-05,0.00013593307593307594
0.6,0.15,16.0,0.31,0.43,20.645358553535374,0.5358411166387221,0.029582412130998728,0.06193333333333334,-0.034333333333333334,-2.8185328185328226e-05,0.00013593307593307594
0.6,0.15,18.0,0.31,0.43,20.645358553535374,0.5358411166387221,0.029582412130998728,0.06193333333333334,-0.034333333333333334,-2.8185328185328226e-05,0.00013593307593307594
0.6,0.15,20.0,0.31,0.43,20.645358553535374,0.5358411166387221,0.029582412130998728,0.06193333333333334,-0.034333333333333334,-2.8185328185328226e-05,0.00013593307593307594
0.6,0.2,,0.31,0.43,20.645358553535374,0.5358411166387221,0.029582412130998728,0.06193333333333334,-0.034333333333333334,-2.8185328185328226e-05,0.00013593307593307594
0.6,0.2,2.0,0.31,0.43,20.645358553535374,0.5358411166387221,0.029582412130998728,0.06193333333333334,-0.034333333333333334,-2.8185328185328226e-05,0.00013593307593307594
0.6,0.2,4.0,0.31,0.43,20.645358553535374,0.5358411166387221,0.029582412130998728,0.06193333333333334,-0.034333333333333334,-2.8185328185328226e-05,0.00013593307593307594
0.6,0.2,6.0,0.31,0.43,20.645358553535374,0.5358411166387221,0.029582412130998728,0.06193333333333334,-0.034333333333333334,-2.8185328185328226e-05,0.00013593307593307594
0.6,0.2,8.0,0.31,0.43,20.645358553535374,0.5358411166387221,0.029582412130998728,0.06193333333333334,-0.034333333333333334,-2.8185328185328226e-05,0.00013593307593307594
0.6,0.2,10.0,0.31,0.43,20.645358553535374,0.5358411166387221,0.029582412130998728,0.06193333333333334,-0.034333333333333334,-2.8185328185328226e-05,0.00013593307593307594
0.6,0.2,12.0,0.31,0.43,20.645358553535374,0.5358411166387221,0.029582412130998728,0.06193333333333334,-0.034333333333333334,-2.8185328185328226e-05,0.00013593307593307594
0.6,0.2,14.0,0.31,0.43,20.645358553535374,0.5358411166387221,0.029582412130998728,0.06193333333333334,-0.034333333333333334,-2.8185328185328226e-05,0.00013593307593307594
0.6,0.2,16.0,0.31,0.43,20.645358553535374,0.5358411166387221,0.029582412130998728,0.06193333333333334,-0.034333333333333334,-2.8185328185328226e-05,0.00013593307593307594
0.6,0.2,18.0,0.31,0.43,20.645358553535374,0.5358411166387221,0.029582412130998728,0.06193333333333334,-0.034333333333333334,-2.8185328185328226e-05,0.00013593307593307594
0.6,0.2,20.0,0.31,0.43,20.645358553535374,0.5358411166387221,0.029582412130998728,0.06193333333333334,-0.034333333333333334,-2.8185328185328226e-05,0.00013593307593307594
0.6,0.25,,0.31,0.43,20.645358553535374,0.5358411166387221,0.029582412130998728,0.06193333333333334,-0.034333333333333334,-2.8185328185328226e-05,0.00013593307593307594
0.6,0.25,2.0,0.31,0.43,20.645358553535374,0.5358411166387221,0.029582412130998728,0.06193333333333334,-0.034333333333333334,-2.8185328185328226e-05,0.00013593307593307594
0.6,0.25,4.0,0.31,0.43,20.645358553535374,0.5358411166387221,0.029582412130998728,0.06193333333333334,-0.034333333333333334,-2.8185328185328226e-05,0.00013593307593307594
0.6,0.25,6.0,0.31,0.43,20.645358553535374,0.5358411166387221,0.029582412130998728,0.06193333333333334,-0.034333333333333334,-2.8185328185328226e-05,0.00013593307593307594
0.6,0.25,8.0,0.31,0.43,20.645358553535374,0.5358411166387221,0.029582412130998728,0.06193333333333334,-0.034333333333333334,-2.8185328185328226e-05,0.00013593307593307594
0.6,0.25,10.0,0.31,0.43,20.645358553535374,0.5358411166387221,0.029582412130998728,0.06193333333333334,-0.034333333333333334,-2.8185328185328226e-05,0.00013593307593307594
0.6,0.25,12.0,0.31,0.43,20.645358553535374,0.5358411166387221,0.029582412130998728,0.06193333333333334,-0.034333333333333334,-2.8185328185328226e-05,0.00013593307593307594
0.6,0.25,14.0,0.31,0.43,20.645358553535374,0.5358411166387221,0.029582412130998728,0.06193333333333334,-0.034333333333333334,-2.8185328185328226e-05,0.00013593307593307594
0.6,0.25,16.0,0.31,0.43,20.645358553535374,0.5358411166387221,0.029582412130998728,0.06193333333333334,-0.034333333333333334,-2.8185328185328226e-05,0.00013593307593307594
0.6,0.25,18.0,0.31,0.43,20.645358553535374,0.5358411166387221,0.029582412130998728,0.06193333333333334,-0.034333333333333334,-2.8185328185328226e-05,0.00013593307593307594
0.6,0.25,20.0,0.31,0.43,20.645358553535374,0.5358411166387221,0.029582412130998728,0.06193333333333334,-0.034333333333333334,-2.8185328185328226e-05,0.00013593307593307594
0.6,0.3,,0.31,0.43,20.645358553535374,0.5358411166387221,0.029582412130998728,0.06193333333333334,-0.034333333333333334,-2.8185328185328226e-05,0.00013593307593307594
0.6,0.3,2.0,0.31,0.43,20.645358553535374,0.5358411166387221,0.029582412130998728,0.06193333333333334,-0.034333333333333334,-2.8185328185328226e-05,0.00013593307593307594
0.6,0.3,4.0,0.31,0.43,20.645358553535374,0.5358411166387221,0.029582412130998728,0.06193333333333334,-0.034333333333333334,-2.8185328185328226e-05,0.00013593307593307594
0.6,0.3,6.0,0.31,0.43,20.645358553535374,0.5358411166387221,0.029582412130998728,0.06193333333333334,-0.034333333333333334,-2.8185328185328226e-05,0.00013593307593307594
0.6,0.3,8.0,0.31,0.43,20.645358553535374,0.5358411166387221,0.029582412130998728,0.06193333333333334,-0.034333333333333334,-2.8185328185328226e-05,0.00013593307593307594
0.6,0.3,10.0,0.31,0.43,20.645358553535374,0.5358411166387221,0.029582412130998728,0.06193333333333334,-0.034333333333333334,-2.8185328185328226e-05,0.00013593307593307594
0.6,0.3,12.0,0.31,0.43,20.645358553535374,0.5358411166387221,0.029582412130998728,0.06193333333333334,-0.034333333333333334,-2.8185328185328226e-05,0.00013593307593307594
0.6,0.3,14.0,0.31,0.43,20.645358553535374,0.5358411166387221,0.029582412130998728,0.06193333333333334,-0.034333333333333334,-2.8185328185328226e-05,0.00013593307593307594
0.6,0.3,16.0,0.31,0.43,20.645358553535374,0.5358411166387221,0.029582412130998728,0.06193333333333334,-0.034333333333333334,-2.8185328185328226e-05,0.00013593307593307594
0.6,0.3,18.0,0.31,0.43,20.645358553535374,0.5358411166387221,0.029582412130998728,0.06193333333333334,-0.034333333333333334,-2.8185328185328226e-05,0.00013593307593307594
0.6,0.3,20.0,0.31,0.43,20.645358553535374,0.5358411166387221,0.029582412130998728,0.06193333333333334,-0.034333333333333334,-2.8185328185328226e-05,0.00013593307593307594
0.6,0.35,,0.31,0.43,20.645358553535374,0.5358411166387221,0.029582412130998728,0.06193333333333334,-0.034333333333333334,-2.8185328185328226e-05,0.00013593307593307594
0.6,0.35,2.0,0.31,0.43,20.645358553535374,0.5358411166387221,0.029582412130998728,0.06193333333333334,-0.034333333333333334,-2.8185328185328226e-05,0.00013593307593307594
0.6,0.35,4.0,0.31,0.43,20.645358553535374,0.5358411166387221,0.029582412130998728,0.06193333333333334,-0.034333333333333334,-2.8185328185328226e-05,0.00013593307593307594
0.6,0.35,6.0,0.31,0.43,20.645358553535374,0.5358411166387221,0.029582412130998728,0.06193333333333334,-0.034333333333333334,-2.8185328185328226e-05,0.00013593307593307594
0.6,0.35,8.0,0.31,0.43,20.645358553535374,0.5358411166387221,0.029582412130998728,0.06193333333333334,-0.034333333333333334,-2.8185328185328226e-05,0.00013593307593307594
0.6,0.35,10.0,0.31,0.43,20.645358553535374,0.5358411166387221,0.029582412130998728,0.06193333333333334,-0.034333333333333334,-2.8185328185328226e-05,0.00013593307593307594
0.6,0.35,12.0,0.31,0.43,20.645358553535374,0.5358411166387221,0.029582412130998728,0.06193333333333334,-0.034333333333333334,-2.8185328185328226e-05,0.00013593307593307594
0.6,0.35,14.0,0.31,0.43,20.645358553535374,0.5358411166387221,0.029582412130998728,0.06193333333333334,-0.034333333333333334,-2.8185328185328226e-05,0.00013593307593307594
0.6,0.35,16.0,0.31,0.43,20.645358553535374,0.5358411166387221,0.029582412130998728,0.06193333333333334,-0.034333333333333334,-2.8185328185328226e-05,0.00013593307593307594
0.6,0.35,18.0,0.31,0.43,20.645358553535374,0.5358411166387221,0.029582412130998728,0.06193333333333334,-0.034333333333333334,-2.8185328185328226e-05,0.00013593307593307594
0.6,0.35,20.0,0.31,0.43,20.645358553535374,0.5358411166387221,0.029582412130998728,0.06193333333333334,-0.034333333333333334,-2.8185328185328226e-05,0.00013593307593307594
0.6,0.4,,0.31,0.43,20.645358553535374,0.5358411166387221,0.029582412130998728,0.06193333333333334,-0.034333333333333334,-2.8185328185328226e-05,0.00013593307593307594
0.6,0.4,2.0,0.31,0.43,20.645358553535374,0.5358411166387221,0.029582412130998728,0.06193333333333334,-0.034333333333333334,-2.8185328185328226e-05,0.00013593307593307594
0.6,0.4,4.0,0.31,0.43,20.645358553535374,0.5358411166387221,0.029582412130998728,0.06193333333333334,-0.034333333333333334,-2.8185328185328226e-05,0.00013593307593307594
0.6,0.4,6.0,0.31,0.43,20.645358553535374,0.5358411166387221,0.029582412130998728,0.06193333333333334,-0.034333333333333334,-2.8185328185328226e-05,0.00013593307593307594
0.6,0.4,8.0,0.31,0.43,20.645358553535374,0.5358411166387221,0.029582412130998728,0.06193333333333334,-0.034333333333333334,-2.8185328185328226e-05,0.00013593307593307594
0.6,0.4,10.0,0.31,0.43,20.645358553535374,0.5358411166387221,0.029582412130998728,0.06193333333333334,-0.034333333333333334,-2.8185328185328226e-05,0.00013593307593307594
0.6,0.4,12.0,0.31,0.43,20.645358553535374,0.5358411166387221,0.029582412130998728,0.06193333333333334,-0.034333333333333334,-2.8185328185328226e-05,0.00013593307593307594
0.6,0.4,14.0,0.31,0.43,20.645358553535374,0.5358411166387221,0.029582412130998728,0.06193333333333334,-0.034333333333333334,-2.8185328185328226e-05,0.00013593307593307594
0.6,0.4,16.0,0.31,0.43,20.645358553535374,0.5358411166387221,0.029582412130998728,0.06193333333333334,-0.034333333333333334,-2.8185328185328226e-05,0.00013593307593307594
0.6,0.4,18.0,0.31,0.43,20.645358553535374,0.5358411166387221,0.029582412130998728,0.06193333333333334,-0.034333333333333334,-2.8185328185328226e-05,0.00013593307593307594
0.6,0.4,20.0,0.31,0.43,20.645358553535374,0.5358411166387221,0.029582412130998728,0.06193333333333334,-0.034333333333333334,-2.8185328185328226e-05,0.00013593307593307594
0.6,0.45,,0.31,0.43,20.645358553535374,0.5358411166387221,0.029582412130998728,0.06193333333333334,-0.034333333333333334,-2.8185328185328226e-05,0.00013593307593307594
0.6,0.45,2.0,0.31,0.43,20.645358553535374,0.5358411166387221,0.029582412130998728,0.06193333333333334,-0.034333333333333334,-2.8185328185328226e-05,0.00013593307593307594
0.6,0.45,4.0,0.31,0.43,20.645358553535374,0.5358411166387221,0.029582412130998728,0.06193333333333334,-0.034333333333333334,-2.8185328185328226e-05,0.00013593307593307594
0.6,0.45,6.0,0.31,0.43,20.645358553535374,0.5358411166387221,0.029582412130998728,0.06193333333333334,-0.034333333333333334,-2.8185328185328226e-05,0.00013593307593307594
0.6,0.45,8.0,0.31,0.43,20.645358553535374,0.5358411166387221,0.029582412130998728,0.06193333333333334,-0.034333333333333334,-2.8185328185328226e-05,0.00013593307593307594
0.6,0.45,10.0,0.31,0.43,20.645358553535374,0.5358411166387221,0.029582412130998728,0.06193333333333334,-0.034333333333333334,-2.8185328185328226e-05,0.00013593307593307594
0.6,0.45,12.0,0.31,0.43,20.645358553535374,0.5358411166387221,0.029582412130998728,0.06193333333333334,-0.034333333333333334,-2.8185328185328226e-05,0.00013593307593307594
0.6,0.45,14.0,0.31,0.43,20.645358553535374,0.5358411166387221,0.029582412130998728,0.06193333333333334,-0.034333333333333334,-2.8185328185328226e-05,0.00013593307593307594
0.6,0.45,16.0,0.31,0.43,20.645358553535374,0.5358411166387221,0.029582412130998728,0.06193333333333334,-0.034333333333333334,-2.8185328185328226e-05,0.00013593307593307594
0.6,0.45,18.0,0.31,0.43,20.645358553535374,0.5358411166387221,0.029582412130998728,0.06193333333333334,-0.034333333333333334,-2.8185328185328226e-05,0.00013593307593307594
0.6,0.45,20.0,0.31,0.43,20.645358553535374,0.5358411166387221,0.029582412130998728,0.06193333333333334,-0.034333333333333334,-2.8185328185328226e-05,0.00013593307593307594
0.6,0.5,,0.31,0.43,20.645358553535374,0.5358411166387221,0.029582412130998728,0.06193333333333334,-0.034333333333333334,-2.8185328185328226e-05,0.00013593307593307594
0.6,0.5,2.0,0.31,0.43,20.645358553535374,0.5358411166387221,0.029582412130998728,0.06193333333333334,-0.034333333333333334,-2.8185328185328226e-05,0.00013593307593307594
0.6,0.5,4.0,0.31,0.43,20.645358553535374,0.5358411166387221,0.029582412130998728,0.06193333333333334,-0.034333333333333334,-2.8185328185328226e-05,0.00013593307593307594
0.6,0.5,6.0,0.31,0.43,20.645358553535374,0.5358411166387221,0.029582412130998728,0.06193333333333334,-0.034333333333333334,-2.8185328185328226e-05,0.00013593307593307594
0.6,0.5,8.0,0.31,0.43,20.645358553535374,0.5358411166387221,0.029582412130998728,0.06193333333333334,-0.034333333333333334,-2.8185328185328226e-05,0.00013593307593307594
0.6,0.5,10.0,0.31,0.43,20.645358553535374,0.5358411166387221,0.029582412130998728,0.06193333333333334,-0.034333333333333334,-2.8185328185328226e-05,0.00013593307593307594
0.6,0.5,12.0,0.31,0.43,20.645358553535374,0.5358411166387221,0.029582412130998728,0.06193333333333334,-0.034333333333333334,-2.8185328185328226e-05,0.00013593307593307594
0.6,0.5,14.0,0.31,0.43,20.645358553535374,0.5358411166387221,0.029582412130998728,0.06193333333333334,-0.034333333333333334,-2.8185328185328226e-05,0.00013593307593307594
0.6,0.5,16.0,0.31,0.43,20.645358553535374,0.5358411166387221,0.029582412130998728,0.06193333333333334,-0.034333333333333334,-2.8185328185328226e-05,0.00013593307593307594
0.6,0.5,18.0,0.31,0.43,20.645358553535374,0.5358411166387221,0.029582412130998728,0.06193333333333334,-0.034333333333333334,-2.8185328185328226e-05,0.00013593307593307594
0.6,0.5,20.0,0.31,0.43,20.645358553535374,0.5358411166387221,0.029582412130998728,0.06193333333333334,-0.034333333333333334,-2.8185328185328226e-05,0.00013593307593307594
0.6,0.55,,0.31,0.43,20.645358553535374,0.5358411166387221,0.029582412130998728,0.06193333333333334,-0.034333333333333334,-2.8185328185328226e-05,0.00013593307593307594
0.6,0.55,2.0,0.31,0.43,20.645358553535374,0.5358411166387221,0.029582412130998728,0.06193333333333334,-0.034333333333333334,-2.8185328185328226e-05,0.00013593307593307594
0.6,0.55,4.0,0.31,0.43,20.645358553535374,0.5358411166387221,0.029582412130998728,0.06193333333333334,-0.034333333333333334,-2.8185328185328226e-05,0.00013593307593307594
0.6,0.55,6.0,0.31,0.43,20.645358553535374,0.5358411166387221,0.029582412130998728,0.06193333333333334,-0.034333333333333334,-2.8185328185328226e-05,0.00013593307593307594
0.6,0.55,8.0,0.31,0.43,20.645358553535374,0.5358411166387221,0.029582412130998728,0.06193333333333334,-0.034333333333333334,-2.8185328185328226e-05,0.00013593307593307594
0.6,0.55,10.0,0.31,0.43,20.645358553535374,0.5358411166387221,0.029582412130998728,0.06193333333333334,-0.034333333333333334,-2.8185328185328226e-05,0.00013593307593307594
0.6,0.55,12.0,0.31,0.43,20.645358553535374,0.5358411166387221,0.029582412130998728,0.06193333333333334,-0.034333333333333334,-2.8185328185328226e-05,0.00013593307593307594
0.6,0.55,14.0,0.31,0.43,20.645358553535374,0.5358411166387221,0.029582412130998728,0.06193333333333334,-0.034333333333333334,-2.8185328185328226e-05,0.00013593307593307594
0.6,0.55,16.0,0.31,0.43,20.645358553535374,0.5358411166387221,0.029582412130998728,0.06193333333333334,-0.034333333333333334,-2.8185328185328226e-05,0.00013593307593307594
0.6,0.55,18.0,0.31,0.43,20.645358553535374,0.5358411166387221,0.029582412130998728,0.06193333333333334,-0.034333333333333334,-2.8185328185328226e-05,0.00013593307593307594
0.6,0.55,20.0,0.31,0.43,20.645358553535374,0.5358411166387221,0.029582412130998728,0.06193333333333334,-0.034333333333333334,-2.8185328185328226e-05,0.00013593307593307594
0.6,0.6,,0.31,0.43,20.645358553535374,0.5358411166387221,0.029582412130998728,0.06193333333333334,-0.034333333333333334,-2.8185328185328226e-05,0.00013593307593307594
0.6,0.6,2.0,0.31,0.43,20.645358553535374,0.5358411166387221,0.029582412130998728,0.06193333333333334,-0.034333333333333334,-2.8185328185328226e-05,0.00013593307593307594
0.6,0.6,4.0,0.31,0.43,20.645358553535374,0.5358411166387221,0.029582412130998728,0.06193333333333334,-0.034333333333333334,-2.8185328185328226e-05,0.00013593307593307594
0.6,0.6,6.0,0.31,0.43,20.645358553535374,0.5358411166387221,0.029582412130998728,0.06193333333333334,-0.034333333333333334,-2.8185328185328226e-05,0.00013593307593307594
0.6,0.6,8.0,0.31,0.43,20.645358553535374,0.5358411166387221,0.029582412130998728,0.06193333333333334,-0.034333333333333334,-2.8185328185328226e-05,0.00013593307593307594
0.6,0.6,10.0,0.31,0.43,20.645358553535374,0.5358411166387221,0.029582412130998728,0.06193333333333334,-0.034333333333333334,-2.8185328185328226e-05,0.00013593307593307594
0.6,0.6,12.0,0.31,0.43,20.645358553535374,0.5358411166387221,0.029582412130998728,0.06193333333333334,-0.034333333333333334,-2.8185328185328226e-05,0.00013593307593307594
0.6,0.6,14.0,0.31,0.43,20.645358553535374,0.5358411166387221,0.029582412130998728,0.06193333333333334,-0.034333333333333334,-2.8185328185328226e-05,0.00013593307593307594
0.6,0.6,16.0,0.31,0.43,20.645358553535374,0.5358411166387221,0.029582412130998728,0.06193333333333334,-0.034333333333333334,-2.8185328185328226e-05,0.00013593307593307594
0.6,0.6,18.0,0.31,0.43,20.645358553535374,0.5358411166387221,0.029582412130998728,0.06193333333333334,-0.034333333333333334,-2.8185328185328226e-05,0.00013593307593307594
0.6,0.6,20.0,0.31,0.43,20.645358553535374,0.5358411166387221,0.029582412130998728,0.06193333333333334,-0.034333333333333334,-2.8185328185328226e-05,0.00013593307593307594
0.6,0.65,,0.31,0.43,20.645358553535374,0.5358411166387221,0.029582412130998728,0.06193333333333334,-0.034333333333333334,-2.8185328185328226e-05,0.00013593307593307594
0.6,0.65,2.0,0.31,0.43,20.645358553535374,0.5358411166387221,0.029582412130998728,0.06193333333333334,-0.034333333333333334,-2.8185328185328226e-05,0.00013593307593307594
0.6,0.65,4.0,0.31,0.43,20.645358553535374,0.5358411166387221,0.029582412130998728,0.06193333333333334,-0.034333333333333334,-2.8185328185328226e-05,0.00013593307593307594
0.6,0.65,6.0,0.31,0.43,20.645358553535374,0.5358411166387221,0.029582412130998728,0.06193333333333334,-0.034333333333333334,-2.8185328185328226e-05,0.00013593307593307594
0.6,0.65,8.0,0.31,0.43,20.645358553535374,0.5358411166387221,0.029582412130998728,0.06193333333333334,-0.034333333333333334,-2.8185328185328226e-05,0.00013593307593307594
0.6,0.65,10.0,0.31,0.43,20.645358553535374,0.5358411166387221,0.029582412130998728,0.06193333333333334,-0.034333333333333334,-2.8185328185328226e-05,0.00013593307593307594
0.6,0.65,12.0,0.31,0.43,20.645358553535374,0.5358411166387221,0.029582412130998728,0.06193333333333334,-0.034333333333333334,-2.8185328185328226e-05,0.00013593307593307594
0.6,0.65,14.0,0.31,0.43,20.645358553535374,0.5358411166387221,0.029582412130998728,0.06193333333333334,-0.034333333333333334,-2.8185328185328226e-05,0.00013593307593307594
0.6,0.65,16.0,0.31,0.43,20.645358553535374,0.5358411166387221,0.029582412130998728,0.06193333333333334,-0.034333333333333334,-2.8185328185328226e-05,0.00013593307593307594
0.6,0.65,18.0,0.31,0.43,20.645358553535374,0.5358411166387221,0.029582412130998728,0.06193333333333334,-0.034333333333333334,-2.8185328185328226e-05,0.00013593307593307594
0.6,0.65,20.0,0.31,0.43,20.645358553535374,0.5358411166387221,0.029582412130998728,0.06193333333333334,-0.034333333333333334,-2.8185328185328226e-05,0.00013593307593307594
0.6,0.7,,0.31,0.43,20.645358553535374,0.5358411166387221,0.029582412130998728,0.06193333333333334,-0.034333333333333334,-2.8185328185328226e-05,0.00013593307593307594
0.6,0.7,2.0,0.31,0.43,20.645358553535374,0.5358411166387221,0.029582412130998728,0.06193333333333334,-0.034333333333333334,-2.8185328185328226e-05,0.00013593307593307594
0.6,0.7,4.0,0.31,0.43,20.645358553535374,0.5358411166387221,0.029582412130998728,0.06193333333333334,-0.034333333333333334,-2.8185328185328226e-05,0.00013593307593307594
0.6,0.7,6.0,0.31,0.43,20.645358553535374,0.5358411166387221,0.029582412130998728,0.06193333333333334,-0.034333333333333334,-2.8185328185328226e-05,0.00013593307593307594
0.6,0.7,8.0,0.31,0.43,20.645358553535374,0.5358411166387221,0.029582412130998728,0.06193333333333334,-0.034333333333333334,-2.8185328185328226e-05,0.00013593307593307594
0.6,0.7,10.0,0.31,0.43,20.645358553535374,0.5358411166387221,0.029582412130998728,0.06193333333333334,-0.034333333333333334,-2.8185328185328226e-05,0.00013593307593307594
0.6,0.7,12.0,0.31,0.43,20.645358553535374,0.5358411166387221,0.029582412130998728,0.06193333333333334,-0.034333333333333334,-2.8185328185328226e-05,0.00013593307593307594
0.6,0.7,14.0,0.31,0.43,20.645358553535374,0.5358411166387221,0.029582412130998728,0.06193333333333334,-0.034333333333333334,-2.8185328185328226e-05,0.00013593307593307594
0.6,0.7,16.0,0.31,0.43,20.645358553535374,0.5358411166387221,0.029582412130998728,0.06193333333333334,-0.034333333333333334,-2.8185328185328226e-05,0.00013593307593307594
0.6,0.7,18.0,0.31,0.43,20.645358553535374,0.5358411166387221,0.029582412130998728,0.06193333333333334,-0.034333333333333334,-2.8185328185328226e-05,0.00013593307593307594
0.6,0.7,20.0,0.31,0.43,20.645358553535374,0.5358411166387221,0.029582412130998728,0.06193333333333334,-0.034333333333333334,-2.8185328185328226e-05,0.00013593307593307594
0.6,0.75,,0.31,0.43,20.645358553535374,0.5358411166387221,0.029582412130998728,0.06193333333333334,-0.034333333333333334,-2.8185328185328226e-05,0.00013593307593307594
0.6,0.75,2.0,0.31,0.43,20.645358553535374,0.5358411166387221,0.029582412130998728,0.06193333333333334,-0.034333333333333334,-2.8185328185328226e-05,0.00013593307593307594
0.6,0.75,4.0,0.31,0.43,20.645358553535374,0.5358411166387221,0.029582412130998728,0.06193333333333334,-0.034333333333333334,-2.8185328185328226e-05,0.00013593307593307594
0.6,0.75,6.0,0.31,0.43,20.645358553535374,0.5358411166387221,0.029582412130998728,0.06193333333333334,-0.034333333333333334,-2.8185328185328226e-05,0.00013593307593307594
0.6,0.75,8.0,0.31,0.43,20.645358553535374,0.5358411166387221,0.029582412130998728,0.06193333333333334,-0.034333333333333334,-2.8185328185328226e-05,0.00013593307593307594
0.6,0.75,10.0,0.31,0.43,20.645358553535374,0.5358411166387221,0.029582412130998728,0.06193333333333334,-0.034333333333333334,-2.8185328185328226e-05,0.00013593307593307594
0.6,0.75,12.0,0.31,0.43,20.645358553535374,0.5358411166387221,0.029582412130998728,0.06193333333333334,-0.034333333333333334,-2.8185328185328226e-05,0.00013593307593307594
0.6,0.75,14.0,0.31,0.43,20.645358553535374,0.5358411166387221,0.029582412130998728,0.06193333333333334,-0.034333333333333334,-2.8185328185328226e-05,0.00013593307593307594
0.6,0.75,16.0,0.31,0.43,20.645358553535374,0.5358411166387221,0.029582412130998728,0.06193333333333334,-0.034333333333333334,-2.8185328185328226e-05,0.00013593307593307594
0.6,0.75,18.0,0.31,0.43,20.645358553535374,0.5358411166387221,0.029582412130998728,0.06193333333333334,-0.034333333333333334,-2.8185328185328226e-05,0.00013593307593307594
0.6,0.75,20.0,0.31,0.43,20.645358553535374,0.5358411166387221,0.029582412130998728,0.06193333333333334,-0.034333333333333334,-2.8185328185328226e-05,0.00013593307593307594
0.6,0.8,,0.31,0.43,20.645358553535374,0.5358411166387221,0.029582412130998728,0.06193333333333334,-0.034333333333333334,-2.8185328185328226e-05,0.00013593307593307594
0.6,0.8,2.0,0.31,0.43,20.645358553535374,0.5358411166387221,0.029582412130998728,0.06193333333333334,-0.034333333333333334,-2.8185328185328226e-05,0.00013593307593307594
0.6,0.8,4.0,0.31,0.43,20.645358553535374,0.5358411166387221,0.029582412130998728,0.06193333333333334,-0.034333333333333334,-2.8185328185328226e-05,0.00013593307593307594
0.6,0.8,6.0,0.31,0.43,20.645358553535374,0.5358411166387221,0.029582412130998728,0.06193333333333334,-0.034333333333333334,-2.8185328185328226e-05,0.00013593307593307594
0.6,0.8,8.0,0.31,0.43,20.645358553535374,0.5358411166387221,0.029582412130998728,0.06193333333333334,-0.034333333333333334,-2.8185328185328226e-05,0.00013593307593307594
0.6,0.8,10.0,0.31,0.43,20.645358553535374,0.5358411166387221,0.029582412130998728,0.06193333333333334,-0.034333333333333334,-2.8185328185328226e-05,0.00013593307593307594
0.6,0.8,12.0,0.31,0.43,20.645358553535374,0.5358411166387221,0.029582412130998728,0.06193333333333334,-0.034333333333333334,-2.8185328185328226e-05,0.00013593307593307594
0.6,0.8,14.0,0.31,0.43,20.645358553535374,0.5358411166387221,0.029582412130998728,0.06193333333333334,-0.034333333333333334,-2.8185328185328226e-05,0.00013593307593307594
0.6,0.8,16.0,0.31,0.43,20.645358553535374,0.5358411166387221,0.029582412130998728,0.06193333333333334,-0.034333333333333334,-2.8185328185328226e-05,0.00013593307593307594
0.6,0.8,18.0,0.31,0.43,20.645358553535374,0.5358411166387221,0.029582412130998728,0.06193333333333334,-0.034333333333333334,-2.8185328185328226e-05,0.00013593307593307594
0.6,0.8,20.0,0.31,0.43,20.645358553535374,0.5358411166387221,0.029582412130998728,0.06193333333333334,-0.034333333333333334,-2.8185328185328226e-05,0.00013593307593307594
0.6,0.85,,0.31,0.43,20.645358553535374,0.5358411166387221,0.029582412130998728,0.06193333333333334,-0.034333333333333334,-2.8185328185328226e-05,0.00013593307593307594
0.6,0.85,2.0,0.31,0.43,20.645358553535374,0.5358411166387221,0.029582412130998728,0.06193333333333334,-0.034333333333333334,-2.8185328185328226e-05,0.00013593307593307594
0.6,0.85,4.0,0.31,0.43,20.645358553535374,0.5358411166387221,0.029582412130998728,0.06193333333333334,-0.034333333333333334,-2.8185328185328226e-05,0.00013593307593307594
0.6,0.85,6.0,0.31,0.43,20.645358553535374,0.5358411166387221,0.029582412130998728,0.06193333333333334,-0.034333333333333334,-2.8185328185328226e-05,0.00013593307593307594
0.6,0.85,8.0,0.31,0.43,20.645358553535374,0.5358411166387221,0.029582412130998728,0.06193333333333334,-0.034333333333333334,-2.8185328185328226e-05,0.00013593307593307594
0.6,0.85,10.0,0.31,0.43,20.645358553535374,0.5358411166387221,0.029582412130998728,0.06193333333333334,-0.034333333333333334,-2.8185328185328226e-05,0.00013593307593307594
0.6,0.85,12.0,0.31,0.43,20.645358553535374,0.5358411166387221,0.029582412130998728,0.06193333333333334,-0.034333333333333334,-2.8185328185328226e-05,0.00013593307593307594
0.6,0.85,14.0,0.31,0.43,20.645358553535374,0.5358411166387221,0.029582412130998728,0.06193333333333334,-0.034333333333333334,-2.8185328185328226e-05,0.00013593307593307594
0.6,0.85,16.0,0.31,0.43,20.645358553535374,0.5358411166387221,0.029582412130998728,0.06193333333333334,-0.034333333333333334,-2.8185328185328226e-05,0.00013593307593307594
0.6,0.85,18.0,0.31,0.43,20.645358553535374,0.5358411166387221,0.029582412130998728,0.06193333333333334,-0.034333333333333334,-2.8185328185328226e-05,0.00013593307593307594
0.6,0.85,20.0,0.31,0.43,20.645358553535374,0.5358411166387221,0.029582412130998728,0.06193333333333334,-0.034333333333333334,-2.8185328185328226e-05,0.00013593307593307594
0.6,0.9,,0.31,0.43,20.645358553535374,0.5358411166387221,0.029582412130998728,0.06193333333333334,-0.034333333333333334,-2.8185328185328226e-05,0.00013593307593307594
0.6,0.9,2.0,0.31,0.43,20.645358553535374,0.5358411166387221,0.029582412130998728,0.06193333333333334,-0.034333333333333334,-2.8185328185328226e-05,0.00013593307593307594
0.6,0.9,4.0,0.31,0.43,20.645358553535374,0.5358411166387221,0.029582412130998728,0.06193333333333334,-0.034333333333333334,-2.8185328185328226e-05,0.00013593307593307594
0.6,0.9,6.0,0.31,0.43,20.645358553535374,0.5358411166387221,0.029582412130998728,0.06193333333333334,-0.034333333333333334,-2.8185328185328226e-05,0.00013593307593307594
0.6,0.9,8.0,0.31,0.43,20.645358553535374,0.5358411166387221,0.029582412130998728,0.06193333333333334,-0.034333333333333334,-2.8185328185328226e-05,0.00013593307593307594
0.6,0.9,10.0,0.31,0.43,20.645358553535374,0.5358411166387221,0.029582412130998728,0.06193333333333334,-0.034333333333333334,-2.8185328185328226e-05,0.00013593307593307594
0.6,0.9,12.0,0.31,0.43,20.645358553535374,0.5358411166387221,0.029582412130998728,0.06193333333333334,-0.034333333333333334,-2.8185328185328226e-05,0.00013593307593307594
0.6,0.9,14.0,0.31,0.43,20.645358553535374,0.5358411166387221,0.029582412130998728,0.06193333333333334,-0.034333333333333334,-2.8185328185328226e-05,0.00013593307593307594
0.6,0.9,16.0,0.31,0.43,20.645358553535374,0.5358411166387221,0.029582412130998728,0.06193333333333334,-0.034333333333333334,-2.8185328185328226e-05,0.00013593307593307594
0.6,0.9,18.0,0.31,0.43,20.645358553535374,0.5358411166387221,0.029582412130998728,0.06193333333333334,-0.034333333333333334,-2.8185328185328226e-05,0.00013593307593307594
0.6,0.9,20.0,0.31,0.43,20.645358553535374,0.5358411166387221,0.029582412130998728,0.06193333333333334,-0.034333333333333334,-2.8185328185328226e-05,0.00013593307593307594
0.6,0.95,,0.31,0.43,20.645358553535374,0.5358411166387221,0.029582412130998728,0.06193333333333334,-0.034333333333333334,-2.8185328185328226e-05,0.00013593307593307594
0.6,0.95,2.0,0.31,0.43,20.645358553535374,0.5358411166387221,0.029582412130998728,0.06193333333333334,-0.034333333333333334,-2.8185328185328226e-05,0.00013593307593307594
0.6,0.95,4.0,0.31,0.43,20.645358553535374,0.5358411166387221,0.029582412130998728,0.06193333333333334,-0.034333333333333334,-2.8185328185328226e-05,0.00013593307593307594
0.6,0.95,6.0,0.31,0.43,20.645358553535374,0.5358411166387221,0.029582412130998728,0.06193333333333334,-0.034333333333333334,-2.8185328185328226e-05,0.00013593307593307594
0.6,0.95,8.0,0.31,0.43,20.645358553535374,0.5358411166387221,0.029582412130998728,0.06193333333333334,-0.034333333333333334,-2.8185328185328226e-05,0.00013593307593307594
0.6,0.95,10.0,0.31,0.43,20.645358553535374,0.5358411166387221,0.029582412130998728,0.06193333333333334,-0.034333333333333334,-2.8185328185328226e-05,0.00013593307593307594
0.6,0.95,12.0,0.31,0.43,20.645358553535374,0.5358411166387221,0.029582412130998728,0.06193333333333334,-0.034333333333333334,-2.8185328185328226e-05,0.00013593307593307594
0.6,0.95,14.0,0.31,0.43,20.645358553535374,0.5358411166387221,0.029582412130998728,0.06193333333333334,-0.034333333333333334,-2.8185328185328226e-05,0.00013593307593307594
0.6,0.95,16.0,0.31,0.43,20.645358553535374,0.5358411166387221,0.029582412130998728,0.06193333333333334,-0.034333333333333334,-2.8185328185328226e-05,0.00013593307593307594
0.6,0.95,18.0,0.31,0.43,20.645358553535374,0.5358411166387221,0.029582412130998728,0.06193333333333334,-0.034333333333333334,-2.8185328185328226e-05,0.00013593307593307594
0.6,0.95,20.0,0.31,0.43,20.645358553535374,0.5358411166387221,0.029582412130998728,0.06193333333333334,-0.034333333333333334,-2.8185328185328226e-05,0.00013593307593307594
0.6,1.0,,0.31,0.43,20.645358553535374,0.5358411166387221,0.029582412130998728,0.06193333333333334,-0.034333333333333334,-2.8185328185328226e-05,0.00013593307593307594
0.6,1.0,2.0,0.31,0.43,20.645358553535374,0.5358411166387221,0.029582412130998728,0.06193333333333334,-0.034333333333333334,-2.8185328185328226e-05,0.00013593307593307594
0.6,1.0,4.0,0.31,0.43,20.645358553535374,0.5358411166387221,0.029582412130998728,0.06193333333333334,-0.034333333333333334,-2.8185328185328226e-05,0.00013593307593307594
0.6,1.0,6.0,0.31,0.43,20.645358553535374,0.5358411166387221,0.029582412130998728,0.06193333333333334,-0.034333333333333334,-2.8185328185328226e-05,0.00013593307593307594
0.6,1.0,8.0,0.31,0.43,20.645358553535374,0.5358411166387221,0.029582412130998728,0.06193333333333334,-0.034333333333333334,-2.8185328185328226e-05,0.00013593307593307594
0.6,1.0,10.0,0.31,0.43,20.645358553535374,0.5358411166387221,0.029582412130998728,0.06193333333333334,-0.034333333333333334,-2.8185328185328226e-05,0.00013593307593307594
0.6,1.0,12.0,0.31,0.43,20.645358553535374,0.5358411166387221,0.029582412130998728,0.06193333333333334,-0.034333333333333334,-2.8185328185328226e-05,0.00013593307593307594
0.6,1.0,14.0,0.31,0.43,20.645358553535374,0.5358411166387221,0.029582412130998728,0.06193333333333334,-0.034333333333333334,-2.8185328185328226e-05,0.00013593307593307594
0.6,1.0,16.0,0.31,0.43,20.645358553535374,0.5358411166387221,0.029582412130998728,0.06193333333333334,-0.034333333333333334,-2.8185328185328226e-05,0.00013593307593307594
0.6,1.0,18.0,0.31,0.43,20.645358553535374,0.5358411166387221,0.029582412130998728,0.06193333333333334,-0.034333333333333334,-2.8185328185328226e-05,0.00013593307593307594
0.6,1.0,20.0,0.31,0.43,20.645358553535374,0.5358411166387221,0.029582412130998728,0.06193333333333334,-0.034333333333333334,-2.8185328185328226e-05,0.00013593307593307594
0.65,0.1,,0.31,0.43,20.645358553535374,0.5358411166387221,0.029582412130998728,0.06193333333333334,-0.034333333333333334,-2.8185328185328226e-05,0.00013593307593307594
0.65,0.1,2.0,0.31,0.43,20.645358553535374,0.5358411166387221,0.029582412130998728,0.06193333333333334,-0.034333333333333334,-2.8185328185328226e-05,0.00013593307593307594
0.65,0.1,4.0,0.31,0.43,20.645358553535374,0.5358411166387221,0.029582412130998728,0.06193333333333334,-0.034333333333333334,-2.8185328185328226e-05,0.00013593307593307594
0.65,0.1,6.0,0.31,0.43,20.645358553535374,0.5358411166387221,0.029582412130998728,0.06193333333333334,-0.034333333333333334,-2.8185328185328226e-05,0.00013593307593307594
0.65,0.1,8.0,0.31,0.43,20.645358553535374,0.5358411166387221,0.029582412130998728,0.06193333333333334,-0.034333333333333334,-2.8185328185328226e-05,0.00013593307593307594
0.65,0.1,10.0,0.31,0.43,20.645358553535374,0.5358411166387221,0.029582412130998728,0.06193333333333334,-0.034333333333333334,-2.8185328185328226e-05,0.00013593307593307594
0.65,0.1,12.0,0.31,0.43,20.645358553535374,0.5358411166387221,0.029582412130998728,0.06193333333333334,-0.034333333333333334,-2.8185328185328226e-05,0.00013593307593307594
0.65,0.1,14.0,0.31,0.43,20.645358553535374,0.5358411166387221,0.029582412130998728,0.06193333333333334,-0.034333333333333334,-2.8185328185328226e-05,0.00013593307593307594
0.65,0.1,16.0,0.31,0.43,20.645358553535374,0.5358411166387221,0.029582412130998728,0.06193333333333334,-0.034333333333333334,-2.8185328185328226e-05,0.00013593307593307594
0.65,0.1,18.0,0.31,0.43,20.645358553535374,0.5358411166387221,0.029582412130998728,0.06193333333333334,-0.034333333333333334,-2.8185328185328226e-05,0.00013593307593307594
0.65,0.1,20.0,0.31,0.43,20.645358553535374,0.5358411166387221,0.029582412130998728,0.06193333333333334,-0.034333333333333334,-2.8185328185328226e-05,0.00013593307593307594
0.65,0.15,,0.31,0.43,20.645358553535374,0.5358411166387221,0.029582412130998728,0.06193333333333334,-0.034333333333333334,-2.8185328185328226e-05,0.00013593307593307594
0.65,0.15,2.0,0.31,0.43,20.645358553535374,0.5358411166387221,0.029582412130998728,0.06193333333333334,-0.034333333333333334,-2.8185328185328226e-05,0.00013593307593307594
0.65,0.15,4.0,0.31,0.43,20.645358553535374,0.5358411166387221,0.029582412130998728,0.06193333333333334,-0.034333333333333334,-2.8185328185328226e-05,0.00013593307593307594
0.65,0.15,6.0,0.31,0.43,20.645358553535374,0.5358411166387221,0.029582412130998728,0.06193333333333334,-0.034333333333333334,-2.8185328185328226e-05,0.00013593307593307594
0.65,0.15,8.0,0.31,0.43,20.645358553535374,0.5358411166387221,0.029582412130998728,0.06193333333333334,-0.034333333333333334,-2.8185328185328226e-05,0.00013593307593307594
0.65,0.15,10.0,0.31,0.43,20.645358553535374,0.5358411166387221,0.029582412130998728,0.06193333333333334,-0.034333333333333334,-2.8185328185328226e-05,0.00013593307593307594
0.65,0.15,12.0,0.31,0.43,20.645358553535374,0.5358411166387221,0.029582412130998728,0.06193333333333334,-0.034333333333333334,-2.8185328185328226e-05,0.00013593307593307594
0.65,0.15,14.0,0.31,0.43,20.645358553535374,0.5358411166387221,0.029582412130998728,0.06193333333333334,-0.034333333333333334,-2.8185328185328226e-05,0.00013593307593307594
0.65,0.15,16.0,0.31,0.43,20.645358553535374,0.5358411166387221,0.029582412130998728,0.06193333333333334,-0.034333333333333334,-2.8185328185328226e-05,0.00013593307593307594
0.65,0.15,18.0,0.31,0.43,20.645358553535374,0.5358411166387221,0.029582412130998728,0.06193333333333334,-0.034333333333333334,-2.8185328185328226e-05,0.00013593307593307594
0.65,0.15,20.0,0.31,0.43,20.645358553535374,0.5358411166387221,0.029582412130998728,0.06193333333333334,-0.034333333333333334,-2.8185328185328226e-05,0.00013593307593307594
0.65,0.2,,0.31,0.43,20.645358553535374,0.5358411166387221,0.029582412130998728,0.06193333333333334,-0.034333333333333334,-2.8185328185328226e-05,0.00013593307593307594
0.65,0.2,2.0,0.31,0.43,20.645358553535374,0.5358411166387221,0.029582412130998728,0.06193333333333334,-0.034333333333333334,-2.8185328185328226e-05,0.00013593307593307594
0.65,0.2,4.0,0.31,0.43,20.645358553535374,0.5358411166387221,0.029582412130998728,0.06193333333333334,-0.034333333333333334,-2.8185328185328226e-05,0.00013593307593307594
0.65,0.2,6.0,0.31,0.43,20.645358553535374,0.5358411166387221,0.029582412130998728,0.06193333333333334,-0.034333333333333334,-2.8185328185328226e-05,0.00013593307593307594
0.65,0.2,8.0,0.31,0.43,20.645358553535374,0.5358411166387221,0.029582412130998728,0.06193333333333334,-0.034333333333333334,-2.8185328185328226e-05,0.00013593307593307594
0.65,0.2,10.0,0.31,0.43,20.645358553535374,0.5358411166387221,0.029582412130998728,0.06193333333333334,-0.034333333333333334,-2.8185328185328226e-05,0.00013593307593307594
0.65,0.2,12.0,0.31,0.43,20.645358553535374,0.5358411166387221,0.029582412130998728,0.06193333333333334,-0.034333333333333334,-2.8185328185328226e-05,0.00013593307593307594
0.65,0.2,14.0,0.31,0.43,20.645358553535374,0.5358411166387221,0.029582412130998728,0.06193333333333334,-0.034333333333333334,-2.8185328185328226e-05,0.00013593307593307594
0.65,0.2,16.0,0.31,0.43,20.645358553535374,0.5358411166387221,0.029582412130998728,0.06193333333333334,-0.034333333333333334,-2.8185328185328226e-05,0.00013593307593307594
0.65,0.2,18.0,0.31,0.43,20.645358553535374,0.5358411166387221,0.029582412130998728,0.06193333333333334,-0.034333333333333334,-2.8185328185328226e-05,0.00013593307593307594
0.65,0.2,20.0,0.31,0.43,20.645358553535374,0.5358411166387221,0.029582412130998728,0.06193333333333334,-0.034333333333333334,-2.8185328185328226e-05,0.00013593307593307594
0.65,0.25,,0.31,0.43,20.645358553535374,0.5358411166387221,0.029582412130998728,0.06193333333333334,-0.034333333333333334,-2.8185328185328226e-05,0.00013593307593307594
0.65,0.25,2.0,0.31,0.43,20.645358553535374,0.5358411166387221,0.029582412130998728,0.06193333333333334,-0.034333333333333334,-2.8185328185328226e-05,0.00013593307593307594
0.65,0.25,4.0,0.31,0.43,20.645358553535374,0.5358411166387221,0.029582412130998728,0.06193333333333334,-0.034333333333333334,-2.8185328185328226e-05,0.00013593307593307594
0.65,0.25,6.0,0.31,0.43,20.645358553535374,0.5358411166387221,0.029582412130998728,0.06193333333333334,-0.034333333333333334,-2.8185328185328226e-05,0.00013593307593307594
0.65,0.25,8.0,0.31,0.43,20.645358553535374,0.5358411166387221,0.029582412130998728,0.06193333333333334,-0.034333333333333334,-2.8185328185328226e-05,0.00013593307593307594
0.65,0.25,10.0,0.31,0.43,20.645358553535374,0.5358411166387221,0.029582412130998728,0.06193333333333334,-0.034333333333333334,-2.8185328185328226e-05,0.00013593307593307594
0.65,0.25,12.0,0.31,0.43,20.645358553535374,0.5358411166387221,0.029582412130998728,0.06193333333333334,-0.034333333333333334,-2.8185328185328226e-05,0.00013593307593307594
0.65,0.25,14.0,0.31,0.43,20.645358553535374,0.5358411166387221,0.029582412130998728,0.06193333333333334,-0.034333333333333334,-2.8185328185328226e-05,0.00013593307593307594
0.65,0.25,16.0,0.31,0.43,20.645358553535374,0.5358411166387221,0.029582412130998728,0.06193333333333334,-0.034333333333333334,-2.8185328185328226e-05,0.00013593307593307594
0.65,0.25,18.0,0.31,0.43,20.645358553535374,0.5358411166387221,0.029582412130998728,0.06193333333333334,-0.034333333333333334,-2.8185328185328226e-05,0.00013593307593307594
0.65,0.25,20.0,0.31,0.43,20.645358553535374,0.5358411166387221,0.029582412130998728,0.06193333333333334,-0.034333333333333334,-2.8185328185328226e-05,0.00013593307593307594
0.65,0.3,,0.31,0.43,20.645358553535374,0.5358411166387221,0.029582412130998728,0.06193333333333334,-0.034333333333333334,-2.8185328185328226e-05,0.00013593307593307594
0.65,0.3,2.0,0.31,0.43,20.645358553535374,0.5358411166387221,0.029582412130998728,0.06193333333333334,-0.034333333333333334,-2.8185328185328226e-05,0.00013593307593307594
0.65,0.3,4.0,0.31,0.43,20.645358553535374,0.5358411166387221,0.029582412130998728,0.06193333333333334,-0.034333333333333334,-2.8185328185328226e-05,0.00013593307593307594
0.65,0.3,6.0,0.31,0.43,20.645358553535374,0.5358411166387221,0.029582412130998728,0.06193333333333334,-0.034333333333333334,-2.8185328185328226e-05,0.00013593307593307594
0.65,0.3,8.0,0.31,0.43,20.645358553535374,0.5358411166387221,0.029582412130998728,0.06193333333333334,-0.034333333333333334,-2.8185328185328226e-05,0.00013593307593307594
0.65,0.3,10.0,0.31,0.43,20.645358553535374,0.5358411166387221,0.029582412130998728,0.06193333333333334,-0.034333333333333334,-2.8185328185328226e-05,0.00013593307593307594
0.65,0.3,12.0,0.31,0.43,20.645358553535374,0.5358411166387221,0.029582412130998728,0.06193333333333334,-0.034333333333333334,-2.8185328185328226e-05,0.00013593307593307594
0.65,0.3,14.0,0.31,0.43,20.645358553535374,0.5358411166387221,0.029582412130998728,0.06193333333333334,-0.034333333333333334,-2.8185328185328226e-05,0.00013593307593307594
0.65,0.3,16.0,0.31,0.43,20.645358553535374,0.5358411166387221,0.029582412130998728,0.06193333333333334,-0.034333333333333334,-2.8185328185328226e-05,0.00013593307593307594
0.65,0.3,18.0,0.31,0.43,20.645358553535374,0.5358411166387221,0.029582412130998728,0.06193333333333334,-0.034333333333333334,-2.8185328185328226e-05,0.00013593307593307594
0.65,0.3,20.0,0.31,0.43,20.645358553535374,0.5358411166387221,0.029582412130998728,0.06193333333333334,-0.034333333333333334,-2.8185328185328226e-05,0.00013593307593307594
0.65,0.35,,0.31,0.43,20.645358553535374,0.5358411166387221,0.029582412130998728,0.06193333333333334,-0.034333333333333334,-2.8185328185328226e-05,0.00013593307593307594
0.65,0.35,2.0,0.31,0.43,20.645358553535374,0.5358411166387221,0.029582412130998728,0.06193333333333334,-0.034333333333333334,-2.8185328185328226e-05,0.00013593307593307594
0.65,0.35,4.0,0.31,0.43,20.645358553535374,0.5358411166387221,0.029582412130998728,0.06193333333333334,-0.034333333333333334,-2.8185328185328226e-05,0.00013593307593307594
0.65,0.35,6.0,0.31,0.43,20.645358553535374,0.5358411166387221,0.029582412130998728,0.06193333333333334,-0.034333333333333334,-2.8185328185328226e-05,0.00013593307593307594
0.65,0.35,8.0,0.31,0.43,20.645358553535374,0.5358411166387221,0.029582412130998728,0.06193333333333334,-0.034333333333333334,-2.8185328185328226e-05,0.00013593307593307594
0.65,0.35,10.0,0.31,0.43,20.645358553535374,0.5358411166387221,0.029582412130998728,0.06193333333333334,-0.034333333333333334,-2.8185328185328226e-05,0.00013593307593307594
0.65,0.35,12.0,0.31,0.43,20.645358553535374,0.5358411166387221,0.029582412130998728,0.06193333333333334,-0.034333333333333334,-2.8185328185328226e-05,0.00013593307593307594
0.65,0.35,14.0,0.31,0.43,20.645358553535374,0.5358411166387221,0.029582412130998728,0.06193333333333334,-0.034333333333333334,-2.8185328185328226e-05,0.00013593307593307594
0.65,0.35,16.0,0.31,0.43,20.645358553535374,0.5358411166387221,0.029582412130998728,0.06193333333333334,-0.034333333333333334,-2.8185328185328226e-05,0.00013593307593307594
0.65,0.35,18.0,0.31,0.43,20.645358553535374,0.5358411166387221,0.029582412130998728,0.06193333333333334,-0.034333333333333334,-2.8185328185328226e-05,0.00013593307593307594
0.65,0.35,20.0,0.31,0.43,20.645358553535374,0.5358411166387221,0.029582412130998728,0.06193333333333334,-0.034333333333333334,-2.8185328185328226e-05,0.00013593307593307594
0.65,0.4,,0.31,0.43,20.645358553535374,0.5358411166387221,0.029582412130998728,0.06193333333333334,-0.034333333333333334,-2.8185328185328226e-05,0.00013593307593307594
0.65,0.4,2.0,0.31,0.43,20.645358553535374,0.5358411166387221,0.029582412130998728,0.06193333333333334,-0.034333333333333334,-2.8185328185328226e-05,0.00013593307593307594
0.65,0.4,4.0,0.31,0.43,20.645358553535374,0.5358411166387221,0.029582412130998728,0.06193333333333334,-0.034333333333333334,-2.8185328185328226e-05,0.00013593307593307594
0.65,0.4,6.0,0.31,0.43,20.645358553535374,0.5358411166387221,0.029582412130998728,0.06193333333333334,-0.034333333333333334,-2.8185328185328226e-05,0.00013593307593307594
0.65,0.4,8.0,0.31,0.43,20.645358553535374,0.5358411166387221,0.029582412130998728,0.06193333333333334,-0.034333333333333334,-2.8185328185328226e-05,0.00013593307593307594
0.65,0.4,10.0,0.31,0.43,20.645358553535374,0.5358411166387221,0.029582412130998728,0.06193333333333334,-0.034333333333333334,-2.8185328185328226e-05,0.00013593307593307594
0.65,0.4,12.0,0.31,0.43,20.645358553535374,0.5358411166387221,0.029582412130998728,0.06193333333333334,-0.034333333333333334,-2.8185328185328226e-05,0.00013593307593307594
0.65,0.4,14.0,0.31,0.43,20.645358553535374,0.5358411166387221,0.029582412130998728,0.06193333333333334,-0.034333333333333334,-2.8185328185328226e-05,0.00013593307593307594
0.65,0.4,16.0,0.31,0.43,20.645358553535374,0.5358411166387221,0.029582412130998728,0.06193333333333334,-0.034333333333333334,-2.8185328185328226e-05,0.00013593307593307594
0.65,0.4,18.0,0.31,0.43,20.645358553535374,0.5358411166387221,0.029582412130998728,0.06193333333333334,-0.034333333333333334,-2.8185328185328226e-05,0.00013593307593307594
0.65,0.4,20.0,0.31,0.43,20.645358553535374,0.5358411166387221,0.029582412130998728,0.06193333333333334,-0.034333333333333334,-2.8185328185328226e-05,0.00013593307593307594
0.65,0.45,,0.31,0.43,20.645358553535374,0.5358411166387221,0.029582412130998728,0.06193333333333334,-0.034333333333333334,-2.8185328185328226e-05,0.00013593307593307594
0.65,0.45,2.0,0.31,0.43,20.645358553535374,0.5358411166387221,0.029582412130998728,0.06193333333333334,-0.034333333333333334,-2.8185328185328226e-05,0.00013593307593307594
0.65,0.45,4.0,0.31,0.43,20.645358553535374,0.5358411166387221,0.029582412130998728,0.06193333333333334,-0.034333333333333334,-2.8185328185328226e-05,0.00013593307593307594
0.65,0.45,6.0,0.31,0.43,20.645358553535374,0.5358411166387221,0.029582412130998728,0.06193333333333334,-0.034333333333333334,-2.8185328185328226e-05,0.00013593307593307594
0.65,0.45,8.0,0.31,0.43,20.645358553535374,0.5358411166387221,0.029582412130998728,0.06193333333333334,-0.034333333333333334,-2.8185328185328226e-05,0.00013593307593307594
0.65,0.45,10.0,0.31,0.43,20.645358553535374,0.5358411166387221,0.029582412130998728,0.06193333333333334,-0.034333333333333334,-2.8185328185328226e-05,0.00013593307593307594
0.65,0.45,12.0,0.31,0.43,20.645358553535374,0.5358411166387221,0.029582412130998728,0.06193333333333334,-0.034333333333333334,-2.8185328185328226e-05,0.00013593307593307594
0.65,0.45,14.0,0.31,0.43,20.645358553535374,0.5358411166387221,0.029582412130998728,0.06193333333333334,-0.034333333333333334,-2.8185328185328226e-05,0.00013593307593307594
0.65,0.45,16.0,0.31,0.43,20.645358553535374,0.5358411166387221,0.029582412130998728,0.06193333333333334,-0.034333333333333334,-2.8185328185328226e-05,0.00013593307593307594
0.65,0.45,18.0,0.31,0.43,20.645358553535374,0.5358411166387221,0.029582412130998728,0.06193333333333334,-0.034333333333333334,-2.8185328185328226e-05,0.00013593307593307594
0.65,0.45,20.0,0.31,0.43,20.645358553535374,0.5358411166387221,0.029582412130998728,0.06193333333333334,-0.034333333333333334,-2.8185328185328226e-05,0.00013593307593307594
0.65,0.5,,0.31,0.43,20.645358553535374,0.5358411166387221,0.029582412130998728,0.06193333333333334,-0.034333333333333334,-2.8185328185328226e-05,0.00013593307593307594
0.65,0.5,2.0,0.31,0.43,20.645358553535374,0.5358411166387221,0.029582412130998728,0.06193333333333334,-0.034333333333333334,-2.8185328185328226e-05,0.00013593307593307594
0.65,0.5,4.0,0.31,0.43,20.645358553535374,0.5358411166387221,0.029582412130998728,0.06193333333333334,-0.034333333333333334,-2.8185328185328226e-05,0.00013593307593307594
0.65,0.5,6.0,0.31,0.43,20.645358553535374,0.5358411166387221,0.029582412130998728,0.06193333333333334,-0.034333333333333334,-2.8185328185328226e-05,0.00013593307593307594
0.65,0.5,8.0,0.31,0.43,20.645358553535374,0.5358411166387221,0.029582412130998728,0.06193333333333334,-0.034333333333333334,-2.8185328185328226e-05,0.00013593307593307594
0.65,0.5,10.0,0.31,0.43,20.645358553535374,0.5358411166387221,0.029582412130998728,0.06193333333333334,-0.034333333333333334,-2.8185328185328226e-05,0.00013593307593307594
0.65,0.5,12.0,0.31,0.43,20.645358553535374,0.5358411166387221,0.029582412130998728,0.06193333333333334,-0.034333333333333334,-2.8185328185328226e-05,0.00013593307593307594
0.65,0.5,14.0,0.31,0.43,20.645358553535374,0.5358411166387221,0.029582412130998728,0.06193333333333334,-0.034333333333333334,-2.8185328185328226e-05,0.00013593307593307594
0.65,0.5,16.0,0.31,0.43,20.645358553535374,0.5358411166387221,0.029582412130998728,0.06193333333333334,-0.034333333333333334,-2.8185328185328226e-05,0.00013593307593307594
0.65,0.5,18.0,0.31,0.43,20.645358553535374,0.5358411166387221,0.029582412130998728,0.06193333333333334,-0.034333333333333334,-2.8185328185328226e-05,0.00013593307593307594
0.65,0.5,20.0,0.31,0.43,20.645358553535374,0.5358411166387221,0.029582412130998728,0.06193333333333334,-0.034333333333333334,-2.8185328185328226e-05,0.00013593307593307594
0.65,0.55,,0.31,0.43,20.645358553535374,0.5358411166387221,0.029582412130998728,0.06193333333333334,-0.034333333333333334,-2.8185328185328226e-05,0.00013593307593307594
0.65,0.55,2.0,0.31,0.43,20.645358553535374,0.5358411166387221,0.029582412130998728,0.06193333333333334,-0.034333333333333334,-2.8185328185328226e-05,0.00013593307593307594
0.65,0.55,4.0,0.31,0.43,20.645358553535374,0.5358411166387221,0.029582412130998728,0.06193333333333334,-0.034333333333333334,-2.8185328185328226e-05,0.00013593307593307594
0.65,0.55,6.0,0.31,0.43,20.645358553535374,0.5358411166387221,0.029582412130998728,0.06193333333333334,-0.034333333333333334,-2.8185328185328226e-05,0.00013593307593307594
0.65,0.55,8.0,0.31,0.43,20.645358553535374,0.5358411166387221,0.029582412130998728,0.06193333333333334,-0.034333333333333334,-2.8185328185328226e-05,0.00013593307593307594
0.65,0.55,10.0,0.31,0.43,20.645358553535374,0.5358411166387221,0.029582412130998728,0.06193333333333334,-0.034333333333333334,-2.8185328185328226e-05,0.00013593307593307594
0.65,0.55,12.0,0.31,0.43,20.645358553535374,0.5358411166387221,0.029582412130998728,0.06193333333333334,-0.034333333333333334,-2.8185328185328226e-05,0.00013593307593307594
0.65,0.55,14.0,0.31,0.43,20.645358553535374,0.5358411166387221,0.029582412130998728,0.06193333333333334,-0.034333333333333334,-2.8185328185328226e-05,0.00013593307593307594
0.65,0.55,16.0,0.31,0.43,20.645358553535374,0.5358411166387221,0.029582412130998728,0.06193333333333334,-0.034333333333333334,-2.8185328185328226e-05,0.00013593307593307594
0.65,0.55,18.0,0.31,0.43,20.645358553535374,0.5358411166387221,0.029582412130998728,0.06193333333333334,-0.034333333333333334,-2.8185328185328226e-05,0.00013593307593307594
0.65,0.55,20.0,0.31,0.43,20.645358553535374,0.5358411166387221,0.029582412130998728,0.06193333333333334,-0.034333333333333334,-2.8185328185328226e-05,0.00013593307593307594
0.65,0.6,,0.31,0.43,20.645358553535374,0.5358411166387221,0.029582412130998728,0.06193333333333334,-0.034333333333333334,-2.8185328185328226e-05,0.00013593307593307594
0.65,0.6,2.0,0.31,0.43,20.645358553535374,0.5358411166387221,0.029582412130998728,0.06193333333333334,-0.034333333333333334,-2.8185328185328226e-05,0.00013593307593307594
0.65,0.6,4.0,0.31,0.43,20.645358553535374,0.5358411166387221,0.029582412130998728,0.06193333333333334,-0.034333333333333334,-2.8185328185328226e-05,0.00013593307593307594
0.65,0.6,6.0,0.31,0.43,20.645358553535374,0.5358411166387221,0.029582412130998728,0.06193333333333334,-0.034333333333333334,-2.8185328185328226e-05,0.00013593307593307594
0.65,0.6,8.0,0.31,0.43,20.645358553535374,0.5358411166387221,0.029582412130998728,0.06193333333333334,-0.034333333333333334,-2.8185328185328226e-05,0.00013593307593307594
0.65,0.6,10.0,0.31,0.43,20.645358553535374,0.5358411166387221,0.029582412130998728,0.06193333333333334,-0.034333333333333334,-2.8185328185328226e-05,0.00013593307593307594
0.65,0.6,12.0,0.31,0.43,20.645358553535374,0.5358411166387221,0.029582412130998728,0.06193333333333334,-0.034333333333333334,-2.8185328185328226e-05,0.00013593307593307594
0.65,0.6,14.0,0.31,0.43,20.645358553535374,0.5358411166387221,0.029582412130998728,0.06193333333333334,-0.034333333333333334,-2.8185328185328226e-05,0.00013593307593307594
0.65,0.6,16.0,0.31,0.43,20.645358553535374,0.5358411166387221,0.029582412130998728,0.06193333333333334,-0.034333333333333334,-2.8185328185328226e-05,0.00013593307593307594
0.65,0.6,18.0,0.31,0.43,20.645358553535374,0.5358411166387221,0.029582412130998728,0.06193333333333334,-0.034333333333333334,-2.8185328185328226e-05,0.00013593307593307594
0.65,0.6,20.0,0.31,0.43,20.645358553535374,0.5358411166387221,0.029582412130998728,0.06193333333333334,-0.034333333333333334,-2.8185328185328226e-05,0.00013593307593307594
0.65,0.65,,0.31,0.43,20.645358553535374,0.5358411166387221,0.029582412130998728,0.06193333333333334,-0.034333333333333334,-2.8185328185328226e-05,0.00013593307593307594
0.65,0.65,2.0,0.31,0.43,20.645358553535374,0.5358411166387221,0.029582412130998728,0.06193333333333334,-0.034333333333333334,-2.8185328185328226e-05,0.00013593307593307594
0.65,0.65,4.0,0.31,0.43,20.645358553535374,0.5358411166387221,0.029582412130998728,0.06193333333333334,-0.034333333333333334,-2.8185328185328226e-05,0.00013593307593307594
0.65,0.65,6.0,0.31,0.43,20.645358553535374,0.5358411166387221,0.029582412130998728,0.06193333333333334,-0.034333333333333334,-2.8185328185328226e-05,0.00013593307593307594
0.65,0.65,8.0,0.31,0.43,20.645358553535374,0.5358411166387221,0.029582412130998728,0.06193333333333334,-0.034333333333333334,-2.8185328185328226e-05,0.00013593307593307594
0.65,0.65,10.0,0.31,0.43,20.645358553535374,0.5358411166387221,0.029582412130998728,0.06193333333333334,-0.034333333333333334,-2.8185328185328226e-05,0.00013593307593307594
0.65,0.65,12.0,0.31,0.43,20.645358553535374,0.5358411166387221,0.029582412130998728,0.06193333333333334,-0.034333333333333334,-2.8185328185328226e-05,0.00013593307593307594
0.65,0.65,14.0,0.31,0.43,20.645358553535374,0.5358411166387221,0.029582412130998728,0.06193333333333334,-0.034333333333333334,-2.8185328185328226e-05,0.00013593307593307594
0.65,0.65,16.0,0.31,0.43,20.645358553535374,0.5358411166387221,0.029582412130998728,0.06193333333333334,-0.034333333333333334,-2.8185328185328226e-05,0.00013593307593307594
0.65,0.65,18.0,0.31,0.43,20.645358553535374,0.5358411166387221,0.029582412130998728,0.06193333333333334,-0.034333333333333334,-2.8185328185328226e-05,0.00013593307593307594
0.65,0.65,20.0,0.31,0.43,20.645358553535374,0.5358411166387221,0.029582412130998728,0.06193333333333334,-0.034333333333333334,-2.8185328185328226e-05,0.00013593307593307594
0.65,0.7,,0.31,0.43,20.645358553535374,0.5358411166387221,0.029582412130998728,0.06193333333333334,-0.034333333333333334,-2.8185328185328226e-05,0.00013593307593307594
0.65,0.7,2.0,0.31,0.43,20.645358553535374,0.5358411166387221,0.029582412130998728,0.06193333333333334,-0.034333333333333334,-2.8185328185328226e-05,0.00013593307593307594
0.65,0.7,4.0,0.31,0.43,20.645358553535374,0.5358411166387221,0.029582412130998728,0.06193333333333334,-0.034333333333333334,-2.8185328185328226e-05,0.00013593307593307594
0.65,0.7,6.0,0.31,0.43,20.645358553535374,0.5358411166387221,0.029582412130998728,0.06193333333333334,-0.034333333333333334,-2.8185328185328226e-05,0.00013593307593307594
0.65,0.7,8.0,0.31,0.43,20.645358553535374,0.5358411166387221,0.029582412130998728,0.06193333333333334,-0.034333333333333334,-2.8185328185328226e-05,0.00013593307593307594
0.65,0.7,10.0,0.31,0.43,20.645358553535374,0.5358411166387221,0.029582412130998728,0.06193333333333334,-0.034333333333333334,-2.8185328185328226e-05,0.00013593307593307594
0.65,0.7,12.0,0.31,0.43,20.645358553535374,0.5358411166387221,0.029582412130998728,0.06193333333333334,-0.034333333333333334,-2.8185328185328226e-05,0.00013593307593307594
0.65,0.7,14.0,0.31,0.43,20.645358553535374,0.5358411166387221,0.029582412130998728,0.06193333333333334,-0.034333333333333334,-2.8185328185328226e-05,0.00013593307593307594
0.65,0.7,16.0,0.31,0.43,20.645358553535374,0.5358411166387221,0.029582412130998728,0.06193333333333334,-0.034333333333333334,-2.8185328185328226e-05,0.00013593307593307594
0.65,0.7,18.0,0.31,0.43,20.645358553535374,0.5358411166387221,0.029582412130998728,0.06193333333333334,-0.034333333333333334,-2.8185328185328226e-05,0.00013593307593307594
0.65,0.7,20.0,0.31,0.43,20.645358553535374,0.5358411166387221,0.029582412130998728,0.06193333333333334,-0.034333333333333334,-2.8185328185328226e-05,0.00013593307593307594
0.65,0.75,,0.31,0.43,20.645358553535374,0.5358411166387221,0.029582412130998728,0.06193333333333334,-0.034333333333333334,-2.8185328185328226e-05,0.00013593307593307594
0.65,0.75,2.0,0.31,0.43,20.645358553535374,0.5358411166387221,0.029582412130998728,0.06193333333333334,-0.034333333333333334,-2.8185328185328226e-05,0.00013593307593307594
0.65,0.75,4.0,0.31,0.43,20.645358553535374,0.5358411166387221,0.029582412130998728,0.06193333333333334,-0.034333333333333334,-2.8185328185328226e-05,0.00013593307593307594
0.65,0.75,6.0,0.31,0.43,20.645358553535374,0.5358411166387221,0.029582412130998728,0.06193333333333334,-0.034333333333333334,-2.8185328185328226e-05,0.00013593307593307594
0.65,0.75,8.0,0.31,0.43,20.645358553535374,0.5358411166387221,0.029582412130998728,0.06193333333333334,-0.034333333333333334,-2.8185328185328226e-05,0.00013593307593307594
0.65,0.75,10.0,0.31,0.43,20.645358553535374,0.5358411166387221,0.029582412130998728,0.06193333333333334,-0.034333333333333334,-2.8185328185328226e-05,0.00013593307593307594
0.65,0.75,12.0,0.31,0.43,20.645358553535374,0.5358411166387221,0.029582412130998728,0.06193333333333334,-0.034333333333333334,-2.8185328185328226e-05,0.00013593307593307594
0.65,0.75,14.0,0.31,0.43,20.645358553535374,0.5358411166387221,0.029582412130998728,0.06193333333333334,-0.034333333333333334,-2.8185328185328226e-05,0.00013593307593307594
0.65,0.75,16.0,0.31,0.43,20.645358553535374,0.5358411166387221,0.029582412130998728,0.06193333333333334,-0.034333333333333334,-2.8185328185328226e-05,0.00013593307593307594
0.65,0.75,18.0,0.31,0.43,20.645358553535374,0.5358411166387221,0.029582412130998728,0.06193333333333334,-0.034333333333333334,-2.8185328185328226e-05,0.00013593307593307594
0.65,0.75,20.0,0.31,0.43,20.645358553535374,0.5358411166387221,0.029582412130998728,0.06193333333333334,-0.034333333333333334,-2.8185328185328226e-05,0.00013593307593307594
0.65,0.8,,0.31,0.43,20.645358553535374,0.5358411166387221,0.029582412130998728,0.06193333333333334,-0.034333333333333334,-2.8185328185328226e-05,0.00013593307593307594
0.65,0.8,2.0,0.31,0.43,20.645358553535374,0.5358411166387221,0.029582412130998728,0.06193333333333334,-0.034333333333333334,-2.8185328185328226e-05,0.00013593307593307594
0.65,0.8,4.0,0.31,0.43,20.645358553535374,0.5358411166387221,0.029582412130998728,0.06193333333333334,-0.034333333333333334,-2.8185328185328226e-05,0.00013593307593307594
0.65,0.8,6.0,0.31,0.43,20.645358553535374,0.5358411166387221,0.029582412130998728,0.06193333333333334,-0.034333333333333334,-2.8185328185328226e-05,0.00013593307593307594
0.65,0.8,8.0,0.31,0.43,20.645358553535374,0.5358411166387221,0.029582412130998728,0.06193333333333334,-0.034333333333333334,-2.8185328185328226e-05,0.00013593307593307594
0.65,0.8,10.0,0.31,0.43,20.645358553535374,0.5358411166387221,0.029582412130998728,0.06193333333333334,-0.034333333333333334,-2.8185328185328226e-05,0.00013593307593307594
0.65,0.8,12.0,0.31,0.43,20.645358553535374,0.5358411166387221,0.029582412130998728,0.06193333333333334,-0.034333333333333334,-2.8185328185328226e-05,0.00013593307593307594
0.65,0.8,14.0,0.31,0.43,20.645358553535374,0.5358411166387221,0.029582412130998728,0.06193333333333334,-0.034333333333333334,-2.8185328185328226e-05,0.00013593307593307594
0.65,0.8,16.0,0.31,0.43,20.645358553535374,0.5358411166387221,0.029582412130998728,0.06193333333333334,-0.034333333333333334,-2.8185328185328226e-05,0.00013593307593307594
0.65,0.8,18.0,0.31,0.43,20.645358553535374,0.5358411166387221,0.029582412130998728,0.06193333333333334,-0.034333333333333334,-2.8185328185328226e-05,0.00013593307593307594
0.65,0.8,20.0,0.31,0.43,20.645358553535374,0.5358411166387221,0.029582412130998728,0.06193333333333334,-0.034333333333333334,-2.8185328185328226e-05,0.00013593307593307594
0.65,0.85,,0.31,0.43,20.645358553535374,0.5358411166387221,0.029582412130998728,0.06193333333333334,-0.034333333333333334,-2.8185328185328226e-05,0.00013593307593307594
0.65,0.85,2.0,0.31,0.43,20.645358553535374,0.5358411166387221,0.029582412130998728,0.06193333333333334,-0.034333333333333334,-2.8185328185328226e-05,0.00013593307593307594
0.65,0.85,4.0,0.31,0.43,20.645358553535374,0.5358411166387221,0.029582412130998728,0.06193333333333334,-0.034333333333333334,-2.8185328185328226e-05,0.00013593307593307594
0.65,0.85,6.0,0.31,0.43,20.645358553535374,0.5358411166387221,0.029582412130998728,0.06193333333333334,-0.034333333333333334,-2.8185328185328226e-05,0.00013593307593307594
0.65,0.85,8.0,0.31,0.43,20.645358553535374,0.5358411166387221,0.029582412130998728,0.06193333333333334,-0.034333333333333334,-2.8185328185328226e-05,0.00013593307593307594
0.65,0.85,10.0,0.31,0.43,20.645358553535374,0.5358411166387221,0.029582412130998728,0.06193333333333334,-0.034333333333333334,-2.8185328185328226e-05,0.00013593307593307594
0.65,0.85,12.0,0.31,0.43,20.645358553535374,0.5358411166387221,0.029582412130998728,0.06193333333333334,-0.034333333333333334,-2.8185328185328226e-05,0.00013593307593307594
0.65,0.85,14.0,0.31,0.43,20.645358553535374,0.5358411166387221,0.029582412130998728,0.06193333333333334,-0.034333333333333334,-2.8185328185328226e-05,0.00013593307593307594
0.65,0.85,16.0,0.31,0.43,20.645358553535374,0.5358411166387221,0.029582412130998728,0.06193333333333334,-0.034333333333333334,-2.8185328185328226e-05,0.00013593307593307594
0.65,0.85,18.0,0.31,0.43,20.645358553535374,0.5358411166387221,0.029582412130998728,0.06193333333333334,-0.034333333333333334,-2.8185328185328226e-05,0.00013593307593307594
0.65,0.85,20.0,0.31,0.43,20.645358553535374,0.5358411166387221,0.029582412130998728,0.06193333333333334,-0.034333333333333334,-2.8185328185328226e-05,0.00013593307593307594
0.65,0.9,,0.31,0.43,20.645358553535374,0.5358411166387221,0.029582412130998728,0.06193333333333334,-0.034333333333333334,-2.8185328185328226e-05,0.00013593307593307594
0.65,0.9,2.0,0.31,0.43,20.645358553535374,0.5358411166387221,0.029582412130998728,0.06193333333333334,-0.034333333333333334,-2.8185328185328226e-05,0.00013593307593307594
0.65,0.9,4.0,0.31,0.43,20.645358553535374,0.5358411166387221,0.029582412130998728,0.06193333333333334,-0.034333333333333334,-2.8185328185328226e-05,0.00013593307593307594
0.65,0.9,6.0,0.31,0.43,20.645358553535374,0.5358411166387221,0.029582412130998728,0.06193333333333334,-0.034333333333333334,-2.8185328185328226e-05,0.00013593307593307594
0.65,0.9,8.0,0.31,0.43,20.645358553535374,0.5358411166387221,0.029582412130998728,0.06193333333333334,-0.034333333333333334,-2.8185328185328226e-05,0.00013593307593307594
0.65,0.9,10.0,0.31,0.43,20.645358553535374,0.5358411166387221,0.029582412130998728,0.06193333333333334,-0.034333333333333334,-2.8185328185328226e-05,0.00013593307593307594
0.65,0.9,12.0,0.31,0.43,20.645358553535374,0.5358411166387221,0.029582412130998728,0.06193333333333334,-0.034333333333333334,-2.8185328185328226e-05,0.00013593307593307594
0.65,0.9,14.0,0.31,0.43,20.645358553535374,0.5358411166387221,0.029582412130998728,0.06193333333333334,-0.034333333333333334,-2.8185328185328226e-05,0.00013593307593307594
0.65,0.9,16.0,0.31,0.43,20.645358553535374,0.5358411166387221,0.029582412130998728,0.06193333333333334,-0.034333333333333334,-2.8185328185328226e-05,0.00013593307593307594
0.65,0.9,18.0,0.31,0.43,20.645358553535374,0.5358411166387221,0.029582412130998728,0.06193333333333334,-0.034333333333333334,-2.8185328185328226e-05,0.00013593307593307594
0.65,0.9,20.0,0.31,0.43,20.645358553535374,0.5358411166387221,0.029582412130998728,0.06193333333333334,-0.034333333333333334,-2.8185328185328226e-05,0.00013593307593307594
0.65,0.95,,0.31,0.43,20.645358553535374,0.5358411166387221,0.029582412130998728,0.06193333333333334,-0.034333333333333334,-2.8185328185328226e-05,0.00013593307593307594
0.65,0.95,2.0,0.31,0.43,20.645358553535374,0.5358411166387221,0.029582412130998728,0.06193333333333334,-0.034333333333333334,-2.8185328185328226e-05,0.00013593307593307594
0.65,0.95,4.0,0.31,0.43,20.645358553535374,0.5358411166387221,0.029582412130998728,0.06193333333333334,-0.034333333333333334,-2.8185328185328226e-05,0.00013593307593307594
0.65,0.95,6.0,0.31,0.43,20.645358553535374,0.5358411166387221,0.029582412130998728,0.06193333333333334,-0.034333333333333334,-2.8185328185328226e-05,0.00013593307593307594
0.65,0.95,8.0,0.31,0.43,20.645358553535374,0.5358411166387221,0.029582412130998728,0.06193333333333334,-0.034333333333333334,-2.8185328185328226e-05,0.00013593307593307594
0.65,0.95,10.0,0.31,0.43,20.645358553535374,0.5358411166387221,0.029582412130998728,0.06193333333333334,-0.034333333333333334,-2.8185328185328226e-05,0.00013593307593307594
0.65,0.95,12.0,0.31,0.43,20.645358553535374,0.5358411166387221,0.029582412130998728,0.06193333333333334,-0.034333333333333334,-2.8185328185328226e-05,0.00013593307593307594
0.65,0.95,14.0,0.31,0.43,20.645358553535374,0.5358411166387221,0.029582412130998728,0.06193333333333334,-0.034333333333333334,-2.8185328185328226e-05,0.00013593307593307594
0.65,0.95,16.0,0.31,0.43,20.645358553535374,0.5358411166387221,0.029582412130998728,0.06193333333333334,-0.034333333333333334,-2.8185328185328226e-05,0.00013593307593307594
0.65,0.95,18.0,0.31,0.43,20.645358553535374,0.5358411166387221,0.029582412130998728,0.06193333333333334,-0.034333333333333334,-2.8185328185328226e-05,0.00013593307593307594
0.65,0.95,20.0,0.31,0.43,20.645358553535374,0.5358411166387221,0.029582412130998728,0.06193333333333334,-0.034333333333333334,-2.8185328185328226e-05,0.00013593307593307594
0.65,1.0,,0.31,0.43,20.645358553535374,0.5358411166387221,0.029582412130998728,0.06193333333333334,-0.034333333333333334,-2.8185328185328226e-05,0.00013593307593307594
0.65,1.0,2.0,0.31,0.43,20.645358553535374,0.5358411166387221,0.029582412130998728,0.06193333333333334,-0.034333333333333334,-2.8185328185328226e-05,0.00013593307593307594
0.65,1.0,4.0,0.31,0.43,20.645358553535374,0.5358411166387221,0.029582412130998728,0.06193333333333334,-0.034333333333333334,-2.8185328185328226e-05,0.00013593307593307594
0.65,1.0,6.0,0.31,0.43,20.645358553535374,0.5358411166387221,0.029582412130998728,0.06193333333333334,-0.034333333333333334,-2.8185328185328226e-05,0.00013593307593307594
0.65,1.0,8.0,0.31,0.43,20.645358553535374,0.5358411166387221,0.029582412130998728,0.06193333333333334,-0.034333333333333334,-2.8185328185328226e-05,0.00013593307593307594
0.65,1.0,10.0,0.31,0.43,20.645358553535374,0.5358411166387221,0.029582412130998728,0.06193333333333334,-0.034333333333333334,-2.8185328185328226e-05,0.00013593307593307594
0.65,1.0,12.0,0.31,0.43,20.645358553535374,0.5358411166387221,0.029582412130998728,0.06193333333333334,-0.034333333333333334,-2.8185328185328226e-05,0.00013593307593307594
0.65,1.0,14.0,0.31,0.43,20.645358553535374,0.5358411166387221,0.029582412130998728,0.06193333333333334,-0.034333333333333334,-2.8185328185328226e-05,0.00013593307593307594
0.65,1.0,16.0,0.31,0.43,20.645358553535374,0.5358411166387221,0.029582412130998728,0.06193333333333334,-0.034333333333333334,-2.8185328185328226e-05,0.00013593307593307594
0.65,1.0,18.0,0.31,0.43,20.645358553535374,0.5358411166387221,0.029582412130998728,0.06193333333333334,-0.034333333333333334,-2.8185328185328226e-05,0.00013593307593307594
0.65,1.0,20.0,0.31,0.43,20.645358553535374,0.5358411166387221,0.029582412130998728,0.06193333333333334,-0.034333333333333334,-2.8185328185328226e-05,0.00013593307593307594
0.7,0.1,,0.31,0.42,20.72076872012208,0.6837722339831621,0.029567218940575388,0.07085,-0.058249999999999996,-3.2570105479804485e-05,0.00015181373810136355
0.7,0.1,2.0,0.31,0.42,20.72076872012208,0.6837722339831621,0.029567218940575388,0.07085,-0.058249999999999996,-3.2570105479804485e-05,0.00015181373810136355
0.7,0.1,4.0,0.31,0.42,20.72076872012208,0.6837722339831621,0.029567218940575388,0.07085,-0.058249999999999996,-3.2570105479804485e-05,0.00015181373810136355
0.7,0.1,6.0,0.31,0.42,20.72076872012208,0.6837722339831621,0.029567218940575388,0.07085,-0.058249999999999996,-3.2570105479804485e-05,0.00015181373810136355
0.7,0.1,8.0,0.31,0.42,20.72076872012208,0.6837722339831621,0.029567218940575388,0.07085,-0.058249999999999996,-3.2570105479804485e-05,0.00015181373810136355
0.7,0.1,10.0,0.31,0.42,20.72076872012208,0.6837722339831621,0.029567218940575388,0.07085,-0.058249999999999996,-3.2570105479804485e-05,0.00015181373810136355
0.7,0.1,12.0,0.31,0.42,20.72076872012208,0.6837722339831621,0.029567218940575388,0.07085,-0.058249999999999996,-3.2570105479804485e-05,0.00015181373810136355
0.7,0.1,14.0,0.31,0.42,20.72076872012208,0.6837722339831621,0.029567218940575388,0.07085,-0.058249999999999996,-3.2570105479804485e-05,0.00015181373810136355
0.7,0.1,16.0,0.31,0.42,20.72076872012208,0.6837722339831621,0.029567218940575388,0.07085,-0.058249999999999996,-3.2570105479804485e-05,0.00015181373810136355
0.7,0.1,18.0,0.31,0.42,20.72076872012208,0.6837722339831621,0.029567218940575388,0.07085,-0.058249999999999996,-3.2570105479804485e-05,0.00015181373810136355
0.7,0.1,20.0,0.31,0.42,20.72076872012208,0.6837722339831621,0.029567218940575388,0.07085,-0.058249999999999996,-3.2570105479804485e-05,0.00015181373810136355
0.7,0.15,,0.31,0.42,20.72076872012208,0.6837722339831621,0.029567218940575388,0.07085,-0.058249999999999996,-3.2570105479804485e-05,0.00015181373810136355
0.7,0.15,2.0,0.31,0.42,20.72076872012208,0.6837722339831621,0.029567218940575388,0.07085,-0.058249999999999996,-3.2570105479804485e-05,0.00015181373810136355
0.7,0.15,4.0,0.31,0.42,20.72076872012208,0.6837722339831621,0.029567218940575388,0.07085,-0.058249999999999996,-3.2570105479804485e-05,0.00015181373810136355
0.7,0.15,6.0,0.31,0.42,20.72076872012208,0.6837722339831621,0.029567218940575388,0.07085,-0.058249999999999996,-3.2570105479804485e-05,0.00015181373810136355
0.7,0.15,8.0,0.31,0.42,20.72076872012208,0.6837722339831621,0.029567218940575388,0.07085,-0.058249999999999996,-3.2570105479804485e-05,0.00015181373810136355
0.7,0.15,10.0,0.31,0.42,20.72076872012208,0.6837722339831621,0.029567218940575388,0.07085,-0.058249999999999996,-3.2570105479804485e-05,0.00015181373810136355
0.7,0.15,12.0,0.31,0.42,20.72076872012208,0.6837722339831621,0.029567218940575388,0.07085,-0.058249999999999996,-3.2570105479804485e-05,0.00015181373810136355
0.7,0.15,14.0,0.31,0.42,20.72076872012208,0.6837722339831621,0.029567218940575388,0.07085,-0.058249999999999996,-3.2570105479804485e-05,0.00015181373810136355
0.7,0.15,16.0,0.31,0.42,20.72076872012208,0.6837722339831621,0.029567218940575388,0.07085,-0.058249999999999996,-3.2570105479804485e-05,0.00015181373810136355
0.7,0.15,18.0,0.31,0.42,20.72076872012208,0.6837722339831621,0.029567218940575388,0.07085,-0.058249999999999996,-3.2570105479804485e-05,0.00015181373810136355
0.7,0.15,20.0,0.31,0.42,20.72076872012208,0.6837722339831621,0.029567218940575388,0.07085,-0.058249999999999996,-3.2570105479804485e-05,0.00015181373810136355
0.7,0.2,,0.31,0.42,20.72076872012208,0.6837722339831621,0.029567218940575388,0.07085,-0.058249999999999996,-3.2570105479804485e-05,0.00015181373810136355
0.7,0.2,2.0,0.31,0.42,20.72076872012208,0.6837722339831621,0.029567218940575388,0.07085,-0.058249999999999996,-3.2570105479804485e-05,0.00015181373810136355
0.7,0.2,4.0,0.31,0.42,20.72076872012208,0.6837722339831621,0.029567218940575388,0.07085,-0.058249999999999996,-3.2570105479804485e-05,0.00015181373810136355
0.7,0.2,6.0,0.31,0.42,20.72076872012208,0.6837722339831621,0.029567218940575388,0.07085,-0.058249999999999996,-3.2570105479804485e-05,0.00015181373810136355
0.7,0.2,8.0,0.31,0.42,20.72076872012208,0.6837722339831621,0.029567218940575388,0.07085,-0.058249999999999996,-3.2570105479804485e-05,0.00015181373810136355
0.7,0.2,10.0,0.31,0.42,20.72076872012208,0.6837722339831621,0.029567218940575388,0.07085,-0.058249999999999996,-3.2570105479804485e-05,0.00015181373810136355
0.7,0.2,12.0,0.31,0.42,20.72076872012208,0.6837722339831621,0.029567218940575388,0.07085,-0.058249999999999996,-3.2570105479804485e-05,0.00015181373810136355
0.7,0.2,14.0,0.31,0.42,20.72076872012208,0.6837722339831621,0.029567218940575388,0.07085,-0.058249999999999996,-3.2570105479804485e-05,0.00015181373810136355
0.7,0.2,16.0,0.31,0.42,20.72076872012208,0.6837722339831621,0.029567218940575388,0.07085,-0.058249999999999996,-3.2570105479804485e-05,0.00015181373810136355
0.7,0.2,18.0,0.31,0.42,20.72076872012208,0.6837722339831621,0.029567218940575388,0.07085,-0.058249999999999996,-3.2570105479804485e-05,0.00015181373810136355
0.7,0.2,20.0,0.31,0.42,20.72076872012208,0.6837722339831621,0.029567218940575388,0.07085,-0.058249999999999996,-3.2570105479804485e-05,0.00015181373810136355
0.7,0.25,,0.31,0.42,20.72076872012208,0.6837722339831621,0.029567218940575388,0.07085,-0.058249999999999996,-3.2570105479804485e-05,0.00015181373810136355
0.7,0.25,2.0,0.31,0.42,20.72076872012208,0.6837722339831621,0.029567218940575388,0.07085,-0.058249999999999996,-3.2570105479804485e-05,0.00015181373810136355
0.7,0.25,4.0,0.31,0.42,20.72076872012208,0.6837722339831621,0.029567218940575388,0.07085,-0.058249999999999996,-3.2570105479804485e-05,0.00015181373810136355
0.7,0.25,6.0,0.31,0.42,20.72076872012208,0.6837722339831621,0.029567218940575388,0.07085,-0.058249999999999996,-3.2570105479804485e-05,0.00015181373810136355
0.7,0.25,8.0,0.31,0.42,20.72076872012208,0.6837722339831621,0.029567218940575388,0.07085,-0.058249999999999996,-3.2570105479804485e-05,0.00015181373810136355
0.7,0.25,10.0,0.31,0.42,20.72076872012208,0.6837722339831621,0.029567218940575388,0.07085,-0.058249999999999996,-3.2570105479804485e-05,0.00015181373810136355
0.7,0.25,12.0,0.31,0.42,20.72076872012208,0.6837722339831621,0.029567218940575388,0.07085,-0.058249999999999996,-3.2570105479804485e-05,0.00015181373810136355
0.7,0.25,14.0,0.31,0.42,20.72076872012208,0.6837722339831621,0.029567218940575388,0.07085,-0.058249999999999996,-3.2570105479804485e-05,0.00015181373810136355
0.7,0.25,16.0,0.31,0.42,20.72076872012208,0.6837722339831621,0.029567218940575388,0.07085,-0.058249999999999996,-3.2570105479804485e-05,0.00015181373810136355
0.7,0.25,18.0,0.31,0.42,20.72076872012208,0.6837722339831621,0.029567218940575388,0.07085,-0.058249999999999996,-3.2570105479804485e-05,0.00015181373810136355
0.7,0.25,20.0,0.31,0.42,20.72076872012208,0.6837722339831621,0.029567218940575388,0.07085,-0.058249999999999996,-3.2570105479804485e-05,0.00015181373810136355
0.7,0.3,,0.31,0.42,20.72076872012208,0.6837722339831621,0.029567218940575388,0.07085,-0.058249999999999996,-3.2570105479804485e-05,0.00015181373810136355
0.7,0.3,2.0,0.31,0.42,20.72076872012208,0.6837722339831621,0.029567218940575388,0.07085,-0.058249999999999996,-3.2570105479804485e-05,0.00015181373810136355
0.7,0.3,4.0,0.31,0.42,20.72076872012208,0.6837722339831621,0.029567218940575388,0.07085,-0.058249999999999996,-3.2570105479804485e-05,0.00015181373810136355
0.7,0.3,6.0,0.31,0.42,20.72076872012208,0.6837722339831621,0.029567218940575388,0.07085,-0.058249999999999996,-3.2570105479804485e-05,0.00015181373810136355
0.7,0.3,8.0,0.31,0.42,20.72076872012208,0.6837722339831621,0.029567218940575388,0.07085,-0.058249999999999996,-3.2570105479804485e-05,0.00015181373810136355
0.7,0.3,10.0,0.31,0.42,20.72076872012208,0.6837722339831621,0.029567218940575388,0.07085,-0.058249999999999996,-3.2570105479804485e-05,0.00015181373810136355
0.7,0.3,12.0,0.31,0.42,20.72076872012208,0.6837722339831621,0.029567218940575388,0.07085,-0.058249999999999996,-3.2570105479804485e-05,0.00015181373810136355
0.7,0.3,14.0,0.31,0.42,20.72076872012208,0.6837722339831621,0.029567218940575388,0.07085,-0.058249999999999996,-3.2570105479804485e-05,0.00015181373810136355
0.7,0.3,16.0,0.31,0.42,20.72076872012208,0.6837722339831621,0.029567218940575388,0.07085,-0.058249999999999996,-3.2570105479804485e-05,0.00015181373810136355
0.7,0.3,18.0,0.31,0.42,20.72076872012208,0.6837722339831621,0.029567218940575388,0.07085,-0.058249999999999996,-3.2570105479804485e-05,0.00015181373810136355
0.7,0.3,20.0,0.31,0.42,20.72076872012208,0.6837722339831621,0.029567218940575388,0.07085,-0.058249999999999996,-3.2570105479804485e-05,0.00015181373810136355
0.7,0.35,,0.31,0.42,20.72076872012208,0.6837722339831621,0.029567218940575388,0.07085,-0.058249999999999996,-3.2570105479804485e-05,0.00015181373810136355
0.7,0.35,2.0,0.31,0.42,20.72076872012208,0.6837722339831621,0.029567218940575388,0.07085,-0.058249999999999996,-3.2570105479804485e-05,0.00015181373810136355
0.7,0.35,4.0,0.31,0.42,20.72076872012208,0.6837722339831621,0.029567218940575388,0.07085,-0.058249999999999996,-3.2570105479804485e-05,0.00015181373810136355
0.7,0.35,6.0,0.31,0.42,20.72076872012208,0.6837722339831621,0.029567218940575388,0.07085,-0.058249999999999996,-3.2570105479804485e-05,0.00015181373810136355
0.7,0.35,8.0,0.31,0.42,20.72076872012208,0.6837722339831621,0.029567218940575388,0.07085,-0.058249999999999996,-3.2570105479804485e-05,0.00015181373810136355
0.7,0.35,10.0,0.31,0.42,20.72076872012208,0.6837722339831621,0.029567218940575388,0.07085,-0.058249999999999996,-3.2570105479804485e-05,0.00015181373810136355
0.7,0.35,12.0,0.31,0.42,20.72076872012208,0.6837722339831621,0.029567218940575388,0.07085,-0.058249999999999996,-3.2570105479804485e-05,0.00015181373810136355
0.7,0.35,14.0,0.31,0.42,20.72076872012208,0.6837722339831621,0.029567218940575388,0.07085,-0.058249999999999996,-3.2570105479804485e-05,0.00015181373810136355
0.7,0.35,16.0,0.31,0.42,20.72076872012208,0.6837722339831621,0.029567218940575388,0.07085,-0.058249999999999996,-3.2570105479804485e-05,0.00015181373810136355
0.7,0.35,18.0,0.31,0.42,20.72076872012208,0.6837722339831621,0.029567218940575388,0.07085,-0.058249999999999996,-3.2570105479804485e-05,0.00015181373810136355
0.7,0.35,20.0,0.31,0.42,20.72076872012208,0.6837722339831621,0.029567218940575388,0.07085,-0.058249999999999996,-3.2570105479804485e-05,0.00015181373810136355
0.7,0.4,,0.31,0.42,20.72076872012208,0.6837722339831621,0.029567218940575388,0.07085,-0.058249999999999996,-3.2570105479804485e-05,0.00015181373810136355
0.7,0.4,2.0,0.31,0.42,20.72076872012208,0.6837722339831621,0.029567218940575388,0.07085,-0.058249999999999996,-3.2570105479804485e-05,0.00015181373810136355
0.7,0.4,4.0,0.31,0.42,20.72076872012208,0.6837722339831621,0.029567218940575388,0.07085,-0.058249999999999996,-3.2570105479804485e-05,0.00015181373810136355
0.7,0.4,6.0,0.31,0.42,20.72076872012208,0.6837722339831621,0.029567218940575388,0.07085,-0.058249999999999996,-3.2570105479804485e-05,0.00015181373810136355
0.7,0.4,8.0,0.31,0.42,20.72076872012208,0.6837722339831621,0.029567218940575388,0.07085,-0.058249999999999996,-3.2570105479804485e-05,0.00015181373810136355
0.7,0.4,10.0,0.31,0.42,20.72076872012208,0.6837722339831621,0.029567218940575388,0.07085,-0.058249999999999996,-3.2570105479804485e-05,0.00015181373810136355
0.7,0.4,12.0,0.31,0.42,20.72076872012208,0.6837722339831621,0.029567218940575388,0.07085,-0.058249999999999996,-3.2570105479804485e-05,0.00015181373810136355
0.7,0.4,14.0,0.31,0.42,20.72076872012208,0.6837722339831621,0.029567218940575388,0.07085,-0.058249999999999996,-3.2570105479804485e-05,0.00015181373810136355
0.7,0.4,16.0,0.31,0.42,20.72076872012208,0.6837722339831621,0.029567218940575388,0.07085,-0.058249999999999996,-3.2570105479804485e-05,0.00015181373810136355
0.7,0.4,18.0,0.31,0.42,20.72076872012208,0.6837722339831621,0.029567218940575388,0.07085,-0.058249999999999996,-3.2570105479804485e-05,0.00015181373810136355
0.7,0.4,20.0,0.31,0.42,20.72076872012208,0.6837722339831621,0.029567218940575388,0.07085,-0.058249999999999996,-3.2570105479804485e-05,0.00015181373810136355
0.7,0.45,,0.31,0.42,20.72076872012208,0.6837722339831621,0.029567218940575388,0.07085,-0.058249999999999996,-3.2570105479804485e-05,0.00015181373810136355
0.7,0.45,2.0,0.31,0.42,20.72076872012208,0.6837722339831621,0.029567218940575388,0.07085,-0.058249999999999996,-3.2570105479804485e-05,0.00015181373810136355
0.7,0.45,4.0,0.31,0.42,20.72076872012208,0.6837722339831621,0.029567218940575388,0.07085,-0.058249999999999996,-3.2570105479804485e-05,0.00015181373810136355
0.7,0.45,6.0,0.31,0.42,20.72076872012208,0.6837722339831621,0.029567218940575388,0.07085,-0.058249999999999996,-3.2570105479804485e-05,0.00015181373810136355
0.7,0.45,8.0,0.31,0.42,20.72076872012208,0.6837722339831621,0.029567218940575388,0.07085,-0.058249999999999996,-3.2570105479804485e-05,0.00015181373810136355
0.7,0.45,10.0,0.31,0.42,20.72076872012208,0.6837722339831621,0.029567218940575388,0.07085,-0.058249999999999996,-3.2570105479804485e-05,0.00015181373810136355
0.7,0.45,12.0,0.31,0.42,20.72076872012208,0.6837722339831621,0.029567218940575388,0.07085,-0.058249999999999996,-3.2570105479804485e-05,0.00015181373810136355
0.7,0.45,14.0,0.31,0.42,20.72076872012208,0.6837722339831621,0.029567218940575388,0.07085,-0.058249999999999996,-3.2570105479804485e-05,0.00015181373810136355
0.7,0.45,16.0,0.31,0.42,20.72076872012208,0.6837722339831621,0.029567218940575388,0.07085,-0.058249999999999996,-3.2570105479804485e-05,0.00015181373810136355
0.7,0.45,18.0,0.31,0.42,20.72076872012208,0.6837722339831621,0.029567218940575388,0.07085,-0.058249999999999996,-3.2570105479804485e-05,0.00015181373810136355
0.7,0.45,20.0,0.31,0.42,20.72076872012208,0.6837722339831621,0.029567218940575388,0.07085,-0.058249999999999996,-3.2570105479804485e-05,0.00015181373810136355
0.7,0.5,,0.31,0.42,20.72076872012208,0.6837722339831621,0.029567218940575388,0.07085,-0.058249999999999996,-3.2570105479804485e-05,0.00015181373810136355
0.7,0.5,2.0,0.31,0.42,20.72076872012208,0.6837722339831621,0.029567218940575388,0.07085,-0.058249999999999996,-3.2570105479804485e-05,0.00015181373810136355
0.7,0.5,4.0,0.31,0.42,20.72076872012208,0.6837722339831621,0.029567218940575388,0.07085,-0.058249999999999996,-3.2570105479804485e-05,0.00015181373810136355
0.7,0.5,6.0,0.31,0.42,20.72076872012208,0.6837722339831621,0.029567218940575388,0.07085,-0.058249999999999996,-3.2570105479804485e-05,0.00015181373810136355
0.7,0.5,8.0,0.31,0.42,20.72076872012208,0.6837722339831621,0.029567218940575388,0.07085,-0.058249999999999996,-3.2570105479804485e-05,0.00015181373810136355
0.7,0.5,10.0,0.31,0.42,20.72076872012208,0.6837722339831621,0.029567218940575388,0.07085,-0.058249999999999996,-3.2570105479804485e-05,0.00015181373810136355
0.7,0.5,12.0,0.31,0.42,20.72076872012208,0.6837722339831621,0.029567218940575388,0.07085,-0.058249999999999996,-3.2570105479804485e-05,0.00015181373810136355
0.7,0.5,14.0,0.31,0.42,20.72076872012208,0.6837722339831621,0.029567218940575388,0.07085,-0.058249999999999996,-3.2570105479804485e-05,0.00015181373810136355
0.7,0.5,16.0,0.31,0.42,20.72076872012208,0.6837722339831621,0.029567218940575388,0.07085,-0.058249999999999996,-3.2570105479804485e-05,0.00015181373810136355
0.7,0.5,18.0,0.31,0.42,20.72076872012208,0.6837722339831621,0.029567218940575388,0.07085,-0.058249999999999996,-3.2570105479804485e-05,0.00015181373810136355
0.7,0.5,20.0,0.31,0.42,20.72076872012208,0.6837722339831621,0.029567218940575388,0.07085,-0.058249999999999996,-3.2570105479804485e-05,0.00015181373810136355
0.7,0.55,,0.31,0.42,20.72076872012208,0.6837722339831621,0.029567218940575388,0.07085,-0.058249999999999996,-3.2570105479804485e-05,0.00015181373810136355
0.7,0.55,2.0,0.31,0.42,20.72076872012208,0.6837722339831621,0.029567218940575388,0.07085,-0.058249999999999996,-3.2570105479804485e-05,0.00015181373810136355
0.7,0.55,4.0,0.31,0.42,20.72076872012208,0.6837722339831621,0.029567218940575388,0.07085,-0.058249999999999996,-3.2570105479804485e-05,0.00015181373810136355
0.7,0.55,6.0,0.31,0.42,20.72076872012208,0.6837722339831621,0.029567218940575388,0.07085,-0.058249999999999996,-3.2570105479804485e-05,0.00015181373810136355
0.7,0.55,8.0,0.31,0.42,20.72076872012208,0.6837722339831621,0.029567218940575388,0.07085,-0.058249999999999996,-3.2570105479804485e-05,0.00015181373810136355
0.7,0.55,10.0,0.31,0.42,20.72076872012208,0.6837722339831621,0.029567218940575388,0.07085,-0.058249999999999996,-3.2570105479804485e-05,0.00015181373810136355
0.7,0.55,12.0,0.31,0.42,20.72076872012208,0.6837722339831621,0.029567218940575388,0.07085,-0.058249999999999996,-3.2570105479804485e-05,0.00015181373810136355
0.7,0.55,14.0,0.31,0.42,20.72076872012208,0.6837722339831621,0.029567218940575388,0.07085,-0.058249999999999996,-3.2570105479804485e-05,0.00015181373810136355
0.7,0.55,16.0,0.31,0.42,20.72076872012208,0.6837722339831621,0.029567218940575388,0.07085,-0.058249999999999996,-3.2570105479804485e-05,0.00015181373810136355
0.7,0.55,18.0,0.31,0.42,20.72076872012208,0.6837722339831621,0.029567218940575388,0.07085,-0.058249999999999996,-3.2570105479804485e-05,0.00015181373810136355
0.7,0.55,20.0,0.31,0.42,20.72076872012208,0.6837722339831621,0.029567218940575388,0.07085,-0.058249999999999996,-3.2570105479804485e-05,0.00015181373810136355
0.7,0.6,,0.31,0.42,20.72076872012208,0.6837722339831621,0.029567218940575388,0.07085,-0.058249999999999996,-3.2570105479804485e-05,0.00015181373810136355
0.7,0.6,2.0,0.31,0.42,20.72076872012208,0.6837722339831621,0.029567218940575388,0.07085,-0.058249999999999996,-3.2570105479804485e-05,0.00015181373810136355
0.7,0.6,4.0,0.31,0.42,20.72076872012208,0.6837722339831621,0.029567218940575388,0.07085,-0.058249999999999996,-3.2570105479804485e-05,0.00015181373810136355
0.7,0.6,6.0,0.31,0.42,20.72076872012208,0.6837722339831621,0.029567218940575388,0.07085,-0.058249999999999996,-3.2570105479804485e-05,0.00015181373810136355
0.7,0.6,8.0,0.31,0.42,20.72076872012208,0.6837722339831621,0.029567218940575388,0.07085,-0.058249999999999996,-3.2570105479804485e-05,0.00015181373810136355
0.7,0.6,10.0,0.31,0.42,20.72076872012208,0.6837722339831621,0.029567218940575388,0.07085,-0.058249999999999996,-3.2570105479804485e-05,0.00015181373810136355
0.7,0.6,12.0,0.31,0.42,20.72076872012208,0.6837722339831621,0.029567218940575388,0.07085,-0.058249999999999996,-3.2570105479804485e-05,0.00015181373810136355
0.7,0.6,14.0,0.31,0.42,20.72076872012208,0.6837722339831621,0.029567218940575388,0.07085,-0.058249999999999996,-3.2570105479804485e-05,0.00015181373810136355
0.7,0.6,16.0,0.31,0.42,20.72076872012208,0.6837722339831621,0.029567218940575388,0.07085,-0.058249999999999996,-3.2570105479804485e-05,0.00015181373810136355
0.7,0.6,18.0,0.31,0.42,20.72076872012208,0.6837722339831621,0.029567218940575388,0.07085,-0.058249999999999996,-3.2570105479804485e-05,0.00015181373810136355
0.7,0.6,20.0,0.31,0.42,20.72076872012208,0.6837722339831621,0.029567218940575388,0.07085,-0.058249999999999996,-3.2570105479804485e-05,0.00015181373810136355
0.7,0.65,,0.31,0.42,20.72076872012208,0.6837722339831621,0.029567218940575388,0.07085,-0.058249999999999996,-3.2570105479804485e-05,0.00015181373810136355
0.7,0.65,2.0,0.31,0.42,20.72076872012208,0.6837722339831621,0.029567218940575388,0.07085,-0.058249999999999996,-3.2570105479804485e-05,0.00015181373810136355
0.7,0.65,4.0,0.31,0.42,20.72076872012208,0.6837722339831621,0.029567218940575388,0.07085,-0.058249999999999996,-3.2570105479804485e-05,0.00015181373810136355
0.7,0.65,6.0,0.31,0.42,20.72076872012208,0.6837722339831621,0.029567218940575388,0.07085,-0.058249999999999996,-3.2570105479804485e-05,0.00015181373810136355
0.7,0.65,8.0,0.31,0.42,20.72076872012208,0.6837722339831621,0.029567218940575388,0.07085,-0.058249999999999996,-3.2570105479804485e-05,0.00015181373810136355
0.7,0.65,10.0,0.31,0.42,20.72076872012208,0.6837722339831621,0.029567218940575388,0.07085,-0.058249999999999996,-3.2570105479804485e-05,0.00015181373810136355
0.7,0.65,12.0,0.31,0.42,20.72076872012208,0.6837722339831621,0.029567218940575388,0.07085,-0.058249999999999996,-3.2570105479804485e-05,0.00015181373810136355
0.7,0.65,14.0,0.31,0.42,20.72076872012208,0.6837722339831621,0.029567218940575388,0.07085,-0.058249999999999996,-3.2570105479804485e-05,0.00015181373810136355
0.7,0.65,16.0,0.31,0.42,20.72076872012208,0.6837722339831621,0.029567218940575388,0.07085,-0.058249999999999996,-3.2570105479804485e-05,0.00015181373810136355
0.7,0.65,18.0,0.31,0.42,20.72076872012208,0.6837722339831621,0.029567218940575388,0.07085,-0.058249999999999996,-3.2570105479804485e-05,0.00015181373810136355
0.7,0.65,20.0,0.31,0.42,20.72076872012208,0.6837722339831621,0.029567218940575388,0.07085,-0.058249999999999996,-3.2570105479804485e-05,0.00015181373810136355
0.7,0.7,,0.31,0.42,20.72076872012208,0.6837722339831621,0.029567218940575388,0.07085,-0.058249999999999996,-3.2570105479804485e-05,0.00015181373810136355
0.7,0.7,2.0,0.31,0.42,20.72076872012208,0.6837722339831621,0.029567218940575388,0.07085,-0.058249999999999996,-3.2570105479804485e-05,0.00015181373810136355
0.7,0.7,4.0,0.31,0.42,20.72076872012208,0.6837722339831621,0.029567218940575388,0.07085,-0.058249999999999996,-3.2570105479804485e-05,0.00015181373810136355
0.7,0.7,6.0,0.31,0.42,20.72076872012208,0.6837722339831621,0.029567218940575388,0.07085,-0.058249999999999996,-3.2570105479804485e-05,0.00015181373810136355
0.7,0.7,8.0,0.31,0.42,20.72076872012208,0.6837722339831621,0.029567218940575388,0.07085,-0.058249999999999996,-3.2570105479804485e-05,0.00015181373810136355
0.7,0.7,10.0,0.31,0.42,20.72076872012208,0.6837722339831621,0.029567218940575388,0.07085,-0.058249999999999996,-3.2570105479804485e-05,0.00015181373810136355
0.7,0.7,12.0,0.31,0.42,20.72076872012208,0.6837722339831621,0.029567218940575388,0.07085,-0.058249999999999996,-3.2570105479804485e-05,0.00015181373810136355
0.7,0.7,14.0,0.31,0.42,20.72076872012208,0.6837722339831621,0.029567218940575388,0.07085,-0.058249999999999996,-3.2570105479804485e-05,0.00015181373810136355
0.7,0.7,16.0,0.31,0.42,20.72076872012208,0.6837722339831621,0.029567218940575388,0.07085,-0.058249999999999996,-3.2570105479804485e-05,0.00015181373810136355
0.7,0.7,18.0,0.31,0.42,20.72076872012208,0.6837722339831621,0.029567218940575388,0.07085,-0.058249999999999996,-3.2570105479804485e-05,0.00015181373810136355
0.7,0.7,20.0,0.31,0.42,20.72076872012208,0.6837722339831621,0.029567218940575388,0.07085,-0.058249999999999996,-3.2570105479804485e-05,0.00015181373810136355
0.7,0.75,,0.31,0.42,20.72076872012208,0.6837722339831621,0.029567218940575388,0.07085,-0.058249999999999996,-3.2570105479804485e-05,0.00015181373810136355
0.7,0.75,2.0,0.31,0.42,20.72076872012208,0.6837722339831621,0.029567218940575388,0.07085,-0.058249999999999996,-3.2570105479804485e-05,0.00015181373810136355
0.7,0.75,4.0,0.31,0.42,20.72076872012208,0.6837722339831621,0.029567218940575388,0.07085,-0.058249999999999996,-3.2570105479804485e-05,0.00015181373810136355
0.7,0.75,6.0,0.31,0.42,20.72076872012208,0.6837722339831621,0.029567218940575388,0.07085,-0.058249999999999996,-3.2570105479804485e-05,0.00015181373810136355
0.7,0.75,8.0,0.31,0.42,20.72076872012208,0.6837722339831621,0.029567218940575388,0.07085,-0.058249999999999996,-3.2570105479804485e-05,0.00015181373810136355
0.7,0.75,10.0,0.31,0.42,20.72076872012208,0.6837722339831621,0.029567218940575388,0.07085,-0.058249999999999996,-3.2570105479804485e-05,0.00015181373810136355
0.7,0.75,12.0,0.31,0.42,20.72076872012208,0.6837722339831621,0.029567218940575388,0.07085,-0.058249999999999996,-3.2570105479804485e-05,0.00015181373810136355
0.7,0.75,14.0,0.31,0.42,20.72076872012208,0.6837722339831621,0.029567218940575388,0.07085,-0.058249999999999996,-3.2570105479804485e-05,0.00015181373810136355
0.7,0.75,16.0,0.31,0.42,20.72076872012208,0.6837722339831621,0.029567218940575388,0.07085,-0.058249999999999996,-3.2570105479804485e-05,0.00015181373810136355
0.7,0.75,18.0,0.31,0.42,20.72076872012208,0.6837722339831621,0.029567218940575388,0.07085,-0.058249999999999996,-3.2570105479804485e-05,0.00015181373810136355
0.7,0.75,20.0,0.31,0.42,20.72076872012208,0.6837722339831621,0.029567218940575388,0.07085,-0.058249999999999996,-3.2570105479804485e-05,0.00015181373810136355
0.7,0.8,,0.31,0.42,20.72076872012208,0.6837722339831621,0.029567218940575388,0.07085,-0.058249999999999996,-3.2570105479804485e-05,0.00015181373810136355
0.7,0.8,2.0,0.31,0.42,20.72076872012208,0.6837722339831621,0.029567218940575388,0.07085,-0.058249999999999996,-3.2570105479804485e-05,0.00015181373810136355
0.7,0.8,4.0,0.31,0.42,20.72076872012208,0.6837722339831621,0.029567218940575388,0.07085,-0.058249999999999996,-3.2570105479804485e-05,0.00015181373810136355
0.7,0.8,6.0,0.31,0.42,20.72076872012208,0.6837722339831621,0.029567218940575388,0.07085,-0.058249999999999996,-3.2570105479804485e-05,0.00015181373810136355
0.7,0.8,8.0,0.31,0.42,20.72076872012208,0.6837722339831621,0.029567218940575388,0.07085,-0.058249999999999996,-3.2570105479804485e-05,0.00015181373810136355
0.7,0.8,10.0,0.31,0.42,20.72076872012208,0.6837722339831621,0.029567218940575388,0.07085,-0.058249999999999996,-3.2570105479804485e-05,0.00015181373810136355
0.7,0.8,12.0,0.31,0.42,20.72076872012208,0.6837722339831621,0.029567218940575388,0.07085,-0.058249999999999996,-3.2570105479804485e-05,0.00015181373810136355
0.7,0.8,14.0,0.31,0.42,20.72076872012208,0.6837722339831621,0.029567218940575388,0.07085,-0.058249999999999996,-3.2570105479804485e-05,0.00015181373810136355
0.7,0.8,16.0,0.31,0.42,20.72076872012208,0.6837722339831621,0.029567218940575388,0.07085,-0.058249999999999996,-3.2570105479804485e-05,0.00015181373810136355
0.7,0.8,18.0,0.31,0.42,20.72076872012208,0.6837722339831621,0.029567218940575388,0.07085,-0.058249999999999996,-3.2570105479804485e-05,0.00015181373810136355
0.7,0.8,20.0,0.31,0.42,20.72076872012208,0.6837722339831621,0.029567218940575388,0.07085,-0.058249999999999996,-3.2570105479804485e-05,0.00015181373810136355
0.7,0.85,,0.31,0.42,20.72076872012208,0.6837722339831621,0.029567218940575388,0.07085,-0.058249999999999996,-3.2570105479804485e-05,0.00015181373810136355
0.7,0.85,2.0,0.31,0.42,20.72076872012208,0.6837722339831621,0.029567218940575388,0.07085,-0.058249999999999996,-3.2570105479804485e-05,0.00015181373810136355
0.7,0.85,4.0,0.31,0.42,20.72076872012208,0.6837722339831621,0.029567218940575388,0.07085,-0.058249999999999996,-3.2570105479804485e-05,0.00015181373810136355
0.7,0.85,6.0,0.31,0.42,20.72076872012208,0.6837722339831621,0.029567218940575388,0.07085,-0.058249999999999996,-3.2570105479804485e-05,0.00015181373810136355
0.7,0.85,8.0,0.31,0.42,20.72076872012208,0.6837722339831621,0.029567218940575388,0.07085,-0.058249999999999996,-3.2570105479804485e-05,0.00015181373810136355
0.7,0.85,10.0,0.31,0.42,20.72076872012208,0.6837722339831621,0.029567218940575388,0.07085,-0.058249999999999996,-3.2570105479804485e-05,0.00015181373810136355
0.7,0.85,12.0,0.31,0.42,20.72076872012208,0.6837722339831621,0.029567218940575388,0.07085,-0.058249999999999996,-3.2570105479804485e-05,0.00015181373810136355
0.7,0.85,14.0,0.31,0.42,20.72076872012208,0.6837722339831621,0.029567218940575388,0.07085,-0.058249999999999996,-3.2570105479804485e-05,0.00015181373810136355
0.7,0.85,16.0,0.31,0.42,20.72076872012208,0.6837722339831621,0.029567218940575388,0.07085,-0.058249999999999996,-3.2570105479804485e-05,0.00015181373810136355
0.7,0.85,18.0,0.31,0.42,20.72076872012208,0.6837722339831621,0.029567218940575388,0.07085,-0.058249999999999996,-3.2570105479804485e-05,0.00015181373810136355
0.7,0.85,20.0,0.31,0.42,20.72076872012208,0.6837722339831621,0.029567218940575388,0.07085,-0.058249999999999996,-3.2570105479804485e-05,0.00015181373810136355
0.7,0.9,,0.31,0.42,20.72076872012208,0.6837722339831621,0.029567218940575388,0.07085,-0.058249999999999996,-3.2570105479804485e-05,0.00015181373810136355
0.7,0.9,2.0,0.31,0.42,20.72076872012208,0.6837722339831621,0.029567218940575388,0.07085,-0.058249999999999996,-3.2570105479804485e-05,0.00015181373810136355
0.7,0.9,4.0,0.31,0.42,20.72076872012208,0.6837722339831621,0.029567218940575388,0.07085,-0.058249999999999996,-3.2570105479804485e-05,0.00015181373810136355
0.7,0.9,6.0,0.31,0.42,20.72076872012208,0.6837722339831621,0.029567218940575388,0.07085,-0.058249999999999996,-3.2570105479804485e-05,0.00015181373810136355
0.7,0.9,8.0,0.31,0.42,20.72076872012208,0.6837722339831621,0.029567218940575388,0.07085,-0.058249999999999996,-3.2570105479804485e-05,0.00015181373810136355
0.7,0.9,10.0,0.31,0.42,20.72076872012208,0.6837722339831621,0.029567218940575388,0.07085,-0.058249999999999996,-3.2570105479804485e-05,0.00015181373810136355
0.7,0.9,12.0,0.31,0.42,20.72076872012208,0.6837722339831621,0.029567218940575388,0.07085,-0.058249999999999996,-3.2570105479804485e-05,0.00015181373810136355
0.7,0.9,14.0,0.31,0.42,20.72076872012208,0.6837722339831621,0.029567218940575388,0.07085,-0.058249999999999996,-3.2570105479804485e-05,0.00015181373810136355
0.7,0.9,16.0,0.31,0.42,20.72076872012208,0.6837722339831621,0.029567218940575388,0.07085,-0.058249999999999996,-3.2570105479804485e-05,0.00015181373810136355
0.7,0.9,18.0,0.31,0.42,20.72076872012208,0.6837722339831621,0.029567218940575388,0.07085,-0.058249999999999996,-3.2570105479804485e-05,0.00015181373810136355
0.7,0.9,20.0,0.31,0.42,20.72076872012208,0.6837722339831621,0.029567218940575388,0.07085,-0.058249999999999996,-3.2570105479804485e-05,0.00015181373810136355
0.7,0.95,,0.31,0.42,20.72076872012208,0.6837722339831621,0.029567218940575388,0.07085,-0.058249999999999996,-3.2570105479804485e-05,0.00015181373810136355
0.7,0.95,2.0,0.31,0.42,20.72076872012208,0.6837722339831621,0.029567218940575388,0.07085,-0.058249999999999996,-3.2570105479804485e-05,0.00015181373810136355
0.7,0.95,4.0,0.31,0.42,20.72076872012208,0.6837722339831621,0.029567218940575388,0.07085,-0.058249999999999996,-3.2570105479804485e-05,0.00015181373810136355
0.7,0.95,6.0,0.31,0.42,20.72076872012208,0.6837722339831621,0.029567218940575388,0.07085,-0.058249999999999996,-3.2570105479804485e-05,0.00015181373810136355
0.7,0.95,8.0,0.31,0.42,20.72076872012208,0.6837722339831621,0.029567218940575388,0.07085,-0.058249999999999996,-3.2570105479804485e-05,0.00015181373810136355
0.7,0.95,10.0,0.31,0.42,20.72076872012208,0.6837722339831621,0.029567218940575388,0.07085,-0.058249999999999996,-3.2570105479804485e-05,0.00015181373810136355
0.7,0.95,12.0,0.31,0.42,20.72076872012208,0.6837722339831621,0.029567218940575388,0.07085,-0.058249999999999996,-3.2570105479804485e-05,0.00015181373810136355
0.7,0.95,14.0,0.31,0.42,20.72076872012208,0.6837722339831621,0.029567218940575388,0.07085,-0.058249999999999996,-3.2570105479804485e-05,0.00015181373810136355
0.7,0.95,16.0,0.31,0.42,20.72076872012208,0.6837722339831621,0.029567218940575388,0.07085,-0.058249999999999996,-3.2570105479804485e-05,0.00015181373810136355
0.7,0.95,18.0,0.31,0.42,20.72076872012208,0.6837722339831621,0.029567218940575388,0.07085,-0.058249999999999996,-3.2570105479804485e-05,0.00015181373810136355
0.7,0.95,20.0,0.31,0.42,20.72076872012208,0.6837722339831621,0.029567218940575388,0.07085,-0.058249999999999996,-3.2570105479804485e-05,0.00015181373810136355
0.7,1.0,,0.31,0.42,20.72076872012208,0.6837722339831621,0.029567218940575388,0.07085,-0.058249999999999996,-3.2570105479804485e-05,0.00015181373810136355
0.7,1.0,2.0,0.31,0.42,20.72076872012208,0.6837722339831621,0.029567218940575388,0.07085,-0.058249999999999996,-3.2570105479804485e-05,0.00015181373810136355
0.7,1.0,4.0,0.31,0.42,20.72076872012208,0.6837722339831621,0.029567218940575388,0.07085,-0.058249999999999996,-3.2570105479804485e-05,0.00015181373810136355
0.7,1.0,6.0,0.31,0.42,20.72076872012208,0.6837722339831621,0.029567218940575388,0.07085,-0.058249999999999996,-3.2570105479804485e-05,0.00015181373810136355
0.7,1.0,8.0,0.31,0.42,20.72076872012208,0.6837722339831621,0.029567218940575388,0.07085,-0.058249999999999996,-3.2570105479804485e-05,0.00015181373810136355
0.7,1.0,10.0,0.31,0.42,20.72076872012208,0.6837722339831621,0.029567218940575388,0.07085,-0.058249999999999996,-3.2570105479804485e-05,0.00015181373810136355
0.7,1.0,12.0,0.31,0.42,20.72076872012208,0.6837722339831621,0.029567218940575388,0.07085,-0.058249999999999996,-3.2570105479804485e-05,0.00015181373810136355
0.7,1.0,14.0,0.31,0.42,20.72076872012208,0.6837722339831621,0.029567218940575388,0.07085,-0.058249999999999996,-3.2570105479804485e-05,0.00015181373810136355
0.7,1.0,16.0,0.31,0.42,20.72076872012208,0.6837722339831621,0.029567218940575388,0.07085,-0.058249999999999996,-3.2570105479804485e-05,0.00015181373810136355
0.7,1.0,18.0,0.31,0.42,20.72076872012208,0.6837722339831621,0.029567218940575388,0.07085,-0.058249999999999996,-3.2570105479804485e-05,0.00015181373810136355
0.7,1.0,20.0,0.31,0.42,20.72076872012208,0.6837722339831621,0.029567218940575388,0.07085,-0.058249999999999996,-3.2570105479804485e-05,0.00015181373810136355
0.75,0.1,,0.31,0.42,20.72076872012208,0.6837722339831621,0.029567218940575388,0.07085,-0.058249999999999996,-3.2570105479804485e-05,0.00015181373810136355
0.75,0.1,2.0,0.31,0.42,20.72076872012208,0.6837722339831621,0.029567218940575388,0.07085,-0.058249999999999996,-3.2570105479804485e-05,0.00015181373810136355
0.75,0.1,4.0,0.31,0.42,20.72076872012208,0.6837722339831621,0.029567218940575388,0.07085,-0.058249999999999996,-3.2570105479804485e-05,0.00015181373810136355
0.75,0.1,6.0,0.31,0.42,20.72076872012208,0.6837722339831621,0.029567218940575388,0.07085,-0.058249999999999996,-3.2570105479804485e-05,0.00015181373810136355
0.75,0.1,8.0,0.31,0.42,20.72076872012208,0.6837722339831621,0.029567218940575388,0.07085,-0.058249999999999996,-3.2570105479804485e-05,0.00015181373810136355
0.75,0.1,10.0,0.31,0.42,20.72076872012208,0.6837722339831621,0.029567218940575388,0.07085,-0.058249999999999996,-3.2570105479804485e-05,0.00015181373810136355
0.75,0.1,12.0,0.31,0.42,20.72076872012208,0.6837722339831621,0.029567218940575388,0.07085,-0.058249999999999996,-3.2570105479804485e-05,0.00015181373810136355
0.75,0.1,14.0,0.31,0.42,20.72076872012208,0.6837722339831621,0.029567218940575388,0.07085,-0.058249999999999996,-3.2570105479804485e-05,0.00015181373810136355
0.75,0.1,16.0,0.31,0.42,20.72076872012208,0.6837722339831621,0.029567218940575388,0.07085,-0.058249999999999996,-3.2570105479804485e-05,0.00015181373810136355
0.75,0.1,18.0,0.31,0.42,20.72076872012208,0.6837722339831621,0.029567218940575388,0.07085,-0.058249999999999996,-3.2570105479804485e-05,0.00015181373810136355
0.75,0.1,20.0,0.31,0.42,20.72076872012208,0.6837722339831621,0.029567218940575388,0.07085,-0.058249999999999996,-3.2570105479804485e-05,0.00015181373810136355
0.75,0.15,,0.31,0.42,20.72076872012208,0.6837722339831621,0.029567218940575388,0.07085,-0.058249999999999996,-3.2570105479804485e-05,0.00015181373810136355
0.75,0.15,2.0,0.31,0.42,20.72076872012208,0.6837722339831621,0.029567218940575388,0.07085,-0.058249999999999996,-3.2570105479804485e-05,0.00015181373810136355
0.75,0.15,4.0,0.31,0.42,20.72076872012208,0.6837722339831621,0.029567218940575388,0.07085,-0.058249999999999996,-3.2570105479804485e-05,0.00015181373810136355
0.75,0.15,6.0,0.31,0.42,20.72076872012208,0.6837722339831621,0.029567218940575388,0.07085,-0.058249999999999996,-3.2570105479804485e-05,0.00015181373810136355
0.75,0.15,8.0,0.31,0.42,20.72076872012208,0.6837722339831621,0.029567218940575388,0.07085,-0.058249999999999996,-3.2570105479804485e-05,0.00015181373810136355
0.75,0.15,10.0,0.31,0.42,20.72076872012208,0.6837722339831621,0.029567218940575388,0.07085,-0.058249999999999996,-3.2570105479804485e-05,0.00015181373810136355
0.75,0.15,12.0,0.31,0.42,20.72076872012208,0.6837722339831621,0.029567218940575388,0.07085,-0.058249999999999996,-3.2570105479804485e-05,0.00015181373810136355
0.75,0.15,14.0,0.31,0.42,20.72076872012208,0.6837722339831621,0.029567218940575388,0.07085,-0.058249999999999996,-3.2570105479804485e-05,0.00015181373810136355
0.75,0.15,16.0,0.31,0.42,20.72076872012208,0.6837722339831621,0.029567218940575388,0.07085,-0.058249999999999996,-3.2570105479804485e-05,0.00015181373810136355
0.75,0.15,18.0,0.31,0.42,20.72076872012208,0.6837722339831621,0.029567218940575388,0.07085,-0.058249999999999996,-3.2570105479804485e-05,0.00015181373810136355
0.75,0.15,20.0,0.31,0.42,20.72076872012208,0.6837722339831621,0.029567218940575388,0.07085,-0.058249999999999996,-3.2570105479804485e-05,0.00015181373810136355
0.75,0.2,,0.31,0.42,20.72076872012208,0.6837722339831621,0.029567218940575388,0.07085,-0.058249999999999996,-3.2570105479804485e-05,0.00015181373810136355
0.75,0.2,2.0,0.31,0.42,20.72076872012208,0.6837722339831621,0.029567218940575388,0.07085,-0.058249999999999996,-3.2570105479804485e-05,0.00015181373810136355
0.75,0.2,4.0,0.31,0.42,20.72076872012208,0.6837722339831621,0.029567218940575388,0.07085,-0.058249999999999996,-3.2570105479804485e-05,0.00015181373810136355
0.75,0.2,6.0,0.31,0.42,20.72076872012208,0.6837722339831621,0.029567218940575388,0.07085,-0.058249999999999996,-3.2570105479804485e-05,0.00015181373810136355
0.75,0.2,8.0,0.31,0.42,20.72076872012208,0.6837722339831621,0.029567218940575388,0.07085,-0.058249999999999996,-3.2570105479804485e-05,0.00015181373810136355
0.75,0.2,10.0,0.31,0.42,20.72076872012208,0.6837722339831621,0.029567218940575388,0.07085,-0.058249999999999996,-3.2570105479804485e-05,0.00015181373810136355
0.75,0.2,12.0,0.31,0.42,20.72076872012208,0.6837722339831621,0.029567218940575388,0.07085,-0.058249999999999996,-3.2570105479804485e-05,0.00015181373810136355
0.75,0.2,14.0,0.31,0.42,20.72076872012208,0.6837722339831621,0.029567218940575388,0.07085,-0.058249999999999996,-3.2570105479804485e-05,0.00015181373810136355
0.75,0.2,16.0,0.31,0.42,20.72076872012208,0.6837722339831621,0.029567218940575388,0.07085,-0.058249999999999996,-3.2570105479804485e-05,0.00015181373810136355
0.75,0.2,18.0,0.31,0.42,20.72076872012208,0.6837722339831621,0.029567218940575388,0.07085,-0.058249999999999996,-3.2570105479804485e-05,0.00015181373810136355
0.75,0.2,20.0,0.31,0.42,20.72076872012208,0.6837722339831621,0.029567218940575388,0.07085,-0.058249999999999996,-3.2570105479804485e-05,0.00015181373810136355
0.75,0.25,,0.31,0.42,20.72076872012208,0.6837722339831621,0.029567218940575388,0.07085,-0.058249999999999996,-3.2570105479804485e-05,0.00015181373810136355
0.75,0.25,2.0,0.31,0.42,20.72076872012208,0.6837722339831621,0.029567218940575388,0.07085,-0.058249999999999996,-3.2570105479804485e-05,0.00015181373810136355
0.75,0.25,4.0,0.31,0.42,20.72076872012208,0.6837722339831621,0.029567218940575388,0.07085,-0.058249999999999996,-3.2570105479804485e-05,0.00015181373810136355
0.75,0.25,6.0,0.31,0.42,20.72076872012208,0.6837722339831621,0.029567218940575388,0.07085,-0.058249999999999996,-3.2570105479804485e-05,0.00015181373810136355
0.75,0.25,8.0,0.31,0.42,20.72076872012208,0.6837722339831621,0.029567218940575388,0.07085,-0.058249999999999996,-3.2570105479804485e-05,0.00015181373810136355
0.75,0.25,10.0,0.31,0.42,20.72076872012208,0.6837722339831621,0.029567218940575388,0.07085,-0.058249999999999996,-3.2570105479804485e-05,0.00015181373810136355
0.75,0.25,12.0,0.31,0.42,20.72076872012208,0.6837722339831621,0.029567218940575388,0.07085,-0.058249999999999996,-3.2570105479804485e-05,0.00015181373810136355
0.75,0.25,14.0,0.31,0.42,20.72076872012208,0.6837722339831621,0.029567218940575388,0.07085,-0.058249999999999996,-3.2570105479804485e-05,0.00015181373810136355
0.75,0.25,16.0,0.31,0.42,20.72076872012208,0.6837722339831621,0.029567218940575388,0.07085,-0.058249999999999996,-3.2570105479804485e-05,0.00015181373810136355
0.75,0.25,18.0,0.31,0.42,20.72076872012208,0.6837722339831621,0.029567218940575388,0.07085,-0.058249999999999996,-3.2570105479804485e-05,0.00015181373810136355
0.75,0.25,20.0,0.31,0.42,20.72076872012208,0.6837722339831621,0.029567218940575388,0.07085,-0.058249999999999996,-3.2570105479804485e-05,0.00015181373810136355
0.75,0.3,,0.31,0.42,20.72076872012208,0.6837722339831621,0.029567218940575388,0.07085,-0.058249999999999996,-3.2570105479804485e-05,0.00015181373810136355
0.75,0.3,2.0,0.31,0.42,20.72076872012208,0.6837722339831621,0.029567218940575388,0.07085,-0.058249999999999996,-3.2570105479804485e-05,0.00015181373810136355
0.75,0.3,4.0,0.31,0.42,20.72076872012208,0.6837722339831621,0.029567218940575388,0.07085,-0.058249999999999996,-3.2570105479804485e-05,0.00015181373810136355
0.75,0.3,6.0,0.31,0.42,20.72076872012208,0.6837722339831621,0.029567218940575388,0.07085,-0.058249999999999996,-3.2570105479804485e-05,0.00015181373810136355
0.75,0.3,8.0,0.31,0.42,20.72076872012208,0.6837722339831621,0.029567218940575388,0.07085,-0.058249999999999996,-3.2570105479804485e-05,0.00015181373810136355
0.75,0.3,10.0,0.31,0.42,20.72076872012208,0.6837722339831621,0.029567218940575388,0.07085,-0.058249999999999996,-3.2570105479804485e-05,0.00015181373810136355
0.75,0.3,12.0,0.31,0.42,20.72076872012208,0.6837722339831621,0.029567218940575388,0.07085,-0.058249999999999996,-3.2570105479804485e-05,0.00015181373810136355
0.75,0.3,14.0,0.31,0.42,20.72076872012208,0.6837722339831621,0.029567218940575388,0.07085,-0.058249999999999996,-3.2570105479804485e-05,0.00015181373810136355
0.75,0.3,16.0,0.31,0.42,20.72076872012208,0.6837722339831621,0.029567218940575388,0.07085,-0.058249999999999996,-3.2570105479804485e-05,0.00015181373810136355
0.75,0.3,18.0,0.31,0.42,20.72076872012208,0.6837722339831621,0.029567218940575388,0.07085,-0.058249999999999996,-3.2570105479804485e-05,0.00015181373810136355
0.75,0.3,20.0,0.31,0.42,20.72076872012208,0.6837722339831621,0.029567218940575388,0.07085,-0.058249999999999996,-3.2570105479804485e-05,0.00015181373810136355
0.75,0.35,,0.31,0.42,20.72076872012208,0.6837722339831621,0.029567218940575388,0.07085,-0.058249999999999996,-3.2570105479804485e-05,0.00015181373810136355
0.75,0.35,2.0,0.31,0.42,20.72076872012208,0.6837722339831621,0.029567218940575388,0.07085,-0.058249999999999996,-3.2570105479804485e-05,0.00015181373810136355
0.75,0.35,4.0,0.31,0.42,20.72076872012208,0.6837722339831621,0.029567218940575388,0.07085,-0.058249999999999996,-3.2570105479804485e-05,0.00015181373810136355
0.75,0.35,6.0,0.31,0.42,20.72076872012208,0.6837722339831621,0.029567218940575388,0.07085,-0.058249999999999996,-3.2570105479804485e-05,0.00015181373810136355
0.75,0.35,8.0,0.31,0.42,20.72076872012208,0.6837722339831621,0.029567218940575388,0.07085,-0.058249999999999996,-3.2570105479804485e-05,0.00015181373810136355
0.75,0.35,10.0,0.31,0.42,20.72076872012208,0.6837722339831621,0.029567218940575388,0.07085,-0.058249999999999996,-3.2570105479804485e-05,0.00015181373810136355
0.75,0.35,12.0,0.31,0.42,20.72076872012208,0.6837722339831621,0.029567218940575388,0.07085,-0.058249999999999996,-3.2570105479804485e-05,0.00015181373810136355
0.75,0.35,14.0,0.31,0.42,20.72076872012208,0.6837722339831621,0.029567218940575388,0.07085,-0.058249999999999996,-3.2570105479804485e-05,0.00015181373810136355
0.75,0.35,16.0,0.31,0.42,20.72076872012208,0.6837722339831621,0.029567218940575388,0.07085,-0.058249999999999996,-3.2570105479804485e-05,0.00015181373810136355
0.75,0.35,18.0,0.31,0.42,20.72076872012208,0.6837722339831621,0.029567218940575388,0.07085,-0.058249999999999996,-3.2570105479804485e-05,0.00015181373810136355
0.75,0.35,20.0,0.31,0.42,20.72076872012208,0.6837722339831621,0.029567218940575388,0.07085,-0.058249999999999996,-3.2570105479804485e-05,0.00015181373810136355
0.75,0.4,,0.31,0.42,20.72076872012208,0.6837722339831621,0.029567218940575388,0.07085,-0.058249999999999996,-3.2570105479804485e-05,0.00015181373810136355
0.75,0.4,2.0,0.31,0.42,20.72076872012208,0.6837722339831621,0.029567218940575388,0.07085,-0.058249999999999996,-3.2570105479804485e-05,0.00015181373810136355
0.75,0.4,4.0,0.31,0.42,20.72076872012208,0.6837722339831621,0.029567218940575388,0.07085,-0.058249999999999996,-3.2570105479804485e-05,0.00015181373810136355
0.75,0.4,6.0,0.31,0.42,20.72076872012208,0.6837722339831621,0.029567218940575388,0.07085,-0.058249999999999996,-3.2570105479804485e-05,0.00015181373810136355
0.75,0.4,8.0,0.31,0.42,20.72076872012208,0.6837722339831621,0.029567218940575388,0.07085,-0.058249999999999996,-3.2570105479804485e-05,0.00015181373810136355
0.75,0.4,10.0,0.31,0.42,20.72076872012208,0.6837722339831621,0.029567218940575388,0.07085,-0.058249999999999996,-3.2570105479804485e-05,0.00015181373810136355
0.75,0.4,12.0,0.31,0.42,20.72076872012208,0.6837722339831621,0.029567218940575388,0.07085,-0.058249999999999996,-3.2570105479804485e-05,0.00015181373810136355
0.75,0.4,14.0,0.31,0.42,20.72076872012208,0.6837722339831621,0.029567218940575388,0.07085,-0.058249999999999996,-3.2570105479804485e-05,0.00015181373810136355
0.75,0.4,16.0,0.31,0.42,20.72076872012208,0.6837722339831621,0.029567218940575388,0.07085,-0.058249999999999996,-3.2570105479804485e-05,0.00015181373810136355
0.75,0.4,18.0,0.31,0.42,20.72076872012208,0.6837722339831621,0.029567218940575388,0.07085,-0.058249999999999996,-3.2570105479804485e-05,0.00015181373810136355
0.75,0.4,20.0,0.31,0.42,20.72076872012208,0.6837722339831621,0.029567218940575388,0.07085,-0.058249999999999996,-3.2570105479804485e-05,0.00015181373810136355
0.75,0.45,,0.31,0.42,20.72076872012208,0.6837722339831621,0.029567218940575388,0.07085,-0.058249999999999996,-3.2570105479804485e-05,0.00015181373810136355
0.75,0.45,2.0,0.31,0.42,20.72076872012208,0.6837722339831621,0.029567218940575388,0.07085,-0.058249999999999996,-3.2570105479804485e-05,0.00015181373810136355
0.75,0.45,4.0,0.31,0.42,20.72076872012208,0.6837722339831621,0.029567218940575388,0.07085,-0.058249999999999996,-3.2570105479804485e-05,0.00015181373810136355
0.75,0.45,6.0,0.31,0.42,20.72076872012208,0.6837722339831621,0.029567218940575388,0.07085,-0.058249999999999996,-3.2570105479804485e-05,0.00015181373810136355
0.75,0.45,8.0,0.31,0.42,20.72076872012208,0.6837722339831621,0.029567218940575388,0.07085,-0.058249999999999996,-3.2570105479804485e-05,0.00015181373810136355
0.75,0.45,10.0,0.31,0.42,20.72076872012208,0.6837722339831621,0.029567218940575388,0.07085,-0.058249999999999996,-3.2570105479804485e-05,0.00015181373810136355
0.75,0.45,12.0,0.31,0.42,20.72076872012208,0.6837722339831621,0.029567218940575388,0.07085,-0.058249999999999996,-3.2570105479804485e-05,0.00015181373810136355
0.75,0.45,14.0,0.31,0.42,20.72076872012208,0.6837722339831621,0.029567218940575388,0.07085,-0.058249999999999996,-3.2570105479804485e-05,0.00015181373810136355
0.75,0.45,16.0,0.31,0.42,20.72076872012208,0.6837722339831621,0.029567218940575388,0.07085,-0.058249999999999996,-3.2570105479804485e-05,0.00015181373810136355
0.75,0.45,18.0,0.31,0.42,20.72076872012208,0.6837722339831621,0.029567218940575388,0.07085,-0.058249999999999996,-3.2570105479804485e-05,0.00015181373810136355
0.75,0.45,20.0,0.31,0.42,20.72076872012208,0.6837722339831621,0.029567218940575388,0.07085,-0.058249999999999996,-3.2570105479804485e-05,0.00015181373810136355
0.75,0.5,,0.31,0.42,20.72076872012208,0.6837722339831621,0.029567218940575388,0.07085,-0.058249999999999996,-3.2570105479804485e-05,0.00015181373810136355
0.75,0.5,2.0,0.31,0.42,20.72076872012208,0.6837722339831621,0.029567218940575388,0.07085,-0.058249999999999996,-3.2570105479804485e-05,0.00015181373810136355
0.75,0.5,4.0,0.31,0.42,20.72076872012208,0.6837722339831621,0.029567218940575388,0.07085,-0.058249999999999996,-3.2570105479804485e-05,0.00015181373810136355
0.75,0.5,6.0,0.31,0.42,20.72076872012208,0.6837722339831621,0.029567218940575388,0.07085,-0.058249999999999996,-3.2570105479804485e-05,0.00015181373810136355
0.75,0.5,8.0,0.31,0.42,20.72076872012208,0.6837722339831621,0.029567218940575388,0.07085,-0.058249999999999996,-3.2570105479804485e-05,0.00015181373810136355
0.75,0.5,10.0,0.31,0.42,20.72076872012208,0.6837722339831621,0.029567218940575388,0.07085,-0.058249999999999996,-3.2570105479804485e-05,0.00015181373810136355
0.75,0.5,12.0,0.31,0.42,20.72076872012208,0.6837722339831621,0.029567218940575388,0.07085,-0.058249999999999996,-3.2570105479804485e-05,0.00015181373810136355
0.75,0.5,14.0,0.31,0.42,20.72076872012208,0.6837722339831621,0.029567218940575388,0.07085,-0.058249999999999996,-3.2570105479804485e-05,0.00015181373810136355
0.75,0.5,16.0,0.31,0.42,20.72076872012208,0.6837722339831621,0.029567218940575388,0.07085,-0.058249999999999996,-3.2570105479804485e-05,0.00015181373810136355
0.75,0.5,18.0,0.31,0.42,20.72076872012208,0.6837722339831621,0.029567218940575388,0.07085,-0.058249999999999996,-3.2570105479804485e-05,0.00015181373810136355
0.75,0.5,20.0,0.31,0.42,20.72076872012208,0.6837722339831621,0.029567218940575388,0.07085,-0.058249999999999996,-3.2570105479804485e-05,0.00015181373810136355
0.75,0.55,,0.31,0.42,20.72076872012208,0.6837722339831621,0.029567218940575388,0.07085,-0.058249999999999996,-3.2570105479804485e-05,0.00015181373810136355
0.75,0.55,2.0,0.31,0.42,20.72076872012208,0.6837722339831621,0.029567218940575388,0.07085,-0.058249999999999996,-3.2570105479804485e-05,0.00015181373810136355
0.75,0.55,4.0,0.31,0.42,20.72076872012208,0.6837722339831621,0.029567218940575388,0.07085,-0.058249999999999996,-3.2570105479804485e-05,0.00015181373810136355
0.75,0.55,6.0,0.31,0.42,20.72076872012208,0.6837722339831621,0.029567218940575388,0.07085,-0.058249999999999996,-3.2570105479804485e-05,0.00015181373810136355
0.75,0.55,8.0,0.31,0.42,20.72076872012208,0.6837722339831621,0.029567218940575388,0.07085,-0.058249999999999996,-3.2570105479804485e-05,0.00015181373810136355
0.75,0.55,10.0,0.31,0.42,20.72076872012208,0.6837722339831621,0.029567218940575388,0.07085,-0.058249999999999996,-3.2570105479804485e-05,0.00015181373810136355
0.75,0.55,12.0,0.31,0.42,20.72076872012208,0.6837722339831621,0.029567218940575388,0.07085,-0.058249999999999996,-3.2570105479804485e-05,0.00015181373810136355
0.75,0.55,14.0,0.31,0.42,20.72076872012208,0.6837722339831621,0.029567218940575388,0.07085,-0.058249999999999996,-3.2570105479804485e-05,0.00015181373810136355
0.75,0.55,16.0,0.31,0.42,20.72076872012208,0.6837722339831621,0.029567218940575388,0.07085,-0.058249999999999996,-3.2570105479804485e-05,0.00015181373810136355
0.75,0.55,18.0,0.31,0.42,20.72076872012208,0.6837722339831621,0.029567218940575388,0.07085,-0.058249999999999996,-3.2570105479804485e-05,0.00015181373810136355
0.75,0.55,20.0,0.31,0.42,20.72076872012208,0.6837722339831621,0.029567218940575388,0.07085,-0.058249999999999996,-3.2570105479804485e-05,0.00015181373810136355
0.75,0.6,,0.31,0.42,20.72076872012208,0.6837722339831621,0.029567218940575388,0.07085,-0.058249999999999996,-3.2570105479804485e-05,0.00015181373810136355
0.75,0.6,2.0,0.31,0.42,20.72076872012208,0.6837722339831621,0.029567218940575388,0.07085,-0.058249999999999996,-3.2570105479804485e-05,0.00015181373810136355
0.75,0.6,4.0,0.31,0.42,20.72076872012208,0.6837722339831621,0.029567218940575388,0.07085,-0.058249999999999996,-3.2570105479804485e-05,0.00015181373810136355
0.75,0.6,6.0,0.31,0.42,20.72076872012208,0.6837722339831621,0.029567218940575388,0.07085,-0.058249999999999996,-3.2570105479804485e-05,0.00015181373810136355
0.75,0.6,8.0,0.31,0.42,20.72076872012208,0.6837722339831621,0.029567218940575388,0.07085,-0.058249999999999996,-3.2570105479804485e-05,0.00015181373810136355
0.75,0.6,10.0,0.31,0.42,20.72076872012208,0.6837722339831621,0.029567218940575388,0.07085,-0.058249999999999996,-3.2570105479804485e-05,0.00015181373810136355
0.75,0.6,12.0,0.31,0.42,20.72076872012208,0.6837722339831621,0.029567218940575388,0.07085,-0.058249999999999996,-3.2570105479804485e-05,0.00015181373810136355
0.75,0.6,14.0,0.31,0.42,20.72076872012208,0.6837722339831621,0.029567218940575388,0.07085,-0.058249999999999996,-3.2570105479804485e-05,0.00015181373810136355
0.75,0.6,16.0,0.31,0.42,20.72076872012208,0.6837722339831621,0.029567218940575388,0.07085,-0.058249999999999996,-3.2570105479804485e-05,0.00015181373810136355
0.75,0.6,18.0,0.31,0.42,20.72076872012208,0.6837722339831621,0.029567218940575388,0.07085,-0.058249999999999996,-3.2570105479804485e-05,0.00015181373810136355
0.75,0.6,20.0,0.31,0.42,20.72076872012208,0.6837722339831621,0.029567218940575388,0.07085,-0.058249999999999996,-3.2570105479804485e-05,0.00015181373810136355
0.75,0.65,,0.31,0.42,20.72076872012208,0.6837722339831621,0.029567218940575388,0.07085,-0.058249999999999996,-3.2570105479804485e-05,0.00015181373810136355
0.75,0.65,2.0,0.31,0.42,20.72076872012208,0.6837722339831621,0.029567218940575388,0.07085,-0.058249999999999996,-3.2570105479804485e-05,0.00015181373810136355
0.75,0.65,4.0,0.31,0.42,20.72076872012208,0.6837722339831621,0.029567218940575388,0.07085,-0.058249999999999996,-3.2570105479804485e-05,0.00015181373810136355
0.75,0.65,6.0,0.31,0.42,20.72076872012208,0.6837722339831621,0.029567218940575388,0.07085,-0.058249999999999996,-3.2570105479804485e-05,0.00015181373810136355
0.75,0.65,8.0,0.31,0.42,20.72076872012208,0.6837722339831621,0.029567218940575388,0.07085,-0.058249999999999996,-3.2570105479804485e-05,0.00015181373810136355
0.75,0.65,10.0,0.31,0.42,20.72076872012208,0.6837722339831621,0.029567218940575388,0.07085,-0.058249999999999996,-3.2570105479804485e-05,0.00015181373810136355
0.75,0.65,12.0,0.31,0.42,20.72076872012208,0.6837722339831621,0.029567218940575388,0.07085,-0.058249999999999996,-3.2570105479804485e-05,0.00015181373810136355
0.75,0.65,14.0,0.31,0.42,20.72076872012208,0.6837722339831621,0.029567218940575388,0.07085,-0.058249999999999996,-3.2570105479804485e-05,0.00015181373810136355
0.75,0.65,16.0,0.31,0.42,20.72076872012208,0.6837722339831621,0.029567218940575388,0.07085,-0.058249999999999996,-3.2570105479804485e-05,0.00015181373810136355
0.75,0.65,18.0,0.31,0.42,20.72076872012208,0.6837722339831621,0.029567218940575388,0.07085,-0.058249999999999996,-3.2570105479804485e-05,0.00015181373810136355
0.75,0.65,20.0,0.31,0.42,20.72076872012208,0.6837722339831621,0.029567218940575388,0.07085,-0.058249999999999996,-3.2570105479804485e-05,0.00015181373810136355
0.75,0.7,,0.31,0.42,20.72076872012208,0.6837722339831621,0.029567218940575388,0.07085,-0.058249999999999996,-3.2570105479804485e-05,0.00015181373810136355
0.75,0.7,2.0,0.31,0.42,20.72076872012208,0.6837722339831621,0.029567218940575388,0.07085,-0.058249999999999996,-3.2570105479804485e-05,0.00015181373810136355
0.75,0.7,4.0,0.31,0.42,20.72076872012208,0.6837722339831621,0.029567218940575388,0.07085,-0.058249999999999996,-3.2570105479804485e-05,0.00015181373810136355
0.75,0.7,6.0,0.31,0.42,20.72076872012208,0.6837722339831621,0.029567218940575388,0.07085,-0.058249999999999996,-3.2570105479804485e-05,0.00015181373810136355
0.75,0.7,8.0,0.31,0.42,20.72076872012208,0.6837722339831621,0.029567218940575388,0.07085,-0.058249999999999996,-3.2570105479804485e-05,0.00015181373810136355
0.75,0.7,10.0,0.31,0.42,20.72076872012208,0.6837722339831621,0.029567218940575388,0.07085,-0.058249999999999996,-3.2570105479804485e-05,0.00015181373810136355
0.75,0.7,12.0,0.31,0.42,20.72076872012208,0.6837722339831621,0.029567218940575388,0.07085,-0.058249999999999996,-3.2570105479804485e-05,0.00015181373810136355
0.75,0.7,14.0,0.31,0.42,20.72076872012208,0.6837722339831621,0.029567218940575388,0.07085,-0.058249999999999996,-3.2570105479804485e-05,0.00015181373810136355
0.75,0.7,16.0,0.31,0.42,20.72076872012208,0.6837722339831621,0.029567218940575388,0.07085,-0.058249999999999996,-3.2570105479804485e-05,0.00015181373810136355
0.75,0.7,18.0,0.31,0.42,20.72076872012208,0.6837722339831621,0.029567218940575388,0.07085,-0.058249999999999996,-3.2570105479804485e-05,0.00015181373810136355
0.75,0.7,20.0,0.31,0.42,20.72076872012208,0.6837722339831621,0.029567218940575388,0.07085,-0.058249999999999996,-3.2570105479804485e-05,0.00015181373810136355
0.75,0.75,,0.31,0.42,20.72076872012208,0.6837722339831621,0.029567218940575388,0.07085,-0.058249999999999996,-3.2570105479804485e-05,0.00015181373810136355
0.75,0.75,2.0,0.31,0.42,20.72076872012208,0.6837722339831621,0.029567218940575388,0.07085,-0.058249999999999996,-3.2570105479804485e-05,0.00015181373810136355
0.75,0.75,4.0,0.31,0.42,20.72076872012208,0.6837722339831621,0.029567218940575388,0.07085,-0.058249999999999996,-3.2570105479804485e-05,0.00015181373810136355
0.75,0.75,6.0,0.31,0.42,20.72076872012208,0.6837722339831621,0.029567218940575388,0.07085,-0.058249999999999996,-3.2570105479804485e-05,0.00015181373810136355
0.75,0.75,8.0,0.31,0.42,20.72076872012208,0.6837722339831621,0.029567218940575388,0.07085,-0.058249999999999996,-3.2570105479804485e-05,0.00015181373810136355
0.75,0.75,10.0,0.31,0.42,20.72076872012208,0.6837722339831621,0.029567218940575388,0.07085,-0.058249999999999996,-3.2570105479804485e-05,0.00015181373810136355
0.75,0.75,12.0,0.31,0.42,20.72076872012208,0.6837722339831621,0.029567218940575388,0.07085,-0.058249999999999996,-3.2570105479804485e-05,0.00015181373810136355
0.75,0.75,14.0,0.31,0.42,20.72076872012208,0.6837722339831621,0.029567218940575388,0.07085,-0.058249999999999996,-3.2570105479804485e-05,0.00015181373810136355
0.75,0.75,16.0,0.31,0.42,20.72076872012208,0.6837722339831621,0.029567218940575388,0.07085,-0.058249999999999996,-3.2570105479804485e-05,0.00015181373810136355
0.75,0.75,18.0,0.31,0.42,20.72076872012208,0.6837722339831621,0.029567218940575388,0.07085,-0.058249999999999996,-3.2570105479804485e-05,0.00015181373810136355
0.75,0.75,20.0,0.31,0.42,20.72076872012208,0.6837722339831621,0.029567218940575388,0.07085,-0.058249999999999996,-3.2570105479804485e-05,0.00015181373810136355
0.75,0.8,,0.31,0.42,20.72076872012208,0.6837722339831621,0.029567218940575388,0.07085,-0.058249999999999996,-3.2570105479804485e-05,0.00015181373810136355
0.75,0.8,2.0,0.31,0.42,20.72076872012208,0.6837722339831621,0.029567218940575388,0.07085,-0.058249999999999996,-3.2570105479804485e-05,0.00015181373810136355
0.75,0.8,4.0,0.31,0.42,20.72076872012208,0.6837722339831621,0.029567218940575388,0.07085,-0.058249999999999996,-3.2570105479804485e-05,0.00015181373810136355
0.75,0.8,6.0,0.31,0.42,20.72076872012208,0.6837722339831621,0.029567218940575388,0.07085,-0.058249999999999996,-3.2570105479804485e-05,0.00015181373810136355
0.75,0.8,8.0,0.31,0.42,20.72076872012208,0.6837722339831621,0.029567218940575388,0.07085,-0.058249999999999996,-3.2570105479804485e-05,0.00015181373810136355
0.75,0.8,10.0,0.31,0.42,20.72076872012208,0.6837722339831621,0.029567218940575388,0.07085,-0.058249999999999996,-3.2570105479804485e-05,0.00015181373810136355
0.75,0.8,12.0,0.31,0.42,20.72076872012208,0.6837722339831621,0.029567218940575388,0.07085,-0.058249999999999996,-3.2570105479804485e-05,0.00015181373810136355
0.75,0.8,14.0,0.31,0.42,20.72076872012208,0.6837722339831621,0.029567218940575388,0.07085,-0.058249999999999996,-3.2570105479804485e-05,0.00015181373810136355
0.75,0.8,16.0,0.31,0.42,20.72076872012208,0.6837722339831621,0.029567218940575388,0.07085,-0.058249999999999996,-3.2570105479804485e-05,0.00015181373810136355
0.75,0.8,18.0,0.31,0.42,20.72076872012208,0.6837722339831621,0.029567218940575388,0.07085,-0.058249999999999996,-3.2570105479804485e-05,0.00015181373810136355
0.75,0.8,20.0,0.31,0.42,20.72076872012208,0.6837722339831621,0.029567218940575388,0.07085,-0.058249999999999996,-3.2570105479804485e-05,0.00015181373810136355
0.75,0.85,,0.31,0.42,20.72076872012208,0.6837722339831621,0.029567218940575388,0.07085,-0.058249999999999996,-3.2570105479804485e-05,0.00015181373810136355
0.75,0.85,2.0,0.31,0.42,20.72076872012208,0.6837722339831621,0.029567218940575388,0.07085,-0.058249999999999996,-3.2570105479804485e-05,0.00015181373810136355
0.75,0.85,4.0,0.31,0.42,20.72076872012208,0.6837722339831621,0.029567218940575388,0.07085,-0.058249999999999996,-3.2570105479804485e-05,0.00015181373810136355
0.75,0.85,6.0,0.31,0.42,20.72076872012208,0.6837722339831621,0.029567218940575388,0.07085,-0.058249999999999996,-3.2570105479804485e-05,0.00015181373810136355
0.75,0.85,8.0,0.31,0.42,20.72076872012208,0.6837722339831621,0.029567218940575388,0.07085,-0.058249999999999996,-3.2570105479804485e-05,0.00015181373810136355
0.75,0.85,10.0,0.31,0.42,20.72076872012208,0.6837722339831621,0.029567218940575388,0.07085,-0.058249999999999996,-3.2570105479804485e-05,0.00015181373810136355
0.75,0.85,12.0,0.31,0.42,20.72076872012208,0.6837722339831621,0.029567218940575388,0.07085,-0.058249999999999996,-3.2570105479804485e-05,0.00015181373810136355
0.75,0.85,14.0,0.31,0.42,20.72076872012208,0.6837722339831621,0.029567218940575388,0.07085,-0.058249999999999996,-3.2570105479804485e-05,0.00015181373810136355
0.75,0.85,16.0,0.31,0.42,20.72076872012208,0.6837722339831621,0.029567218940575388,0.07085,-0.058249999999999996,-3.2570105479804485e-05,0.00015181373810136355
0.75,0.85,18.0,0.31,0.42,20.72076872012208,0.6837722339831621,0.029567218940575388,0.07085,-0.058249999999999996,-3.2570105479804485e-05,0.00015181373810136355
0.75,0.85,20.0,0.31,0.42,20.72076872012208,0.6837722339831621,0.029567218940575388,0.07085,-0.058249999999999996,-3.2570105479804485e-05,0.00015181373810136355
0.75,0.9,,0.31,0.42,20.72076872012208,0.6837722339831621,0.029567218940575388,0.07085,-0.058249999999999996,-3.2570105479804485e-05,0.00015181373810136355
0.75,0.9,2.0,0.31,0.42,20.72076872012208,0.6837722339831621,0.029567218940575388,0.07085,-0.058249999999999996,-3.2570105479804485e-05,0.00015181373810136355
0.75,0.9,4.0,0.31,0.42,20.72076872012208,0.6837722339831621,0.029567218940575388,0.07085,-0.058249999999999996,-3.2570105479804485e-05,0.00015181373810136355
0.75,0.9,6.0,0.31,0.42,20.72076872012208,0.6837722339831621,0.029567218940575388,0.07085,-0.058249999999999996,-3.2570105479804485e-05,0.00015181373810136355
0.75,0.9,8.0,0.31,0.42,20.72076872012208,0.6837722339831621,0.029567218940575388,0.07085,-0.058249999999999996,-3.2570105479804485e-05,0.00015181373810136355
0.75,0.9,10.0,0.31,0.42,20.72076872012208,0.6837722339831621,0.029567218940575388,0.07085,-0.058249999999999996,-3.2570105479804485e-05,0.00015181373810136355
0.75,0.9,12.0,0.31,0.42,20.72076872012208,0.6837722339831621,0.029567218940575388,0.07085,-0.058249999999999996,-3.2570105479804485e-05,0.00015181373810136355
0.75,0.9,14.0,0.31,0.42,20.72076872012208,0.6837722339831621,0.029567218940575388,0.07085,-0.058249999999999996,-3.2570105479804485e-05,0.00015181373810136355
0.75,0.9,16.0,0.31,0.42,20.72076872012208,0.6837722339831621,0.029567218940575388,0.07085,-0.058249999999999996,-3.2570105479804485e-05,0.00015181373810136355
0.75,0.9,18.0,0.31,0.42,20.72076872012208,0.6837722339831621,0.029567218940575388,0.07085,-0.058249999999999996,-3.2570105479804485e-05,0.00015181373810136355
0.75,0.9,20.0,0.31,0.42,20.72076872012208,0.6837722339831621,0.029567218940575388,0.07085,-0.058249999999999996,-3.2570105479804485e-05,0.00015181373810136355
0.75,0.95,,0.31,0.42,20.72076872012208,0.6837722339831621,0.029567218940575388,0.07085,-0.058249999999999996,-3.2570105479804485e-05,0.00015181373810136355
0.75,0.95,2.0,0.31,0.42,20.72076872012208,0.6837722339831621,0.029567218940575388,0.07085,-0.058249999999999996,-3.2570105479804485e-05,0.00015181373810136355
0.75,0.95,4.0,0.31,0.42,20.72076872012208,0.6837722339831621,0.029567218940575388,0.07085,-0.058249999999999996,-3.2570105479804485e-05,0.00015181373810136355
0.75,0.95,6.0,0.31,0.42,20.72076872012208,0.6837722339831621,0.029567218940575388,0.07085,-0.058249999999999996,-3.2570105479804485e-05,0.00015181373810136355
0.75,0.95,8.0,0.31,0.42,20.72076872012208,0.6837722339831621,0.029567218940575388,0.07085,-0.058249999999999996,-3.2570105479804485e-05,0.00015181373810136355
0.75,0.95,10.0,0.31,0.42,20.72076872012208,0.6837722339831621,0.029567218940575388,0.07085,-0.058249999999999996,-3.2570105479804485e-05,0.00015181373810136355
0.75,0.95,12.0,0.31,0.42,20.72076872012208,0.6837722339831621,0.029567218940575388,0.07085,-0.058249999999999996,-3.2570105479804485e-05,0.00015181373810136355
0.75,0.95,14.0,0.31,0.42,20.72076872012208,0.6837722339831621,0.029567218940575388,0.07085,-0.058249999999999996,-3.2570105479804485e-05,0.00015181373810136355
0.75,0.95,16.0,0.31,0.42,20.72076872012208,0.6837722339831621,0.029567218940575388,0.07085,-0.058249999999999996,-3.2570105479804485e-05,0.00015181373810136355
0.75,0.95,18.0,0.31,0.42,20.72076872012208,0.6837722339831621,0.029567218940575388,0.07085,-0.058249999999999996,-3.2570105479804485e-05,0.00015181373810136355
0.75,0.95,20.0,0.31,0.42,20.72076872012208,0.6837722339831621,0.029567218940575388,0.07085,-0.058249999999999996,-3.2570105479804485e-05,0.00015181373810136355
0.75,1.0,,0.31,0.42,20.72076872012208,0.6837722339831621,0.029567218940575388,0.07085,-0.058249999999999996,-3.2570105479804485e-05,0.00015181373810136355
0.75,1.0,2.0,0.31,0.42,20.72076872012208,0.6837722339831621,0.029567218940575388,0.07085,-0.058249999999999996,-3.2570105479804485e-05,0.00015181373810136355
0.75,1.0,4.0,0.31,0.42,20.72076872012208,0.6837722339831621,0.029567218940575388,0.07085,-0.058249999999999996,-3.2570105479804485e-05,0.00015181373810136355
0.75,1.0,6.0,0.31,0.42,20.72076872012208,0.6837722339831621,0.029567218940575388,0.07085,-0.058249999999999996,-3.2570105479804485e-05,0.00015181373810136355
0.75,1.0,8.0,0.31,0.42,20.72076872012208,0.6837722339831621,0.029567218940575388,0.07085,-0.058249999999999996,-3.2570105479804485e-05,0.00015181373810136355
0.75,1.0,10.0,0.31,0.42,20.72076872012208,0.6837722339831621,0.029567218940575388,0.07085,-0.058249999999999996,-3.2570105479804485e-05,0.00015181373810136355
0.75,1.0,12.0,0.31,0.42,20.72076872012208,0.6837722339831621,0.029567218940575388,0.07085,-0.058249999999999996,-3.2570105479804485e-05,0.00015181373810136355
0.75,1.0,14.0,0.31,0.42,20.72076872012208,0.6837722339831621,0.029567218940575388,0.07085,-0.058249999999999996,-3.2570105479804485e-05,0.00015181373810136355
0.75,1.0,16.0,0.31,0.42,20.72076872012208,0.6837722339831621,0.029567218940575388,0.07085,-0.058249999999999996,-3.2570105479804485e-05,0.00015181373810136355
0.75,1.0,18.0,0.31,0.42,20.72076872012208,0.6837722339831621,0.029567218940575388,0.07085,-0.058249999999999996,-3.2570105479804485e-05,0.00015181373810136355
0.75,1.0,20.0,0.31,0.42,20.72076872012208,0.6837722339831621,0.029567218940575388,0.07085,-0.058249999999999996,-3.2570105479804485e-05,0.00015181373810136355
0.8,0.1,,0.31,0.42,20.72076872012208,0.6837722339831621,0.029567218940575388,0.07085,-0.058249999999999996,-3.2570105479804485e-05,0.00015181373810136355
0.8,0.1,2.0,0.31,0.42,20.72076872012208,0.6837722339831621,0.029567218940575388,0.07085,-0.058249999999999996,-3.2570105479804485e-05,0.00015181373810136355
0.8,0.1,4.0,0.31,0.42,20.72076872012208,0.6837722339831621,0.029567218940575388,0.07085,-0.058249999999999996,-3.2570105479804485e-05,0.00015181373810136355
0.8,0.1,6.0,0.31,0.42,20.72076872012208,0.6837722339831621,0.029567218940575388,0.07085,-0.058249999999999996,-3.2570105479804485e-05,0.00015181373810136355
0.8,0.1,8.0,0.31,0.42,20.72076872012208,0.6837722339831621,0.029567218940575388,0.07085,-0.058249999999999996,-3.2570105479804485e-05,0.00015181373810136355
0.8,0.1,10.0,0.31,0.42,20.72076872012208,0.6837722339831621,0.029567218940575388,0.07085,-0.058249999999999996,-3.2570105479804485e-05,0.00015181373810136355
0.8,0.1,12.0,0.31,0.42,20.72076872012208,0.6837722339831621,0.029567218940575388,0.07085,-0.058249999999999996,-3.2570105479804485e-05,0.00015181373810136355
0.8,0.1,14.0,0.31,0.42,20.72076872012208,0.6837722339831621,0.029567218940575388,0.07085,-0.058249999999999996,-3.2570105479804485e-05,0.00015181373810136355
0.8,0.1,16.0,0.31,0.42,20.72076872012208,0.6837722339831621,0.029567218940575388,0.07085,-0.058249999999999996,-3.2570105479804485e-05,0.00015181373810136355
0.8,0.1,18.0,0.31,0.42,20.72076872012208,0.6837722339831621,0.029567218940575388,0.07085,-0.058249999999999996,-3.2570105479804485e-05,0.00015181373810136355
0.8,0.1,20.0,0.31,0.42,20.72076872012208,0.6837722339831621,0.029567218940575388,0.07085,-0.058249999999999996,-3.2570105479804485e-05,0.00015181373810136355
0.8,0.15,,0.31,0.42,20.72076872012208,0.6837722339831621,0.029567218940575388,0.07085,-0.058249999999999996,-3.2570105479804485e-05,0.00015181373810136355
0.8,0.15,2.0,0.31,0.42,20.72076872012208,0.6837722339831621,0.029567218940575388,0.07085,-0.058249999999999996,-3.2570105479804485e-05,0.00015181373810136355
0.8,0.15,4.0,0.31,0.42,20.72076872012208,0.6837722339831621,0.029567218940575388,0.07085,-0.058249999999999996,-3.2570105479804485e-05,0.00015181373810136355
0.8,0.15,6.0,0.31,0.42,20.72076872012208,0.6837722339831621,0.029567218940575388,0.07085,-0.058249999999999996,-3.2570105479804485e-05,0.00015181373810136355
0.8,0.15,8.0,0.31,0.42,20.72076872012208,0.6837722339831621,0.029567218940575388,0.07085,-0.058249999999999996,-3.2570105479804485e-05,0.00015181373810136355
0.8,0.15,10.0,0.31,0.42,20.72076872012208,0.6837722339831621,0.029567218940575388,0.07085,-0.058249999999999996,-3.2570105479804485e-05,0.00015181373810136355
0.8,0.15,12.0,0.31,0.42,20.72076872012208,0.6837722339831621,0.029567218940575388,0.07085,-0.058249999999999996,-3.2570105479804485e-05,0.00015181373810136355
0.8,0.15,14.0,0.31,0.42,20.72076872012208,0.6837722339831621,0.029567218940575388,0.07085,-0.058249999999999996,-3.2570105479804485e-05,0.00015181373810136355
0.8,0.15,16.0,0.31,0.42,20.72076872012208,0.6837722339831621,0.029567218940575388,0.07085,-0.058249999999999996,-3.2570105479804485e-05,0.00015181373810136355
0.8,0.15,18.0,0.31,0.42,20.72076872012208,0.6837722339831621,0.029567218940575388,0.07085,-0.058249999999999996,-3.2570105479804485e-05,0.00015181373810136355
0.8,0.15,20.0,0.31,0.42,20.72076872012208,0.6837722339831621,0.029567218940575388,0.07085,-0.058249999999999996,-3.2570105479804485e-05,0.00015181373810136355
0.8,0.2,,0.31,0.42,20.72076872012208,0.6837722339831621,0.029567218940575388,0.07085,-0.058249999999999996,-3.2570105479804485e-05,0.00015181373810136355
0.8,0.2,2.0,0.31,0.42,20.72076872012208,0.6837722339831621,0.029567218940575388,0.07085,-0.058249999999999996,-3.2570105479804485e-05,0.00015181373810136355
0.8,0.2,4.0,0.31,0.42,20.72076872012208,0.6837722339831621,0.029567218940575388,0.07085,-0.058249999999999996,-3.2570105479804485e-05,0.00015181373810136355
0.8,0.2,6.0,0.31,0.42,20.72076872012208,0.6837722339831621,0.029567218940575388,0.07085,-0.058249999999999996,-3.2570105479804485e-05,0.00015181373810136355
0.8,0.2,8.0,0.31,0.42,20.72076872012208,0.6837722339831621,0.029567218940575388,0.07085,-0.058249999999999996,-3.2570105479804485e-05,0.00015181373810136355
0.8,0.2,10.0,0.31,0.42,20.72076872012208,0.6837722339831621,0.029567218940575388,0.07085,-0.058249999999999996,-3.2570105479804485e-05,0.00015181373810136355
0.8,0.2,12.0,0.31,0.42,20.72076872012208,0.6837722339831621,0.029567218940575388,0.07085,-0.058249999999999996,-3.2570105479804485e-05,0.00015181373810136355
0.8,0.2,14.0,0.31,0.42,20.72076872012208,0.6837722339831621,0.029567218940575388,0.07085,-0.058249999999999996,-3.2570105479804485e-05,0.00015181373810136355
0.8,0.2,16.0,0.31,0.42,20.72076872012208,0.6837722339831621,0.029567218940575388,0.07085,-0.058249999999999996,-3.2570105479804485e-05,0.00015181373810136355
0.8,0.2,18.0,0.31,0.42,20.72076872012208,0.6837722339831621,0.029567218940575388,0.07085,-0.058249999999999996,-3.2570105479804485e-05,0.00015181373810136355
0.8,0.2,20.0,0.31,0.42,20.72076872012208,0.6837722339831621,0.029567218940575388,0.07085,-0.058249999999999996,-3.2570105479804485e-05,0.00015181373810136355
0.8,0.25,,0.31,0.42,20.72076872012208,0.6837722339831621,0.029567218940575388,0.07085,-0.058249999999999996,-3.2570105479804485e-05,0.00015181373810136355
0.8,0.25,2.0,0.31,0.42,20.72076872012208,0.6837722339831621,0.029567218940575388,0.07085,-0.058249999999999996,-3.2570105479804485e-05,0.00015181373810136355
0.8,0.25,4.0,0.31,0.42,20.72076872012208,0.6837722339831621,0.029567218940575388,0.07085,-0.058249999999999996,-3.2570105479804485e-05,0.00015181373810136355
0.8,0.25,6.0,0.31,0.42,20.72076872012208,0.6837722339831621,0.029567218940575388,0.07085,-0.058249999999999996,-3.2570105479804485e-05,0.00015181373810136355
0.8,0.25,8.0,0.31,0.42,20.72076872012208,0.6837722339831621,0.029567218940575388,0.07085,-0.058249999999999996,-3.2570105479804485e-05,0.00015181373810136355
0.8,0.25,10.0,0.31,0.42,20.72076872012208,0.6837722339831621,0.029567218940575388,0.07085,-0.058249999999999996,-3.2570105479804485e-05,0.00015181373810136355
0.8,0.25,12.0,0.31,0.42,20.72076872012208,0.6837722339831621,0.029567218940575388,0.07085,-0.058249999999999996,-3.2570105479804485e-05,0.00015181373810136355
0.8,0.25,14.0,0.31,0.42,20.72076872012208,0.6837722339831621,0.029567218940575388,0.07085,-0.058249999999999996,-3.2570105479804485e-05,0.00015181373810136355
0.8,0.25,16.0,0.31,0.42,20.72076872012208,0.6837722339831621,0.029567218940575388,0.07085,-0.058249999999999996,-3.2570105479804485e-05,0.00015181373810136355
0.8,0.25,18.0,0.31,0.42,20.72076872012208,0.6837722339831621,0.029567218940575388,0.07085,-0.058249999999999996,-3.2570105479804485e-05,0.00015181373810136355
0.8,0.25,20.0,0.31,0.42,20.72076872012208,0.6837722339831621,0.029567218940575388,0.07085,-0.058249999999999996,-3.2570105479804485e-05,0.00015181373810136355
0.8,0.3,,0.31,0.42,20.72076872012208,0.6837722339831621,0.029567218940575388,0.07085,-0.058249999999999996,-3.2570105479804485e-05,0.00015181373810136355
0.8,0.3,2.0,0.31,0.42,20.72076872012208,0.6837722339831621,0.029567218940575388,0.07085,-0.058249999999999996,-3.2570105479804485e-05,0.00015181373810136355
0.8,0.3,4.0,0.31,0.42,20.72076872012208,0.6837722339831621,0.029567218940575388,0.07085,-0.058249999999999996,-3.2570105479804485e-05,0.00015181373810136355
0.8,0.3,6.0,0.31,0.42,20.72076872012208,0.6837722339831621,0.029567218940575388,0.07085,-0.058249999999999996,-3.2570105479804485e-05,0.00015181373810136355
0.8,0.3,8.0,0.31,0.42,20.72076872012208,0.6837722339831621,0.029567218940575388,0.07085,-0.058249999999999996,-3.2570105479804485e-05,0.00015181373810136355
0.8,0.3,10.0,0.31,0.42,20.72076872012208,0.6837722339831621,0.029567218940575388,0.07085,-0.058249999999999996,-3.2570105479804485e-05,0.00015181373810136355
0.8,0.3,12.0,0.31,0.42,20.72076872012208,0.6837722339831621,0.029567218940575388,0.07085,-0.058249999999999996,-3.2570105479804485e-05,0.00015181373810136355
0.8,0.3,14.0,0.31,0.42,20.72076872012208,0.6837722339831621,0.029567218940575388,0.07085,-0.058249999999999996,-3.2570105479804485e-05,0.00015181373810136355
0.8,0.3,16.0,0.31,0.42,20.72076872012208,0.6837722339831621,0.029567218940575388,0.07085,-0.058249999999999996,-3.2570105479804485e-05,0.00015181373810136355
0.8,0.3,18.0,0.31,0.42,20.72076872012208,0.6837722339831621,0.029567218940575388,0.07085,-0.058249999999999996,-3.2570105479804485e-05,0.00015181373810136355
0.8,0.3,20.0,0.31,0.42,20.72076872012208,0.6837722339831621,0.029567218940575388,0.07085,-0.058249999999999996,-3.2570105479804485e-05,0.00015181373810136355
0.8,0.35,,0.31,0.42,20.72076872012208,0.6837722339831621,0.029567218940575388,0.07085,-0.058249999999999996,-3.2570105479804485e-05,0.00015181373810136355
0.8,0.35,2.0,0.31,0.42,20.72076872012208,0.6837722339831621,0.029567218940575388,0.07085,-0.058249999999999996,-3.2570105479804485e-05,0.00015181373810136355
0.8,0.35,4.0,0.31,0.42,20.72076872012208,0.6837722339831621,0.029567218940575388,0.07085,-0.058249999999999996,-3.2570105479804485e-05,0.00015181373810136355
0.8,0.35,6.0,0.31,0.42,20.72076872012208,0.6837722339831621,0.029567218940575388,0.07085,-0.058249999999999996,-3.2570105479804485e-05,0.00015181373810136355
0.8,0.35,8.0,0.31,0.42,20.72076872012208,0.6837722339831621,0.029567218940575388,0.07085,-0.058249999999999996,-3.2570105479804485e-05,0.00015181373810136355
0.8,0.35,10.0,0.31,0.42,20.72076872012208,0.6837722339831621,0.029567218940575388,0.07085,-0.058249999999999996,-3.2570105479804485e-05,0.00015181373810136355
0.8,0.35,12.0,0.31,0.42,20.72076872012208,0.6837722339831621,0.029567218940575388,0.07085,-0.058249999999999996,-3.2570105479804485e-05,0.00015181373810136355
0.8,0.35,14.0,0.31,0.42,20.72076872012208,0.6837722339831621,0.029567218940575388,0.07085,-0.058249999999999996,-3.2570105479804485e-05,0.00015181373810136355
0.8,0.35,16.0,0.31,0.42,20.72076872012208,0.6837722339831621,0.029567218940575388,0.07085,-0.058249999999999996,-3.2570105479804485e-05,0.00015181373810136355
0.8,0.35,18.0,0.31,0.42,20.72076872012208,0.6837722339831621,0.029567218940575388,0.07085,-0.058249999999999996,-3.2570105479804485e-05,0.00015181373810136355
0.8,0.35,20.0,0.31,0.42,20.72076872012208,0.6837722339831621,0.029567218940575388,0.07085,-0.058249999999999996,-3.2570105479804485e-05,0.00015181373810136355
0.8,0.4,,0.31,0.42,20.72076872012208,0.6837722339831621,0.029567218940575388,0.07085,-0.058249999999999996,-3.2570105479804485e-05,0.00015181373810136355
0.8,0.4,2.0,0.31,0.42,20.72076872012208,0.6837722339831621,0.029567218940575388,0.07085,-0.058249999999999996,-3.2570105479804485e-05,0.00015181373810136355
0.8,0.4,4.0,0.31,0.42,20.72076872012208,0.6837722339831621,0.029567218940575388,0.07085,-0.058249999999999996,-3.2570105479804485e-05,0.00015181373810136355
0.8,0.4,6.0,0.31,0.42,20.72076872012208,0.6837722339831621,0.029567218940575388,0.07085,-0.058249999999999996,-3.2570105479804485e-05,0.00015181373810136355
0.8,0.4,8.0,0.31,0.42,20.72076872012208,0.6837722339831621,0.029567218940575388,0.07085,-0.058249999999999996,-3.2570105479804485e-05,0.00015181373810136355
0.8,0.4,10.0,0.31,0.42,20.72076872012208,0.6837722339831621,0.029567218940575388,0.07085,-0.058249999999999996,-3.2570105479804485e-05,0.00015181373810136355
0.8,0.4,12.0,0.31,0.42,20.72076872012208,0.6837722339831621,0.029567218940575388,0.07085,-0.058249999999999996,-3.2570105479804485e-05,0.00015181373810136355
0.8,0.4,14.0,0.31,0.42,20.72076872012208,0.6837722339831621,0.029567218940575388,0.07085,-0.058249999999999996,-3.2570105479804485e-05,0.00015181373810136355
0.8,0.4,16.0,0.31,0.42,20.72076872012208,0.6837722339831621,0.029567218940575388,0.07085,-0.058249999999999996,-3.2570105479804485e-05,0.00015181373810136355
0.8,0.4,18.0,0.31,0.42,20.72076872012208,0.6837722339831621,0.029567218940575388,0.07085,-0.058249999999999996,-3.2570105479804485e-05,0.00015181373810136355
0.8,0.4,20.0,0.31,0.42,20.72076872012208,0.6837722339831621,0.029567218940575388,0.07085,-0.058249999999999996,-3.2570105479804485e-05,0.00015181373810136355
0.8,0.45,,0.31,0.42,20.72076872012208,0.6837722339831621,0.029567218940575388,0.07085,-0.058249999999999996,-3.2570105479804485e-05,0.00015181373810136355
0.8,0.45,2.0,0.31,0.42,20.72076872012208,0.6837722339831621,0.029567218940575388,0.07085,-0.058249999999999996,-3.2570105479804485e-05,0.00015181373810136355
0.8,0.45,4.0,0.31,0.42,20.72076872012208,0.6837722339831621,0.029567218940575388,0.07085,-0.058249999999999996,-3.2570105479804485e-05,0.00015181373810136355
0.8,0.45,6.0,0.31,0.42,20.72076872012208,0.6837722339831621,0.029567218940575388,0.07085,-0.058249999999999996,-3.2570105479804485e-05,0.00015181373810136355
0.8,0.45,8.0,0.31,0.42,20.72076872012208,0.6837722339831621,0.029567218940575388,0.07085,-0.058249999999999996,-3.2570105479804485e-05,0.00015181373810136355
0.8,0.45,10.0,0.31,0.42,20.72076872012208,0.6837722339831621,0.029567218940575388,0.07085,-0.058249999999999996,-3.2570105479804485e-05,0.00015181373810136355
0.8,0.45,12.0,0.31,0.42,20.72076872012208,0.6837722339831621,0.029567218940575388,0.07085,-0.058249999999999996,-3.2570105479804485e-05,0.00015181373810136355
0.8,0.45,14.0,0.31,0.42,20.72076872012208,0.6837722339831621,0.029567218940575388,0.07085,-0.058249999999999996,-3.2570105479804485e-05,0.00015181373810136355
0.8,0.45,16.0,0.31,0.42,20.72076872012208,0.6837722339831621,0.029567218940575388,0.07085,-0.058249999999999996,-3.2570105479804485e-05,0.00015181373810136355
0.8,0.45,18.0,0.31,0.42,20.72076872012208,0.6837722339831621,0.029567218940575388,0.07085,-0.058249999999999996,-3.2570105479804485e-05,0.00015181373810136355
0.8,0.45,20.0,0.31,0.42,20.72076872012208,0.6837722339831621,0.029567218940575388,0.07085,-0.058249999999999996,-3.2570105479804485e-05,0.00015181373810136355
0.8,0.5,,0.31,0.42,20.72076872012208,0.6837722339831621,0.029567218940575388,0.07085,-0.058249999999999996,-3.2570105479804485e-05,0.00015181373810136355
0.8,0.5,2.0,0.31,0.42,20.72076872012208,0.6837722339831621,0.029567218940575388,0.07085,-0.058249999999999996,-3.2570105479804485e-05,0.00015181373810136355
0.8,0.5,4.0,0.31,0.42,20.72076872012208,0.6837722339831621,0.029567218940575388,0.07085,-0.058249999999999996,-3.2570105479804485e-05,0.00015181373810136355
0.8,0.5,6.0,0.31,0.42,20.72076872012208,0.6837722339831621,0.029567218940575388,0.07085,-0.058249999999999996,-3.2570105479804485e-05,0.00015181373810136355
0.8,0.5,8.0,0.31,0.42,20.72076872012208,0.6837722339831621,0.029567218940575388,0.07085,-0.058249999999999996,-3.2570105479804485e-05,0.00015181373810136355
0.8,0.5,10.0,0.31,0.42,20.72076872012208,0.6837722339831621,0.029567218940575388,0.07085,-0.058249999999999996,-3.2570105479804485e-05,0.00015181373810136355
0.8,0.5,12.0,0.31,0.42,20.72076872012208,0.6837722339831621,0.029567218940575388,0.07085,-0.058249999999999996,-3.2570105479804485e-05,0.00015181373810136355
0.8,0.5,14.0,0.31,0.42,20.72076872012208,0.6837722339831621,0.029567218940575388,0.07085,-0.058249999999999996,-3.2570105479804485e-05,0.00015181373810136355
0.8,0.5,16.0,0.31,0.42,20.72076872012208,0.6837722339831621,0.029567218940575388,0.07085,-0.058249999999999996,-3.2570105479804485e-05,0.00015181373810136355
0.8,0.5,18.0,0.31,0.42,20.72076872012208,0.6837722339831621,0.029567218940575388,0.07085,-0.058249999999999996,-3.2570105479804485e-05,0.00015181373810136355
0.8,0.5,20.0,0.31,0.42,20.72076872012208,0.6837722339831621,0.029567218940575388,0.07085,-0.058249999999999996,-3.2570105479804485e-05,0.00015181373810136355
0.8,0.55,,0.31,0.42,20.72076872012208,0.6837722339831621,0.029567218940575388,0.07085,-0.058249999999999996,-3.2570105479804485e-05,0.00015181373810136355
0.8,0.55,2.0,0.31,0.42,20.72076872012208,0.6837722339831621,0.029567218940575388,0.07085,-0.058249999999999996,-3.2570105479804485e-05,0.00015181373810136355
0.8,0.55,4.0,0.31,0.42,20.72076872012208,0.6837722339831621,0.029567218940575388,0.07085,-0.058249999999999996,-3.2570105479804485e-05,0.00015181373810136355
0.8,0.55,6.0,0.31,0.42,20.72076872012208,0.6837722339831621,0.029567218940575388,0.07085,-0.058249999999999996,-3.2570105479804485e-05,0.00015181373810136355
0.8,0.55,8.0,0.31,0.42,20.72076872012208,0.6837722339831621,0.029567218940575388,0.07085,-0.058249999999999996,-3.2570105479804485e-05,0.00015181373810136355
0.8,0.55,10.0,0.31,0.42,20.72076872012208,0.6837722339831621,0.029567218940575388,0.07085,-0.058249999999999996,-3.2570105479804485e-05,0.00015181373810136355
0.8,0.55,12.0,0.31,0.42,20.72076872012208,0.6837722339831621,0.029567218940575388,0.07085,-0.058249999999999996,-3.2570105479804485e-05,0.00015181373810136355
0.8,0.55,14.0,0.31,0.42,20.72076872012208,0.6837722339831621,0.029567218940575388,0.07085,-0.058249999999999996,-3.2570105479804485e-05,0.00015181373810136355
0.8,0.55,16.0,0.31,0.42,20.72076872012208,0.6837722339831621,0.029567218940575388,0.07085,-0.058249999999999996,-3.2570105479804485e-05,0.00015181373810136355
0.8,0.55,18.0,0.31,0.42,20.72076872012208,0.6837722339831621,0.029567218940575388,0.07085,-0.058249999999999996,-3.2570105479804485e-05,0.00015181373810136355
0.8,0.55,20.0,0.31,0.42,20.72076872012208,0.6837722339831621,0.029567218940575388,0.07085,-0.058249999999999996,-3.2570105479804485e-05,0.00015181373810136355
0.8,0.6,,0.31,0.42,20.72076872012208,0.6837722339831621,0.029567218940575388,0.07085,-0.058249999999999996,-3.2570105479804485e-05,0.00015181373810136355
0.8,0.6,2.0,0.31,0.42,20.72076872012208,0.6837722339831621,0.029567218940575388,0.07085,-0.058249999999999996,-3.2570105479804485e-05,0.00015181373810136355
0.8,0.6,4.0,0.31,0.42,20.72076872012208,0.6837722339831621,0.029567218940575388,0.07085,-0.058249999999999996,-3.2570105479804485e-05,0.00015181373810136355
0.8,0.6,6.0,0.31,0.42,20.72076872012208,0.6837722339831621,0.029567218940575388,0.07085,-0.058249999999999996,-3.2570105479804485e-05,0.00015181373810136355
0.8,0.6,8.0,0.31,0.42,20.72076872012208,0.6837722339831621,0.029567218940575388,0.07085,-0.058249999999999996,-3.2570105479804485e-05,0.00015181373810136355
0.8,0.6,10.0,0.31,0.42,20.72076872012208,0.6837722339831621,0.029567218940575388,0.07085,-0.058249999999999996,-3.2570105479804485e-05,0.00015181373810136355
0.8,0.6,12.0,0.31,0.42,20.72076872012208,0.6837722339831621,0.029567218940575388,0.07085,-0.058249999999999996,-3.2570105479804485e-05,0.00015181373810136355
0.8,0.6,14.0,0.31,0.42,20.72076872012208,0.6837722339831621,0.029567218940575388,0.07085,-0.058249999999999996,-3.2570105479804485e-05,0.00015181373810136355
0.8,0.6,16.0,0.31,0.42,20.72076872012208,0.6837722339831621,0.029567218940575388,0.07085,-0.058249999999999996,-3.2570105479804485e-05,0.00015181373810136355
0.8,0.6,18.0,0.31,0.42,20.72076872012208,0.6837722339831621,0.029567218940575388,0.07085,-0.058249999999999996,-3.2570105479804485e-05,0.00015181373810136355
0.8,0.6,20.0,0.31,0.42,20.72076872012208,0.6837722339831621,0.029567218940575388,0.07085,-0.058249999999999996,-3.2570105479804485e-05,0.00015181373810136355
0.8,0.65,,0.31,0.42,20.72076872012208,0.6837722339831621,0.029567218940575388,0.07085,-0.058249999999999996,-3.2570105479804485e-05,0.00015181373810136355
0.8,0.65,2.0,0.31,0.42,20.72076872012208,0.6837722339831621,0.029567218940575388,0.07085,-0.058249999999999996,-3.2570105479804485e-05,0.00015181373810136355
0.8,0.65,4.0,0.31,0.42,20.72076872012208,0.6837722339831621,0.029567218940575388,0.07085,-0.058249999999999996,-3.2570105479804485e-05,0.00015181373810136355
0.8,0.65,6.0,0.31,0.42,20.72076872012208,0.6837722339831621,0.029567218940575388,0.07085,-0.058249999999999996,-3.2570105479804485e-05,0.00015181373810136355
0.8,0.65,8.0,0.31,0.42,20.72076872012208,0.6837722339831621,0.029567218940575388,0.07085,-0.058249999999999996,-3.2570105479804485e-05,0.00015181373810136355
0.8,0.65,10.0,0.31,0.42,20.72076872012208,0.6837722339831621,0.029567218940575388,0.07085,-0.058249999999999996,-3.2570105479804485e-05,0.00015181373810136355
0.8,0.65,12.0,0.31,0.42,20.72076872012208,0.6837722339831621,0.029567218940575388,0.07085,-0.058249999999999996,-3.2570105479804485e-05,0.00015181373810136355
0.8,0.65,14.0,0.31,0.42,20.72076872012208,0.6837722339831621,0.029567218940575388,0.07085,-0.058249999999999996,-3.2570105479804485e-05,0.00015181373810136355
0.8,0.65,16.0,0.31,0.42,20.72076872012208,0.6837722339831621,0.029567218940575388,0.07085,-0.058249999999999996,-3.2570105479804485e-05,0.00015181373810136355
0.8,0.65,18.0,0.31,0.42,20.72076872012208,0.6837722339831621,0.029567218940575388,0.07085,-0.058249999999999996,-3.2570105479804485e-05,0.00015181373810136355
0.8,0.65,20.0,0.31,0.42,20.72076872012208,0.6837722339831621,0.029567218940575388,0.07085,-0.058249999999999996,-3.2570105479804485e-05,0.00015181373810136355
0.8,0.7,,0.31,0.42,20.72076872012208,0.6837722339831621,0.029567218940575388,0.07085,-0.058249999999999996,-3.2570105479804485e-05,0.00015181373810136355
0.8,0.7,2.0,0.31,0.42,20.72076872012208,0.6837722339831621,0.029567218940575388,0.07085,-0.058249999999999996,-3.2570105479804485e-05,0.00015181373810136355
0.8,0.7,4.0,0.31,0.42,20.72076872012208,0.6837722339831621,0.029567218940575388,0.07085,-0.058249999999999996,-3.2570105479804485e-05,0.00015181373810136355
0.8,0.7,6.0,0.31,0.42,20.72076872012208,0.6837722339831621,0.029567218940575388,0.07085,-0.058249999999999996,-3.2570105479804485e-05,0.00015181373810136355
0.8,0.7,8.0,0.31,0.42,20.72076872012208,0.6837722339831621,0.029567218940575388,0.07085,-0.058249999999999996,-3.2570105479804485e-05,0.00015181373810136355
0.8,0.7,10.0,0.31,0.42,20.72076872012208,0.6837722339831621,0.029567218940575388,0.07085,-0.058249999999999996,-3.2570105479804485e-05,0.00015181373810136355
0.8,0.7,12.0,0.31,0.42,20.72076872012208,0.6837722339831621,0.029567218940575388,0.07085,-0.058249999999999996,-3.2570105479804485e-05,0.00015181373810136355
0.8,0.7,14.0,0.31,0.42,20.72076872012208,0.6837722339831621,0.029567218940575388,0.07085,-0.058249999999999996,-3.2570105479804485e-05,0.00015181373810136355
0.8,0.7,16.0,0.31,0.42,20.72076872012208,0.6837722339831621,0.029567218940575388,0.07085,-0.058249999999999996,-3.2570105479804485e-05,0.00015181373810136355
0.8,0.7,18.0,0.31,0.42,20.72076872012208,0.6837722339831621,0.029567218940575388,0.07085,-0.058249999999999996,-3.2570105479804485e-05,0.00015181373810136355
0.8,0.7,20.0,0.31,0.42,20.72076872012208,0.6837722339831621,0.029567218940575388,0.07085,-0.058249999999999996,-3.2570105479804485e-05,0.00015181373810136355
0.8,0.75,,0.31,0.42,20.72076872012208,0.6837722339831621,0.029567218940575388,0.07085,-0.058249999999999996,-3.2570105479804485e-05,0.00015181373810136355
0.8,0.75,2.0,0.31,0.42,20.72076872012208,0.6837722339831621,0.029567218940575388,0.07085,-0.058249999999999996,-3.2570105479804485e-05,0.00015181373810136355
0.8,0.75,4.0,0.31,0.42,20.72076872012208,0.6837722339831621,0.029567218940575388,0.07085,-0.058249999999999996,-3.2570105479804485e-05,0.00015181373810136355
0.8,0.75,6.0,0.31,0.42,20.72076872012208,0.6837722339831621,0.029567218940575388,0.07085,-0.058249999999999996,-3.2570105479804485e-05,0.00015181373810136355
0.8,0.75,8.0,0.31,0.42,20.72076872012208,0.6837722339831621,0.029567218940575388,0.07085,-0.058249999999999996,-3.2570105479804485e-05,0.00015181373810136355
0.8,0.75,10.0,0.31,0.42,20.72076872012208,0.6837722339831621,0.029567218940575388,0.07085,-0.058249999999999996,-3.2570105479804485e-05,0.00015181373810136355
0.8,0.75,12.0,0.31,0.42,20.72076872012208,0.6837722339831621,0.029567218940575388,0.07085,-0.058249999999999996,-3.2570105479804485e-05,0.00015181373810136355
0.8,0.75,14.0,0.31,0.42,20.72076872012208,0.6837722339831621,0.029567218940575388,0.07085,-0.058249999999999996,-3.2570105479804485e-05,0.00015181373810136355
0.8,0.75,16.0,0.31,0.42,20.72076872012208,0.6837722339831621,0.029567218940575388,0.07085,-0.058249999999999996,-3.2570105479804485e-05,0.00015181373810136355
0.8,0.75,18.0,0.31,0.42,20.72076872012208,0.6837722339831621,0.029567218940575388,0.07085,-0.058249999999999996,-3.2570105479804485e-05,0.00015181373810136355
0.8,0.75,20.0,0.31,0.42,20.72076872012208,0.6837722339831621,0.029567218940575388,0.07085,-0.058249999999999996,-3.2570105479804485e-05,0.00015181373810136355
0.8,0.8,,0.31,0.42,20.72076872012208,0.6837722339831621,0.029567218940575388,0.07085,-0.058249999999999996,-3.2570105479804485e-05,0.00015181373810136355
0.8,0.8,2.0,0.31,0.42,20.72076872012208,0.6837722339831621,0.029567218940575388,0.07085,-0.058249999999999996,-3.2570105479804485e-05,0.00015181373810136355
0.8,0.8,4.0,0.31,0.42,20.72076872012208,0.6837722339831621,0.029567218940575388,0.07085,-0.058249999999999996,-3.2570105479804485e-05,0.00015181373810136355
0.8,0.8,6.0,0.31,0.42,20.72076872012208,0.6837722339831621,0.029567218940575388,0.07085,-0.058249999999999996,-3.2570105479804485e-05,0.00015181373810136355
0.8,0.8,8.0,0.31,0.42,20.72076872012208,0.6837722339831621,0.029567218940575388,0.07085,-0.058249999999999996,-3.2570105479804485e-05,0.00015181373810136355
0.8,0.8,10.0,0.31,0.42,20.72076872012208,0.6837722339831621,0.029567218940575388,0.07085,-0.058249999999999996,-3.2570105479804485e-05,0.00015181373810136355
0.8,0.8,12.0,0.31,0.42,20.72076872012208,0.6837722339831621,0.029567218940575388,0.07085,-0.058249999999999996,-3.2570105479804485e-05,0.00015181373810136355
0.8,0.8,14.0,0.31,0.42,20.72076872012208,0.6837722339831621,0.029567218940575388,0.07085,-0.058249999999999996,-3.2570105479804485e-05,0.00015181373810136355
0.8,0.8,16.0,0.31,0.42,20.72076872012208,0.6837722339831621,0.029567218940575388,0.07085,-0.058249999999999996,-3.2570105479804485e-05,0.00015181373810136355
0.8,0.8,18.0,0.31,0.42,20.72076872012208,0.6837722339831621,0.029567218940575388,0.07085,-0.058249999999999996,-3.2570105479804485e-05,0.00015181373810136355
0.8,0.8,20.0,0.31,0.42,20.72076872012208,0.6837722339831621,0.029567218940575388,0.07085,-0.058249999999999996,-3.2570105479804485e-05,0.00015181373810136355
0.8,0.85,,0.31,0.42,20.72076872012208,0.6837722339831621,0.029567218940575388,0.07085,-0.058249999999999996,-3.2570105479804485e-05,0.00015181373810136355
0.8,0.85,2.0,0.31,0.42,20.72076872012208,0.6837722339831621,0.029567218940575388,0.07085,-0.058249999999999996,-3.2570105479804485e-05,0.00015181373810136355
0.8,0.85,4.0,0.31,0.42,20.72076872012208,0.6837722339831621,0.029567218940575388,0.07085,-0.058249999999999996,-3.2570105479804485e-05,0.00015181373810136355
0.8,0.85,6.0,0.31,0.42,20.72076872012208,0.6837722339831621,0.029567218940575388,0.07085,-0.058249999999999996,-3.2570105479804485e-05,0.00015181373810136355
0.8,0.85,8.0,0.31,0.42,20.72076872012208,0.6837722339831621,0.029567218940575388,0.07085,-0.058249999999999996,-3.2570105479804485e-05,0.00015181373810136355
0.8,0.85,10.0,0.31,0.42,20.72076872012208,0.6837722339831621,0.029567218940575388,0.07085,-0.058249999999999996,-3.2570105479804485e-05,0.00015181373810136355
0.8,0.85,12.0,0.31,0.42,20.72076872012208,0.6837722339831621,0.029567218940575388,0.07085,-0.058249999999999996,-3.2570105479804485e-05,0.00015181373810136355
0.8,0.85,14.0,0.31,0.42,20.72076872012208,0.6837722339831621,0.029567218940575388,0.07085,-0.058249999999999996,-3.2570105479804485e-05,0.00015181373810136355
0.8,0.85,16.0,0.31,0.42,20.72076872012208,0.6837722339831621,0.029567218940575388,0.07085,-0.058249999999999996,-3.2570105479804485e-05,0.00015181373810136355
0.8,0.85,18.0,0.31,0.42,20.72076872012208,0.6837722339831621,0.029567218940575388,0.07085,-0.058249999999999996,-3.2570105479804485e-05,0.00015181373810136355
0.8,0.85,20.0,0.31,0.42,20.72076872012208,0.6837722339831621,0.029567218940575388,0.07085,-0.058249999999999996,-3.2570105479804485e-05,0.00015181373810136355
0.8,0.9,,0.31,0.42,20.72076872012208,0.6837722339831621,0.029567218940575388,0.07085,-0.058249999999999996,-3.2570105479804485e-05,0.00015181373810136355
0.8,0.9,2.0,0.31,0.42,20.72076872012208,0.6837722339831621,0.029567218940575388,0.07085,-0.058249999999999996,-3.2570105479804485e-05,0.00015181373810136355
0.8,0.9,4.0,0.31,0.42,20.72076872012208,0.6837722339831621,0.029567218940575388,0.07085,-0.058249999999999996,-3.2570105479804485e-05,0.00015181373810136355
0.8,0.9,6.0,0.31,0.42,20.72076872012208,0.6837722339831621,0.029567218940575388,0.07085,-0.058249999999999996,-3.2570105479804485e-05,0.00015181373810136355
0.8,0.9,8.0,0.31,0.42,20.72076872012208,0.6837722339831621,0.029567218940575388,0.07085,-0.058249999999999996,-3.2570105479804485e-05,0.00015181373810136355
0.8,0.9,10.0,0.31,0.42,20.72076872012208,0.6837722339831621,0.029567218940575388,0.07085,-0.058249999999999996,-3.2570105479804485e-05,0.00015181373810136355
0.8,0.9,12.0,0.31,0.42,20.72076872012208,0.6837722339831621,0.029567218940575388,0.07085,-0.058249999999999996,-3.2570105479804485e-05,0.00015181373810136355
0.8,0.9,14.0,0.31,0.42,20.72076872012208,0.6837722339831621,0.029567218940575388,0.07085,-0.058249999999999996,-3.2570105479804485e-05,0.00015181373810136355
0.8,0.9,16.0,0.31,0.42,20.72076872012208,0.6837722339831621,0.029567218940575388,0.07085,-0.058249999999999996,-3.2570105479804485e-05,0.00015181373810136355
0.8,0.9,18.0,0.31,0.42,20.72076872012208,0.6837722339831621,0.029567218940575388,0.07085,-0.058249999999999996,-3.2570105479804485e-05,0.00015181373810136355
0.8,0.9,20.0,0.31,0.42,20.72076872012208,0.6837722339831621,0.029567218940575388,0.07085,-0.058249999999999996,-3.2570105479804485e-05,0.00015181373810136355
0.8,0.95,,0.31,0.42,20.72076872012208,0.6837722339831621,0.029567218940575388,0.07085,-0.058249999999999996,-3.2570105479804485e-05,0.00015181373810136355
0.8,0.95,2.0,0.31,0.42,20.72076872012208,0.6837722339831621,0.029567218940575388,0.07085,-0.058249999999999996,-3.2570105479804485e-05,0.00015181373810136355
0.8,0.95,4.0,0.31,0.42,20.72076872012208,0.6837722339831621,0.029567218940575388,0.07085,-0.058249999999999996,-3.2570105479804485e-05,0.00015181373810136355
0.8,0.95,6.0,0.31,0.42,20.72076872012208,0.6837722339831621,0.029567218940575388,0.07085,-0.058249999999999996,-3.2570105479804485e-05,0.00015181373810136355
0.8,0.95,8.0,0.31,0.42,20.72076872012208,0.6837722339831621,0.029567218940575388,0.07085,-0.058249999999999996,-3.2570105479804485e-05,0.00015181373810136355
0.8,0.95,10.0,0.31,0.42,20.72076872012208,0.6837722339831621,0.029567218940575388,0.07085,-0.058249999999999996,-3.2570105479804485e-05,0.00015181373810136355
0.8,0.95,12.0,0.31,0.42,20.72076872012208,0.6837722339831621,0.029567218940575388,0.07085,-0.058249999999999996,-3.2570105479804485e-05,0.00015181373810136355
0.8,0.95,14.0,0.31,0.42,20.72076872012208,0.6837722339831621,0.029567218940575388,0.07085,-0.058249999999999996,-3.2570105479804485e-05,0.00015181373810136355
0.8,0.95,16.0,0.31,0.42,20.72076872012208,0.6837722339831621,0.029567218940575388,0.07085,-0.058249999999999996,-3.2570105479804485e-05,0.00015181373810136355
0.8,0.95,18.0,0.31,0.42,20.72076872012208,0.6837722339831621,0.029567218940575388,0.07085,-0.058249999999999996,-3.2570105479804485e-05,0.00015181373810136355
0.8,0.95,20.0,0.31,0.42,20.72076872012208,0.6837722339831621,0.029567218940575388,0.07085,-0.058249999999999996,-3.2570105479804485e-05,0.00015181373810136355
0.8,1.0,,0.31,0.42,20.72076872012208,0.6837722339831621,0.029567218940575388,0.07085,-0.058249999999999996,-3.2570105479804485e-05,0.00015181373810136355
0.8,1.0,2.0,0.31,0.42,20.72076872012208,0.6837722339831621,0.029567218940575388,0.07085,-0.058249999999999996,-3.2570105479804485e-05,0.00015181373810136355
0.8,1.0,4.0,0.31,0.42,20.72076872012208,0.6837722339831621,0.029567218940575388,0.07085,-0.058249999999999996,-3.2570105479804485e-05,0.00015181373810136355
0.8,1.0,6.0,0.31,0.42,20.72076872012208,0.6837722339831621,0.029567218940575388,0.07085,-0.058249999999999996,-3.2570105479804485e-05,0.00015181373810136355
0.8,1.0,8.0,0.31,0.42,20.72076872012208,0.6837722339831621,0.029567218940575388,0.07085,-0.058249999999999996,-3.2570105479804485e-05,0.00015181373810136355
0.8,1.0,10.0,0.31,0.42,20.72076872012208,0.6837722339831621,0.029567218940575388,0.07085,-0.058249999999999996,-3.2570105479804485e-05,0.00015181373810136355
0.8,1.0,12.0,0.31,0.42,20.72076872012208,0.6837722339831621,0.029567218940575388,0.07085,-0.058249999999999996,-3.2570105479804485e-05,0.00015181373810136355
0.8,1.0,14.0,0.31,0.42,20.72076872012208,0.6837722339831621,0.029567218940575388,0.07085,-0.058249999999999996,-3.2570105479804485e-05,0.00015181373810136355
0.8,1.0,16.0,0.31,0.42,20.72076872012208,0.6837722339831621,0.029567218940575388,0.07085,-0.058249999999999996,-3.2570105479804485e-05,0.00015181373810136355
0.8,1.0,18.0,0.31,0.42,20.72076872012208,0.6837722339831621,0.029567218940575388,0.07085,-0.058249999999999996,-3.2570105479804485e-05,0.00015181373810136355
0.8,1.0,20.0,0.31,0.42,20.72076872012208,0.6837722339831621,0.029567218940575388,0.07085,-0.058249999999999996,-3.2570105479804485e-05,0.00015181373810136355
0.85,0.1,,0.31,0.42,20.72076872012208,0.6837722339831621,0.029567218940575388,0.07085,-0.058249999999999996,-3.2570105479804485e-05,0.00015181373810136355
0.85,0.1,2.0,0.31,0.42,20.72076872012208,0.6837722339831621,0.029567218940575388,0.07085,-0.058249999999999996,-3.2570105479804485e-05,0.00015181373810136355
0.85,0.1,4.0,0.31,0.42,20.72076872012208,0.6837722339831621,0.029567218940575388,0.07085,-0.058249999999999996,-3.2570105479804485e-05,0.00015181373810136355
0.85,0.1,6.0,0.31,0.42,20.72076872012208,0.6837722339831621,0.029567218940575388,0.07085,-0.058249999999999996,-3.2570105479804485e-05,0.00015181373810136355
0.85,0.1,8.0,0.31,0.42,20.72076872012208,0.6837722339831621,0.029567218940575388,0.07085,-0.058249999999999996,-3.2570105479804485e-05,0.00015181373810136355
0.85,0.1,10.0,0.31,0.42,20.72076872012208,0.6837722339831621,0.029567218940575388,0.07085,-0.058249999999999996,-3.2570105479804485e-05,0.00015181373810136355
0.85,0.1,12.0,0.31,0.42,20.72076872012208,0.6837722339831621,0.029567218940575388,0.07085,-0.058249999999999996,-3.2570105479804485e-05,0.00015181373810136355
0.85,0.1,14.0,0.31,0.42,20.72076872012208,0.6837722339831621,0.029567218940575388,0.07085,-0.058249999999999996,-3.2570105479804485e-05,0.00015181373810136355
0.85,0.1,16.0,0.31,0.42,20.72076872012208,0.6837722339831621,0.029567218940575388,0.07085,-0.058249999999999996,-3.2570105479804485e-05,0.00015181373810136355
0.85,0.1,18.0,0.31,0.42,20.72076872012208,0.6837722339831621,0.029567218940575388,0.07085,-0.058249999999999996,-3.2570105479804485e-05,0.00015181373810136355
0.85,0.1,20.0,0.31,0.42,20.72076872012208,0.6837722339831621,0.029567218940575388,0.07085,-0.058249999999999996,-3.2570105479804485e-05,0.00015181373810136355
0.85,0.15,,0.31,0.42,20.72076872012208,0.6837722339831621,0.029567218940575388,0.07085,-0.058249999999999996,-3.2570105479804485e-05,0.00015181373810136355
0.85,0.15,2.0,0.31,0.42,20.72076872012208,0.6837722339831621,0.029567218940575388,0.07085,-0.058249999999999996,-3.2570105479804485e-05,0.00015181373810136355
0.85,0.15,4.0,0.31,0.42,20.72076872012208,0.6837722339831621,0.029567218940575388,0.07085,-0.058249999999999996,-3.2570105479804485e-05,0.00015181373810136355
0.85,0.15,6.0,0.31,0.42,20.72076872012208,0.6837722339831621,0.029567218940575388,0.07085,-0.058249999999999996,-3.2570105479804485e-05,0.00015181373810136355
0.85,0.15,8.0,0.31,0.42,20.72076872012208,0.6837722339831621,0.029567218940575388,0.07085,-0.058249999999999996,-3.2570105479804485e-05,0.00015181373810136355
0.85,0.15,10.0,0.31,0.42,20.72076872012208,0.6837722339831621,0.029567218940575388,0.07085,-0.058249999999999996,-3.2570105479804485e-05,0.00015181373810136355
0.85,0.15,12.0,0.31,0.42,20.72076872012208,0.6837722339831621,0.029567218940575388,0.07085,-0.058249999999999996,-3.2570105479804485e-05,0.00015181373810136355
0.85,0.15,14.0,0.31,0.42,20.72076872012208,0.6837722339831621,0.029567218940575388,0.07085,-0.058249999999999996,-3.2570105479804485e-05,0.00015181373810136355
0.85,0.15,16.0,0.31,0.42,20.72076872012208,0.6837722339831621,0.029567218940575388,0.07085,-0.058249999999999996,-3.2570105479804485e-05,0.00015181373810136355
0.85,0.15,18.0,0.31,0.42,20.72076872012208,0.6837722339831621,0.029567218940575388,0.07085,-0.058249999999999996,-3.2570105479804485e-05,0.00015181373810136355
0.85,0.15,20.0,0.31,0.42,20.72076872012208,0.6837722339831621,0.029567218940575388,0.07085,-0.058249999999999996,-3.2570105479804485e-05,0.00015181373810136355
0.85,0.2,,0.31,0.42,20.72076872012208,0.6837722339831621,0.029567218940575388,0.07085,-0.058249999999999996,-3.2570105479804485e-05,0.00015181373810136355
0.85,0.2,2.0,0.31,0.42,20.72076872012208,0.6837722339831621,0.029567218940575388,0.07085,-0.058249999999999996,-3.2570105479804485e-05,0.00015181373810136355
0.85,0.2,4.0,0.31,0.42,20.72076872012208,0.6837722339831621,0.029567218940575388,0.07085,-0.058249999999999996,-3.2570105479804485e-05,0.00015181373810136355
0.85,0.2,6.0,0.31,0.42,20.72076872012208,0.6837722339831621,0.029567218940575388,0.07085,-0.058249999999999996,-3.2570105479804485e-05,0.00015181373810136355
0.85,0.2,8.0,0.31,0.42,20.72076872012208,0.6837722339831621,0.029567218940575388,0.07085,-0.058249999999999996,-3.2570105479804485e-05,0.00015181373810136355
0.85,0.2,10.0,0.31,0.42,20.72076872012208,0.6837722339831621,0.029567218940575388,0.07085,-0.058249999999999996,-3.2570105479804485e-05,0.00015181373810136355
0.85,0.2,12.0,0.31,0.42,20.72076872012208,0.6837722339831621,0.029567218940575388,0.07085,-0.058249999999999996,-3.2570105479804485e-05,0.00015181373810136355
0.85,0.2,14.0,0.31,0.42,20.72076872012208,0.6837722339831621,0.029567218940575388,0.07085,-0.058249999999999996,-3.2570105479804485e-05,0.00015181373810136355
0.85,0.2,16.0,0.31,0.42,20.72076872012208,0.6837722339831621,0.029567218940575388,0.07085,-0.058249999999999996,-3.2570105479804485e-05,0.00015181373810136355
0.85,0.2,18.0,0.31,0.42,20.72076872012208,0.6837722339831621,0.029567218940575388,0.07085,-0.058249999999999996,-3.2570105479804485e-05,0.00015181373810136355
0.85,0.2,20.0,0.31,0.42,20.72076872012208,0.6837722339831621,0.029567218940575388,0.07085,-0.058249999999999996,-3.2570105479804485e-05,0.00015181373810136355
0.85,0.25,,0.31,0.42,20.72076872012208,0.6837722339831621,0.029567218940575388,0.07085,-0.058249999999999996,-3.2570105479804485e-05,0.00015181373810136355
0.85,0.25,2.0,0.31,0.42,20.72076872012208,0.6837722339831621,0.029567218940575388,0.07085,-0.058249999999999996,-3.2570105479804485e-05,0.00015181373810136355
0.85,0.25,4.0,0.31,0.42,20.72076872012208,0.6837722339831621,0.029567218940575388,0.07085,-0.058249999999999996,-3.2570105479804485e-05,0.00015181373810136355
0.85,0.25,6.0,0.31,0.42,20.72076872012208,0.6837722339831621,0.029567218940575388,0.07085,-0.058249999999999996,-3.2570105479804485e-05,0.00015181373810136355
0.85,0.25,8.0,0.31,0.42,20.72076872012208,0.6837722339831621,0.029567218940575388,0.07085,-0.058249999999999996,-3.2570105479804485e-05,0.00015181373810136355
0.85,0.25,10.0,0.31,0.42,20.72076872012208,0.6837722339831621,0.029567218940575388,0.07085,-0.058249999999999996,-3.2570105479804485e-05,0.00015181373810136355
0.85,0.25,12.0,0.31,0.42,20.72076872012208,0.6837722339831621,0.029567218940575388,0.07085,-0.058249999999999996,-3.2570105479804485e-05,0.00015181373810136355
0.85,0.25,14.0,0.31,0.42,20.72076872012208,0.6837722339831621,0.029567218940575388,0.07085,-0.058249999999999996,-3.2570105479804485e-05,0.00015181373810136355
0.85,0.25,16.0,0.31,0.42,20.72076872012208,0.6837722339831621,0.029567218940575388,0.07085,-0.058249999999999996,-3.2570105479804485e-05,0.00015181373810136355
0.85,0.25,18.0,0.31,0.42,20.72076872012208,0.6837722339831621,0.029567218940575388,0.07085,-0.058249999999999996,-3.2570105479804485e-05,0.00015181373810136355
0.85,0.25,20.0,0.31,0.42,20.72076872012208,0.6837722339831621,0.029567218940575388,0.07085,-0.058249999999999996,-3.2570105479804485e-05,0.00015181373810136355
0.85,0.3,,0.31,0.42,20.72076872012208,0.6837722339831621,0.029567218940575388,0.07085,-0.058249999999999996,-3.2570105479804485e-05,0.00015181373810136355
0.85,0.3,2.0,0.31,0.42,20.72076872012208,0.6837722339831621,0.029567218940575388,0.07085,-0.058249999999999996,-3.2570105479804485e-05,0.00015181373810136355
0.85,0.3,4.0,0.31,0.42,20.72076872012208,0.6837722339831621,0.029567218940575388,0.07085,-0.058249999999999996,-3.2570105479804485e-05,0.00015181373810136355
0.85,0.3,6.0,0.31,0.42,20.72076872012208,0.6837722339831621,0.029567218940575388,0.07085,-0.058249999999999996,-3.2570105479804485e-05,0.00015181373810136355
0.85,0.3,8.0,0.31,0.42,20.72076872012208,0.6837722339831621,0.029567218940575388,0.07085,-0.058249999999999996,-3.2570105479804485e-05,0.00015181373810136355
0.85,0.3,10.0,0.31,0.42,20.72076872012208,0.6837722339831621,0.029567218940575388,0.07085,-0.058249999999999996,-3.2570105479804485e-05,0.00015181373810136355
0.85,0.3,12.0,0.31,0.42,20.72076872012208,0.6837722339831621,0.029567218940575388,0.07085,-0.058249999999999996,-3.2570105479804485e-05,0.00015181373810136355
0.85,0.3,14.0,0.31,0.42,20.72076872012208,0.6837722339831621,0.029567218940575388,0.07085,-0.058249999999999996,-3.2570105479804485e-05,0.00015181373810136355
0.85,0.3,16.0,0.31,0.42,20.72076872012208,0.6837722339831621,0.029567218940575388,0.07085,-0.058249999999999996,-3.2570105479804485e-05,0.00015181373810136355
0.85,0.3,18.0,0.31,0.42,20.72076872012208,0.6837722339831621,0.029567218940575388,0.07085,-0.058249999999999996,-3.2570105479804485e-05,0.00015181373810136355
0.85,0.3,20.0,0.31,0.42,20.72076872012208,0.6837722339831621,0.029567218940575388,0.07085,-0.058249999999999996,-3.2570105479804485e-05,0.00015181373810136355
0.85,0.35,,0.31,0.42,20.72076872012208,0.6837722339831621,0.029567218940575388,0.07085,-0.058249999999999996,-3.2570105479804485e-05,0.00015181373810136355
0.85,0.35,2.0,0.31,0.42,20.72076872012208,0.6837722339831621,0.029567218940575388,0.07085,-0.058249999999999996,-3.2570105479804485e-05,0.00015181373810136355
0.85,0.35,4.0,0.31,0.42,20.72076872012208,0.6837722339831621,0.029567218940575388,0.07085,-0.058249999999999996,-3.2570105479804485e-05,0.00015181373810136355
0.85,0.35,6.0,0.31,0.42,20.72076872012208,0.6837722339831621,0.029567218940575388,0.07085,-0.058249999999999996,-3.2570105479804485e-05,0.00015181373810136355
0.85,0.35,8.0,0.31,0.42,20.72076872012208,0.6837722339831621,0.029567218940575388,0.07085,-0.058249999999999996,-3.2570105479804485e-05,0.00015181373810136355
0.85,0.35,10.0,0.31,0.42,20.72076872012208,0.6837722339831621,0.029567218940575388,0.07085,-0.058249999999999996,-3.2570105479804485e-05,0.00015181373810136355
0.85,0.35,12.0,0.31,0.42,20.72076872012208,0.6837722339831621,0.029567218940575388,0.07085,-0.058249999999999996,-3.2570105479804485e-05,0.00015181373810136355
0.85,0.35,14.0,0.31,0.42,20.72076872012208,0.6837722339831621,0.029567218940575388,0.07085,-0.058249999999999996,-3.2570105479804485e-05,0.00015181373810136355
0.85,0.35,16.0,0.31,0.42,20.72076872012208,0.6837722339831621,0.029567218940575388,0.07085,-0.058249999999999996,-3.2570105479804485e-05,0.00015181373810136355
0.85,0.35,18.0,0.31,0.42,20.72076872012208,0.6837722339831621,0.029567218940575388,0.07085,-0.058249999999999996,-3.2570105479804485e-05,0.00015181373810136355
0.85,0.35,20.0,0.31,0.42,20.72076872012208,0.6837722339831621,0.029567218940575388,0.07085,-0.058249999999999996,-3.2570105479804485e-05,0.00015181373810136355
0.85,0.4,,0.31,0.42,20.72076872012208,0.6837722339831621,0.029567218940575388,0.07085,-0.058249999999999996,-3.2570105479804485e-05,0.00015181373810136355
0.85,0.4,2.0,0.31,0.42,20.72076872012208,0.6837722339831621,0.029567218940575388,0.07085,-0.058249999999999996,-3.2570105479804485e-05,0.00015181373810136355
0.85,0.4,4.0,0.31,0.42,20.72076872012208,0.6837722339831621,0.029567218940575388,0.07085,-0.058249999999999996,-3.2570105479804485e-05,0.00015181373810136355
0.85,0.4,6.0,0.31,0.42,20.72076872012208,0.6837722339831621,0.029567218940575388,0.07085,-0.058249999999999996,-3.2570105479804485e-05,0.00015181373810136355
0.85,0.4,8.0,0.31,0.42,20.72076872012208,0.6837722339831621,0.029567218940575388,0.07085,-0.058249999999999996,-3.2570105479804485e-05,0.00015181373810136355
0.85,0.4,10.0,0.31,0.42,20.72076872012208,0.6837722339831621,0.029567218940575388,0.07085,-0.058249999999999996,-3.2570105479804485e-05,0.00015181373810136355
0.85,0.4,12.0,0.31,0.42,20.72076872012208,0.6837722339831621,0.029567218940575388,0.07085,-0.058249999999999996,-3.2570105479804485e-05,0.00015181373810136355
0.85,0.4,14.0,0.31,0.42,20.72076872012208,0.6837722339831621,0.029567218940575388,0.07085,-0.058249999999999996,-3.2570105479804485e-05,0.00015181373810136355
0.85,0.4,16.0,0.31,0.42,20.72076872012208,0.6837722339831621,0.029567218940575388,0.07085,-0.058249999999999996,-3.2570105479804485e-05,0.00015181373810136355
0.85,0.4,18.0,0.31,0.42,20.72076872012208,0.6837722339831621,0.029567218940575388,0.07085,-0.058249999999999996,-3.2570105479804485e-05,0.00015181373810136355
0.85,0.4,20.0,0.31,0.42,20.72076872012208,0.6837722339831621,0.029567218940575388,0.07085,-0.058249999999999996,-3.2570105479804485e-05,0.00015181373810136355
0.85,0.45,,0.31,0.42,20.72076872012208,0.6837722339831621,0.029567218940575388,0.07085,-0.058249999999999996,-3.2570105479804485e-05,0.00015181373810136355
0.85,0.45,2.0,0.31,0.42,20.72076872012208,0.6837722339831621,0.029567218940575388,0.07085,-0.058249999999999996,-3.2570105479804485e-05,0.00015181373810136355
0.85,0.45,4.0,0.31,0.42,20.72076872012208,0.6837722339831621,0.029567218940575388,0.07085,-0.058249999999999996,-3.2570105479804485e-05,0.00015181373810136355
0.85,0.45,6.0,0.31,0.42,20.72076872012208,0.6837722339831621,0.029567218940575388,0.07085,-0.058249999999999996,-3.2570105479804485e-05,0.00015181373810136355
0.85,0.45,8.0,0.31,0.42,20.72076872012208,0.6837722339831621,0.029567218940575388,0.07085,-0.058249999999999996,-3.2570105479804485e-05,0.00015181373810136355
0.85,0.45,10.0,0.31,0.42,20.72076872012208,0.6837722339831621,0.029567218940575388,0.07085,-0.058249999999999996,-3.2570105479804485e-05,0.00015181373810136355
0.85,0.45,12.0,0.31,0.42,20.72076872012208,0.6837722339831621,0.029567218940575388,0.07085,-0.058249999999999996,-3.2570105479804485e-05,0.00015181373810136355
0.85,0.45,14.0,0.31,0.42,20.72076872012208,0.6837722339831621,0.029567218940575388,0.07085,-0.058249999999999996,-3.2570105479804485e-05,0.00015181373810136355
0.85,0.45,16.0,0.31,0.42,20.72076872012208,0.6837722339831621,0.029567218940575388,0.07085,-0.058249999999999996,-3.2570105479804485e-05,0.00015181373810136355
0.85,0.45,18.0,0.31,0.42,20.72076872012208,0.6837722339831621,0.029567218940575388,0.07085,-0.058249999999999996,-3.2570105479804485e-05,0.00015181373810136355
0.85,0.45,20.0,0.31,0.42,20.72076872012208,0.6837722339831621,0.029567218940575388,0.07085,-0.058249999999999996,-3.2570105479804485e-05,0.00015181373810136355
0.85,0.5,,0.31,0.42,20.72076872012208,0.6837722339831621,0.029567218940575388,0.07085,-0.058249999999999996,-3.2570105479804485e-05,0.00015181373810136355
0.85,0.5,2.0,0.31,0.42,20.72076872012208,0.6837722339831621,0.029567218940575388,0.07085,-0.058249999999999996,-3.2570105479804485e-05,0.00015181373810136355
0.85,0.5,4.0,0.31,0.42,20.72076872012208,0.6837722339831621,0.029567218940575388,0.07085,-0.058249999999999996,-3.2570105479804485e-05,0.00015181373810136355
0.85,0.5,6.0,0.31,0.42,20.72076872012208,0.6837722339831621,0.029567218940575388,0.07085,-0.058249999999999996,-3.2570105479804485e-05,0.00015181373810136355
0.85,0.5,8.0,0.31,0.42,20.72076872012208,0.6837722339831621,0.029567218940575388,0.07085,-0.058249999999999996,-3.2570105479804485e-05,0.00015181373810136355
0.85,0.5,10.0,0.31,0.42,20.72076872012208,0.6837722339831621,0.029567218940575388,0.07085,-0.058249999999999996,-3.2570105479804485e-05,0.00015181373810136355
0.85,0.5,12.0,0.31,0.42,20.72076872012208,0.6837722339831621,0.029567218940575388,0.07085,-0.058249999999999996,-3.2570105479804485e-05,0.00015181373810136355
0.85,0.5,14.0,0.31,0.42,20.72076872012208,0.6837722339831621,0.029567218940575388,0.07085,-0.058249999999999996,-3.2570105479804485e-05,0.00015181373810136355
0.85,0.5,16.0,0.31,0.42,20.72076872012208,0.6837722339831621,0.029567218940575388,0.07085,-0.058249999999999996,-3.2570105479804485e-05,0.00015181373810136355
0.85,0.5,18.0,0.31,0.42,20.72076872012208,0.6837722339831621,0.029567218940575388,0.07085,-0.058249999999999996,-3.2570105479804485e-05,0.00015181373810136355
0.85,0.5,20.0,0.31,0.42,20.72076872012208,0.6837722339831621,0.029567218940575388,0.07085,-0.058249999999999996,-3.2570105479804485e-05,0.00015181373810136355
0.85,0.55,,0.31,0.42,20.72076872012208,0.6837722339831621,0.029567218940575388,0.07085,-0.058249999999999996,-3.2570105479804485e-05,0.00015181373810136355
0.85,0.55,2.0,0.31,0.42,20.72076872012208,0.6837722339831621,0.029567218940575388,0.07085,-0.058249999999999996,-3.2570105479804485e-05,0.00015181373810136355
0.85,0.55,4.0,0.31,0.42,20.72076872012208,0.6837722339831621,0.029567218940575388,0.07085,-0.058249999999999996,-3.2570105479804485e-05,0.00015181373810136355
0.85,0.55,6.0,0.31,0.42,20.72076872012208,0.6837722339831621,0.029567218940575388,0.07085,-0.058249999999999996,-3.2570105479804485e-05,0.00015181373810136355
0.85,0.55,8.0,0.31,0.42,20.72076872012208,0.6837722339831621,0.029567218940575388,0.07085,-0.058249999999999996,-3.2570105479804485e-05,0.00015181373810136355
0.85,0.55,10.0,0.31,0.42,20.72076872012208,0.6837722339831621,0.029567218940575388,0.07085,-0.058249999999999996,-3.2570105479804485e-05,0.00015181373810136355
0.85,0.55,12.0,0.31,0.42,20.72076872012208,0.6837722339831621,0.029567218940575388,0.07085,-0.058249999999999996,-3.2570105479804485e-05,0.00015181373810136355
0.85,0.55,14.0,0.31,0.42,20.72076872012208,0.6837722339831621,0.029567218940575388,0.07085,-0.058249999999999996,-3.2570105479804485e-05,0.00015181373810136355
0.85,0.55,16.0,0.31,0.42,20.72076872012208,0.6837722339831621,0.029567218940575388,0.07085,-0.058249999999999996,-3.2570105479804485e-05,0.00015181373810136355
0.85,0.55,18.0,0.31,0.42,20.72076872012208,0.6837722339831621,0.029567218940575388,0.07085,-0.058249999999999996,-3.2570105479804485e-05,0.00015181373810136355
0.85,0.55,20.0,0.31,0.42,20.72076872012208,0.6837722339831621,0.029567218940575388,0.07085,-0.058249999999999996,-3.2570105479804485e-05,0.00015181373810136355
0.85,0.6,,0.31,0.42,20.72076872012208,0.6837722339831621,0.029567218940575388,0.07085,-0.058249999999999996,-3.2570105479804485e-05,0.00015181373810136355
0.85,0.6,2.0,0.31,0.42,20.72076872012208,0.6837722339831621,0.029567218940575388,0.07085,-0.058249999999999996,-3.2570105479804485e-05,0.00015181373810136355
0.85,0.6,4.0,0.31,0.42,20.72076872012208,0.6837722339831621,0.029567218940575388,0.07085,-0.058249999999999996,-3.2570105479804485e-05,0.00015181373810136355
0.85,0.6,6.0,0.31,0.42,20.72076872012208,0.6837722339831621,0.029567218940575388,0.07085,-0.058249999999999996,-3.2570105479804485e-05,0.00015181373810136355
0.85,0.6,8.0,0.31,0.42,20.72076872012208,0.6837722339831621,0.029567218940575388,0.07085,-0.058249999999999996,-3.2570105479804485e-05,0.00015181373810136355
0.85,0.6,10.0,0.31,0.42,20.72076872012208,0.6837722339831621,0.029567218940575388,0.07085,-0.058249999999999996,-3.2570105479804485e-05,0.00015181373810136355
0.85,0.6,12.0,0.31,0.42,20.72076872012208,0.6837722339831621,0.029567218940575388,0.07085,-0.058249999999999996,-3.2570105479804485e-05,0.00015181373810136355
0.85,0.6,14.0,0.31,0.42,20.72076872012208,0.6837722339831621,0.029567218940575388,0.07085,-0.058249999999999996,-3.2570105479804485e-05,0.00015181373810136355
0.85,0.6,16.0,0.31,0.42,20.72076872012208,0.6837722339831621,0.029567218940575388,0.07085,-0.058249999999999996,-3.2570105479804485e-05,0.00015181373810136355
0.85,0.6,18.0,0.31,0.42,20.72076872012208,0.6837722339831621,0.029567218940575388,0.07085,-0.058249999999999996,-3.2570105479804485e-05,0.00015181373810136355
0.85,0.6,20.0,0.31,0.42,20.72076872012208,0.6837722339831621,0.029567218940575388,0.07085,-0.058249999999999996,-3.2570105479804485e-05,0.00015181373810136355
0.85,0.65,,0.31,0.42,20.72076872012208,0.6837722339831621,0.029567218940575388,0.07085,-0.058249999999999996,-3.2570105479804485e-05,0.00015181373810136355
0.85,0.65,2.0,0.31,0.42,20.72076872012208,0.6837722339831621,0.029567218940575388,0.07085,-0.058249999999999996,-3.2570105479804485e-05,0.00015181373810136355
0.85,0.65,4.0,0.31,0.42,20.72076872012208,0.6837722339831621,0.029567218940575388,0.07085,-0.058249999999999996,-3.2570105479804485e-05,0.00015181373810136355
0.85,0.65,6.0,0.31,0.42,20.72076872012208,0.6837722339831621,0.029567218940575388,0.07085,-0.058249999999999996,-3.2570105479804485e-05,0.00015181373810136355
0.85,0.65,8.0,0.31,0.42,20.72076872012208,0.6837722339831621,0.029567218940575388,0.07085,-0.058249999999999996,-3.2570105479804485e-05,0.00015181373810136355
0.85,0.65,10.0,0.31,0.42,20.72076872012208,0.6837722339831621,0.029567218940575388,0.07085,-0.058249999999999996,-3.2570105479804485e-05,0.00015181373810136355
0.85,0.65,12.0,0.31,0.42,20.72076872012208,0.6837722339831621,0.029567218940575388,0.07085,-0.058249999999999996,-3.2570105479804485e-05,0.00015181373810136355
0.85,0.65,14.0,0.31,0.42,20.72076872012208,0.6837722339831621,0.029567218940575388,0.07085,-0.058249999999999996,-3.2570105479804485e-05,0.00015181373810136355
0.85,0.65,16.0,0.31,0.42,20.72076872012208,0.6837722339831621,0.029567218940575388,0.07085,-0.058249999999999996,-3.2570105479804485e-05,0.00015181373810136355
0.85,0.65,18.0,0.31,0.42,20.72076872012208,0.6837722339831621,0.029567218940575388,0.07085,-0.058249999999999996,-3.2570105479804485e-05,0.00015181373810136355
0.85,0.65,20.0,0.31,0.42,20.72076872012208,0.6837722339831621,0.029567218940575388,0.07085,-0.058249999999999996,-3.2570105479804485e-05,0.00015181373810136355
0.85,0.7,,0.31,0.42,20.72076872012208,0.6837722339831621,0.029567218940575388,0.07085,-0.058249999999999996,-3.2570105479804485e-05,0.00015181373810136355
0.85,0.7,2.0,0.31,0.42,20.72076872012208,0.6837722339831621,0.029567218940575388,0.07085,-0.058249999999999996,-3.2570105479804485e-05,0.00015181373810136355
0.85,0.7,4.0,0.31,0.42,20.72076872012208,0.6837722339831621,0.029567218940575388,0.07085,-0.058249999999999996,-3.2570105479804485e-05,0.00015181373810136355
0.85,0.7,6.0,0.31,0.42,20.72076872012208,0.6837722339831621,0.029567218940575388,0.07085,-0.058249999999999996,-3.2570105479804485e-05,0.00015181373810136355
0.85,0.7,8.0,0.31,0.42,20.72076872012208,0.6837722339831621,0.029567218940575388,0.07085,-0.058249999999999996,-3.2570105479804485e-05,0.00015181373810136355
0.85,0.7,10.0,0.31,0.42,20.72076872012208,0.6837722339831621,0.029567218940575388,0.07085,-0.058249999999999996,-3.2570105479804485e-05,0.00015181373810136355
0.85,0.7,12.0,0.31,0.42,20.72076872012208,0.6837722339831621,0.029567218940575388,0.07085,-0.058249999999999996,-3.2570105479804485e-05,0.00015181373810136355
0.85,0.7,14.0,0.31,0.42,20.72076872012208,0.6837722339831621,0.029567218940575388,0.07085,-0.058249999999999996,-3.2570105479804485e-05,0.00015181373810136355
0.85,0.7,16.0,0.31,0.42,20.72076872012208,0.6837722339831621,0.029567218940575388,0.07085,-0.058249999999999996,-3.2570105479804485e-05,0.00015181373810136355
0.85,0.7,18.0,0.31,0.42,20.72076872012208,0.6837722339831621,0.029567218940575388,0.07085,-0.058249999999999996,-3.2570105479804485e-05,0.00015181373810136355
0.85,0.7,20.0,0.31,0.42,20.72076872012208,0.6837722339831621,0.029567218940575388,0.07085,-0.058249999999999996,-3.2570105479804485e-05,0.00015181373810136355
0.85,0.75,,0.31,0.42,20.72076872012208,0.6837722339831621,0.029567218940575388,0.07085,-0.058249999999999996,-3.2570105479804485e-05,0.00015181373810136355
0.85,0.75,2.0,0.31,0.42,20.72076872012208,0.6837722339831621,0.029567218940575388,0.07085,-0.058249999999999996,-3.2570105479804485e-05,0.00015181373810136355
0.85,0.75,4.0,0.31,0.42,20.72076872012208,0.6837722339831621,0.029567218940575388,0.07085,-0.058249999999999996,-3.2570105479804485e-05,0.00015181373810136355
0.85,0.75,6.0,0.31,0.42,20.72076872012208,0.6837722339831621,0.029567218940575388,0.07085,-0.058249999999999996,-3.2570105479804485e-05,0.00015181373810136355
0.85,0.75,8.0,0.31,0.42,20.72076872012208,0.6837722339831621,0.029567218940575388,0.07085,-0.058249999999999996,-3.2570105479804485e-05,0.00015181373810136355
0.85,0.75,10.0,0.31,0.42,20.72076872012208,0.6837722339831621,0.029567218940575388,0.07085,-0.058249999999999996,-3.2570105479804485e-05,0.00015181373810136355
0.85,0.75,12.0,0.31,0.42,20.72076872012208,0.6837722339831621,0.029567218940575388,0.07085,-0.058249999999999996,-3.2570105479804485e-05,0.00015181373810136355
0.85,0.75,14.0,0.31,0.42,20.72076872012208,0.6837722339831621,0.029567218940575388,0.07085,-0.058249999999999996,-3.2570105479804485e-05,0.00015181373810136355
0.85,0.75,16.0,0.31,0.42,20.72076872012208,0.6837722339831621,0.029567218940575388,0.07085,-0.058249999999999996,-3.2570105479804485e-05,0.00015181373810136355
0.85,0.75,18.0,0.31,0.42,20.72076872012208,0.6837722339831621,0.029567218940575388,0.07085,-0.058249999999999996,-3.2570105479804485e-05,0.00015181373810136355
0.85,0.75,20.0,0.31,0.42,20.72076872012208,0.6837722339831621,0.029567218940575388,0.07085,-0.058249999999999996,-3.2570105479804485e-05,0.00015181373810136355
0.85,0.8,,0.31,0.42,20.72076872012208,0.6837722339831621,0.029567218940575388,0.07085,-0.058249999999999996,-3.2570105479804485e-05,0.00015181373810136355
0.85,0.8,2.0,0.31,0.42,20.72076872012208,0.6837722339831621,0.029567218940575388,0.07085,-0.058249999999999996,-3.2570105479804485e-05,0.00015181373810136355
0.85,0.8,4.0,0.31,0.42,20.72076872012208,0.6837722339831621,0.029567218940575388,0.07085,-0.058249999999999996,-3.2570105479804485e-05,0.00015181373810136355
0.85,0.8,6.0,0.31,0.42,20.72076872012208,0.6837722339831621,0.029567218940575388,0.07085,-0.058249999999999996,-3.2570105479804485e-05,0.00015181373810136355
0.85,0.8,8.0,0.31,0.42,20.72076872012208,0.6837722339831621,0.029567218940575388,0.07085,-0.058249999999999996,-3.2570105479804485e-05,0.00015181373810136355
0.85,0.8,10.0,0.31,0.42,20.72076872012208,0.6837722339831621,0.029567218940575388,0.07085,-0.058249999999999996,-3.2570105479804485e-05,0.00015181373810136355
0.85,0.8,12.0,0.31,0.42,20.72076872012208,0.6837722339831621,0.029567218940575388,0.07085,-0.058249999999999996,-3.2570105479804485e-05,0.00015181373810136355
0.85,0.8,14.0,0.31,0.42,20.72076872012208,0.6837722339831621,0.029567218940575388,0.07085,-0.058249999999999996,-3.2570105479804485e-05,0.00015181373810136355
0.85,0.8,16.0,0.31,0.42,20.72076872012208,0.6837722339831621,0.029567218940575388,0.07085,-0.058249999999999996,-3.2570105479804485e-05,0.00015181373810136355
0.85,0.8,18.0,0.31,0.42,20.72076872012208,0.6837722339831621,0.029567218940575388,0.07085,-0.058249999999999996,-3.2570105479804485e-05,0.00015181373810136355
0.85,0.8,20.0,0.31,0.42,20.72076872012208,0.6837722339831621,0.029567218940575388,0.07085,-0.058249999999999996,-3.2570105479804485e-05,0.00015181373810136355
0.85,0.85,,0.31,0.42,20.72076872012208,0.6837722339831621,0.029567218940575388,0.07085,-0.058249999999999996,-3.2570105479804485e-05,0.00015181373810136355
0.85,0.85,2.0,0.31,0.42,20.72076872012208,0.6837722339831621,0.029567218940575388,0.07085,-0.058249999999999996,-3.2570105479804485e-05,0.00015181373810136355
0.85,0.85,4.0,0.31,0.42,20.72076872012208,0.6837722339831621,0.029567218940575388,0.07085,-0.058249999999999996,-3.2570105479804485e-05,0.00015181373810136355
0.85,0.85,6.0,0.31,0.42,20.72076872012208,0.6837722339831621,0.029567218940575388,0.07085,-0.058249999999999996,-3.2570105479804485e-05,0.00015181373810136355
0.85,0.85,8.0,0.31,0.42,20.72076872012208,0.6837722339831621,0.029567218940575388,0.07085,-0.058249999999999996,-3.2570105479804485e-05,0.00015181373810136355
0.85,0.85,10.0,0.31,0.42,20.72076872012208,0.6837722339831621,0.029567218940575388,0.07085,-0.058249999999999996,-3.2570105479804485e-05,0.00015181373810136355
0.85,0.85,12.0,0.31,0.42,20.72076872012208,0.6837722339831621,0.029567218940575388,0.07085,-0.058249999999999996,-3.2570105479804485e-05,0.00015181373810136355
0.85,0.85,14.0,0.31,0.42,20.72076872012208,0.6837722339831621,0.029567218940575388,0.07085,-0.058249999999999996,-3.2570105479804485e-05,0.00015181373810136355
0.85,0.85,16.0,0.31,0.42,20.72076872012208,0.6837722339831621,0.029567218940575388,0.07085,-0.058249999999999996,-3.2570105479804485e-05,0.00015181373810136355
0.85,0.85,18.0,0.31,0.42,20.72076872012208,0.6837722339831621,0.029567218940575388,0.07085,-0.058249999999999996,-3.2570105479804485e-05,0.00015181373810136355
0.85,0.85,20.0,0.31,0.42,20.72076872012208,0.6837722339831621,0.029567218940575388,0.07085,-0.058249999999999996,-3.2570105479804485e-05,0.00015181373810136355
0.85,0.9,,0.31,0.42,20.72076872012208,0.6837722339831621,0.029567218940575388,0.07085,-0.058249999999999996,-3.2570105479804485e-05,0.00015181373810136355
0.85,0.9,2.0,0.31,0.42,20.72076872012208,0.6837722339831621,0.029567218940575388,0.07085,-0.058249999999999996,-3.2570105479804485e-05,0.00015181373810136355
0.85,0.9,4.0,0.31,0.42,20.72076872012208,0.6837722339831621,0.029567218940575388,0.07085,-0.058249999999999996,-3.2570105479804485e-05,0.00015181373810136355
0.85,0.9,6.0,0.31,0.42,20.72076872012208,0.6837722339831621,0.029567218940575388,0.07085,-0.058249999999999996,-3.2570105479804485e-05,0.00015181373810136355
0.85,0.9,8.0,0.31,0.42,20.72076872012208,0.6837722339831621,0.029567218940575388,0.07085,-0.058249999999999996,-3.2570105479804485e-05,0.00015181373810136355
0.85,0.9,10.0,0.31,0.42,20.72076872012208,0.6837722339831621,0.029567218940575388,0.07085,-0.058249999999999996,-3.2570105479804485e-05,0.00015181373810136355
0.85,0.9,12.0,0.31,0.42,20.72076872012208,0.6837722339831621,0.029567218940575388,0.07085,-0.058249999999999996,-3.2570105479804485e-05,0.00015181373810136355
0.85,0.9,14.0,0.31,0.42,20.72076872012208,0.6837722339831621,0.029567218940575388,0.07085,-0.058249999999999996,-3.2570105479804485e-05,0.00015181373810136355
0.85,0.9,16.0,0.31,0.42,20.72076872012208,0.6837722339831621,0.029567218940575388,0.07085,-0.058249999999999996,-3.2570105479804485e-05,0.00015181373810136355
0.85,0.9,18.0,0.31,0.42,20.72076872012208,0.6837722339831621,0.029567218940575388,0.07085,-0.058249999999999996,-3.2570105479804485e-05,0.00015181373810136355
0.85,0.9,20.0,0.31,0.42,20.72076872012208,0.6837722339831621,0.029567218940575388,0.07085,-0.058249999999999996,-3.2570105479804485e-05,0.00015181373810136355
0.85,0.95,,0.31,0.42,20.72076872012208,0.6837722339831621,0.029567218940575388,0.07085,-0.058249999999999996,-3.2570105479804485e-05,0.00015181373810136355
0.85,0.95,2.0,0.31,0.42,20.72076872012208,0.6837722339831621,0.029567218940575388,0.07085,-0.058249999999999996,-3.2570105479804485e-05,0.00015181373810136355
0.85,0.95,4.0,0.31,0.42,20.72076872012208,0.6837722339831621,0.029567218940575388,0.07085,-0.058249999999999996,-3.2570105479804485e-05,0.00015181373810136355
0.85,0.95,6.0,0.31,0.42,20.72076872012208,0.6837722339831621,0.029567218940575388,0.07085,-0.058249999999999996,-3.2570105479804485e-05,0.00015181373810136355
0.85,0.95,8.0,0.31,0.42,20.72076872012208,0.6837722339831621,0.029567218940575388,0.07085,-0.058249999999999996,-3.2570105479804485e-05,0.00015181373810136355
0.85,0.95,10.0,0.31,0.42,20.72076872012208,0.6837722339831621,0.029567218940575388,0.07085,-0.058249999999999996,-3.2570105479804485e-05,0.00015181373810136355
0.85,0.95,12.0,0.31,0.42,20.72076872012208,0.6837722339831621,0.029567218940575388,0.07085,-0.058249999999999996,-3.2570105479804485e-05,0.00015181373810136355
0.85,0.95,14.0,0.31,0.42,20.72076872012208,0.6837722339831621,0.029567218940575388,0.07085,-0.058249999999999996,-3.2570105479804485e-05,0.00015181373810136355
0.85,0.95,16.0,0.31,0.42,20.72076872012208,0.6837722339831621,0.029567218940575388,0.07085,-0.058249999999999996,-3.2570105479804485e-05,0.00015181373810136355
0.85,0.95,18.0,0.31,0.42,20.72076872012208,0.6837722339831621,0.029567218940575388,0.07085,-0.058249999999999996,-3.2570105479804485e-05,0.00015181373810136355
0.85,0.95,20.0,0.31,0.42,20.72076872012208,0.6837722339831621,0.029567218940575388,0.07085,-0.058249999999999996,-3.2570105479804485e-05,0.00015181373810136355
0.85,1.0,,0.31,0.42,20.72076872012208,0.6837722339831621,0.029567218940575388,0.07085,-0.058249999999999996,-3.2570105479804485e-05,0.00015181373810136355
0.85,1.0,2.0,0.31,0.42,20.72076872012208,0.6837722339831621,0.029567218940575388,0.07085,-0.058249999999999996,-3.2570105479804485e-05,0.00015181373810136355
0.85,1.0,4.0,0.31,0.42,20.72076872012208,0.6837722339831621,0.029567218940575388,0.07085,-0.058249999999999996,-3.2570105479804485e-05,0.00015181373810136355
0.85,1.0,6.0,0.31,0.42,20.72076872012208,0.6837722339831621,0.029567218940575388,0.07085,-0.058249999999999996,-3.2570105479804485e-05,0.00015181373810136355
0.85,1.0,8.0,0.31,0.42,20.72076872012208,0.6837722339831621,0.029567218940575388,0.07085,-0.058249999999999996,-3.2570105479804485e-05,0.00015181373810136355
0.85,1.0,10.0,0.31,0.42,20.72076872012208,0.6837722339831621,0.029567218940575388,0.07085,-0.058249999999999996,-3.2570105479804485e-05,0.00015181373810136355
0.85,1.0,12.0,0.31,0.42,20.72076872012208,0.6837722339831621,0.029567218940575388,0.07085,-0.058249999999999996,-3.2570105479804485e-05,0.00015181373810136355
0.85,1.0,14.0,0.31,0.42,20.72076872012208,0.6837722339831621,0.029567218940575388,0.07085,-0.058249999999999996,-3.2570105479804485e-05,0.00015181373810136355
0.85,1.0,16.0,0.31,0.42,20.72076872012208,0.6837722339831621,0.029567218940575388,0.07085,-0.058249999999999996,-3.2570105479804485e-05,0.00015181373810136355
0.85,1.0,18.0,0.31,0.42,20.72076872012208,0.6837722339831621,0.029567218940575388,0.07085,-0.058249999999999996,-3.2570105479804485e-05,0.00015181373810136355
0.85,1.0,20.0,0.31,0.42,20.72076872012208,0.6837722339831621,0.029567218940575388,0.07085,-0.058249999999999996,-3.2570105479804485e-05,0.00015181373810136355
0.9,0.1,,0.31,0.41,20.834922585183012,0.9,0.02981707477894791,0.0724,-0.0144,-3.6426735218509e-05,0.00018745501285347046
0.9,0.1,2.0,0.31,0.41,20.834922585183012,0.9,0.02981707477894791,0.0724,-0.0144,-3.6426735218509e-05,0.00018745501285347046
0.9,0.1,4.0,0.31,0.41,20.834922585183012,0.9,0.02981707477894791,0.0724,-0.0144,-3.6426735218509e-05,0.00018745501285347046
0.9,0.1,6.0,0.31,0.41,20.834922585183012,0.9,0.02981707477894791,0.0724,-0.0144,-3.6426735218509e-05,0.00018745501285347046
0.9,0.1,8.0,0.31,0.41,20.834922585183012,0.9,0.02981707477894791,0.0724,-0.0144,-3.6426735218509e-05,0.00018745501285347046
0.9,0.1,10.0,0.31,0.41,20.834922585183012,0.9,0.02981707477894791,0.0724,-0.0144,-3.6426735218509e-05,0.00018745501285347046
0.9,0.1,12.0,0.31,0.41,20.834922585183012,0.9,0.02981707477894791,0.0724,-0.0144,-3.6426735218509e-05,0.00018745501285347046
0.9,0.1,14.0,0.31,0.41,20.834922585183012,0.9,0.02981707477894791,0.0724,-0.0144,-3.6426735218509e-05,0.00018745501285347046
0.9,0.1,16.0,0.31,0.41,20.834922585183012,0.9,0.02981707477894791,0.0724,-0.0144,-3.6426735218509e-05,0.00018745501285347046
0.9,0.1,18.0,0.31,0.41,20.834922585183012,0.9,0.02981707477894791,0.0724,-0.0144,-3.6426735218509e-05,0.00018745501285347046
0.9,0.1,20.0,0.31,0.41,20.834922585183012,0.9,0.02981707477894791,0.0724,-0.0144,-3.6426735218509e-05,0.00018745501285347046
0.9,0.15,,0.31,0.41,20.834922585183012,0.9,0.02981707477894791,0.0724,-0.0144,-3.6426735218509e-05,0.00018745501285347046
0.9,0.15,2.0,0.31,0.41,20.834922585183012,0.9,0.02981707477894791,0.0724,-0.0144,-3.6426735218509e-05,0.00018745501285347046
0.9,0.15,4.0,0.31,0.41,20.834922585183012,0.9,0.02981707477894791,0.0724,-0.0144,-3.6426735218509e-05,0.00018745501285347046
0.9,0.15,6.0,0.31,0.41,20.834922585183012,0.9,0.02981707477894791,0.0724,-0.0144,-3.6426735218509e-05,0.00018745501285347046
0.9,0.15,8.0,0.31,0.41,20.834922585183012,0.9,0.02981707477894791,0.0724,-0.0144,-3.6426735218509e-05,0.00018745501285347046
0.9,0.15,10.0,0.31,0.41,20.834922585183012,0.9,0.02981707477894791,0.0724,-0.0144,-3.6426735218509e-05,0.00018745501285347046
0.9,0.15,12.0,0.31,0.41,20.834922585183012,0.9,0.02981707477894791,0.0724,-0.0144,-3.6426735218509e-05,0.00018745501285347046
0.9,0.15,14.0,0.31,0.41,20.834922585183012,0.9,0.02981707477894791,0.0724,-0.0144,-3.6426735218509e-05,0.00018745501285347046
0.9,0.15,16.0,0.31,0.41,20.834922585183012,0.9,0.02981707477894791,0.0724,-0.0144,-3.6426735218509e-05,0.00018745501285347046
0.9,0.15,18.0,0.31,0.41,20.834922585183012,0.9,0.02981707477894791,0.0724,-0.0144,-3.6426735218509e-05,0.00018745501285347046
0.9,0.15,20.0,0.31,0.41,20.834922585183012,0.9,0.02981707477894791,0.0724,-0.0144,-3.6426735218509e-05,0.00018745501285347046
0.9,0.2,,0.31,0.41,20.834922585183012,0.9,0.02981707477894791,0.0724,-0.0144,-3.6426735218509e-05,0.00018745501285347046
0.9,0.2,2.0,0.31,0.41,20.834922585183012,0.9,0.02981707477894791,0.0724,-0.0144,-3.6426735218509e-05,0.00018745501285347046
0.9,0.2,4.0,0.31,0.41,20.834922585183012,0.9,0.02981707477894791,0.0724,-0.0144,-3.6426735218509e-05,0.00018745501285347046
0.9,0.2,6.0,0.31,0.41,20.834922585183012,0.9,0.02981707477894791,0.0724,-0.0144,-3.6426735218509e-05,0.00018745501285347046
0.9,0.2,8.0,0.31,0.41,20.834922585183012,0.9,0.02981707477894791,0.0724,-0.0144,-3.6426735218509e-05,0.00018745501285347046
0.9,0.2,10.0,0.31,0.41,20.834922585183012,0.9,0.02981707477894791,0.0724,-0.0144,-3.6426735218509e-05,0.00018745501285347046
0.9,0.2,12.0,0.31,0.41,20.834922585183012,0.9,0.02981707477894791,0.0724,-0.0144,-3.6426735218509e-05,0.00018745501285347046
0.9,0.2,14.0,0.31,0.41,20.834922585183012,0.9,0.02981707477894791,0.0724,-0.0144,-3.6426735218509e-05,0.00018745501285347046
0.9,0.2,16.0,0.31,0.41,20.834922585183012,0.9,0.02981707477894791,0.0724,-0.0144,-3.6426735218509e-05,0.00018745501285347046
0.9,0.2,18.0,0.31,0.41,20.834922585183012,0.9,0.02981707477894791,0.0724,-0.0144,-3.6426735218509e-05,0.00018745501285347046
0.9,0.2,20.0,0.31,0.41,20.834922585183012,0.9,0.02981707477894791,0.0724,-0.0144,-3.6426735218509e-05,0.00018745501285347046
0.9,0.25,,0.31,0.41,20.834922585183012,0.9,0.02981707477894791,0.0724,-0.0144,-3.6426735218509e-05,0.00018745501285347046
0.9,0.25,2.0,0.31,0.41,20.834922585183012,0.9,0.02981707477894791,0.0724,-0.0144,-3.6426735218509e-05,0.00018745501285347046
0.9,0.25,4.0,0.31,0.41,20.834922585183012,0.9,0.02981707477894791,0.0724,-0.0144,-3.6426735218509e-05,0.00018745501285347046
0.9,0.25,6.0,0.31,0.41,20.834922585183012,0.9,0.02981707477894791,0.0724,-0.0144,-3.6426735218509e-05,0.00018745501285347046
0.9,0.25,8.0,0.31,0.41,20.834922585183012,0.9,0.02981707477894791,0.0724,-0.0144,-3.6426735218509e-05,0.00018745501285347046
0.9,0.25,10.0,0.31,0.41,20.834922585183012,0.9,0.02981707477894791,0.0724,-0.0144,-3.6426735218509e-05,0.00018745501285347046
0.9,0.25,12.0,0.31,0.41,20.834922585183012,0.9,0.02981707477894791,0.0724,-0.0144,-3.6426735218509e-05,0.00018745501285347046
0.9,0.25,14.0,0.31,0.41,20.834922585183012,0.9,0.02981707477894791,0.0724,-0.0144,-3.6426735218509e-05,0.00018745501285347046
0.9,0.25,16.0,0.31,0.41,20.834922585183012,0.9,0.02981707477894791,0.0724,-0.0144,-3.6426735218509e-05,0.00018745501285347046
0.9,0.25,18.0,0.31,0.41,20.834922585183012,0.9,0.02981707477894791,0.0724,-0.0144,-3.6426735218509e-05,0.00018745501285347046
0.9,0.25,20.0,0.31,0.41,20.834922585183012,0.9,0.02981707477894791,0.0724,-0.0144,-3.6426735218509e-05,0.00018745501285347046
0.9,0.3,,0.31,0.41,20.834922585183012,0.9,0.02981707477894791,0.0724,-0.0144,-3.6426735218509e-05,0.00018745501285347046
0.9,0.3,2.0,0.31,0.41,20.834922585183012,0.9,0.02981707477894791,0.0724,-0.0144,-3.6426735218509e-05,0.00018745501285347046
0.9,0.3,4.0,0.31,0.41,20.834922585183012,0.9,0.02981707477894791,0.0724,-0.0144,-3.6426735218509e-05,0.00018745501285347046
0.9,0.3,6.0,0.31,0.41,20.834922585183012,0.9,0.02981707477894791,0.0724,-0.0144,-3.6426735218509e-05,0.00018745501285347046
0.9,0.3,8.0,0.31,0.41,20.834922585183012,0.9,0.02981707477894791,0.0724,-0.0144,-3.6426735218509e-05,0.00018745501285347046
0.9,0.3,10.0,0.31,0.41,20.834922585183012,0.9,0.02981707477894791,0.0724,-0.0144,-3.6426735218509e-05,0.00018745501285347046
0.9,0.3,12.0,0.31,0.41,20.834922585183012,0.9,0.02981707477894791,0.0724,-0.0144,-3.6426735218509e-05,0.00018745501285347046
0.9,0.3,14.0,0.31,0.41,20.834922585183012,0.9,0.02981707477894791,0.0724,-0.0144,-3.6426735218509e-05,0.00018745501285347046
0.9,0.3,16.0,0.31,0.41,20.834922585183012,0.9,0.02981707477894791,0.0724,-0.0144,-3.6426735218509e-05,0.00018745501285347046
0.9,0.3,18.0,0.31,0.41,20.834922585183012,0.9,0.02981707477894791,0.0724,-0.0144,-3.6426735218509e-05,0.00018745501285347046
0.9,0.3,20.0,0.31,0.41,20.834922585183012,0.9,0.02981707477894791,0.0724,-0.0144,-3.6426735218509e-05,0.00018745501285347046
0.9,0.35,,0.31,0.41,20.834922585183012,0.9,0.02981707477894791,0.0724,-0.0144,-3.6426735218509e-05,0.00018745501285347046
0.9,0.35,2.0,0.31,0.41,20.834922585183012,0.9,0.02981707477894791,0.0724,-0.0144,-3.6426735218509e-05,0.00018745501285347046
0.9,0.35,4.0,0.31,0.41,20.834922585183012,0.9,0.02981707477894791,0.0724,-0.0144,-3.6426735218509e-05,0.00018745501285347046
0.9,0.35,6.0,0.31,0.41,20.834922585183012,0.9,0.02981707477894791,0.0724,-0.0144,-3.6426735218509e-05,0.00018745501285347046
0.9,0.35,8.0,0.31,0.41,20.834922585183012,0.9,0.02981707477894791,0.0724,-0.0144,-3.6426735218509e-05,0.00018745501285347046
0.9,0.35,10.0,0.31,0.41,20.834922585183012,0.9,0.02981707477894791,0.0724,-0.0144,-3.6426735218509e-05,0.00018745501285347046
0.9,0.35,12.0,0.31,0.41,20.834922585183012,0.9,0.02981707477894791,0.0724,-0.0144,-3.6426735218509e-05,0.00018745501285347046
0.9,0.35,14.0,0.31,0.41,20.834922585183012,0.9,0.02981707477894791,0.0724,-0.0144,-3.6426735218509e-05,0.00018745501285347046
0.9,0.35,16.0,0.31,0.41,20.834922585183012,0.9,0.02981707477894791,0.0724,-0.0144,-3.6426735218509e-05,0.00018745501285347046
0.9,0.35,18.0,0.31,0.41,20.834922585183012,0.9,0.02981707477894791,0.0724,-0.0144,-3.6426735218509e-05,0.00018745501285347046
0.9,0.35,20.0,0.31,0.41,20.834922585183012,0.9,0.02981707477894791,0.0724,-0.0144,-3.6426735218509e-05,0.00018745501285347046
0.9,0.4,,0.31,0.41,20.834922585183012,0.9,0.02981707477894791,0.0724,-0.0144,-3.6426735218509e-05,0.00018745501285347046
0.9,0.4,2.0,0.31,0.41,20.834922585183012,0.9,0.02981707477894791,0.0724,-0.0144,-3.6426735218509e-05,0.00018745501285347046
0.9,0.4,4.0,0.31,0.41,20.834922585183012,0.9,0.02981707477894791,0.0724,-0.0144,-3.6426735218509e-05,0.00018745501285347046
0.9,0.4,6.0,0.31,0.41,20.834922585183012,0.9,0.02981707477894791,0.0724,-0.0144,-3.6426735218509e-05,0.00018745501285347046
0.9,0.4,8.0,0.31,0.41,20.834922585183012,0.9,0.02981707477894791,0.0724,-0.0144,-3.6426735218509e-05,0.00018745501285347046
0.9,0.4,10.0,0.31,0.41,20.834922585183012,0.9,0.02981707477894791,0.0724,-0.0144,-3.6426735218509e-05,0.00018745501285347046
0.9,0.4,12.0,0.31,0.41,20.834922585183012,0.9,0.02981707477894791,0.0724,-0.0144,-3.6426735218509e-05,0.00018745501285347046
0.9,0.4,14.0,0.31,0.41,20.834922585183012,0.9,0.02981707477894791,0.0724,-0.0144,-3.6426735218509e-05,0.00018745501285347046
0.9,0.4,16.0,0.31,0.41,20.834922585183012,0.9,0.02981707477894791,0.0724,-0.0144,-3.6426735218509e-05,0.00018745501285347046
0.9,0.4,18.0,0.31,0.41,20.834922585183012,0.9,0.02981707477894791,0.0724,-0.0144,-3.6426735218509e-05,0.00018745501285347046
0.9,0.4,20.0,0.31,0.41,20.834922585183012,0.9,0.02981707477894791,0.0724,-0.0144,-3.6426735218509e-05,0.00018745501285347046
0.9,0.45,,0.31,0.41,20.834922585183012,0.9,0.02981707477894791,0.0724,-0.0144,-3.6426735218509e-05,0.00018745501285347046
0.9,0.45,2.0,0.31,0.41,20.834922585183012,0.9,0.02981707477894791,0.0724,-0.0144,-3.6426735218509e-05,0.00018745501285347046
0.9,0.45,4.0,0.31,0.41,20.834922585183012,0.9,0.02981707477894791,0.0724,-0.0144,-3.6426735218509e-05,0.00018745501285347046
0.9,0.45,6.0,0.31,0.41,20.834922585183012,0.9,0.02981707477894791,0.0724,-0.0144,-3.6426735218509e-05,0.00018745501285347046
0.9,0.45,8.0,0.31,0.41,20.834922585183012,0.9,0.02981707477894791,0.0724,-0.0144,-3.6426735218509e-05,0.00018745501285347046
0.9,0.45,10.0,0.31,0.41,20.834922585183012,0.9,0.02981707477894791,0.0724,-0.0144,-3.6426735218509e-05,0.00018745501285347046
0.9,0.45,12.0,0.31,0.41,20.834922585183012,0.9,0.02981707477894791,0.0724,-0.0144,-3.6426735218509e-05,0.00018745501285347046
0.9,0.45,14.0,0.31,0.41,20.834922585183012,0.9,0.02981707477894791,0.0724,-0.0144,-3.6426735218509e-05,0.00018745501285347046
0.9,0.45,16.0,0.31,0.41,20.834922585183012,0.9,0.02981707477894791,0.0724,-0.0144,-3.6426735218509e-05,0.00018745501285347046
0.9,0.45,18.0,0.31,0.41,20.834922585183012,0.9,0.02981707477894791,0.0724,-0.0144,-3.6426735218509e-05,0.00018745501285347046
0.9,0.45,20.0,0.31,0.41,20.834922585183012,0.9,0.02981707477894791,0.0724,-0.0144,-3.6426735218509e-05,0.00018745501285347046
0.9,0.5,,0.31,0.41,20.834922585183012,0.9,0.02981707477894791,0.0724,-0.0144,-3.6426735218509e-05,0.00018745501285347046
0.9,0.5,2.0,0.31,0.41,20.834922585183012,0.9,0.02981707477894791,0.0724,-0.0144,-3.6426735218509e-05,0.00018745501285347046
0.9,0.5,4.0,0.31,0.41,20.834922585183012,0.9,0.02981707477894791,0.0724,-0.0144,-3.6426735218509e-05,0.00018745501285347046
0.9,0.5,6.0,0.31,0.41,20.834922585183012,0.9,0.02981707477894791,0.0724,-0.0144,-3.6426735218509e-05,0.00018745501285347046
0.9,0.5,8.0,0.31,0.41,20.834922585183012,0.9,0.02981707477894791,0.0724,-0.0144,-3.6426735218509e-05,0.00018745501285347046
0.9,0.5,10.0,0.31,0.41,20.834922585183012,0.9,0.02981707477894791,0.0724,-0.0144,-3.6426735218509e-05,0.00018745501285347046
0.9,0.5,12.0,0.31,0.41,20.834922585183012,0.9,0.02981707477894791,0.0724,-0.0144,-3.6426735218509e-05,0.00018745501285347046
0.9,0.5,14.0,0.31,0.41,20.834922585183012,0.9,0.02981707477894791,0.0724,-0.0144,-3.6426735218509e-05,0.00018745501285347046
0.9,0.5,16.0,0.31,0.41,20.834922585183012,0.9,0.02981707477894791,0.0724,-0.0144,-3.6426735218509e-05,0.00018745501285347046
0.9,0.5,18.0,0.31,0.41,20.834922585183012,0.9,0.02981707477894791,0.0724,-0.0144,-3.6426735218509e-05,0.00018745501285347046
0.9,0.5,20.0,0.31,0.41,20.834922585183012,0.9,0.02981707477894791,0.0724,-0.0144,-3.6426735218509e-05,0.00018745501285347046
0.9,0.55,,0.31,0.41,20.834922585183012,0.9,0.02981707477894791,0.0724,-0.0144,-3.6426735218509e-05,0.00018745501285347046
0.9,0.55,2.0,0.31,0.41,20.834922585183012,0.9,0.02981707477894791,0.0724,-0.0144,-3.6426735218509e-05,0.00018745501285347046
0.9,0.55,4.0,0.31,0.41,20.834922585183012,0.9,0.02981707477894791,0.0724,-0.0144,-3.6426735218509e-05,0.00018745501285347046
0.9,0.55,6.0,0.31,0.41,20.834922585183012,0.9,0.02981707477894791,0.0724,-0.0144,-3.6426735218509e-05,0.00018745501285347046
0.9,0.55,8.0,0.31,0.41,20.834922585183012,0.9,0.02981707477894791,0.0724,-0.0144,-3.6426735218509e-05,0.00018745501285347046
0.9,0.55,10.0,0.31,0.41,20.834922585183012,0.9,0.02981707477894791,0.0724,-0.0144,-3.6426735218509e-05,0.00018745501285347046
0.9,0.55,12.0,0.31,0.41,20.834922585183012,0.9,0.02981707477894791,0.0724,-0.0144,-3.6426735218509e-05,0.00018745501285347046
0.9,0.55,14.0,0.31,0.41,20.834922585183012,0.9,0.02981707477894791,0.0724,-0.0144,-3.6426735218509e-05,0.00018745501285347046
0.9,0.55,16.0,0.31,0.41,20.834922585183012,0.9,0.02981707477894791,0.0724,-0.0144,-3.6426735218509e-05,0.00018745501285347046
0.9,0.55,18.0,0.31,0.41,20.834922585183012,0.9,0.02981707477894791,0.0724,-0.0144,-3.6426735218509e-05,0.00018745501285347046
0.9,0.55,20.0,0.31,0.41,20.834922585183012,0.9,0.02981707477894791,0.0724,-0.0144,-3.6426735218509e-05,0.00018745501285347046
0.9,0.6,,0.31,0.41,20.834922585183012,0.9,0.02981707477894791,0.0724,-0.0144,-3.6426735218509e-05,0.00018745501285347046
0.9,0.6,2.0,0.31,0.41,20.834922585183012,0.9,0.02981707477894791,0.0724,-0.0144,-3.6426735218509e-05,0.00018745501285347046
0.9,0.6,4.0,0.31,0.41,20.834922585183012,0.9,0.02981707477894791,0.0724,-0.0144,-3.6426735218509e-05,0.00018745501285347046
0.9,0.6,6.0,0.31,0.41,20.834922585183012,0.9,0.02981707477894791,0.0724,-0.0144,-3.6426735218509e-05,0.00018745501285347046
0.9,0.6,8.0,0.31,0.41,20.834922585183012,0.9,0.02981707477894791,0.0724,-0.0144,-3.6426735218509e-05,0.00018745501285347046
0.9,0.6,10.0,0.31,0.41,20.834922585183012,0.9,0.02981707477894791,0.0724,-0.0144,-3.6426735218509e-05,0.00018745501285347046
0.9,0.6,12.0,0.31,0.41,20.834922585183012,0.9,0.02981707477894791,0.0724,-0.0144,-3.6426735218509e-05,0.00018745501285347046
0.9,0.6,14.0,0.31,0.41,20.834922585183012,0.9,0.02981707477894791,0.0724,-0.0144,-3.6426735218509e-05,0.00018745501285347046
0.9,0.6,16.0,0.31,0.41,20.834922585183012,0.9,0.02981707477894791,0.0724,-0.0144,-3.6426735218509e-05,0.00018745501285347046
0.9,0.6,18.0,0.31,0.41,20.834922585183012,0.9,0.02981707477894791,0.0724,-0.0144,-3.6426735218509e-05,0.00018745501285347046
0.9,0.6,20.0,0.31,0.41,20.834922585183012,0.9,0.02981707477894791,0.0724,-0.0144,-3.6426735218509e-05,0.00018745501285347046
0.9,0.65,,0.31,0.41,20.834922585183012,0.9,0.02981707477894791,0.0724,-0.0144,-3.6426735218509e-05,0.00018745501285347046
0.9,0.65,2.0,0.31,0.41,20.834922585183012,0.9,0.02981707477894791,0.0724,-0.0144,-3.6426735218509e-05,0.00018745501285347046
0.9,0.65,4.0,0.31,0.41,20.834922585183012,0.9,0.02981707477894791,0.0724,-0.0144,-3.6426735218509e-05,0.00018745501285347046
0.9,0.65,6.0,0.31,0.41,20.834922585183012,0.9,0.02981707477894791,0.0724,-0.0144,-3.6426735218509e-05,0.00018745501285347046
0.9,0.65,8.0,0.31,0.41,20.834922585183012,0.9,0.02981707477894791,0.0724,-0.0144,-3.6426735218509e-05,0.00018745501285347046
0.9,0.65,10.0,0.31,0.41,20.834922585183012,0.9,0.02981707477894791,0.0724,-0.0144,-3.6426735218509e-05,0.00018745501285347046
0.9,0.65,12.0,0.31,0.41,20.834922585183012,0.9,0.02981707477894791,0.0724,-0.0144,-3.6426735218509e-05,0.00018745501285347046
0.9,0.65,14.0,0.31,0.41,20.834922585183012,0.9,0.02981707477894791,0.0724,-0.0144,-3.6426735218509e-05,0.00018745501285347046
0.9,0.65,16.0,0.31,0.41,20.834922585183012,0.9,0.02981707477894791,0.0724,-0.0144,-3.6426735218509e-05,0.00018745501285347046
0.9,0.65,18.0,0.31,0.41,20.834922585183012,0.9,0.02981707477894791,0.0724,-0.0144,-3.6426735218509e-05,0.00018745501285347046
0.9,0.65,20.0,0.31,0.41,20.834922585183012,0.9,0.02981707477894791,0.0724,-0.0144,-3.6426735218509e-05,0.00018745501285347046
0.9,0.7,,0.31,0.41,20.834922585183012,0.9,0.02981707477894791,0.0724,-0.0144,-3.6426735218509e-05,0.00018745501285347046
0.9,0.7,2.0,0.31,0.41,20.834922585183012,0.9,0.02981707477894791,0.0724,-0.0144,-3.6426735218509e-05,0.00018745501285347046
0.9,0.7,4.0,0.31,0.41,20.834922585183012,0.9,0.02981707477894791,0.0724,-0.0144,-3.6426735218509e-05,0.00018745501285347046
0.9,0.7,6.0,0.31,0.41,20.834922585183012,0.9,0.02981707477894791,0.0724,-0.0144,-3.6426735218509e-05,0.00018745501285347046
0.9,0.7,8.0,0.31,0.41,20.834922585183012,0.9,0.02981707477894791,0.0724,-0.0144,-3.6426735218509e-05,0.00018745501285347046
0.9,0.7,10.0,0.31,0.41,20.834922585183012,0.9,0.02981707477894791,0.0724,-0.0144,-3.6426735218509e-05,0.00018745501285347046
0.9,0.7,12.0,0.31,0.41,20.834922585183012,0.9,0.02981707477894791,0.0724,-0.0144,-3.6426735218509e-05,0.00018745501285347046
0.9,0.7,14.0,0.31,0.41,20.834922585183012,0.9,0.02981707477894791,0.0724,-0.0144,-3.6426735218509e-05,0.00018745501285347046
0.9,0.7,16.0,0.31,0.41,20.834922585183012,0.9,0.02981707477894791,0.0724,-0.0144,-3.6426735218509e-05,0.00018745501285347046
0.9,0.7,18.0,0.31,0.41,20.834922585183012,0.9,0.02981707477894791,0.0724,-0.0144,-3.6426735218509e-05,0.00018745501285347046
0.9,0.7,20.0,0.31,0.41,20.834922585183012,0.9,0.02981707477894791,0.0724,-0.0144,-3.6426735218509e-05,0.00018745501285347046
0.9,0.75,,0.31,0.41,20.834922585183012,0.9,0.02981707477894791,0.0724,-0.0144,-3.6426735218509e-05,0.00018745501285347046
0.9,0.75,2.0,0.31,0.41,20.834922585183012,0.9,0.02981707477894791,0.0724,-0.0144,-3.6426735218509e-05,0.00018745501285347046
0.9,0.75,4.0,0.31,0.41,20.834922585183012,0.9,0.02981707477894791,0.0724,-0.0144,-3.6426735218509e-05,0.00018745501285347046
0.9,0.75,6.0,0.31,0.41,20.834922585183012,0.9,0.02981707477894791,0.0724,-0.0144,-3.6426735218509e-05,0.00018745501285347046
0.9,0.75,8.0,0.31,0.41,20.834922585183012,0.9,0.02981707477894791,0.0724,-0.0144,-3.6426735218509e-05,0.00018745501285347046
0.9,0.75,10.0,0.31,0.41,20.834922585183012,0.9,0.02981707477894791,0.0724,-0.0144,-3.6426735218509e-05,0.00018745501285347046
0.9,0.75,12.0,0.31,0.41,20.834922585183012,0.9,0.02981707477894791,0.0724,-0.0144,-3.6426735218509e-05,0.00018745501285347046
0.9,0.75,14.0,0.31,0.41,20.834922585183012,0.9,0.02981707477894791,0.0724,-0.0144,-3.6426735218509e-05,0.00018745501285347046
0.9,0.75,16.0,0.31,0.41,20.834922585183012,0.9,0.02981707477894791,0.0724,-0.0144,-3.6426735218509e-05,0.00018745501285347046
0.9,0.75,18.0,0.31,0.41,20.834922585183012,0.9,0.02981707477894791,0.0724,-0.0144,-3.6426735218509e-05,0.00018745501285347046
0.9,0.75,20.0,0.31,0.41,20.834922585183012,0.9,0.02981707477894791,0.0724,-0.0144,-3.6426735218509e-05,0.00018745501285347046
0.9,0.8,,0.31,0.41,20.834922585183012,0.9,0.02981707477894791,0.0724,-0.0144,-3.6426735218509e-05,0.00018745501285347046
0.9,0.8,2.0,0.31,0.41,20.834922585183012,0.9,0.02981707477894791,0.0724,-0.0144,-3.6426735218509e-05,0.00018745501285347046
0.9,0.8,4.0,0.31,0.41,20.834922585183012,0.9,0.02981707477894791,0.0724,-0.0144,-3.6426735218509e-05,0.00018745501285347046
0.9,0.8,6.0,0.31,0.41,20.834922585183012,0.9,0.02981707477894791,0.0724,-0.0144,-3.6426735218509e-05,0.00018745501285347046
0.9,0.8,8.0,0.31,0.41,20.834922585183012,0.9,0.02981707477894791,0.0724,-0.0144,-3.6426735218509e-05,0.00018745501285347046
0.9,0.8,10.0,0.31,0.41,20.834922585183012,0.9,0.02981707477894791,0.0724,-0.0144,-3.6426735218509e-05,0.00018745501285347046
0.9,0.8,12.0,0.31,0.41,20.834922585183012,0.9,0.02981707477894791,0.0724,-0.0144,-3.6426735218509e-05,0.00018745501285347046
0.9,0.8,14.0,0.31,0.41,20.834922585183012,0.9,0.02981707477894791,0.0724,-0.0144,-3.6426735218509e-05,0.00018745501285347046
0.9,0.8,16.0,0.31,0.41,20.834922585183012,0.9,0.02981707477894791,0.0724,-0.0144,-3.6426735218509e-05,0.00018745501285347046
0.9,0.8,18.0,0.31,0.41,20.834922585183012,0.9,0.02981707477894791,0.0724,-0.0144,-3.6426735218509e-05,0.00018745501285347046
0.9,0.8,20.0,0.31,0.41,20.834922585183012,0.9,0.02981707477894791,0.0724,-0.0144,-3.6426735218509e-05,0.00018745501285347046
0.9,0.85,,0.31,0.41,20.834922585183012,0.9,0.02981707477894791,0.0724,-0.0144,-3.6426735218509e-05,0.00018745501285347046
0.9,0.85,2.0,0.31,0.41,20.834922585183012,0.9,0.02981707477894791,0.0724,-0.0144,-3.6426735218509e-05,0.00018745501285347046
0.9,0.85,4.0,0.31,0.41,20.834922585183012,0.9,0.02981707477894791,0.0724,-0.0144,-3.6426735218509e-05,0.00018745501285347046
0.9,0.85,6.0,0.31,0.41,20.834922585183012,0.9,0.02981707477894791,0.0724,-0.0144,-3.6426735218509e-05,0.00018745501285347046
0.9,0.85,8.0,0.31,0.41,20.834922585183012,0.9,0.02981707477894791,0.0724,-0.0144,-3.6426735218509e-05,0.00018745501285347046
0.9,0.85,10.0,0.31,0.41,20.834922585183012,0.9,0.02981707477894791,0.0724,-0.0144,-3.6426735218509e-05,0.00018745501285347046
0.9,0.85,12.0,0.31,0.41,20.834922585183012,0.9,0.02981707477894791,0.0724,-0.0144,-3.6426735218509e-05,0.00018745501285347046
0.9,0.85,14.0,0.31,0.41,20.834922585183012,0.9,0.02981707477894791,0.0724,-0.0144,-3.6426735218509e-05,0.00018745501285347046
0.9,0.85,16.0,0.31,0.41,20.834922585183012,0.9,0.02981707477894791,0.0724,-0.0144,-3.6426735218509e-05,0.00018745501285347046
0.9,0.85,18.0,0.31,0.41,20.834922585183012,0.9,0.02981707477894791,0.0724,-0.0144,-3.6426735218509e-05,0.00018745501285347046
0.9,0.85,20.0,0.31,0.41,20.834922585183012,0.9,0.02981707477894791,0.0724,-0.0144,-3.6426735218509e-05,0.00018745501285347046
0.9,0.9,,0.31,0.41,20.834922585183012,0.9,0.02981707477894791,0.0724,-0.0144,-3.6426735218509e-05,0.00018745501285347046
0.9,0.9,2.0,0.31,0.41,20.834922585183012,0.9,0.02981707477894791,0.0724,-0.0144,-3.6426735218509e-05,0.00018745501285347046
0.9,0.9,4.0,0.31,0.41,20.834922585183012,0.9,0.02981707477894791,0.0724,-0.0144,-3.6426735218509e-05,0.00018745501285347046
0.9,0.9,6.0,0.31,0.41,20.834922585183012,0.9,0.02981707477894791,0.0724,-0.0144,-3.6426735218509e-05,0.00018745501285347046
0.9,0.9,8.0,0.31,0.41,20.834922585183012,0.9,0.02981707477894791,0.0724,-0.0144,-3.6426735218509e-05,0.00018745501285347046
0.9,0.9,10.0,0.31,0.41,20.834922585183012,0.9,0.02981707477894791,0.0724,-0.0144,-3.6426735218509e-05,0.00018745501285347046
0.9,0.9,12.0,0.31,0.41,20.834922585183012,0.9,0.02981707477894791,0.0724,-0.0144,-3.6426735218509e-05,0.00018745501285347046
0.9,0.9,14.0,0.31,0.41,20.834922585183012,0.9,0.02981707477894791,0.0724,-0.0144,-3.6426735218509e-05,0.00018745501285347046
0.9,0.9,16.0,0.31,0.41,20.834922585183012,0.9,0.02981707477894791,0.0724,-0.0144,-3.6426735218509e-05,0.00018745501285347046
0.9,0.9,18.0,0.31,0.41,20.834922585183012,0.9,0.02981707477894791,0.0724,-0.0144,-3.6426735218509e-05,0.00018745501285347046
0.9,0.9,20.0,0.31,0.41,20.834922585183012,0.9,0.02981707477894791,0.0724,-0.0144,-3.6426735218509e-05,0.00018745501285347046
0.9,0.95,,0.31,0.41,20.834922585183012,0.9,0.02981707477894791,0.0724,-0.0144,-3.6426735218509e-05,0.00018745501285347046
0.9,0.95,2.0,0.31,0.41,20.834922585183012,0.9,0.02981707477894791,0.0724,-0.0144,-3.6426735218509e-05,0.00018745501285347046
0.9,0.95,4.0,0.31,0.41,20.834922585183012,0.9,0.02981707477894791,0.0724,-0.0144,-3.6426735218509e-05,0.00018745501285347046
0.9,0.95,6.0,0.31,0.41,20.834922585183012,0.9,0.02981707477894791,0.0724,-0.0144,-3.6426735218509e-05,0.00018745501285347046
0.9,0.95,8.0,0.31,0.41,20.834922585183012,0.9,0.02981707477894791,0.0724,-0.0144,-3.6426735218509e-05,0.00018745501285347046
0.9,0.95,10.0,0.31,0.41,20.834922585183012,0.9,0.02981707477894791,0.0724,-0.0144,-3.6426735218509e-05,0.00018745501285347046
0.9,0.95,12.0,0.31,0.41,20.834922585183012,0.9,0.02981707477894791,0.0724,-0.0144,-3.6426735218509e-05,0.00018745501285347046
0.9,0.95,14.0,0.31,0.41,20.834922585183012,0.9,0.02981707477894791,0.0724,-0.0144,-3.6426735218509e-05,0.00018745501285347046
0.9,0.95,16.0,0.31,0.41,20.834922585183012,0.9,0.02981707477894791,0.0724,-0.0144,-3.6426735218509e-05,0.00018745501285347046
0.9,0.95,18.0,0.31,0.41,20.834922585183012,0.9,0.02981707477894791,0.0724,-0.0144,-3.6426735218509e-05,0.00018745501285347046
0.9,0.95,20.0,0.31,0.41,20.834922585183012,0.9,0.02981707477894791,0.0724,-0.0144,-3.6426735218509e-05,0.00018745501285347046
0.9,1.0,,0.31,0.41,20.834922585183012,0.9,0.02981707477894791,0.0724,-0.0144,-3.6426735218509e-05,0.00018745501285347046
0.9,1.0,2.0,0.31,0.41,20.834922585183012,0.9,0.02981707477894791,0.0724,-0.0144,-3.6426735218509e-05,0.00018745501285347046
0.9,1.0,4.0,0.31,0.41,20.834922585183012,0.9,0.02981707477894791,0.0724,-0.0144,-3.6426735218509e-05,0.00018745501285347046
0.9,1.0,6.0,0.31,0.41,20.834922585183012,0.9,0.02981707477894791,0.0724,-0.0144,-3.6426735218509e-05,0.00018745501285347046
0.9,1.0,8.0,0.31,0.41,20.834922585183012,0.9,0.02981707477894791,0.0724,-0.0144,-3.6426735218509e-05,0.00018745501285347046
0.9,1.0,10.0,0.31,0.41,20.834922585183012,0.9,0.02981707477894791,0.0724,-0.0144,-3.6426735218509e-05,0.00018745501285347046
0.9,1.0,12.0,0.31,0.41,20.834922585183012,0.9,0.02981707477894791,0.0724,-0.0144,-3.6426735218509e-05,0.00018745501285347046
0.9,1.0,14.0,0.31,0.41,20.834922585183012,0.9,0.02981707477894791,0.0724,-0.0144,-3.6426735218509e-05,0.00018745501285347046
0.9,1.0,16.0,0.31,0.41,20.834922585183012,0.9,0.02981707477894791,0.0724,-0.0144,-3.6426735218509e-05,0.00018745501285347046
0.9,1.0,18.0,0.31,0.41,20.834922585183012,0.9,0.02981707477894791,0.0724,-0.0144,-3.6426735218509e-05,0.00018745501285347046
0.9,1.0,20.0,0.31,0.41,20.834922585183012,0.9,0.02981707477894791,0.0724,-0.0144,-3.6426735218509e-05,0.00018745501285347046
0.95,0.1,,0.31,0.41,20.834922585183012,0.9,0.02981707477894791,0.0724,-0.0144,-3.6426735218509e-05,0.00018745501285347046
0.95,0.1,2.0,0.31,0.41,20.834922585183012,0.9,0.02981707477894791,0.0724,-0.0144,-3.6426735218509e-05,0.00018745501285347046
0.95,0.1,4.0,0.31,0.41,20.834922585183012,0.9,0.02981707477894791,0.0724,-0.0144,-3.6426735218509e-05,0.00018745501285347046
0.95,0.1,6.0,0.31,0.41,20.834922585183012,0.9,0.02981707477894791,0.0724,-0.0144,-3.6426735218509e-05,0.00018745501285347046
0.95,0.1,8.0,0.31,0.41,20.834922585183012,0.9,0.02981707477894791,0.0724,-0.0144,-3.6426735218509e-05,0.00018745501285347046
0.95,0.1,10.0,0.31,0.41,20.834922585183012,0.9,0.02981707477894791,0.0724,-0.0144,-3.6426735218509e-05,0.00018745501285347046
0.95,0.1,12.0,0.31,0.41,20.834922585183012,0.9,0.02981707477894791,0.0724,-0.0144,-3.6426735218509e-05,0.00018745501285347046
0.95,0.1,14.0,0.31,0.41,20.834922585183012,0.9,0.02981707477894791,0.0724,-0.0144,-3.6426735218509e-05,0.00018745501285347046
0.95,0.1,16.0,0.31,0.41,20.834922585183012,0.9,0.02981707477894791,0.0724,-0.0144,-3.6426735218509e-05,0.00018745501285347046
0.95,0.1,18.0,0.31,0.41,20.834922585183012,0.9,0.02981707477894791,0.0724,-0.0144,-3.6426735218509e-05,0.00018745501285347046
0.95,0.1,20.0,0.31,0.41,20.834922585183012,0.9,0.02981707477894791,0.0724,-0.0144,-3.6426735218509e-05,0.00018745501285347046
0.95,0.15,,0.31,0.41,20.834922585183012,0.9,0.02981707477894791,0.0724,-0.0144,-3.6426735218509e-05,0.00018745501285347046
0.95,0.15,2.0,0.31,0.41,20.834922585183012,0.9,0.02981707477894791,0.0724,-0.0144,-3.6426735218509e-05,0.00018745501285347046
0.95,0.15,4.0,0.31,0.41,20.834922585183012,0.9,0.02981707477894791,0.0724,-0.0144,-3.6426735218509e-05,0.00018745501285347046
0.95,0.15,6.0,0.31,0.41,20.834922585183012,0.9,0.02981707477894791,0.0724,-0.0144,-3.6426735218509e-05,0.00018745501285347046
0.95,0.15,8.0,0.31,0.41,20.834922585183012,0.9,0.02981707477894791,0.0724,-0.0144,-3.6426735218509e-05,0.00018745501285347046
0.95,0.15,10.0,0.31,0.41,20.834922585183012,0.9,0.02981707477894791,0.0724,-0.0144,-3.6426735218509e-05,0.00018745501285347046
0.95,0.15,12.0,0.31,0.41,20.834922585183012,0.9,0.02981707477894791,0.0724,-0.0144,-3.6426735218509e-05,0.00018745501285347046
0.95,0.15,14.0,0.31,0.41,20.834922585183012,0.9,0.02981707477894791,0.0724,-0.0144,-3.6426735218509e-05,0.00018745501285347046
0.95,0.15,16.0,0.31,0.41,20.834922585183012,0.9,0.02981707477894791,0.0724,-0.0144,-3.6426735218509e-05,0.00018745501285347046
0.95,0.15,18.0,0.31,0.41,20.834922585183012,0.9,0.02981707477894791,0.0724,-0.0144,-3.6426735218509e-05,0.00018745501285347046
0.95,0.15,20.0,0.31,0.41,20.834922585183012,0.9,0.02981707477894791,0.0724,-0.0144,-3.6426735218509e-05,0.00018745501285347046
0.95,0.2,,0.31,0.41,20.834922585183012,0.9,0.02981707477894791,0.0724,-0.0144,-3.6426735218509e-05,0.00018745501285347046
0.95,0.2,2.0,0.31,0.41,20.834922585183012,0.9,0.02981707477894791,0.0724,-0.0144,-3.6426735218509e-05,0.00018745501285347046
0.95,0.2,4.0,0.31,0.41,20.834922585183012,0.9,0.02981707477894791,0.0724,-0.0144,-3.6426735218509e-05,0.00018745501285347046
0.95,0.2,6.0,0.31,0.41,20.834922585183012,0.9,0.02981707477894791,0.0724,-0.0144,-3.6426735218509e-05,0.00018745501285347046
0.95,0.2,8.0,0.31,0.41,20.834922585183012,0.9,0.02981707477894791,0.0724,-0.0144,-3.6426735218509e-05,0.00018745501285347046
0.95,0.2,10.0,0.31,0.41,20.834922585183012,0.9,0.02981707477894791,0.0724,-0.0144,-3.6426735218509e-05,0.00018745501285347046
0.95,0.2,12.0,0.31,0.41,20.834922585183012,0.9,0.02981707477894791,0.0724,-0.0144,-3.6426735218509e-05,0.00018745501285347046
0.95,0.2,14.0,0.31,0.41,20.834922585183012,0.9,0.02981707477894791,0.0724,-0.0144,-3.6426735218509e-05,0.00018745501285347046
0.95,0.2,16.0,0.31,0.41,20.834922585183012,0.9,0.02981707477894791,0.0724,-0.0144,-3.6426735218509e-05,0.00018745501285347046
0.95,0.2,18.0,0.31,0.41,20.834922585183012,0.9,0.02981707477894791,0.0724,-0.0144,-3.6426735218509e-05,0.00018745501285347046
0.95,0.2,20.0,0.31,0.41,20.834922585183012,0.9,0.02981707477894791,0.0724,-0.0144,-3.6426735218509e-05,0.00018745501285347046
0.95,0.25,,0.31,0.41,20.834922585183012,0.9,0.02981707477894791,0.0724,-0.0144,-3.6426735218509e-05,0.00018745501285347046
0.95,0.25,2.0,0.31,0.41,20.834922585183012,0.9,0.02981707477894791,0.0724,-0.0144,-3.6426735218509e-05,0.00018745501285347046
0.95,0.25,4.0,0.31,0.41,20.834922585183012,0.9,0.02981707477894791,0.0724,-0.0144,-3.6426735218509e-05,0.00018745501285347046
0.95,0.25,6.0,0.31,0.41,20.834922585183012,0.9,0.02981707477894791,0.0724,-0.0144,-3.6426735218509e-05,0.00018745501285347046
0.95,0.25,8.0,0.31,0.41,20.834922585183012,0.9,0.02981707477894791,0.0724,-0.0144,-3.6426735218509e-05,0.00018745501285347046
0.95,0.25,10.0,0.31,0.41,20.834922585183012,0.9,0.02981707477894791,0.0724,-0.0144,-3.6426735218509e-05,0.00018745501285347046
0.95,0.25,12.0,0.31,0.41,20.834922585183012,0.9,0.02981707477894791,0.0724,-0.0144,-3.6426735218509e-05,0.00018745501285347046
0.95,0.25,14.0,0.31,0.41,20.834922585183012,0.9,0.02981707477894791,0.0724,-0.0144,-3.6426735218509e-05,0.00018745501285347046
0.95,0.25,16.0,0.31,0.41,20.834922585183012,0.9,0.02981707477894791,0.0724,-0.0144,-3.6426735218509e-05,0.00018745501285347046
0.95,0.25,18.0,0.31,0.41,20.834922585183012,0.9,0.02981707477894791,0.0724,-0.0144,-3.6426735218509e-05,0.00018745501285347046
0.95,0.25,20.0,0.31,0.41,20.834922585183012,0.9,0.02981707477894791,0.0724,-0.0144,-3.6426735218509e-05,0.00018745501285347046
0.95,0.3,,0.31,0.41,20.834922585183012,0.9,0.02981707477894791,0.0724,-0.0144,-3.6426735218509e-05,0.00018745501285347046
0.95,0.3,2.0,0.31,0.41,20.834922585183012,0.9,0.02981707477894791,0.0724,-0.0144,-3.6426735218509e-05,0.00018745501285347046
0.95,0.3,4.0,0.31,0.41,20.834922585183012,0.9,0.02981707477894791,0.0724,-0.0144,-3.6426735218509e-05,0.00018745501285347046
0.95,0.3,6.0,0.31,0.41,20.834922585183012,0.9,0.02981707477894791,0.0724,-0.0144,-3.6426735218509e-05,0.00018745501285347046
0.95,0.3,8.0,0.31,0.41,20.834922585183012,0.9,0.02981707477894791,0.0724,-0.0144,-3.6426735218509e-05,0.00018745501285347046
0.95,0.3,10.0,0.31,0.41,20.834922585183012,0.9,0.02981707477894791,0.0724,-0.0144,-3.6426735218509e-05,0.00018745501285347046
0.95,0.3,12.0,0.31,0.41,20.834922585183012,0.9,0.02981707477894791,0.0724,-0.0144,-3.6426735218509e-05,0.00018745501285347046
0.95,0.3,14.0,0.31,0.41,20.834922585183012,0.9,0.02981707477894791,0.0724,-0.0144,-3.6426735218509e-05,0.00018745501285347046
0.95,0.3,16.0,0.31,0.41,20.834922585183012,0.9,0.02981707477894791,0.0724,-0.0144,-3.6426735218509e-05,0.00018745501285347046
0.95,0.3,18.0,0.31,0.41,20.834922585183012,0.9,0.02981707477894791,0.0724,-0.0144,-3.6426735218509e-05,0.00018745501285347046
0.95,0.3,20.0,0.31,0.41,20.834922585183012,0.9,0.02981707477894791,0.0724,-0.0144,-3.6426735218509e-05,0.00018745501285347046
0.95,0.35,,0.31,0.41,20.834922585183012,0.9,0.02981707477894791,0.0724,-0.0144,-3.6426735218509e-05,0.00018745501285347046
0.95,0.35,2.0,0.31,0.41,20.834922585183012,0.9,0.02981707477894791,0.0724,-0.0144,-3.6426735218509e-05,0.00018745501285347046
0.95,0.35,4.0,0.31,0.41,20.834922585183012,0.9,0.02981707477894791,0.0724,-0.0144,-3.6426735218509e-05,0.00018745501285347046
0.95,0.35,6.0,0.31,0.41,20.834922585183012,0.9,0.02981707477894791,0.0724,-0.0144,-3.6426735218509e-05,0.00018745501285347046
0.95,0.35,8.0,0.31,0.41,20.834922585183012,0.9,0.02981707477894791,0.0724,-0.0144,-3.6426735218509e-05,0.00018745501285347046
0.95,0.35,10.0,0.31,0.41,20.834922585183012,0.9,0.02981707477894791,0.0724,-0.0144,-3.6426735218509e-05,0.00018745501285347046
0.95,0.35,12.0,0.31,0.41,20.834922585183012,0.9,0.02981707477894791,0.0724,-0.0144,-3.6426735218509e-05,0.00018745501285347046
0.95,0.35,14.0,0.31,0.41,20.834922585183012,0.9,0.02981707477894791,0.0724,-0.0144,-3.6426735218509e-05,0.00018745501285347046
0.95,0.35,16.0,0.31,0.41,20.834922585183012,0.9,0.02981707477894791,0.0724,-0.0144,-3.6426735218509e-05,0.00018745501285347046
0.95,0.35,18.0,0.31,0.41,20.834922585183012,0.9,0.02981707477894791,0.0724,-0.0144,-3.6426735218509e-05,0.00018745501285347046
0.95,0.35,20.0,0.31,0.41,20.834922585183012,0.9,0.02981707477894791,0.0724,-0.0144,-3.6426735218509e-05,0.00018745501285347046
0.95,0.4,,0.31,0.41,20.834922585183012,0.9,0.02981707477894791,0.0724,-0.0144,-3.6426735218509e-05,0.00018745501285347046
0.95,0.4,2.0,0.31,0.41,20.834922585183012,0.9,0.02981707477894791,0.0724,-0.0144,-3.6426735218509e-05,0.00018745501285347046
0.95,0.4,4.0,0.31,0.41,20.834922585183012,0.9,0.02981707477894791,0.0724,-0.0144,-3.6426735218509e-05,0.00018745501285347046
0.95,0.4,6.0,0.31,0.41,20.834922585183012,0.9,0.02981707477894791,0.0724,-0.0144,-3.6426735218509e-05,0.00018745501285347046
0.95,0.4,8.0,0.31,0.41,20.834922585183012,0.9,0.02981707477894791,0.0724,-0.0144,-3.6426735218509e-05,0.00018745501285347046
0.95,0.4,10.0,0.31,0.41,20.834922585183012,0.9,0.02981707477894791,0.0724,-0.0144,-3.6426735218509e-05,0.00018745501285347046
0.95,0.4,12.0,0.31,0.41,20.834922585183012,0.9,0.02981707477894791,0.0724,-0.0144,-3.6426735218509e-05,0.00018745501285347046
0.95,0.4,14.0,0.31,0.41,20.834922585183012,0.9,0.02981707477894791,0.0724,-0.0144,-3.6426735218509e-05,0.00018745501285347046
0.95,0.4,16.0,0.31,0.41,20.834922585183012,0.9,0.02981707477894791,0.0724,-0.0144,-3.6426735218509e-05,0.00018745501285347046
0.95,0.4,18.0,0.31,0.41,20.834922585183012,0.9,0.02981707477894791,0.0724,-0.0144,-3.6426735218509e-05,0.00018745501285347046
0.95,0.4,20.0,0.31,0.41,20.834922585183012,0.9,0.02981707477894791,0.0724,-0.0144,-3.6426735218509e-05,0.00018745501285347046
0.95,0.45,,0.31,0.41,20.834922585183012,0.9,0.02981707477894791,0.0724,-0.0144,-3.6426735218509e-05,0.00018745501285347046
0.95,0.45,2.0,0.31,0.41,20.834922585183012,0.9,0.02981707477894791,0.0724,-0.0144,-3.6426735218509e-05,0.00018745501285347046
0.95,0.45,4.0,0.31,0.41,20.834922585183012,0.9,0.02981707477894791,0.0724,-0.0144,-3.6426735218509e-05,0.00018745501285347046
0.95,0.45,6.0,0.31,0.41,20.834922585183012,0.9,0.02981707477894791,0.0724,-0.0144,-3.6426735218509e-05,0.00018745501285347046
0.95,0.45,8.0,0.31,0.41,20.834922585183012,0.9,0.02981707477894791,0.0724,-0.0144,-3.6426735218509e-05,0.00018745501285347046
0.95,0.45,10.0,0.31,0.41,20.834922585183012,0.9,0.02981707477894791,0.0724,-0.0144,-3.6426735218509e-05,0.00018745501285347046
0.95,0.45,12.0,0.31,0.41,20.834922585183012,0.9,0.02981707477894791,0.0724,-0.0144,-3.6426735218509e-05,0.00018745501285347046
0.95,0.45,14.0,0.31,0.41,20.834922585183012,0.9,0.02981707477894791,0.0724,-0.0144,-3.6426735218509e-05,0.00018745501285347046
0.95,0.45,16.0,0.31,0.41,20.834922585183012,0.9,0.02981707477894791,0.0724,-0.0144,-3.6426735218509e-05,0.00018745501285347046
0.95,0.45,18.0,0.31,0.41,20.834922585183012,0.9,0.02981707477894791,0.0724,-0.0144,-3.6426735218509e-05,0.00018745501285347046
0.95,0.45,20.0,0.31,0.41,20.834922585183012,0.9,0.02981707477894791,0.0724,-0.0144,-3.6426735218509e-05,0.00018745501285347046
0.95,0.5,,0.31,0.41,20.834922585183012,0.9,0.02981707477894791,0.0724,-0.0144,-3.6426735218509e-05,0.00018745501285347046
0.95,0.5,2.0,0.31,0.41,20.834922585183012,0.9,0.02981707477894791,0.0724,-0.0144,-3.6426735218509e-05,0.00018745501285347046
0.95,0.5,4.0,0.31,0.41,20.834922585183012,0.9,0.02981707477894791,0.0724,-0.0144,-3.6426735218509e-05,0.00018745501285347046
0.95,0.5,6.0,0.31,0.41,20.834922585183012,0.9,0.02981707477894791,0.0724,-0.0144,-3.6426735218509e-05,0.00018745501285347046
0.95,0.5,8.0,0.31,0.41,20.834922585183012,0.9,0.02981707477894791,0.0724,-0.0144,-3.6426735218509e-05,0.00018745501285347046
0.95,0.5,10.0,0.31,0.41,20.834922585183012,0.9,0.02981707477894791,0.0724,-0.0144,-3.6426735218509e-05,0.00018745501285347046
0.95,0.5,12.0,0.31,0.41,20.834922585183012,0.9,0.02981707477894791,0.0724,-0.0144,-3.6426735218509e-05,0.00018745501285347046
0.95,0.5,14.0,0.31,0.41,20.834922585183012,0.9,0.02981707477894791,0.0724,-0.0144,-3.6426735218509e-05,0.00018745501285347046
0.95,0.5,16.0,0.31,0.41,20.834922585183012,0.9,0.02981707477894791,0.0724,-0.0144,-3.6426735218509e-05,0.00018745501285347046
0.95,0.5,18.0,0.31,0.41,20.834922585183012,0.9,0.02981707477894791,0.0724,-0.0144,-3.6426735218509e-05,0.00018745501285347046
0.95,0.5,20.0,0.31,0.41,20.834922585183012,0.9,0.02981707477894791,0.0724,-0.0144,-3.6426735218509e-05,0.00018745501285347046
0.95,0.55,,0.31,0.41,20.834922585183012,0.9,0.02981707477894791,0.0724,-0.0144,-3.6426735218509e-05,0.00018745501285347046
0.95,0.55,2.0,0.31,0.41,20.834922585183012,0.9,0.02981707477894791,0.0724,-0.0144,-3.6426735218509e-05,0.00018745501285347046
0.95,0.55,4.0,0.31,0.41,20.834922585183012,0.9,0.02981707477894791,0.0724,-0.0144,-3.6426735218509e-05,0.00018745501285347046
0.95,0.55,6.0,0.31,0.41,20.834922585183012,0.9,0.02981707477894791,0.0724,-0.0144,-3.6426735218509e-05,0.00018745501285347046
0.95,0.55,8.0,0.31,0.41,20.834922585183012,0.9,0.02981707477894791,0.0724,-0.0144,-3.6426735218509e-05,0.00018745501285347046
0.95,0.55,10.0,0.31,0.41,20.834922585183012,0.9,0.02981707477894791,0.0724,-0.0144,-3.6426735218509e-05,0.00018745501285347046
0.95,0.55,12.0,0.31,0.41,20.834922585183012,0.9,0.02981707477894791,0.0724,-0.0144,-3.6426735218509e-05,0.00018745501285347046
0.95,0.55,14.0,0.31,0.41,20.834922585183012,0.9,0.02981707477894791,0.0724,-0.0144,-3.6426735218509e-05,0.00018745501285347046
0.95,0.55,16.0,0.31,0.41,20.834922585183012,0.9,0.02981707477894791,0.0724,-0.0144,-3.6426735218509e-05,0.00018745501285347046
0.95,0.55,18.0,0.31,0.41,20.834922585183012,0.9,0.02981707477894791,0.0724,-0.0144,-3.6426735218509e-05,0.00018745501285347046
0.95,0.55,20.0,0.31,0.41,20.834922585183012,0.9,0.02981707477894791,0.0724,-0.0144,-3.6426735218509e-05,0.00018745501285347046
0.95,0.6,,0.31,0.41,20.834922585183012,0.9,0.02981707477894791,0.0724,-0.0144,-3.6426735218509e-05,0.00018745501285347046
0.95,0.6,2.0,0.31,0.41,20.834922585183012,0.9,0.02981707477894791,0.0724,-0.0144,-3.6426735218509e-05,0.00018745501285347046
0.95,0.6,4.0,0.31,0.41,20.834922585183012,0.9,0.02981707477894791,0.0724,-0.0144,-3.6426735218509e-05,0.00018745501285347046
0.95,0.6,6.0,0.31,0.41,20.834922585183012,0.9,0.02981707477894791,0.0724,-0.0144,-3.6426735218509e-05,0.00018745501285347046
0.95,0.6,8.0,0.31,0.41,20.834922585183012,0.9,0.02981707477894791,0.0724,-0.0144,-3.6426735218509e-05,0.00018745501285347046
0.95,0.6,10.0,0.31,0.41,20.834922585183012,0.9,0.02981707477894791,0.0724,-0.0144,-3.6426735218509e-05,0.00018745501285347046
0.95,0.6,12.0,0.31,0.41,20.834922585183012,0.9,0.02981707477894791,0.0724,-0.0144,-3.6426735218509e-05,0.00018745501285347046
0.95,0.6,14.0,0.31,0.41,20.834922585183012,0.9,0.02981707477894791,0.0724,-0.0144,-3.6426735218509e-05,0.00018745501285347046
0.95,0.6,16.0,0.31,0.41,20.834922585183012,0.9,0.02981707477894791,0.0724,-0.0144,-3.6426735218509e-05,0.00018745501285347046
0.95,0.6,18.0,0.31,0.41,20.834922585183012,0.9,0.02981707477894791,0.0724,-0.0144,-3.6426735218509e-05,0.00018745501285347046
0.95,0.6,20.0,0.31,0.41,20.834922585183012,0.9,0.02981707477894791,0.0724,-0.0144,-3.6426735218509e-05,0.00018745501285347046
0.95,0.65,,0.31,0.41,20.834922585183012,0.9,0.02981707477894791,0.0724,-0.0144,-3.6426735218509e-05,0.00018745501285347046
0.95,0.65,2.0,0.31,0.41,20.834922585183012,0.9,0.02981707477894791,0.0724,-0.0144,-3.6426735218509e-05,0.00018745501285347046
0.95,0.65,4.0,0.31,0.41,20.834922585183012,0.9,0.02981707477894791,0.0724,-0.0144,-3.6426735218509e-05,0.00018745501285347046
0.95,0.65,6.0,0.31,0.41,20.834922585183012,0.9,0.02981707477894791,0.0724,-0.0144,-3.6426735218509e-05,0.00018745501285347046
0.95,0.65,8.0,0.31,0.41,20.834922585183012,0.9,0.02981707477894791,0.0724,-0.0144,-3.6426735218509e-05,0.00018745501285347046
0.95,0.65,10.0,0.31,0.41,20.834922585183012,0.9,0.02981707477894791,0.0724,-0.0144,-3.6426735218509e-05,0.00018745501285347046
0.95,0.65,12.0,0.31,0.41,20.834922585183012,0.9,0.02981707477894791,0.0724,-0.0144,-3.6426735218509e-05,0.00018745501285347046
0.95,0.65,14.0,0.31,0.41,20.834922585183012,0.9,0.02981707477894791,0.0724,-0.0144,-3.6426735218509e-05,0.00018745501285347046
0.95,0.65,16.0,0.31,0.41,20.834922585183012,0.9,0.02981707477894791,0.0724,-0.0144,-3.6426735218509e-05,0.00018745501285347046
0.95,0.65,18.0,0.31,0.41,20.834922585183012,0.9,0.02981707477894791,0.0724,-0.0144,-3.6426735218509e-05,0.00018745501285347046
0.95,0.65,20.0,0.31,0.41,20.834922585183012,0.9,0.02981707477894791,0.0724,-0.0144,-3.6426735218509e-05,0.00018745501285347046
0.95,0.7,,0.31,0.41,20.834922585183012,0.9,0.02981707477894791,0.0724,-0.0144,-3.6426735218509e-05,0.00018745501285347046
0.95,0.7,2.0,0.31,0.41,20.834922585183012,0.9,0.02981707477894791,0.0724,-0.0144,-3.6426735218509e-05,0.00018745501285347046
0.95,0.7,4.0,0.31,0.41,20.834922585183012,0.9,0.02981707477894791,0.0724,-0.0144,-3.6426735218509e-05,0.00018745501285347046
0.95,0.7,6.0,0.31,0.41,20.834922585183012,0.9,0.02981707477894791,0.0724,-0.0144,-3.6426735218509e-05,0.00018745501285347046
0.95,0.7,8.0,0.31,0.41,20.834922585183012,0.9,0.02981707477894791,0.0724,-0.0144,-3.6426735218509e-05,0.00018745501285347046
0.95,0.7,10.0,0.31,0.41,20.834922585183012,0.9,0.02981707477894791,0.0724,-0.0144,-3.6426735218509e-05,0.00018745501285347046
0.95,0.7,12.0,0.31,0.41,20.834922585183012,0.9,0.02981707477894791,0.0724,-0.0144,-3.6426735218509e-05,0.00018745501285347046
0.95,0.7,14.0,0.31,0.41,20.834922585183012,0.9,0.02981707477894791,0.0724,-0.0144,-3.6426735218509e-05,0.00018745501285347046
0.95,0.7,16.0,0.31,0.41,20.834922585183012,0.9,0.02981707477894791,0.0724,-0.0144,-3.6426735218509e-05,0.00018745501285347046
0.95,0.7,18.0,0.31,0.41,20.834922585183012,0.9,0.02981707477894791,0.0724,-0.0144,-3.6426735218509e-05,0.00018745501285347046
0.95,0.7,20.0,0.31,0.41,20.834922585183012,0.9,0.02981707477894791,0.0724,-0.0144,-3.6426735218509e-05,0.00018745501285347046
0.95,0.75,,0.31,0.41,20.834922585183012,0.9,0.02981707477894791,0.0724,-0.0144,-3.6426735218509e-05,0.00018745501285347046
0.95,0.75,2.0,0.31,0.41,20.834922585183012,0.9,0.02981707477894791,0.0724,-0.0144,-3.6426735218509e-05,0.00018745501285347046
0.95,0.75,4.0,0.31,0.41,20.834922585183012,0.9,0.02981707477894791,0.0724,-0.0144,-3.6426735218509e-05,0.00018745501285347046
0.95,0.75,6.0,0.31,0.41,20.834922585183012,0.9,0.02981707477894791,0.0724,-0.0144,-3.6426735218509e-05,0.00018745501285347046
0.95,0.75,8.0,0.31,0.41,20.834922585183012,0.9,0.02981707477894791,0.0724,-0.0144,-3.6426735218509e-05,0.00018745501285347046
0.95,0.75,10.0,0.31,0.41,20.834922585183012,0.9,0.02981707477894791,0.0724,-0.0144,-3.6426735218509e-05,0.00018745501285347046
0.95,0.75,12.0,0.31,0.41,20.834922585183012,0.9,0.02981707477894791,0.0724,-0.0144,-3.6426735218509e-05,0.00018745501285347046
0.95,0.75,14.0,0.31,0.41,20.834922585183012,0.9,0.02981707477894791,0.0724,-0.0144,-3.6426735218509e-05,0.00018745501285347046
0.95,0.75,16.0,0.31,0.41,20.834922585183012,0.9,0.02981707477894791,0.0724,-0.0144,-3.6426735218509e-05,0.00018745501285347046
0.95,0.75,18.0,0.31,0.41,20.834922585183012,0.9,0.02981707477894791,0.0724,-0.0144,-3.6426735218509e-05,0.00018745501285347046
0.95,0.75,20.0,0.31,0.41,20.834922585183012,0.9,0.02981707477894791,0.0724,-0.0144,-3.6426735218509e-05,0.00018745501285347046
0.95,0.8,,0.31,0.41,20.834922585183012,0.9,0.02981707477894791,0.0724,-0.0144,-3.6426735218509e-05,0.00018745501285347046
0.95,0.8,2.0,0.31,0.41,20.834922585183012,0.9,0.02981707477894791,0.0724,-0.0144,-3.6426735218509e-05,0.00018745501285347046
0.95,0.8,4.0,0.31,0.41,20.834922585183012,0.9,0.02981707477894791,0.0724,-0.0144,-3.6426735218509e-05,0.00018745501285347046
0.95,0.8,6.0,0.31,0.41,20.834922585183012,0.9,0.02981707477894791,0.0724,-0.0144,-3.6426735218509e-05,0.00018745501285347046
0.95,0.8,8.0,0.31,0.41,20.834922585183012,0.9,0.02981707477894791,0.0724,-0.0144,-3.6426735218509e-05,0.00018745501285347046
0.95,0.8,10.0,0.31,0.41,20.834922585183012,0.9,0.02981707477894791,0.0724,-0.0144,-3.6426735218509e-05,0.00018745501285347046
0.95,0.8,12.0,0.31,0.41,20.834922585183012,0.9,0.02981707477894791,0.0724,-0.0144,-3.6426735218509e-05,0.00018745501285347046
0.95,0.8,14.0,0.31,0.41,20.834922585183012,0.9,0.02981707477894791,0.0724,-0.0144,-3.6426735218509e-05,0.00018745501285347046
0.95,0.8,16.0,0.31,0.41,20.834922585183012,0.9,0.02981707477894791,0.0724,-0.0144,-3.6426735218509e-05,0.00018745501285347046
0.95,0.8,18.0,0.31,0.41,20.834922585183012,0.9,0.02981707477894791,0.0724,-0.0144,-3.6426735218509e-05,0.00018745501285347046
0.95,0.8,20.0,0.31,0.41,20.834922585183012,0.9,0.02981707477894791,0.0724,-0.0144,-3.6426735218509e-05,0.00018745501285347046
0.95,0.85,,0.31,0.41,20.834922585183012,0.9,0.02981707477894791,0.0724,-0.0144,-3.6426735218509e-05,0.00018745501285347046
0.95,0.85,2.0,0.31,0.41,20.834922585183012,0.9,0.02981707477894791,0.0724,-0.0144,-3.6426735218509e-05,0.00018745501285347046
0.95,0.85,4.0,0.31,0.41,20.834922585183012,0.9,0.02981707477894791,0.0724,-0.0144,-3.6426735218509e-05,0.00018745501285347046
0.95,0.85,6.0,0.31,0.41,20.834922585183012,0.9,0.02981707477894791,0.0724,-0.0144,-3.6426735218509e-05,0.00018745501285347046
0.95,0.85,8.0,0.31,0.41,20.834922585183012,0.9,0.02981707477894791,0.0724,-0.0144,-3.6426735218509e-05,0.00018745501285347046
0.95,0.85,10.0,0.31,0.41,20.834922585183012,0.9,0.02981707477894791,0.0724,-0.0144,-3.6426735218509e-05,0.00018745501285347046
0.95,0.85,12.0,0.31,0.41,20.834922585183012,0.9,0.02981707477894791,0.0724,-0.0144,-3.6426735218509e-05,0.00018745501285347046
0.95,0.85,14.0,0.31,0.41,20.834922585183012,0.9,0.02981707477894791,0.0724,-0.0144,-3.6426735218509e-05,0.00018745501285347046
0.95,0.85,16.0,0.31,0.41,20.834922585183012,0.9,0.02981707477894791,0.0724,-0.0144,-3.6426735218509e-05,0.00018745501285347046
0.95,0.85,18.0,0.31,0.41,20.834922585183012,0.9,0.02981707477894791,0.0724,-0.0144,-3.6426735218509e-05,0.00018745501285347046
0.95,0.85,20.0,0.31,0.41,20.834922585183012,0.9,0.02981707477894791,0.0724,-0.0144,-3.6426735218509e-05,0.00018745501285347046
0.95,0.9,,0.31,0.41,20.834922585183012,0.9,0.02981707477894791,0.0724,-0.0144,-3.6426735218509e-05,0.00018745501285347046
0.95,0.9,2.0,0.31,0.41,20.834922585183012,0.9,0.02981707477894791,0.0724,-0.0144,-3.6426735218509e-05,0.00018745501285347046
0.95,0.9,4.0,0.31,0.41,20.834922585183012,0.9,0.02981707477894791,0.0724,-0.0144,-3.6426735218509e-05,0.00018745501285347046
0.95,0.9,6.0,0.31,0.41,20.834922585183012,0.9,0.02981707477894791,0.0724,-0.0144,-3.6426735218509e-05,0.00018745501285347046
0.95,0.9,8.0,0.31,0.41,20.834922585183012,0.9,0.02981707477894791,0.0724,-0.0144,-3.6426735218509e-05,0.00018745501285347046
0.95,0.9,10.0,0.31,0.41,20.834922585183012,0.9,0.02981707477894791,0.0724,-0.0144,-3.6426735218509e-05,0.00018745501285347046
0.95,0.9,12.0,0.31,0.41,20.834922585183012,0.9,0.02981707477894791,0.0724,-0.0144,-3.6426735218509e-05,0.00018745501285347046
0.95,0.9,14.0,0.31,0.41,20.834922585183012,0.9,0.02981707477894791,0.0724,-0.0144,-3.6426735218509e-05,0.00018745501285347046
0.95,0.9,16.0,0.31,0.41,20.834922585183012,0.9,0.02981707477894791,0.0724,-0.0144,-3.6426735218509e-05,0.00018745501285347046
0.95,0.9,18.0,0.31,0.41,20.834922585183012,0.9,0.02981707477894791,0.0724,-0.0144,-3.6426735218509e-05,0.00018745501285347046
0.95,0.9,20.0,0.31,0.41,20.834922585183012,0.9,0.02981707477894791,0.0724,-0.0144,-3.6426735218509e-05,0.00018745501285347046
0.95,0.95,,0.31,0.41,20.834922585183012,0.9,0.02981707477894791,0.0724,-0.0144,-3.6426735218509e-05,0.00018745501285347046
0.95,0.95,2.0,0.31,0.41,20.834922585183012,0.9,0.02981707477894791,0.0724,-0.0144,-3.6426735218509e-05,0.00018745501285347046
0.95,0.95,4.0,0.31,0.41,20.834922585183012,0.9,0.02981707477894791,0.0724,-0.0144,-3.6426735218509e-05,0.00018745501285347046
0.95,0.95,6.0,0.31,0.41,20.834922585183012,0.9,0.02981707477894791,0.0724,-0.0144,-3.6426735218509e-05,0.00018745501285347046
0.95,0.95,8.0,0.31,0.41,20.834922585183012,0.9,0.02981707477894791,0.0724,-0.0144,-3.6426735218509e-05,0.00018745501285347046
0.95,0.95,10.0,0.31,0.41,20.834922585183012,0.9,0.02981707477894791,0.0724,-0.0144,-3.6426735218509e-05,0.00018745501285347046
0.95,0.95,12.0,0.31,0.41,20.834922585183012,0.9,0.02981707477894791,0.0724,-0.0144,-3.6426735218509e-05,0.00018745501285347046
0.95,0.95,14.0,0.31,0.41,20.834922585183012,0.9,0.02981707477894791,0.0724,-0.0144,-3.6426735218509e-05,0.00018745501285347046
0.95,0.95,16.0,0.31,0.41,20.834922585183012,0.9,0.02981707477894791,0.0724,-0.0144,-3.6426735218509e-05,0.00018745501285347046
0.95,0.95,18.0,0.31,0.41,20.834922585183012,0.9,0.02981707477894791,0.0724,-0.0144,-3.6426735218509e-05,0.00018745501285347046
0.95,0.95,20.0,0.31,0.41,20.834922585183012,0.9,0.02981707477894791,0.0724,-0.0144,-3.6426735218509e-05,0.00018745501285347046
0.95,1.0,,0.31,0.41,20.834922585183012,0.9,0.02981707477894791,0.0724,-0.0144,-3.6426735218509e-05,0.00018745501285347046
0.95,1.0,2.0,0.31,0.41,20.834922585183012,0.9,0.02981707477894791,0.0724,-0.0144,-3.6426735218509e-05,0.00018745501285347046
0.95,1.0,4.0,0.31,0.41,20.834922585183012,0.9,0.02981707477894791,0.0724,-0.0144,-3.6426735218509e-05,0.00018745501285347046
0.95,1.0,6.0,0.31,0.41,20.834922585183012,0.9,0.02981707477894791,0.0724,-0.0144,-3.6426735218509e-05,0.00018745501285347046
0.95,1.0,8.0,0.31,0.41,20.834922585183012,0.9,0.02981707477894791,0.0724,-0.0144,-3.6426735218509e-05,0.00018745501285347046
0.95,1.0,10.0,0.31,0.41,20.834922585183012,0.9,0.02981707477894791,0.0724,-0.0144,-3.6426735218509e-05,0.00018745501285347046
0.95,1.0,12.0,0.31,0.41,20.834922585183012,0.9,0.02981707477894791,0.0724,-0.0144,-3.6426735218509e-05,0.00018745501285347046
0.95,1.0,14.0,0.31,0.41,20.834922585183012,0.9,0.02981707477894791,0.0724,-0.0144,-3.6426735218509e-05,0.00018745501285347046
0.95,1.0,16.0,0.31,0.41,20.834922585183012,0.9,0.02981707477894791,0.0724,-0.0144,-3.6426735218509e-05,0.00018745501285347046
0.95,1.0,18.0,0.31,0.41,20.834922585183012,0.9,0.02981707477894791,0.0724,-0.0144,-3.6426735218509e-05,0.00018745501285347046
0.95,1.0,20.0,0.31,0.41,20.834922585183012,0.9,0.02981707477894791,0.0724,-0.0144,-3.6426735218509e-05,0.00018745501285347046
1.0,0.1,,0.31,0.31,21.028,1.0,0.02977886931337046,,,-4.5134788189987167e-05,0.00020207958921694482
1.0,0.1,2.0,0.31,0.31,21.028,1.0,0.02977886931337046,,,-4.5134788189987167e-05,0.00020207958921694482
1.0,0.1,4.0,0.31,0.31,21.028,1.0,0.02977886931337046,,,-4.5134788189987167e-05,0.00020207958921694482
1.0,0.1,6.0,0.31,0.31,21.028,1.0,0.02977886931337046,,,-4.5134788189987167e-05,0.00020207958921694482
1.0,0.1,8.0,0.31,0.31,21.028,1.0,0.02977886931337046,,,-4.5134788189987167e-05,0.00020207958921694482
1.0,0.1,10.0,0.31,0.31,21.028,1.0,0.02977886931337046,,,-4.5134788189987167e-05,0.00020207958921694482
1.0,0.1,12.0,0.31,0.31,21.028,1.0,0.02977886931337046,,,-4.5134788189987167e-05,0.00020207958921694482
1.0,0.1,14.0,0.31,0.31,21.028,1.0,0.02977886931337046,,,-4.5134788189987167e-05,0.00020207958921694482
1.0,0.1,16.0,0.31,0.31,21.028,1.0,0.02977886931337046,,,-4.5134788189987167e-05,0.00020207958921694482
1.0,0.1,18.0,0.31,0.31,21.028,1.0,0.02977886931337046,,,-4.5134788189987167e-05,0.00020207958921694482
1.0,0.1,20.0,0.31,0.31,21.028,1.0,0.02977886931337046,,,-4.5134788189987167e-05,0.00020207958921694482
1.0,0.15,,0.31,0.31,21.028,1.0,0.02977886931337046,,,-4.5134788189987167e-05,0.00020207958921694482
1.0,0.15,2.0,0.31,0.31,21.028,1.0,0.02977886931337046,,,-4.5134788189987167e-05,0.00020207958921694482
1.0,0.15,4.0,0.31,0.31,21.028,1.0,0.02977886931337046,,,-4.5134788189987167e-05,0.00020207958921694482
1.0,0.15,6.0,0.31,0.31,21.028,1.0,0.02977886931337046,,,-4.5134788189987167e-05,0.00020207958921694482
1.0,0.15,8.0,0.31,0.31,21.028,1.0,0.02977886931337046,,,-4.5134788189987167e-05,0.00020207958921694482
1.0,0.15,10.0,0.31,0.31,21.028,1.0,0.02977886931337046,,,-4.5134788189987167e-05,0.00020207958921694482
1.0,0.15,12.0,0.31,0.31,21.028,1.0,0.02977886931337046,,,-4.5134788189987167e-05,0.00020207958921694482
1.0,0.15,14.0,0.31,0.31,21.028,1.0,0.02977886931337046,,,-4.5134788189987167e-05,0.00020207958921694482
1.0,0.15,16.0,0.31,0.31,21.028,1.0,0.02977886931337046,,,-4.5134788189987167e-05,0.00020207958921694482
1.0,0.15,18.0,0.31,0.31,21.028,1.0,0.02977886931337046,,,-4.5134788189987167e-05,0.00020207958921694482
1.0,0.15,20.0,0.31,0.31,21.028,1.0,0.02977886931337046,,,-4.5134788189987167e-05,0.00020207958921694482
1.0,0.2,,0.31,0.31,21.028,1.0,0.02977886931337046,,,-4.5134788189987167e-05,0.00020207958921694482
1.0,0.2,2.0,0.31,0.31,21.028,1.0,0.02977886931337046,,,-4.5134788189987167e-05,0.00020207958921694482
1.0,0.2,4.0,0.31,0.31,21.028,1.0,0.02977886931337046,,,-4.5134788189987167e-05,0.00020207958921694482
1.0,0.2,6.0,0.31,0.31,21.028,1.0,0.02977886931337046,,,-4.5134788189987167e-05,0.00020207958921694482
1.0,0.2,8.0,0.31,0.31,21.028,1.0,0.02977886931337046,,,-4.5134788189987167e-05,0.00020207958921694482
1.0,0.2,10.0,0.31,0.31,21.028,1.0,0.02977886931337046,,,-4.5134788189987167e-05,0.00020207958921694482
1.0,0.2,12.0,0.31,0.31,21.028,1.0,0.02977886931337046,,,-4.5134788189987167e-05,0.00020207958921694482
1.0,0.2,14.0,0.31,0.31,21.028,1.0,0.02977886931337046,,,-4.5134788189987167e-05,0.00020207958921694482
1.0,0.2,16.0,0.31,0.31,21.028,1.0,0.02977886931337046,,,-4.5134788189987167e-05,0.00020207958921694482
1.0,0.2,18.0,0.31,0.31,21.028,1.0,0.02977886931337046,,,-4.5134788189987167e-05,0.00020207958921694482
1.0,0.2,20.0,0.31,0.31,21.028,1.0,0.02977886931337046,,,-4.5134788189987167e-05,0.00020207958921694482
1.0,0.25,,0.31,0.31,21.028,1.0,0.02977886931337046,,,-4.5134788189987167e-05,0.00020207958921694482
1.0,0.25,2.0,0.31,0.31,21.028,1.0,0.02977886931337046,,,-4.5134788189987167e-05,0.00020207958921694482
1.0,0.25,4.0,0.31,0.31,21.028,1.0,0.02977886931337046,,,-4.5134788189987167e-05,0.00020207958921694482
1.0,0.25,6.0,0.31,0.31,21.028,1.0,0.02977886931337046,,,-4.5134788189987167e-05,0.00020207958921694482
1.0,0.25,8.0,0.31,0.31,21.028,1.0,0.02977886931337046,,,-4.5134788189987167e-05,0.00020207958921694482
1.0,0.25,10.0,0.31,0.31,21.028,1.0,0.02977886931337046,,,-4.5134788189987167e-05,0.00020207958921694482
1.0,0.25,12.0,0.31,0.31,21.028,1.0,0.02977886931337046,,,-4.5134788189987167e-05,0.00020207958921694482
1.0,0.25,14.0,0.31,0.31,21.028,1.0,0.02977886931337046,,,-4.5134788189987167e-05,0.00020207958921694482
1.0,0.25,16.0,0.31,0.31,21.028,1.0,0.02977886931337046,,,-4.5134788189987167e-05,0.00020207958921694482
1.0,0.25,18.0,0.31,0.31,21.028,1.0,0.02977886931337046,,,-4.5134788189987167e-05,0.00020207958921694482
1.0,0.25,20.0,0.31,0.31,21.028,1.0,0.02977886931337046,,,-4.5134788189987167e-05,0.00020207958921694482
1.0,0.3,,0.31,0.31,21.028,1.0,0.02977886931337046,,,-4.5134788189987167e-05,0.00020207958921694482
1.0,0.3,2.0,0.31,0.31,21.028,1.0,0.02977886931337046,,,-4.5134788189987167e-05,0.00020207958921694482
1.0,0.3,4.0,0.31,0.31,21.028,1.0,0.02977886931337046,,,-4.5134788189987167e-05,0.00020207958921694482
1.0,0.3,6.0,0.31,0.31,21.028,1.0,0.02977886931337046,,,-4.5134788189987167e-05,0.00020207958921694482
1.0,0.3,8.0,0.31,0.31,21.028,1.0,0.02977886931337046,,,-4.5134788189987167e-05,0.00020207958921694482
1.0,0.3,10.0,0.31,0.31,21.028,1.0,0.02977886931337046,,,-4.5134788189987167e-05,0.00020207958921694482
1.0,0.3,12.0,0.31,0.31,21.028,1.0,0.02977886931337046,,,-4.5134788189987167e-05,0.00020207958921694482
1.0,0.3,14.0,0.31,0.31,21.028,1.0,0.02977886931337046,,,-4.5134788189987167e-05,0.00020207958921694482
1.0,0.3,16.0,0.31,0.31,21.028,1.0,0.02977886931337046,,,-4.5134788189987167e-05,0.00020207958921694482
1.0,0.3,18.0,0.31,0.31,21.028,1.0,0.02977886931337046,,,-4.5134788189987167e-05,0.00020207958921694482
1.0,0.3,20.0,0.31,0.31,21.028,1.0,0.02977886931337046,,,-4.5134788189987167e-05,0.00020207958921694482
1.0,0.35,,0.31,0.31,21.028,1.0,0.02977886931337046,,,-4.5134788189987167e-05,0.00020207958921694482
1.0,0.35,2.0,0.31,0.31,21.028,1.0,0.02977886931337046,,,-4.5134788189987167e-05,0.00020207958921694482
1.0,0.35,4.0,0.31,0.31,21.028,1.0,0.02977886931337046,,,-4.5134788189987167e-05,0.00020207958921694482
1.0,0.35,6.0,0.31,0.31,21.028,1.0,0.02977886931337046,,,-4.5134788189987167e-05,0.00020207958921694482
1.0,0.35,8.0,0.31,0.31,21.028,1.0,0.02977886931337046,,,-4.5134788189987167e-05,0.00020207958921694482
1.0,0.35,10.0,0.31,0.31,21.028,1.0,0.02977886931337046,,,-4.5134788189987167e-05,0.00020207958921694482
1.0,0.35,12.0,0.31,0.31,21.028,1.0,0.02977886931337046,,,-4.5134788189987167e-05,0.00020207958921694482
1.0,0.35,14.0,0.31,0.31,21.028,1.0,0.02977886931337046,,,-4.5134788189987167e-05,0.00020207958921694482
1.0,0.35,16.0,0.31,0.31,21.028,1.0,0.02977886931337046,,,-4.5134788189987167e-05,0.00020207958921694482
1.0,0.35,18.0,0.31,0.31,21.028,1.0,0.02977886931337046,,,-4.5134788189987167e-05,0.00020207958921694482
1.0,0.35,20.0,0.31,0.31,21.028,1.0,0.02977886931337046,,,-4.5134788189987167e-05,0.00020207958921694482
1.0,0.4,,0.31,0.31,21.028,1.0,0.02977886931337046,,,-4.5134788189987167e-05,0.00020207958921694482
1.0,0.4,2.0,0.31,0.31,21.028,1.0,0.02977886931337046,,,-4.5134788189987167e-05,0.00020207958921694482
1.0,0.4,4.0,0.31,0.31,21.028,1.0,0.02977886931337046,,,-4.5134788189987167e-05,0.00020207958921694482
1.0,0.4,6.0,0.31,0.31,21.028,1.0,0.02977886931337046,,,-4.5134788189987167e-05,0.00020207958921694482
1.0,0.4,8.0,0.31,0.31,21.028,1.0,0.02977886931337046,,,-4.5134788189987167e-05,0.00020207958921694482
1.0,0.4,10.0,0.31,0.31,21.028,1.0,0.02977886931337046,,,-4.5134788189987167e-05,0.00020207958921694482
1.0,0.4,12.0,0.31,0.31,21.028,1.0,0.02977886931337046,,,-4.5134788189987167e-05,0.00020207958921694482
1.0,0.4,14.0,0.31,0.31,21.028,1.0,0.02977886931337046,,,-4.5134788189987167e-05,0.00020207958921694482
1.0,0.4,16.0,0.31,0.31,21.028,1.0,0.02977886931337046,,,-4.5134788189987167e-05,0.00020207958921694482
1.0,0.4,18.0,0.31,0.31,21.028,1.0,0.02977886931337046,,,-4.5134788189987167e-05,0.00020207958921694482
1.0,0.4,20.0,0.31,0.31,21.028,1.0,0.02977886931337046,,,-4.5134788189987167e-05,0.00020207958921694482
1.0,0.45,,0.31,0.31,21.028,1.0,0.02977886931337046,,,-4.5134788189987167e-05,0.00020207958921694482
1.0,0.45,2.0,0.31,0.31,21.028,1.0,0.02977886931337046,,,-4.5134788189987167e-05,0.00020207958921694482
1.0,0.45,4.0,0.31,0.31,21.028,1.0,0.02977886931337046,,,-4.5134788189987167e-05,0.00020207958921694482
1.0,0.45,6.0,0.31,0.31,21.028,1.0,0.02977886931337046,,,-4.5134788189987167e-05,0.00020207958921694482
1.0,0.45,8.0,0.31,0.31,21.028,1.0,0.02977886931337046,,,-4.5134788189987167e-05,0.00020207958921694482
1.0,0.45,10.0,0.31,0.31,21.028,1.0,0.02977886931337046,,,-4.5134788189987167e-05,0.00020207958921694482
1.0,0.45,12.0,0.31,0.31,21.028,1.0,0.02977886931337046,,,-4.5134788189987167e-05,0.00020207958921694482
1.0,0.45,14.0,0.31,0.31,21.028,1.0,0.02977886931337046,,,-4.5134788189987167e-05,0.00020207958921694482
1.0,0.45,16.0,0.31,0.31,21.028,1.0,0.02977886931337046,,,-4.5134788189987167e-05,0.00020207958921694482
1.0,0.45,18.0,0.31,0.31,21.028,1.0,0.02977886931337046,,,-4.5134788189987167e-05,0.00020207958921694482
1.0,0.45,20.0,0.31,0.31,21.028,1.0,0.02977886931337046,,,-4.5134788189987167e-05,0.00020207958921694482
1.0,0.5,,0.31,0.31,21.028,1.0,0.02977886931337046,,,-4.5134788189987167e-05,0.00020207958921694482
1.0,0.5,2.0,0.31,0.31,21.028,1.0,0.02977886931337046,,,-4.5134788189987167e-05,0.00020207958921694482
1.0,0.5,4.0,0.31,0.31,21.028,1.0,0.02977886931337046,,,-4.5134788189987167e-05,0.00020207958921694482
1.0,0.5,6.0,0.31,0.31,21.028,1.0,0.02977886931337046,,,-4.5134788189987167e-05,0.00020207958921694482
1.0,0.5,8.0,0.31,0.31,21.028,1.0,0.02977886931337046,,,-4.5134788189987167e-05,0.00020207958921694482
1.0,0.5,10.0,0.31,0.31,21.028,1.0,0.02977886931337046,,,-4.5134788189987167e-05,0.00020207958921694482
1.0,0.5,12.0,0.31,0.31,21.028,1.0,0.02977886931337046,,,-4.5134788189987167e-05,0.00020207958921694482
1.0,0.5,14.0,0.31,0.31,21.028,1.0,0.02977886931337046,,,-4.5134788189987167e-05,0.00020207958921694482
1.0,0.5,16.0,0.31,0.31,21.028,1.0,0.02977886931337046,,,-4.5134788189987167e-05,0.00020207958921694482
1.0,0.5,18.0,0.31,0.31,21.028,1.0,0.02977886931337046,,,-4.5134788189987167e-05,0.00020207958921694482
1.0,0.5,20.0,0.31,0.31,21.028,1.0,0.02977886931337046,,,-4.5134788189987167e-05,0.00020207958921694482
1.0,0.55,,0.31,0.31,21.028,1.0,0.02977886931337046,,,-4.5134788189987167e-05,0.00020207958921694482
1.0,0.55,2.0,0.31,0.31,21.028,1.0,0.02977886931337046,,,-4.5134788189987167e-05,0.00020207958921694482
1.0,0.55,4.0,0.31,0.31,21.028,1.0,0.02977886931337046,,,-4.5134788189987167e-05,0.00020207958921694482
1.0,0.55,6.0,0.31,0.31,21.028,1.0,0.02977886931337046,,,-4.5134788189987167e-05,0.00020207958921694482
1.0,0.55,8.0,0.31,0.31,21.028,1.0,0.02977886931337046,,,-4.5134788189987167e-05,0.00020207958921694482
1.0,0.55,10.0,0.31,0.31,21.028,1.0,0.02977886931337046,,,-4.5134788189987167e-05,0.00020207958921694482
1.0,0.55,12.0,0.31,0.31,21.028,1.0,0.02977886931337046,,,-4.5134788189987167e-05,0.00020207958921694482
1.0,0.55,14.0,0.31,0.31,21.028,1.0,0.02977886931337046,,,-4.5134788189987167e-05,0.00020207958921694482
1.0,0.55,16.0,0.31,0.31,21.028,1.0,0.02977886931337046,,,-4.5134788189987167e-05,0.00020207958921694482
1.0,0.55,18.0,0.31,0.31,21.028,1.0,0.02977886931337046,,,-4.5134788189987167e-05,0.00020207958921694482
1.0,0.55,20.0,0.31,0.31,21.028,1.0,0.02977886931337046,,,-4.5134788189987167e-05,0.00020207958921694482
1.0,0.6,,0.31,0.31,21.028,1.0,0.02977886931337046,,,-4.5134788189987167e-05,0.00020207958921694482
1.0,0.6,2.0,0.31,0.31,21.028,1.0,0.02977886931337046,,,-4.5134788189987167e-05,0.00020207958921694482
1.0,0.6,4.0,0.31,0.31,21.028,1.0,0.02977886931337046,,,-4.5134788189987167e-05,0.00020207958921694482
1.0,0.6,6.0,0.31,0.31,21.028,1.0,0.02977886931337046,,,-4.5134788189987167e-05,0.00020207958921694482
1.0,0.6,8.0,0.31,0.31,21.028,1.0,0.02977886931337046,,,-4.5134788189987167e-05,0.00020207958921694482
1.0,0.6,10.0,0.31,0.31,21.028,1.0,0.02977886931337046,,,-4.5134788189987167e-05,0.00020207958921694482
1.0,0.6,12.0,0.31,0.31,21.028,1.0,0.02977886931337046,,,-4.5134788189987167e-05,0.00020207958921694482
1.0,0.6,14.0,0.31,0.31,21.028,1.0,0.02977886931337046,,,-4.5134788189987167e-05,0.00020207958921694482
1.0,0.6,16.0,0.31,0.31,21.028,1.0,0.02977886931337046,,,-4.5134788189987167e-05,0.00020207958921694482
1.0,0.6,18.0,0.31,0.31,21.028,1.0,0.02977886931337046,,,-4.5134788189987167e-05,0.00020207958921694482
1.0,0.6,20.0,0.31,0.31,21.028,1.0,0.02977886931337046,,,-4.5134788189987167e-05,0.00020207958921694482
1.0,0.65,,0.31,0.31,21.028,1.0,0.02977886931337046,,,-4.5134788189987167e-05,0.00020207958921694482
1.0,0.65,2.0,0.31,0.31,21.028,1.0,0.02977886931337046,,,-4.5134788189987167e-05,0.00020207958921694482
1.0,0.65,4.0,0.31,0.31,21.028,1.0,0.02977886931337046,,,-4.5134788189987167e-05,0.00020207958921694482
1.0,0.65,6.0,0.31,0.31,21.028,1.0,0.02977886931337046,,,-4.5134788189987167e-05,0.00020207958921694482
1.0,0.65,8.0,0.31,0.31,21.028,1.0,0.02977886931337046,,,-4.5134788189987167e-05,0.00020207958921694482
1.0,0.65,10.0,0.31,0.31,21.028,1.0,0.02977886931337046,,,-4.5134788189987167e-05,0.00020207958921694482
1.0,0.65,12.0,0.31,0.31,21.028,1.0,0.02977886931337046,,,-4.5134788189987167e-05,0.00020207958921694482
1.0,0.65,14.0,0.31,0.31,21.028,1.0,0.02977886931337046,,,-4.5134788189987167e-05,0.00020207958921694482
1.0,0.65,16.0,0.31,0.31,21.028,1.0,0.02977886931337046,,,-4.5134788189987167e-05,0.00020207958921694482
1.0,0.65,18.0,0.31,0.31,21.028,1.0,0.02977886931337046,,,-4.5134788189987167e-05,0.00020207958921694482
1.0,0.65,20.0,0.31,0.31,21.028,1.0,0.02977886931337046,,,-4.5134788189987167e-05,0.00020207958921694482
1.0,0.7,,0.31,0.31,21.028,1.0,0.02977886931337046,,,-4.5134788189987167e-05,0.00020207958921694482
1.0,0.7,2.0,0.31,0.31,21.028,1.0,0.02977886931337046,,,-4.5134788189987167e-05,0.00020207958921694482
1.0,0.7,4.0,0.31,0.31,21.028,1.0,0.02977886931337046,,,-4.5134788189987167e-05,0.00020207958921694482
1.0,0.7,6.0,0.31,0.31,21.028,1.0,0.02977886931337046,,,-4.5134788189987167e-05,0.00020207958921694482
1.0,0.7,8.0,0.31,0.31,21.028,1.0,0.02977886931337046,,,-4.5134788189987167e-05,0.00020207958921694482
1.0,0.7,10.0,0.31,0.31,21.028,1.0,0.02977886931337046,,,-4.5134788189987167e-05,0.00020207958921694482
1.0,0.7,12.0,0.31,0.31,21.028,1.0,0.02977886931337046,,,-4.5134788189987167e-05,0.00020207958921694482
1.0,0.7,14.0,0.31,0.31,21.028,1.0,0.02977886931337046,,,-4.5134788189987167e-05,0.00020207958921694482
1.0,0.7,16.0,0.31,0.31,21.028,1.0,0.02977886931337046,,,-4.5134788189987167e-05,0.00020207958921694482
1.0,0.7,18.0,0.31,0.31,21.028,1.0,0.02977886931337046,,,-4.5134788189987167e-05,0.00020207958921694482
1.0,0.7,20.0,0.31,0.31,21.028,1.0,0.02977886931337046,,,-4.5134788189987167e-05,0.00020207958921694482
1.0,0.75,,0.31,0.31,21.028,1.0,0.02977886931337046,,,-4.5134788189987167e-05,0.00020207958921694482
1.0,0.75,2.0,0.31,0.31,21.028,1.0,0.02977886931337046,,,-4.5134788189987167e-05,0.00020207958921694482
1.0,0.75,4.0,0.31,0.31,21.028,1.0,0.02977886931337046,,,-4.5134788189987167e-05,0.00020207958921694482
1.0,0.75,6.0,0.31,0.31,21.028,1.0,0.02977886931337046,,,-4.5134788189987167e-05,0.00020207958921694482
1.0,0.75,8.0,0.31,0.31,21.028,1.0,0.02977886931337046,,,-4.5134788189987167e-05,0.00020207958921694482
1.0,0.75,10.0,0.31,0.31,21.028,1.0,0.02977886931337046,,,-4.5134788189987167e-05,0.00020207958921694482
1.0,0.75,12.0,0.31,0.31,21.028,1.0,0.02977886931337046,,,-4.5134788189987167e-05,0.00020207958921694482
1.0,0.75,14.0,0.31,0.31,21.028,1.0,0.02977886931337046,,,-4.5134788189987167e-05,0.00020207958921694482
1.0,0.75,16.0,0.31,0.31,21.028,1.0,0.02977886931337046,,,-4.5134788189987167e-05,0.00020207958921694482
1.0,0.75,18.0,0.31,0.31,21.028,1.0,0.02977886931337046,,,-4.5134788189987167e-05,0.00020207958921694482
1.0,0.75,20.0,0.31,0.31,21.028,1.0,0.02977886931337046,,,-4.5134788189987167e-05,0.00020207958921694482
1.0,0.8,,0.31,0.31,21.028,1.0,0.02977886931337046,,,-4.5134788189987167e-05,0.00020207958921694482
1.0,0.8,2.0,0.31,0.31,21.028,1.0,0.02977886931337046,,,-4.5134788189987167e-05,0.00020207958921694482
1.0,0.8,4.0,0.31,0.31,21.028,1.0,0.02977886931337046,,,-4.5134788189987167e-05,0.00020207958921694482
1.0,0.8,6.0,0.31,0.31,21.028,1.0,0.02977886931337046,,,-4.5134788189987167e-05,0.00020207958921694482
1.0,0.8,8.0,0.31,0.31,21.028,1.0,0.02977886931337046,,,-4.5134788189987167e-05,0.00020207958921694482
1.0,0.8,10.0,0.31,0.31,21.028,1.0,0.02977886931337046,,,-4.5134788189987167e-05,0.00020207958921694482
1.0,0.8,12.0,0.31,0.31,21.028,1.0,0.02977886931337046,,,-4.5134788189987167e-05,0.00020207958921694482
1.0,0.8,14.0,0.31,0.31,21.028,1.0,0.02977886931337046,,,-4.5134788189987167e-05,0.00020207958921694482
1.0,0.8,16.0,0.31,0.31,21.028,1.0,0.02977886931337046,,,-4.5134788189987167e-05,0.00020207958921694482
1.0,0.8,18.0,0.31,0.31,21.028,1.0,0.02977886931337046,,,-4.5134788189987167e-05,0.00020207958921694482
1.0,0.8,20.0,0.31,0.31,21.028,1.0,0.02977886931337046,,,-4.5134788189987167e-05,0.00020207958921694482
1.0,0.85,,0.31,0.31,21.028,1.0,0.02977886931337046,,,-4.5134788189987167e-05,0.00020207958921694482
1.0,0.85,2.0,0.31,0.31,21.028,1.0,0.02977886931337046,,,-4.5134788189987167e-05,0.00020207958921694482
1.0,0.85,4.0,0.31,0.31,21.028,1.0,0.02977886931337046,,,-4.5134788189987167e-05,0.00020207958921694482
1.0,0.85,6.0,0.31,0.31,21.028,1.0,0.02977886931337046,,,-4.5134788189987167e-05,0.00020207958921694482
1.0,0.85,8.0,0.31,0.31,21.028,1.0,0.02977886931337046,,,-4.5134788189987167e-05,0.00020207958921694482
1.0,0.85,10.0,0.31,0.31,21.028,1.0,0.02977886931337046,,,-4.5134788189987167e-05,0.00020207958921694482
1.0,0.85,12.0,0.31,0.31,21.028,1.0,0.02977886931337046,,,-4.5134788189987167e-05,0.00020207958921694482
1.0,0.85,14.0,0.31,0.31,21.028,1.0,0.02977886931337046,,,-4.5134788189987167e-05,0.00020207958921694482
1.0,0.85,16.0,0.31,0.31,21.028,1.0,0.02977886931337046,,,-4.5134788189987167e-05,0.00020207958921694482
1.0,0.85,18.0,0.31,0.31,21.028,1.0,0.02977886931337046,,,-4.5134788189987167e-05,0.00020207958921694482
1.0,0.85,20.0,0.31,0.31,21.028,1.0,0.02977886931337046,,,-4.5134788189987167e-05,0.00020207958921694482
1.0,0.9,,0.31,0.31,21.028,1.0,0.02977886931337046,,,-4.5134788189987167e-05,0.00020207958921694482
1.0,0.9,2.0,0.31,0.31,21.028,1.0,0.02977886931337046,,,-4.5134788189987167e-05,0.00020207958921694482
1.0,0.9,4.0,0.31,0.31,21.028,1.0,0.02977886931337046,,,-4.5134788189987167e-05,0.00020207958921694482
1.0,0.9,6.0,0.31,0.31,21.028,1.0,0.02977886931337046,,,-4.5134788189987167e-05,0.00020207958921694482
1.0,0.9,8.0,0.31,0.31,21.028,1.0,0.02977886931337046,,,-4.5134788189987167e-05,0.00020207958921694482
1.0,0.9,10.0,0.31,0.31,21.028,1.0,0.02977886931337046,,,-4.5134788189987167e-05,0.00020207958921694482
1.0,0.9,12.0,0.31,0.31,21.028,1.0,0.02977886931337046,,,-4.5134788189987167e-05,0.00020207958921694482
1.0,0.9,14.0,0.31,0.31,21.028,1.0,0.02977886931337046,,,-4.5134788189987167e-05,0.00020207958921694482
1.0,0.9,16.0,0.31,0.31,21.028,1.0,0.02977886931337046,,,-4.5134788189987167e-05,0.00020207958921694482
1.0,0.9,18.0,0.31,0.31,21.028,1.0,0.02977886931337046,,,-4.5134788189987167e-05,0.00020207958921694482
1.0,0.9,20.0,0.31,0.31,21.028,1.0,0.02977886931337046,,,-4.5134788189987167e-05,0.00020207958921694482
1.0,0.95,,0.31,0.31,21.028,1.0,0.02977886931337046,,,-4.5134788189987167e-05,0.00020207958921694482
1.0,0.95,2.0,0.31,0.31,21.028,1.0,0.02977886931337046,,,-4.5134788189987167e-05,0.00020207958921694482
1.0,0.95,4.0,0.31,0.31,21.028,1.0,0.02977886931337046,,,-4.5134788189987167e-05,0.00020207958921694482
1.0,0.95,6.0,0.31,0.31,21.028,1.0,0.02977886931337046,,,-4.5134788189987167e-05,0.00020207958921694482
1.0,0.95,8.0,0.31,0.31,21.028,1.0,0.02977886931337046,,,-4.5134788189987167e-05,0.00020207958921694482
1.0,0.95,10.0,0.31,0.31,21.028,1.0,0.02977886931337046,,,-4.5134788189987167e-05,0.00020207958921694482
1.0,0.95,12.0,0.31,0.31,21.028,1.0,0.02977886931337046,,,-4.5134788189987167e-05,0.00020207958921694482
1.0,0.95,14.0,0.31,0.31,21.028,1.0,0.02977886931337046,,,-4.5134788189987167e-05,0.00020207958921694482
1.0,0.95,16.0,0.31,0.31,21.028,1.0,0.02977886931337046,,,-4.5134788189987167e-05,0.00020207958921694482
1.0,0.95,18.0,0.31,0.31,21.028,1.0,0.02977886931337046,,,-4.5134788189987167e-05,0.00020207958921694482
1.0,0.95,20.0,0.31,0.31,21.028,1.0,0.02977886931337046,,,-4.5134788189987167e-05,0.00020207958921694482
1.0,1.0,,0.31,0.31,21.028,1.0,0.02977886931337046,,,-4.5134788189987167e-05,0.00020207958921694482
1.0,1.0,2.0,0.31,0.31,21.028,1.0,0.02977886931337046,,,-4.5134788189987167e-05,0.00020207958921694482
1.0,1.0,4.0,0.31,0.31,21.028,1.0,0.02977886931337046,,,-4.5134788189987167e-05,0.00020207958921694482
1.0,1.0,6.0,0.31,0.31,21.028,1.0,0.02977886931337046,,,-4.5134788189987167e-05,0.00020207958921694482
1.0,1.0,8.0,0.31,0.31,21.028,1.0,0.02977886931337046,,,-4.5134788189987167e-05,0.00020207958921694482
1.0,1.0,10.0,0.31,0.31,21.028,1.0,0.02977886931337046,,,-4.5134788189987167e-05,0.00020207958921694482
1.0,1.0,12.0,0.31,0.31,21.028,1.0,0.02977886931337046,,,-4.5134788189987167e-05,0.00020207958921694482
1.0,1.0,14.0,0.31,0.31,21.028,1.0,0.02977886931337046,,,-4.5134788189987167e-05,0.00020207958921694482
1.0,1.0,16.0,0.31,0.31,21.028,1.0,0.02977886931337046,,,-4.5134788189987167e-05,0.00020207958921694482
1.0,1.0,18.0,0.31,0.31,21.028,1.0,0.02977886931337046,,,-4.5134788189987167e-05,0.00020207958921694482
1.0,1.0,20.0,0.31,0.31,21.028,1.0,0.02977886931337046,,,-4.5134788189987167e-05,0.00020207958921694482
