scene,frame,reset,tier,tier_name,n_gt,fresh_f1,reuse_f1,f1_gap,fresh_miou,reuse_miou,miou_gap,fresh_ms,reuse_ms,speedup,total_voxels,direct_voxels,jacobian_voxels,vfe_voxels,direct_fraction,jacobian_fraction,vfe_fraction,routed_fraction,point_reuse_fraction,mean_coverage,mean_purity
scene-0061,0,1,3,direct,77,0.125,0.125,0.0,0.5051,0.5051,0.0,148.51,158.59,0.936,43697,0,0,43697,0.0,0.0,1.0,0.0,0.0,0.0,0.0
scene-0061,1,0,3,direct,77,0.1333,0.0971,0.0362,0.6023,0.412,0.1902,193.57,84.18,2.299,39909,20799,0,19110,0.5212,0.0,0.4788,0.5212,0.7714,0.7082,0.6401
scene-0061,2,0,3,direct,85,0.1,0.0672,0.0328,0.5681,0.4186,0.1495,194.8,78.29,2.488,40808,13898,0,26910,0.3406,0.0,0.6594,0.3406,0.7999,0.5023,0.4873
scene-0061,3,0,3,direct,85,0.069,0.0517,0.0172,0.6201,0.5623,0.0578,184.89,69.5,2.661,39793,14381,0,25412,0.3614,0.0,0.6386,0.3614,0.7974,0.4952,0.4839
scene-0061,4,0,3,direct,85,0.1197,0.0862,0.0335,0.5169,0.4997,0.0172,192.6,80.74,2.385,39715,13958,0,25757,0.3515,0.0,0.6485,0.3515,0.7964,0.5055,0.4863
scene-0061,5,1,3,direct,93,0.0746,0.0746,0.0,0.5658,0.5658,0.0,191.65,192.07,0.998,48341,0,0,48341,0.0,0.0,1.0,0.0,0.0,0.0,0.0
scene-0061,6,0,3,direct,93,0.082,0.065,0.0169,0.6572,0.6261,0.0312,190.79,78.86,2.419,35754,19384,0,16370,0.5421,0.0,0.4579,0.5421,0.8162,0.7903,0.6915
scene-0061,7,0,3,direct,93,0.112,0.0813,0.0307,0.5589,0.5008,0.0582,183.5,69.61,2.636,34849,10613,0,24236,0.3045,0.0,0.6955,0.3045,0.8081,0.4933,0.4597
scene-0061,8,0,3,direct,102,0.1045,0.093,0.0115,0.5054,0.4616,0.0439,184.31,69.21,2.663,33213,10513,0,22700,0.3165,0.0,0.6835,0.3165,0.8086,0.5029,0.468
scene-0061,9,0,3,direct,102,0.1111,0.0763,0.0348,0.571,0.482,0.089,186.97,78.57,2.38,32849,11098,0,21751,0.3378,0.0,0.6622,0.3378,0.817,0.4965,0.4727
scene-0061,10,1,3,direct,102,0.0889,0.0889,0.0,0.5461,0.5461,0.0,190.79,191.93,0.994,41544,0,0,41544,0.0,0.0,1.0,0.0,0.0,0.0,0.0
scene-0061,11,0,3,direct,102,0.0714,0.073,-0.0016,0.6311,0.4929,0.1382,189.81,80.87,2.347,34569,16775,0,17794,0.4853,0.0,0.5147,0.4853,0.8165,0.7441,0.6365
scene-0061,12,0,3,direct,109,0.0839,0.0845,-0.0006,0.7087,0.659,0.0496,197.21,77.35,2.549,35164,11692,0,23472,0.3325,0.0,0.6675,0.3325,0.8106,0.5027,0.4752
scene-0061,13,0,3,direct,109,0.0811,0.1007,-0.0196,0.6256,0.5339,0.0916,198.32,80.87,2.452,36537,11657,0,24880,0.319,0.0,0.681,0.319,0.8283,0.5075,0.4796
scene-0061,14,0,3,direct,109,0.0764,0.0676,0.0089,0.569,0.6366,-0.0675,195.0,79.24,2.461,37475,13572,0,23903,0.3622,0.0,0.6378,0.3622,0.8207,0.5113,0.4923
scene-0061,15,1,3,direct,117,0.0645,0.0645,0.0,0.6733,0.6733,0.0,194.85,196.42,0.992,47789,0,0,47789,0.0,0.0,1.0,0.0,0.0,0.0,0.0
scene-0061,16,0,3,direct,117,0.0667,0.0541,0.0126,0.5961,0.6007,-0.0047,196.29,81.74,2.401,37015,20099,0,16916,0.543,0.0,0.457,0.543,0.8423,0.7962,0.6973
scene-0061,17,0,3,direct,117,0.1013,0.094,0.0073,0.6045,0.615,-0.0105,194.9,82.9,2.351,39053,12247,0,26806,0.3136,0.0,0.6864,0.3136,0.8301,0.5098,0.4774
scene-0061,18,0,3,direct,119,0.0988,0.0909,0.0079,0.6292,0.6082,0.0209,193.24,77.65,2.489,38283,12960,0,25323,0.3385,0.0,0.6615,0.3385,0.8301,0.5234,0.4987
scene-0061,19,0,3,direct,119,0.0755,0.0779,-0.0025,0.6971,0.6748,0.0223,195.2,79.58,2.453,39923,13834,0,26089,0.3465,0.0,0.6535,0.3465,0.8338,0.5237,0.5032
scene-0061,20,1,3,direct,123,0.0925,0.0925,0.0,0.6087,0.6087,0.0,196.05,194.52,1.008,49429,0,0,49429,0.0,0.0,1.0,0.0,0.0,0.0,0.0
scene-0061,21,0,3,direct,123,0.069,0.0875,-0.0185,0.6747,0.5562,0.1184,194.82,77.19,2.524,37913,20877,0,17036,0.5507,0.0,0.4493,0.5507,0.8482,0.802,0.7031
scene-0061,22,0,3,direct,123,0.0994,0.1119,-0.0125,0.6476,0.6145,0.0331,198.44,80.34,2.47,38544,12530,0,26014,0.3251,0.0,0.6749,0.3251,0.8319,0.4966,0.473
scene-0061,23,0,3,direct,126,0.0988,0.0933,0.0054,0.6176,0.6262,-0.0086,193.69,78.5,2.467,39370,12717,0,26653,0.323,0.0,0.677,0.323,0.8342,0.5099,0.4824
scene-0061,24,0,3,direct,126,0.0755,0.1039,-0.0284,0.6705,0.6441,0.0265,195.32,81.52,2.396,39103,13398,0,25705,0.3426,0.0,0.6574,0.3426,0.834,0.5124,0.4871
scene-0061,25,1,3,direct,128,0.1065,0.1065,0.0,0.618,0.618,0.0,193.36,190.05,1.017,49719,0,0,49719,0.0,0.0,1.0,0.0,0.0,0.0,0.0
scene-0061,26,0,3,direct,128,0.0875,0.0755,0.012,0.6894,0.691,-0.0016,192.22,80.01,2.403,37491,20523,0,16968,0.5474,0.0,0.4526,0.5474,0.8502,0.7806,0.6926
scene-0061,27,0,3,direct,135,0.1091,0.0833,0.0258,0.5994,0.7148,-0.1154,191.91,77.55,2.475,38107,13100,0,25007,0.3438,0.0,0.6562,0.3438,0.8277,0.5077,0.4883
scene-0061,28,0,3,direct,135,0.097,0.0838,0.0131,0.521,0.5429,-0.0219,191.03,79.68,2.397,39461,12561,0,26900,0.3183,0.0,0.6817,0.3183,0.829,0.4907,0.4633
scene-0061,29,0,3,direct,135,0.0936,0.0838,0.0097,0.5646,0.5766,-0.012,191.03,77.11,2.477,39959,12982,0,26977,0.3249,0.0,0.6751,0.3249,0.8253,0.4937,0.4689
scene-0061,30,1,3,direct,136,0.1006,0.1006,0.0,0.6834,0.6834,0.0,189.01,189.88,0.995,49293,0,0,49293,0.0,0.0,1.0,0.0,0.0,0.0,0.0
scene-0061,31,0,3,direct,136,0.093,0.0947,-0.0017,0.6654,0.5321,0.1333,181.86,72.14,2.521,37596,18506,0,19090,0.4922,0.0,0.5078,0.4922,0.8428,0.7394,0.6406
scene-0061,32,0,3,direct,140,0.1065,0.0814,0.0251,0.4676,0.5049,-0.0373,189.05,73.88,2.559,38201,12001,0,26200,0.3142,0.0,0.6858,0.3142,0.8323,0.4849,0.4548
scene-0061,33,0,3,direct,140,0.0706,0.071,-0.0004,0.6732,0.633,0.0401,186.67,71.8,2.6,41364,13048,0,28316,0.3154,0.0,0.6846,0.3154,0.8244,0.4811,0.4485
scene-0061,34,0,3,direct,140,0.0925,0.069,0.0235,0.5779,0.5187,0.0592,191.55,73.85,2.594,40364,13977,0,26387,0.3463,0.0,0.6537,0.3463,0.836,0.5088,0.4801
scene-0061,35,1,3,direct,142,0.1196,0.1196,0.0,0.5501,0.5501,0.0,190.8,191.73,0.995,47501,0,0,47501,0.0,0.0,1.0,0.0,0.0,0.0,0.0
scene-0061,36,0,3,direct,142,0.1143,0.113,0.0013,0.6475,0.5394,0.108,193.65,76.51,2.531,40066,19193,0,20873,0.479,0.0,0.521,0.479,0.841,0.708,0.6166
scene-0061,37,0,3,direct,142,0.1143,0.1287,-0.0144,0.5449,0.5831,-0.0383,193.92,78.46,2.472,35824,13349,0,22475,0.3726,0.0,0.6274,0.3726,0.8739,0.5665,0.5303
scene-0061,38,0,3,direct,146,0.0889,0.1183,-0.0295,0.6715,0.6126,0.0589,192.07,76.88,2.498,38882,12243,0,26639,0.3149,0.0,0.6851,0.3149,0.8527,0.4864,0.4571
scene-0061,39,0,3,direct,146,0.0978,0.0994,-0.0016,0.6252,0.6216,0.0035,193.92,77.25,2.51,39315,13022,0,26293,0.3312,0.0,0.6688,0.3312,0.8528,0.5097,0.4771
scene-0061,40,1,3,direct,147,0.1263,0.1263,0.0,0.5833,0.5833,0.0,194.82,195.47,0.997,49310,0,0,49310,0.0,0.0,1.0,0.0,0.0,0.0,0.0
scene-0061,41,0,3,direct,147,0.1319,0.1209,0.011,0.5771,0.6088,-0.0317,195.11,76.94,2.536,39340,19660,0,19680,0.4997,0.0,0.5003,0.4997,0.8201,0.7238,0.6348
scene-0061,42,0,3,direct,151,0.0989,0.0663,0.0326,0.4757,0.5498,-0.0741,194.01,77.75,2.495,37413,12365,0,25048,0.3305,0.0,0.6695,0.3305,0.889,0.5018,0.4759
scene-0061,43,0,3,direct,151,0.1036,0.0761,0.0275,0.4569,0.4957,-0.0388,193.42,76.81,2.518,37153,12144,0,25009,0.3269,0.0,0.6731,0.3269,0.8843,0.51,0.4777
scene-0061,44,0,3,direct,151,0.1064,0.0745,0.0319,0.5707,0.5432,0.0276,195.1,76.54,2.549,35261,12712,0,22549,0.3605,0.0,0.6395,0.3605,0.8946,0.5638,0.525
scene-0061,45,1,3,direct,155,0.0808,0.0808,0.0,0.55,0.55,0.0,193.38,191.4,1.01,47848,0,0,47848,0.0,0.0,1.0,0.0,0.0,0.0,0.0
scene-0061,46,0,3,direct,155,0.1053,0.0833,0.0219,0.5865,0.4689,0.1176,190.54,76.03,2.506,35156,17935,0,17221,0.5102,0.0,0.4898,0.5102,0.9055,0.7623,0.6643
scene-0061,47,0,3,direct,153,0.0615,0.0909,-0.0294,0.5605,0.4247,0.1358,190.41,77.65,2.452,35265,11202,0,24063,0.3177,0.0,0.6823,0.3177,0.8887,0.51,0.4763
scene-0061,48,0,3,direct,153,0.125,0.0733,0.0517,0.4767,0.5219,-0.0453,194.14,78.09,2.486,34941,11659,0,23282,0.3337,0.0,0.6663,0.3337,0.8858,0.53,0.4945
scene-0061,49,0,3,direct,153,0.1095,0.0838,0.0257,0.5236,0.5821,-0.0585,191.94,80.32,2.39,36616,11752,0,24864,0.321,0.0,0.679,0.321,0.898,0.5146,0.4767
scene-0061,50,1,3,direct,150,0.1176,0.1176,0.0,0.5105,0.5105,0.0,180.66,194.42,0.929,43708,0,0,43708,0.0,0.0,1.0,0.0,0.0,0.0,0.0
scene-0061,51,0,3,direct,150,0.0745,0.0421,0.0324,0.4708,0.6805,-0.2096,195.12,75.23,2.594,35646,16349,0,19297,0.4586,0.0,0.5414,0.4586,0.8742,0.7071,0.6073
scene-0061,52,0,3,direct,148,0.0782,0.0678,0.0104,0.5452,0.6701,-0.1249,195.11,72.67,2.685,30648,11139,0,19509,0.3634,0.0,0.6366,0.3634,0.9113,0.5867,0.5365
scene-0061,53,0,3,direct,148,0.0749,0.0753,-0.0004,0.6777,0.678,-0.0003,189.32,76.9,2.462,33253,10872,0,22381,0.3269,0.0,0.6731,0.3269,0.8945,0.5299,0.4891
scene-0061,54,0,3,direct,148,0.0749,0.0847,-0.0098,0.6367,0.6252,0.0116,190.39,77.95,2.442,33513,10872,0,22641,0.3244,0.0,0.6756,0.3244,0.9019,0.5169,0.4768
scene-0061,55,1,3,direct,143,0.0741,0.0741,0.0,0.6607,0.6607,0.0,188.12,194.39,0.968,41964,0,0,41964,0.0,0.0,1.0,0.0,0.0,0.0,0.0
scene-0061,56,0,3,direct,143,0.0833,0.0791,0.0042,0.7123,0.6581,0.0542,188.8,77.14,2.448,33919,16053,0,17866,0.4733,0.0,0.5267,0.4733,0.8996,0.7046,0.6138
scene-0061,57,0,3,direct,135,0.0824,0.0838,-0.0015,0.7055,0.6951,0.0104,188.2,73.08,2.575,31632,10999,0,20633,0.3477,0.0,0.6523,0.3477,0.911,0.5505,0.5113
scene-0061,58,0,3,direct,135,0.0833,0.0838,-0.0005,0.7617,0.7151,0.0466,189.9,76.15,2.494,33738,11190,0,22548,0.3317,0.0,0.6683,0.3317,0.8996,0.5185,0.4801
scene-0061,59,0,3,direct,135,0.0727,0.0736,-0.0009,0.7351,0.7686,-0.0335,183.12,71.32,2.568,31224,11058,0,20166,0.3542,0.0,0.6458,0.3542,0.9172,0.555,0.5131
scene-0061,60,1,3,direct,124,0.0881,0.0881,0.0,0.7388,0.7388,0.0,192.13,191.34,1.004,43126,0,0,43126,0.0,0.0,1.0,0.0,0.0,0.0,0.0
scene-0061,61,0,3,direct,124,0.0833,0.0843,-0.001,0.7286,0.7101,0.0186,190.04,78.94,2.407,35113,16191,0,18922,0.4611,0.0,0.5389,0.4611,0.8975,0.7026,0.6044
scene-0061,62,0,3,direct,121,0.0875,0.0843,0.0032,0.7479,0.729,0.019,178.41,66.25,2.693,31241,10738,0,20503,0.3437,0.0,0.6563,0.3437,0.9303,0.5419,0.5051
scene-0061,63,0,3,direct,121,0.0864,0.0859,0.0005,0.7544,0.7131,0.0413,185.88,72.29,2.571,33911,11179,0,22732,0.3297,0.0,0.6703,0.3297,0.904,0.5254,0.4908
scene-0061,64,0,3,direct,121,0.0859,0.0848,0.001,0.7611,0.7508,0.0103,188.92,73.07,2.586,32293,11550,0,20743,0.3577,0.0,0.6423,0.3577,0.9218,0.5812,0.5302
scene-0061,65,1,3,direct,121,0.1019,0.1019,0.0,0.7034,0.7034,0.0,188.83,191.47,0.986,43179,0,0,43179,0.0,0.0,1.0,0.0,0.0,0.0,0.0
scene-0061,66,0,3,direct,121,0.1067,0.1053,0.0014,0.7295,0.6365,0.0931,194.92,75.5,2.582,30924,16825,0,14099,0.5441,0.0,0.4559,0.5441,0.9401,0.8375,0.7208
scene-0061,67,0,3,direct,121,0.1,0.1026,-0.0026,0.6947,0.6769,0.0177,193.7,78.62,2.464,34432,11688,0,22744,0.3395,0.0,0.6605,0.3395,0.9168,0.5508,0.5036
scene-0061,68,0,3,direct,122,0.0881,0.0727,0.0153,0.7462,0.7254,0.0208,191.68,78.43,2.444,34209,11869,0,22340,0.347,0.0,0.653,0.347,0.9166,0.5504,0.5031
scene-0061,69,0,3,direct,122,0.0809,0.0848,-0.0039,0.7438,0.7168,0.027,192.9,76.38,2.526,34557,12095,0,22462,0.35,0.0,0.65,0.35,0.9221,0.5649,0.5232
scene-0061,70,1,3,direct,124,0.0848,0.0848,0.0,0.7388,0.7388,0.0,185.9,190.39,0.976,43875,0,0,43875,0.0,0.0,1.0,0.0,0.0,0.0,0.0
scene-0061,71,0,3,direct,124,0.0982,0.0897,0.0084,0.6563,0.7604,-0.104,193.38,73.88,2.618,35167,15816,0,19351,0.4497,0.0,0.5503,0.4497,0.9119,0.7312,0.6228
scene-0061,72,0,3,direct,118,0.1039,0.0903,0.0136,0.6741,0.7292,-0.0551,190.69,72.71,2.623,32233,10854,0,21379,0.3367,0.0,0.6633,0.3367,0.9392,0.596,0.5426
scene-0061,73,0,3,direct,118,0.0958,0.1006,-0.0048,0.7172,0.7168,0.0004,188.79,78.32,2.41,34519,11992,0,22527,0.3474,0.0,0.6526,0.3474,0.9205,0.5756,0.5311
scene-0061,74,0,3,direct,118,0.0769,0.0759,0.001,0.7896,0.7701,0.0195,188.92,73.08,2.585,34257,13871,0,20386,0.4049,0.0,0.5951,0.4049,0.9057,0.5394,0.5135
scene-0061,75,1,3,direct,115,0.1026,0.1026,0.0,0.7329,0.7329,0.0,194.14,194.71,0.997,41218,0,0,41218,0.0,0.0,1.0,0.0,0.0,0.0,0.0
scene-0061,76,0,3,direct,115,0.1039,0.1067,-0.0028,0.7188,0.7145,0.0044,193.75,78.45,2.47,30873,19211,0,11662,0.6223,0.0,0.3777,0.6223,0.9424,0.8268,0.7611
scene-0061,77,0,3,direct,112,0.0994,0.0921,0.0073,0.6981,0.7434,-0.0453,197.23,79.64,2.477,30852,11413,0,19439,0.3699,0.0,0.6301,0.3699,0.925,0.5683,0.5313
scene-0061,78,0,3,direct,112,0.1006,0.1067,-0.006,0.7065,0.6942,0.0123,189.45,66.91,2.831,30666,11115,0,19551,0.3625,0.0,0.6375,0.3625,0.9459,0.5957,0.5432
scene-0061,79,0,3,direct,112,0.1053,0.1088,-0.0036,0.7054,0.6907,0.0146,184.97,66.74,2.771,33096,12344,0,20752,0.373,0.0,0.627,0.373,0.9345,0.5818,0.5418
scene-0061,80,1,3,direct,112,0.1046,0.1046,0.0,0.7118,0.7118,0.0,190.18,191.25,0.994,46586,0,0,46586,0.0,0.0,1.0,0.0,0.0,0.0,0.0
scene-0061,81,0,3,direct,112,0.1119,0.0933,0.0186,0.7053,0.7034,0.0019,191.41,77.66,2.465,32406,16173,0,16233,0.4991,0.0,0.5009,0.4991,0.9207,0.7577,0.6622
scene-0061,82,0,3,direct,106,0.0876,0.1022,-0.0146,0.7707,0.7628,0.0078,192.22,76.51,2.512,29791,11606,0,18185,0.3896,0.0,0.6104,0.3896,0.9597,0.6278,0.5805
scene-0061,83,0,3,direct,106,0.0902,0.0902,0.0,0.7805,0.7604,0.0201,192.53,76.77,2.508,30743,10422,0,20321,0.339,0.0,0.661,0.339,0.9454,0.5762,0.5217
scene-0061,84,0,3,direct,106,0.1014,0.1,0.0014,0.7899,0.7692,0.0207,193.23,76.7,2.519,32603,10446,0,22157,0.3204,0.0,0.6796,0.3204,0.9162,0.5233,0.483
scene-0061,85,1,3,direct,100,0.112,0.112,0.0,0.7031,0.7031,0.0,190.15,192.26,0.989,39395,0,0,39395,0.0,0.0,1.0,0.0,0.0,0.0,0.0
scene-0061,86,0,3,direct,100,0.0882,0.0902,-0.002,0.7529,0.7335,0.0194,189.44,75.73,2.502,27905,15058,0,12847,0.5396,0.0,0.4604,0.5396,0.9541,0.8333,0.7234
scene-0061,87,0,3,direct,95,0.1395,0.0945,0.045,0.5889,0.7162,-0.1273,190.45,77.18,2.468,32920,10546,0,22374,0.3204,0.0,0.6796,0.3204,0.9223,0.5317,0.4853
scene-0061,88,0,3,direct,95,0.1085,0.1069,0.0017,0.6708,0.6346,0.0363,190.72,76.71,2.486,34596,11262,0,23334,0.3255,0.0,0.6745,0.3255,0.9091,0.5237,0.4792
scene-0061,89,0,3,direct,95,0.112,0.096,0.016,0.7886,0.724,0.0646,187.36,70.8,2.646,31942,10817,0,21125,0.3386,0.0,0.6614,0.3386,0.9298,0.556,0.5078
scene-0061,90,1,3,direct,87,0.1157,0.1157,0.0,0.7653,0.7653,0.0,187.36,189.27,0.99,42305,0,0,42305,0.0,0.0,1.0,0.0,0.0,0.0,0.0
scene-0061,91,0,3,direct,87,0.1138,0.1217,-0.0079,0.7355,0.7201,0.0154,189.22,76.53,2.472,33961,15669,0,18292,0.4614,0.0,0.5386,0.4614,0.9124,0.7145,0.6189
scene-0061,92,0,3,direct,87,0.1094,0.1186,-0.0093,0.7113,0.6876,0.0237,190.08,78.09,2.434,33133,10923,0,22210,0.3297,0.0,0.6703,0.3297,0.9079,0.5359,0.4906
scene-0061,93,0,3,direct,77,0.1043,0.1143,-0.0099,0.78,0.7156,0.0644,193.32,84.92,2.277,34210,12913,0,21297,0.3775,0.0,0.6225,0.3775,0.933,0.592,0.5482
scene-0061,94,0,3,direct,77,0.1026,0.0755,0.0271,0.7614,0.7536,0.0078,183.44,71.62,2.561,33365,10420,0,22945,0.3123,0.0,0.6877,0.3123,0.9077,0.493,0.4557
scene-0103,0,1,3,direct,30,0.1111,0.1111,0.0,0.663,0.663,0.0,139.41,154.17,0.904,30861,0,0,30861,0.0,0.0,1.0,0.0,0.0,0.0,0.0
scene-0103,1,0,3,direct,30,0.129,0.0625,0.0665,0.5995,0.5546,0.0449,190.01,74.52,2.55,27609,12112,0,15497,0.4387,0.0,0.5613,0.4387,0.719,0.7579,0.629
scene-0103,2,0,3,direct,33,0.1493,0.127,0.0223,0.5463,0.4947,0.0516,187.55,68.89,2.723,29193,8526,0,20667,0.2921,0.0,0.7079,0.2921,0.7297,0.4822,0.4569
scene-0103,3,0,3,direct,33,0.1111,0.0968,0.0143,0.6374,0.5052,0.1322,191.7,75.44,2.541,30157,9426,0,20731,0.3126,0.0,0.6874,0.3126,0.7186,0.499,0.4669
scene-0103,4,0,3,direct,33,0.1333,0.1143,0.019,0.4766,0.4268,0.0498,191.94,75.92,2.528,31024,9324,0,21700,0.3005,0.0,0.6995,0.3005,0.7264,0.4761,0.4504
scene-0103,5,1,3,direct,38,0.1311,0.1311,0.0,0.6263,0.6263,0.0,192.09,188.91,1.017,39060,0,0,39060,0.0,0.0,1.0,0.0,0.0,0.0,0.0
scene-0103,6,0,3,direct,38,0.1333,0.1067,0.0267,0.5156,0.4947,0.0209,189.42,75.44,2.511,31200,15998,0,15202,0.5128,0.0,0.4872,0.5128,0.7349,0.7547,0.6594
scene-0103,7,0,3,direct,38,0.1127,0.1194,-0.0067,0.7223,0.6566,0.0657,190.03,75.41,2.52,33019,10443,0,22576,0.3163,0.0,0.6837,0.3163,0.678,0.4682,0.4507
scene-0103,8,0,3,direct,38,0.1471,0.129,0.018,0.494,0.5021,-0.0081,186.7,68.46,2.727,31842,10626,0,21216,0.3337,0.0,0.6663,0.3337,0.6918,0.4751,0.459
scene-0103,9,0,3,direct,38,0.1311,0.129,0.0021,0.6479,0.6299,0.018,183.96,68.02,2.704,31952,9349,0,22603,0.2926,0.0,0.7074,0.2926,0.6915,0.4287,0.4171
scene-0103,10,1,3,direct,43,0.1867,0.1867,0.0,0.4268,0.4268,0.0,184.02,187.55,0.981,42928,0,0,42928,0.0,0.0,1.0,0.0,0.0,0.0,0.0
scene-0103,11,0,3,direct,43,0.1212,0.1143,0.0069,0.567,0.5674,-0.0004,189.94,75.51,2.516,32079,16104,0,15975,0.502,0.0,0.498,0.502,0.6867,0.7567,0.6564
scene-0103,12,0,3,direct,44,0.1622,0.1622,0.0,0.4936,0.4684,0.0252,187.79,74.8,2.511,32927,8764,0,24163,0.2662,0.0,0.7338,0.2662,0.6863,0.3674,0.3627
scene-0103,13,0,3,direct,44,0.1867,0.169,0.0177,0.6256,0.5985,0.0271,186.8,67.78,2.756,35087,9241,0,25846,0.2634,0.0,0.7366,0.2634,0.6681,0.3568,0.3537
scene-0103,14,0,3,direct,44,0.2162,0.2162,0.0,0.6102,0.5546,0.0557,190.34,76.55,2.486,34125,9701,0,24424,0.2843,0.0,0.7157,0.2843,0.6805,0.3768,0.3652
scene-0103,15,1,3,direct,49,0.1867,0.1867,0.0,0.6533,0.6533,0.0,193.72,195.31,0.992,48692,0,0,48692,0.0,0.0,1.0,0.0,0.0,0.0,0.0
scene-0103,16,0,3,direct,49,0.2432,0.1644,0.0789,0.5635,0.6708,-0.1073,189.15,70.14,2.697,37834,18715,0,19119,0.4947,0.0,0.5053,0.4947,0.7143,0.7269,0.635
scene-0103,17,0,3,direct,48,0.2118,0.2105,0.0012,0.68,0.5906,0.0894,190.45,76.44,2.491,38510,10533,0,27977,0.2735,0.0,0.7265,0.2735,0.725,0.3763,0.3685
scene-0103,18,0,3,direct,48,0.1875,0.1684,0.0191,0.6902,0.6769,0.0133,183.17,70.44,2.6,39225,11236,0,27989,0.2864,0.0,0.7136,0.2864,0.7342,0.4067,0.3994
scene-0103,19,0,3,direct,48,0.1839,0.1978,-0.0139,0.7777,0.7114,0.0663,189.91,77.75,2.443,40135,12122,0,28013,0.302,0.0,0.698,0.302,0.7736,0.4198,0.41
scene-0103,20,1,3,direct,48,0.2273,0.2273,0.0,0.7004,0.7004,0.0,192.78,193.27,0.997,51548,0,0,51548,0.0,0.0,1.0,0.0,0.0,0.0,0.0
scene-0103,21,0,3,direct,48,0.2174,0.1915,0.0259,0.7119,0.6574,0.0545,192.11,78.07,2.461,39747,22844,0,16903,0.5747,0.0,0.4253,0.5747,0.7592,0.733,0.6746
scene-0103,22,0,3,direct,47,0.2391,0.2353,0.0038,0.6888,0.7085,-0.0197,186.41,71.44,2.609,40732,13962,0,26770,0.3428,0.0,0.6572,0.3428,0.7714,0.4804,0.4653
scene-0103,23,0,3,direct,47,0.2424,0.2826,-0.0402,0.6629,0.6144,0.0485,186.66,79.15,2.358,41415,14751,0,26664,0.3562,0.0,0.6438,0.3562,0.7918,0.5186,0.5014
scene-0103,24,0,3,direct,47,0.2651,0.2143,0.0508,0.6934,0.6694,0.024,185.26,70.51,2.628,40154,13356,0,26798,0.3326,0.0,0.6674,0.3326,0.7944,0.5132,0.4859
scene-0103,25,1,3,direct,43,0.2821,0.2821,0.0,0.6719,0.6719,0.0,191.95,197.05,0.974,52649,0,0,52649,0.0,0.0,1.0,0.0,0.0,0.0,0.0
scene-0103,26,0,3,direct,43,0.3188,0.2432,0.0756,0.6532,0.707,-0.0538,190.79,75.65,2.522,38651,19850,0,18801,0.5136,0.0,0.4864,0.5136,0.8186,0.7976,0.6801
scene-0103,27,0,3,direct,44,0.2105,0.16,0.0505,0.742,0.7602,-0.0181,194.42,76.31,2.548,40157,11809,0,28348,0.2941,0.0,0.7059,0.2941,0.8145,0.5021,0.462
scene-0103,28,0,3,direct,44,0.2,0.2368,-0.0368,0.7026,0.5838,0.1187,190.81,74.21,2.571,39750,12987,0,26763,0.3267,0.0,0.6733,0.3267,0.8408,0.5183,0.4838
scene-0103,29,0,3,direct,44,0.2353,0.2192,0.0161,0.7206,0.6988,0.0218,193.6,76.76,2.522,39406,11988,0,27418,0.3042,0.0,0.6958,0.3042,0.8487,0.4977,0.4607
scene-0103,30,1,3,direct,46,0.2895,0.2895,0.0,0.6474,0.6474,0.0,194.78,192.53,1.012,48240,0,0,48240,0.0,0.0,1.0,0.0,0.0,0.0,0.0
scene-0103,31,0,3,direct,46,0.2432,0.2308,0.0125,0.6367,0.6201,0.0166,193.06,78.09,2.472,38934,22741,0,16193,0.5841,0.0,0.4159,0.5841,0.8711,0.7562,0.6956
scene-0103,32,0,3,direct,47,0.3014,0.2632,0.0382,0.6275,0.5975,0.03,191.78,76.05,2.522,38850,13723,0,25127,0.3532,0.0,0.6468,0.3532,0.8749,0.526,0.501
scene-0103,33,0,3,direct,47,0.3077,0.3188,-0.0111,0.6342,0.6065,0.0277,194.97,75.39,2.586,37749,16293,0,21456,0.4316,0.0,0.5684,0.4316,0.9077,0.5219,0.5166
scene-0103,34,0,3,direct,48,0.3117,0.2821,0.0296,0.5633,0.6108,-0.0475,192.08,74.35,2.584,37773,13747,0,24026,0.3639,0.0,0.6361,0.3639,0.9068,0.5345,0.5102
scene-0103,35,1,3,direct,48,0.2683,0.2683,0.0,0.6486,0.6486,0.0,190.81,192.99,0.989,46405,0,0,46405,0.0,0.0,1.0,0.0,0.0,0.0,0.0
scene-0103,36,0,3,direct,48,0.2133,0.1918,0.0216,0.6832,0.7255,-0.0423,194.05,75.39,2.574,36496,18708,0,17788,0.5126,0.0,0.4874,0.5126,0.9189,0.749,0.6646
scene-0103,37,0,3,direct,47,0.2,0.1818,0.0182,0.7036,0.7304,-0.0268,191.27,72.07,2.654,37353,15599,0,21754,0.4176,0.0,0.5824,0.4176,0.9133,0.5438,0.5288
scene-0103,38,0,3,direct,47,0.2222,0.2143,0.0079,0.7194,0.6878,0.0316,193.03,75.25,2.565,34837,12178,0,22659,0.3496,0.0,0.6504,0.3496,0.9228,0.5572,0.5126
scene-0103,39,0,3,direct,52,0.2273,0.2273,0.0,0.6674,0.6327,0.0347,188.54,68.96,2.734,33574,11801,0,21773,0.3515,0.0,0.6485,0.3515,0.9267,0.5554,0.5145
scene-0103,40,1,3,direct,52,0.2022,0.2022,0.0,0.6198,0.6198,0.0,190.62,190.49,1.001,43862,0,0,43862,0.0,0.0,1.0,0.0,0.0,0.0,0.0
scene-0103,41,0,3,direct,52,0.2198,0.2273,-0.0075,0.6338,0.6133,0.0205,180.35,65.62,2.748,30543,18671,0,11872,0.6113,0.0,0.3887,0.6113,0.945,0.8138,0.7505
scene-0103,42,0,3,direct,53,0.25,0.2619,-0.0119,0.6144,0.6397,-0.0253,191.32,72.69,2.632,32226,11367,0,20859,0.3527,0.0,0.6473,0.3527,0.9279,0.571,0.5324
scene-0103,43,0,3,direct,53,0.2581,0.2857,-0.0276,0.6454,0.5968,0.0486,190.85,75.4,2.531,31591,11039,0,20552,0.3494,0.0,0.6506,0.3494,0.9361,0.5936,0.5473
scene-0103,44,0,3,direct,55,0.2947,0.2299,0.0649,0.5906,0.6664,-0.0759,190.45,74.42,2.559,32089,10880,0,21209,0.3391,0.0,0.6609,0.3391,0.9328,0.5862,0.5349
scene-0103,45,1,3,direct,55,0.2889,0.2889,0.0,0.6454,0.6454,0.0,186.47,186.92,0.998,43401,0,0,43401,0.0,0.0,1.0,0.0,0.0,0.0,0.0
scene-0103,46,0,3,direct,55,0.2979,0.3191,-0.0213,0.6589,0.6194,0.0395,185.84,68.05,2.731,33796,18692,0,15104,0.5531,0.0,0.4469,0.5531,0.9274,0.759,0.6941
scene-0103,47,0,3,direct,59,0.2828,0.3261,-0.0433,0.6643,0.6364,0.0279,183.66,68.94,2.664,34453,16951,0,17502,0.492,0.0,0.508,0.492,0.9218,0.5761,0.5695
scene-0103,48,0,3,direct,59,0.3191,0.3529,-0.0338,0.6318,0.5939,0.0379,190.38,71.5,2.663,33050,14234,0,18816,0.4307,0.0,0.5693,0.4307,0.9347,0.6098,0.5807
scene-0103,49,0,3,direct,60,0.3077,0.2637,0.044,0.6132,0.6554,-0.0422,193.26,78.58,2.459,34487,13702,0,20785,0.3973,0.0,0.6027,0.3973,0.9257,0.586,0.5574
scene-0103,50,1,3,direct,60,0.2947,0.2947,0.0,0.65,0.65,0.0,194.57,191.85,1.014,44009,0,0,44009,0.0,0.0,1.0,0.0,0.0,0.0,0.0
scene-0103,51,0,3,direct,60,0.2692,0.32,-0.0508,0.5951,0.5396,0.0555,194.37,76.24,2.549,35356,23099,0,12257,0.6533,0.0,0.3467,0.6533,0.9209,0.7557,0.7241
scene-0103,52,0,3,direct,61,0.3158,0.2947,0.0211,0.6448,0.6404,0.0045,190.98,77.7,2.458,35715,14351,0,21364,0.4018,0.0,0.5982,0.4018,0.9215,0.5901,0.5546
scene-0103,53,0,3,direct,61,0.3137,0.3232,-0.0095,0.6222,0.6164,0.0058,192.05,73.52,2.612,37043,13063,0,23980,0.3526,0.0,0.6474,0.3526,0.9116,0.5666,0.5158
scene-0103,54,0,3,direct,61,0.3462,0.3469,-0.0008,0.6034,0.6101,-0.0067,189.66,78.56,2.414,36821,15592,0,21229,0.4235,0.0,0.5765,0.4235,0.9127,0.5583,0.5384
scene-0103,55,1,3,direct,61,0.3579,0.3579,0.0,0.6472,0.6472,0.0,192.68,192.03,1.003,46282,0,0,46282,0.0,0.0,1.0,0.0,0.0,0.0,0.0
scene-0103,56,0,3,direct,61,0.32,0.3333,-0.0133,0.6609,0.6422,0.0187,191.31,79.27,2.414,36741,20908,0,15833,0.5691,0.0,0.4309,0.5691,0.9047,0.7412,0.6846
scene-0103,57,0,3,direct,62,0.3364,0.2963,0.0402,0.6599,0.6394,0.0204,181.96,80.04,2.273,37353,17395,0,19958,0.4657,0.0,0.5343,0.4657,0.902,0.5436,0.5381
scene-0103,58,0,3,direct,62,0.3462,0.3333,0.0128,0.6521,0.6341,0.018,191.3,78.47,2.438,37335,13721,0,23614,0.3675,0.0,0.6325,0.3675,0.9041,0.5553,0.5202
scene-0103,59,0,3,direct,63,0.3784,0.3519,0.0265,0.5913,0.6163,-0.025,196.17,73.35,2.674,39859,14186,0,25673,0.3559,0.0,0.6441,0.3559,0.8866,0.5193,0.4928
scene-0103,60,1,3,direct,63,0.3717,0.3717,0.0,0.6126,0.6126,0.0,192.34,187.1,1.028,47781,0,0,47781,0.0,0.0,1.0,0.0,0.0,0.0,0.0
scene-0103,61,0,3,direct,63,0.4151,0.3774,0.0377,0.6321,0.5629,0.0692,183.95,70.73,2.601,39302,19057,0,20245,0.4849,0.0,0.5151,0.4849,0.8711,0.7174,0.6286
scene-0103,62,0,3,direct,63,0.4144,0.42,-0.0056,0.6355,0.6131,0.0224,190.36,68.63,2.774,39748,16761,0,22987,0.4217,0.0,0.5783,0.4217,0.8757,0.5236,0.5148
scene-0103,63,0,3,direct,63,0.4211,0.4144,0.0066,0.6562,0.6458,0.0104,191.27,75.59,2.53,39724,13772,0,25952,0.3467,0.0,0.6533,0.3467,0.8654,0.5264,0.4945
scene-0103,64,0,3,direct,61,0.4,0.4078,-0.0078,0.6452,0.6053,0.0399,192.19,71.39,2.692,38835,14412,0,24423,0.3711,0.0,0.6289,0.3711,0.8682,0.5331,0.5112
scene-0103,65,1,3,direct,61,0.3894,0.3894,0.0,0.6667,0.6667,0.0,190.25,206.32,0.922,47754,0,0,47754,0.0,0.0,1.0,0.0,0.0,0.0,0.0
scene-0103,66,0,3,direct,61,0.3802,0.4071,-0.0269,0.6635,0.6312,0.0323,193.19,75.46,2.56,39577,20213,0,19364,0.5107,0.0,0.4893,0.5107,0.8558,0.738,0.6529
scene-0103,67,0,3,direct,62,0.4364,0.4035,0.0329,0.6803,0.6662,0.0141,190.64,76.32,2.498,40238,17930,0,22308,0.4456,0.0,0.5544,0.4456,0.8489,0.5305,0.5204
scene-0103,68,0,3,direct,62,0.4237,0.4771,-0.0533,0.7252,0.6877,0.0375,192.92,76.33,2.528,40312,14231,0,26081,0.353,0.0,0.647,0.353,0.8527,0.5212,0.494
scene-0103,69,0,3,direct,61,0.4522,0.4483,0.0039,0.6899,0.6925,-0.0026,188.97,76.41,2.473,41006,13711,0,27295,0.3344,0.0,0.6656,0.3344,0.8454,0.5139,0.482
scene-0103,70,1,3,direct,61,0.3966,0.3966,0.0,0.7259,0.7259,0.0,191.91,191.33,1.003,50375,0,0,50375,0.0,0.0,1.0,0.0,0.0,0.0,0.0
scene-0103,71,0,3,direct,61,0.4425,0.4348,0.0077,0.7256,0.6924,0.0332,184.92,68.75,2.69,41055,23293,0,17762,0.5674,0.0,0.4326,0.5674,0.8416,0.7546,0.6884
scene-0103,72,0,3,direct,62,0.4211,0.4274,-0.0063,0.6988,0.683,0.0158,194.77,76.47,2.547,40068,13695,0,26373,0.3418,0.0,0.6582,0.3418,0.8477,0.5199,0.4942
scene-0103,73,0,3,direct,62,0.4272,0.4423,-0.0151,0.6754,0.6466,0.0288,190.38,67.86,2.805,39613,15278,0,24335,0.3857,0.0,0.6143,0.3857,0.841,0.5289,0.5135
scene-0103,74,0,3,direct,62,0.4737,0.4602,0.0135,0.6695,0.667,0.0025,191.84,70.95,2.704,40649,13631,0,27018,0.3353,0.0,0.6647,0.3353,0.8311,0.4882,0.4686
scene-0103,75,1,3,direct,62,0.521,0.521,0.0,0.6776,0.6776,0.0,191.03,194.53,0.982,52567,0,0,52567,0.0,0.0,1.0,0.0,0.0,0.0,0.0
scene-0103,76,0,3,direct,62,0.5082,0.5,0.0082,0.669,0.6637,0.0053,185.32,70.84,2.616,40992,21945,0,19047,0.5353,0.0,0.4647,0.5353,0.8371,0.7871,0.6874
scene-0103,77,0,3,direct,55,0.5357,0.5391,-0.0034,0.6701,0.6542,0.0159,186.36,69.89,2.667,41676,13431,0,28245,0.3223,0.0,0.6777,0.3223,0.8248,0.4966,0.4715
scene-0103,78,0,3,direct,55,0.5536,0.5607,-0.0072,0.6639,0.6649,-0.001,192.65,75.53,2.551,40959,14044,0,26915,0.3429,0.0,0.6571,0.3429,0.8284,0.4954,0.478
scene-0103,79,0,3,direct,56,0.5138,0.5,0.0138,0.6654,0.6797,-0.0143,194.02,71.69,2.706,40823,13711,0,27112,0.3359,0.0,0.6641,0.3359,0.8252,0.5021,0.479
scene-0103,80,1,3,direct,56,0.5094,0.5094,0.0,0.693,0.693,0.0,186.38,189.63,0.983,51795,0,0,51795,0.0,0.0,1.0,0.0,0.0,0.0,0.0
scene-0103,81,0,3,direct,56,0.5,0.4828,0.0172,0.6897,0.6726,0.0172,197.05,86.77,2.271,40438,24163,0,16275,0.5975,0.0,0.4025,0.5975,0.8129,0.7704,0.7082
scene-0103,82,0,3,direct,56,0.5,0.5192,-0.0192,0.6919,0.6757,0.0161,190.43,75.12,2.535,40641,13592,0,27049,0.3344,0.0,0.6656,0.3344,0.8157,0.5171,0.4867
scene-0103,83,0,3,direct,56,0.549,0.5686,-0.0196,0.6649,0.6513,0.0136,188.81,75.48,2.501,39405,12621,0,26784,0.3203,0.0,0.6797,0.3203,0.8205,0.5166,0.4799
scene-0103,84,0,3,direct,57,0.4854,0.5545,-0.069,0.6874,0.6287,0.0586,187.39,71.28,2.629,39066,12814,0,26252,0.328,0.0,0.672,0.328,0.8096,0.4931,0.4733
scene-0103,85,1,3,direct,57,0.4902,0.4902,0.0,0.6654,0.6654,0.0,183.55,194.35,0.944,50952,0,0,50952,0.0,0.0,1.0,0.0,0.0,0.0,0.0
scene-0103,86,0,3,direct,57,0.5,0.5094,-0.0094,0.6755,0.6588,0.0167,186.07,64.84,2.87,39088,22510,0,16578,0.5759,0.0,0.4241,0.5759,0.8099,0.7877,0.7079
scene-0103,87,0,3,direct,53,0.5263,0.5217,0.0046,0.6831,0.656,0.0271,186.83,73.81,2.531,38349,12723,0,25626,0.3318,0.0,0.6682,0.3318,0.811,0.5142,0.4817
scene-0103,88,0,3,direct,53,0.4706,0.4381,0.0325,0.6752,0.7029,-0.0277,190.28,75.35,2.525,37973,12580,0,25393,0.3313,0.0,0.6687,0.3313,0.8099,0.5045,0.4814
scene-0103,89,0,3,direct,54,0.5745,0.5275,0.047,0.6769,0.6939,-0.0169,188.93,70.91,2.664,37968,12572,0,25396,0.3311,0.0,0.6689,0.3311,0.8136,0.5118,0.481
scene-0103,90,1,3,direct,54,0.5743,0.5743,0.0,0.6683,0.6683,0.0,188.91,194.91,0.969,48040,0,0,48040,0.0,0.0,1.0,0.0,0.0,0.0,0.0
scene-0103,91,0,3,direct,54,0.5,0.5376,-0.0376,0.6489,0.6092,0.0397,186.25,69.03,2.698,37615,20916,0,16699,0.5561,0.0,0.4439,0.5561,0.8109,0.7933,0.7003
scene-0103,92,0,3,direct,48,0.5,0.4146,0.0854,0.7029,0.6767,0.0261,191.01,73.54,2.597,37257,12700,0,24557,0.3409,0.0,0.6591,0.3409,0.8153,0.5407,0.5064
scene-0103,93,0,3,direct,48,0.4944,0.5057,-0.0114,0.6081,0.6379,-0.0298,191.16,75.22,2.542,37506,13393,0,24113,0.3571,0.0,0.6429,0.3571,0.8084,0.541,0.5143
scene-0103,94,0,3,direct,43,0.4819,0.4524,0.0295,0.6989,0.6661,0.0329,190.09,69.66,2.729,36784,12019,0,24765,0.3267,0.0,0.6733,0.3267,0.8129,0.5432,0.499
scene-0103,95,1,3,direct,43,0.4384,0.4384,0.0,0.7043,0.7043,0.0,183.91,189.57,0.97,46533,0,0,46533,0.0,0.0,1.0,0.0,0.0,0.0,0.0
scene-0103,96,0,3,direct,43,0.5526,0.4444,0.1082,0.6888,0.6924,-0.0036,187.3,75.06,2.495,35636,18482,0,17154,0.5186,0.0,0.4814,0.5186,0.799,0.7696,0.6662
scene-0553,0,1,3,direct,43,0.1739,0.1739,0.0,0.682,0.682,0.0,137.54,146.78,0.937,18063,0,0,18063,0.0,0.0,1.0,0.0,0.0,0.0,0.0
scene-0553,1,0,3,direct,43,0.1515,0.1562,-0.0047,0.7367,0.7053,0.0314,176.9,68.08,2.598,17769,17213,0,556,0.9687,0.0,0.0313,0.9687,0.9962,0.9739,0.9723
scene-0553,2,0,3,direct,45,0.1389,0.1667,-0.0278,0.6997,0.6416,0.0581,176.48,66.86,2.639,19520,15887,0,3633,0.8139,0.0,0.1861,0.8139,0.998,0.8353,0.8341
scene-0553,3,0,3,direct,45,0.1972,0.2,-0.0028,0.7076,0.7126,-0.005,180.12,73.74,2.442,19459,17056,0,2403,0.8765,0.0,0.1235,0.8765,0.9984,0.8898,0.8886
scene-0553,4,0,3,direct,45,0.2,0.1972,0.0028,0.7091,0.7161,-0.007,186.52,76.18,2.448,18806,16452,0,2354,0.8748,0.0,0.1252,0.8748,0.9983,0.8956,0.8946
scene-0553,5,1,3,direct,45,0.2432,0.2432,0.0,0.6564,0.6564,0.0,184.39,184.74,0.998,21403,0,0,21403,0.0,0.0,1.0,0.0,0.0,0.0,0.0
scene-0553,6,0,3,direct,45,0.1867,0.2105,-0.0239,0.663,0.6877,-0.0247,187.4,76.19,2.46,19074,18408,0,666,0.9651,0.0,0.0349,0.9651,0.9977,0.9839,0.9791
scene-0553,7,0,3,direct,45,0.2105,0.2254,-0.0148,0.6264,0.6242,0.0022,188.26,75.7,2.487,19544,17358,0,2186,0.8881,0.0,0.1119,0.8881,0.9976,0.9034,0.9007
scene-0553,8,0,3,direct,45,0.2133,0.2192,-0.0058,0.6485,0.6416,0.0069,177.09,66.93,2.646,18755,16028,0,2727,0.8546,0.0,0.1454,0.8546,0.9981,0.8898,0.888
scene-0553,9,0,3,direct,45,0.2222,0.2222,0.0,0.6412,0.6469,-0.0057,183.75,74.0,2.483,18896,16844,0,2052,0.8914,0.0,0.1086,0.8914,0.9969,0.8989,0.9012
scene-0553,10,1,3,direct,45,0.2,0.2,0.0,0.6815,0.6815,0.0,187.36,187.82,0.998,17484,0,0,17484,0.0,0.0,1.0,0.0,0.0,0.0,0.0
scene-0553,11,0,3,direct,45,0.1842,0.2192,-0.035,0.7089,0.6762,0.0326,183.74,76.18,2.412,17240,16079,0,1161,0.9327,0.0,0.0673,0.9327,0.9942,0.9506,0.9448
scene-0553,12,0,3,direct,46,0.1918,0.1944,-0.0027,0.7431,0.6951,0.048,185.88,75.06,2.476,19454,14410,0,5044,0.7407,0.0,0.2593,0.7407,0.9971,0.7734,0.7748
scene-0553,13,0,3,direct,46,0.1644,0.1892,-0.0248,0.7702,0.706,0.0642,186.0,75.96,2.449,19676,17332,0,2344,0.8809,0.0,0.1191,0.8809,0.9969,0.9025,0.8993
scene-0553,14,0,3,direct,46,0.1714,0.169,0.0024,0.7748,0.7604,0.0144,183.15,74.89,2.446,19432,16451,0,2981,0.8466,0.0,0.1534,0.8466,0.9967,0.8853,0.8853
scene-0553,15,1,3,direct,47,0.1944,0.1944,0.0,0.6985,0.6985,0.0,180.69,185.73,0.973,19860,0,0,19860,0.0,0.0,1.0,0.0,0.0,0.0,0.0
scene-0553,16,0,3,direct,47,0.1972,0.2029,-0.0057,0.6981,0.6981,0.0001,169.2,64.25,2.634,18677,17624,0,1053,0.9436,0.0,0.0564,0.9436,0.9948,0.9605,0.9554
scene-0553,17,0,3,direct,49,0.1558,0.1842,-0.0284,0.758,0.7614,-0.0034,184.96,74.81,2.472,17004,14572,0,2432,0.857,0.0,0.143,0.857,0.9962,0.869,0.8703
scene-0553,18,0,3,direct,49,0.175,0.1944,-0.0194,0.6592,0.7228,-0.0636,184.78,74.83,2.469,17778,15185,0,2593,0.8541,0.0,0.1459,0.8541,0.9935,0.8793,0.8767
scene-0553,19,0,3,direct,49,0.1772,0.1795,-0.0023,0.7492,0.7412,0.008,185.96,76.29,2.438,18860,14858,0,4002,0.7878,0.0,0.2122,0.7878,0.9942,0.8028,0.8051
scene-0553,20,1,3,direct,49,0.1728,0.1728,0.0,0.7286,0.7286,0.0,178.57,182.87,0.976,21866,0,0,21866,0.0,0.0,1.0,0.0,0.0,0.0,0.0
scene-0553,21,0,3,direct,49,0.1842,0.1707,0.0135,0.7451,0.6808,0.0643,174.81,64.09,2.728,19342,17971,0,1371,0.9291,0.0,0.0709,0.9291,0.9943,0.9582,0.9495
scene-0553,22,0,3,direct,50,0.1707,0.2222,-0.0515,0.7458,0.6332,0.1126,186.97,75.37,2.481,19542,16358,0,3184,0.8371,0.0,0.1629,0.8371,0.9934,0.87,0.8656
scene-0553,23,0,3,direct,50,0.1795,0.1772,0.0023,0.7467,0.7466,0.0,183.24,75.98,2.412,20417,17047,0,3370,0.8349,0.0,0.1651,0.8349,0.993,0.843,0.8437
scene-0553,24,0,3,direct,50,0.2278,0.2051,0.0227,0.6074,0.677,-0.0697,183.73,75.06,2.448,20227,16764,0,3463,0.8288,0.0,0.1712,0.8288,0.9931,0.8622,0.8586
scene-0553,25,1,3,direct,50,0.2051,0.2051,0.0,0.6701,0.6701,0.0,185.78,183.81,1.011,21894,0,0,21894,0.0,0.0,1.0,0.0,0.0,0.0,0.0
scene-0553,26,0,3,direct,50,0.1538,0.1389,0.015,0.7261,0.7286,-0.0025,185.86,75.09,2.475,18950,17509,0,1441,0.924,0.0,0.076,0.924,0.9921,0.9449,0.9386
scene-0553,27,0,3,direct,50,0.1905,0.15,0.0405,0.6945,0.6874,0.0071,186.65,76.23,2.448,19539,15852,0,3687,0.8113,0.0,0.1887,0.8113,0.9921,0.8242,0.8254
scene-0553,28,0,3,direct,50,0.2143,0.2564,-0.0421,0.7161,0.6902,0.0258,184.9,75.41,2.452,20259,16007,0,4252,0.7901,0.0,0.2099,0.7901,0.9926,0.8206,0.8194
scene-0553,29,0,3,direct,50,0.2326,0.2222,0.0103,0.6682,0.6581,0.0101,184.81,76.64,2.411,20218,17153,0,3065,0.8484,0.0,0.1516,0.8484,0.9922,0.8665,0.8651
scene-0553,30,1,3,direct,50,0.175,0.175,0.0,0.697,0.697,0.0,183.02,185.05,0.989,22337,0,0,22337,0.0,0.0,1.0,0.0,0.0,0.0,0.0
scene-0553,31,0,3,direct,50,0.1687,0.2105,-0.0419,0.6776,0.6882,-0.0106,181.89,75.92,2.396,17649,16414,0,1235,0.93,0.0,0.07,0.93,0.9942,0.9572,0.9491
scene-0553,32,0,3,direct,51,0.2683,0.2368,0.0315,0.699,0.6581,0.0409,185.78,76.87,2.417,18725,15132,0,3593,0.8081,0.0,0.1919,0.8081,0.9922,0.8297,0.8351
scene-0553,33,0,3,direct,51,0.2338,0.2338,0.0,0.7218,0.7017,0.0201,184.31,72.13,2.555,20654,16145,0,4509,0.7817,0.0,0.2183,0.7817,0.9933,0.8006,0.8009
scene-0553,34,0,3,direct,51,0.1687,0.2051,-0.0365,0.7526,0.7199,0.0327,183.25,75.38,2.431,19954,17072,0,2882,0.8556,0.0,0.1444,0.8556,0.9942,0.8684,0.8701
scene-0553,35,1,3,direct,52,0.2532,0.2532,0.0,0.6983,0.6983,0.0,176.03,180.71,0.974,22548,0,0,22548,0.0,0.0,1.0,0.0,0.0,0.0,0.0
scene-0553,36,0,3,direct,52,0.1772,0.1818,-0.0046,0.7401,0.6968,0.0433,178.4,74.18,2.405,19429,18296,0,1133,0.9417,0.0,0.0583,0.9417,0.994,0.9606,0.9552
scene-0553,37,0,3,direct,51,0.2051,0.1795,0.0256,0.7167,0.6753,0.0414,184.57,75.22,2.454,19977,16790,0,3187,0.8405,0.0,0.1595,0.8405,0.9934,0.877,0.8731
scene-0553,38,0,3,direct,51,0.1622,0.1429,0.0193,0.773,0.7956,-0.0226,165.68,59.63,2.779,19988,16511,0,3477,0.826,0.0,0.174,0.826,0.9944,0.8396,0.8412
scene-0553,39,0,3,direct,51,0.2078,0.2222,-0.0144,0.7244,0.7288,-0.0044,185.42,76.34,2.429,20085,17243,0,2842,0.8585,0.0,0.1415,0.8585,0.994,0.8699,0.8706
scene-0553,40,1,3,direct,51,0.1842,0.1842,0.0,0.7592,0.7592,0.0,183.69,182.73,1.005,21382,0,0,21382,0.0,0.0,1.0,0.0,0.0,0.0,0.0
scene-0553,41,0,3,direct,51,0.2597,0.2278,0.0319,0.6859,0.6303,0.0555,183.32,75.89,2.416,19946,18497,0,1449,0.9274,0.0,0.0726,0.9274,0.9941,0.9564,0.9469
scene-0553,42,0,3,direct,51,0.2469,0.2,0.0469,0.7008,0.7489,-0.0481,184.96,74.56,2.481,20389,16333,0,4056,0.8011,0.0,0.1989,0.8011,0.9945,0.8347,0.8364
scene-0553,43,0,3,direct,51,0.2051,0.2051,0.0,0.6943,0.6325,0.0618,174.06,65.81,2.645,20136,17237,0,2899,0.856,0.0,0.144,0.856,0.9948,0.8799,0.8772
scene-0553,44,0,3,direct,50,0.2222,0.2162,0.006,0.7007,0.7052,-0.0045,177.19,68.43,2.589,16166,14048,0,2118,0.869,0.0,0.131,0.869,0.9949,0.8851,0.8881
scene-0553,45,1,3,direct,50,0.2222,0.2222,0.0,0.6668,0.6668,0.0,183.16,183.0,1.001,21789,0,0,21789,0.0,0.0,1.0,0.0,0.0,0.0,0.0
scene-0553,46,0,3,direct,50,0.25,0.2308,0.0192,0.6694,0.6561,0.0133,185.5,74.85,2.478,19852,18652,0,1200,0.9396,0.0,0.0604,0.9396,0.9955,0.9691,0.96
scene-0553,47,0,3,direct,50,0.2254,0.1972,0.0282,0.6799,0.6777,0.0021,179.03,69.24,2.586,19289,16326,0,2963,0.8464,0.0,0.1536,0.8464,0.9954,0.8858,0.882
scene-0553,48,0,3,direct,50,0.1867,0.169,0.0177,0.6611,0.6756,-0.0146,177.45,66.41,2.672,19371,16666,0,2705,0.8604,0.0,0.1396,0.8604,0.9956,0.8809,0.88
scene-0553,49,0,3,direct,50,0.2133,0.2105,0.0028,0.6363,0.6176,0.0188,185.43,76.12,2.436,19145,16515,0,2630,0.8626,0.0,0.1374,0.8626,0.9961,0.8794,0.8791
scene-0553,50,1,3,direct,50,0.2051,0.2051,0.0,0.6515,0.6515,0.0,184.02,181.73,1.013,20543,0,0,20543,0.0,0.0,1.0,0.0,0.0,0.0,0.0
scene-0553,51,0,3,direct,50,0.2222,0.2439,-0.0217,0.6482,0.6077,0.0405,184.06,77.07,2.388,19304,18591,0,713,0.9631,0.0,0.0369,0.9631,0.9954,0.9677,0.9663
scene-0553,52,0,3,direct,50,0.1795,0.2195,-0.04,0.6876,0.6255,0.062,184.06,75.99,2.422,18203,14997,0,3206,0.8239,0.0,0.1761,0.8239,0.9952,0.8635,0.8633
scene-0553,53,0,3,direct,50,0.2162,0.2308,-0.0146,0.7035,0.566,0.1375,184.74,67.79,2.725,18483,15493,0,2990,0.8382,0.0,0.1618,0.8382,0.996,0.8722,0.8708
scene-0553,54,0,3,direct,50,0.1918,0.2222,-0.0304,0.704,0.5783,0.1257,179.34,74.85,2.396,18640,15753,0,2887,0.8451,0.0,0.1549,0.8451,0.9948,0.8701,0.8686
scene-0553,55,1,3,direct,50,0.169,0.169,0.0,0.7577,0.7577,0.0,178.7,183.36,0.975,21628,0,0,21628,0.0,0.0,1.0,0.0,0.0,0.0,0.0
scene-0553,56,0,3,direct,50,0.1667,0.1111,0.0556,0.6251,0.7211,-0.096,177.17,70.9,2.499,20597,19827,0,770,0.9626,0.0,0.0374,0.9626,0.9965,0.979,0.9739
scene-0553,57,0,3,direct,51,0.1918,0.2059,-0.0141,0.6089,0.6089,-0.0001,189.71,78.07,2.43,18042,15783,0,2259,0.8748,0.0,0.1252,0.8748,0.9973,0.8958,0.8959
scene-0553,58,0,3,direct,51,0.1558,0.1389,0.017,0.6791,0.6372,0.0418,180.89,70.41,2.569,18279,15714,0,2565,0.8597,0.0,0.1403,0.8597,0.9948,0.8671,0.8696
scene-0553,59,0,3,direct,50,0.1842,0.1316,0.0526,0.6148,0.657,-0.0421,183.03,74.78,2.448,20133,16358,0,3775,0.8125,0.0,0.1875,0.8125,0.9974,0.8205,0.822
scene-0553,60,1,3,direct,50,0.1644,0.1644,0.0,0.6414,0.6414,0.0,177.08,181.27,0.977,21008,0,0,21008,0.0,0.0,1.0,0.0,0.0,0.0,0.0
scene-0553,61,0,3,direct,49,0.2192,0.1644,0.0548,0.601,0.6057,-0.0048,184.47,75.73,2.436,19425,18549,0,876,0.9549,0.0,0.0451,0.9549,0.9968,0.9793,0.9715
scene-0553,62,0,3,direct,49,0.1622,0.1846,-0.0225,0.66,0.6005,0.0595,184.41,74.9,2.462,15763,14379,0,1384,0.9122,0.0,0.0878,0.9122,0.9967,0.9237,0.9209
scene-0553,63,0,3,direct,49,0.1449,0.1471,-0.0021,0.7428,0.7562,-0.0134,177.76,67.92,2.617,16470,13366,0,3104,0.8115,0.0,0.1885,0.8115,0.9951,0.8261,0.8368
scene-0553,64,0,3,direct,50,0.1867,0.1667,0.02,0.652,0.5882,0.0637,185.25,77.86,2.379,18125,14268,0,3857,0.7872,0.0,0.2128,0.7872,0.9954,0.8006,0.8003
scene-0553,65,1,3,direct,50,0.1714,0.1714,0.0,0.7092,0.7092,0.0,190.53,193.86,0.983,17320,0,0,17320,0.0,0.0,1.0,0.0,0.0,0.0,0.0
scene-0553,66,0,3,direct,49,0.1892,0.1408,0.0483,0.6972,0.7407,-0.0435,178.21,70.33,2.534,16792,15135,0,1657,0.9013,0.0,0.0987,0.9013,0.9923,0.9351,0.9241
scene-0553,67,0,3,direct,49,0.1622,0.1667,-0.0045,0.6782,0.6367,0.0415,185.75,75.29,2.467,16999,12984,0,4015,0.7638,0.0,0.2362,0.7638,0.9969,0.7713,0.7714
scene-0553,68,0,3,direct,49,0.2,0.1739,0.0261,0.6834,0.6744,0.009,184.68,75.94,2.432,17921,14992,0,2929,0.8366,0.0,0.1634,0.8366,0.9956,0.854,0.8571
scene-0553,69,0,3,direct,49,0.1579,0.1579,0.0,0.7297,0.6667,0.063,186.62,70.13,2.661,19617,15545,0,4072,0.7924,0.0,0.2076,0.7924,0.9967,0.8164,0.817
scene-0553,70,1,3,direct,49,0.1667,0.1667,0.0,0.6959,0.6959,0.0,185.05,183.95,1.006,20947,0,0,20947,0.0,0.0,1.0,0.0,0.0,0.0,0.0
scene-0553,71,0,3,direct,49,0.1846,0.2,-0.0154,0.7299,0.6406,0.0894,182.21,74.5,2.446,17660,17155,0,505,0.9714,0.0,0.0286,0.9714,0.9964,0.9784,0.9763
scene-0553,72,0,3,direct,49,0.1644,0.1846,-0.0202,0.7416,0.7121,0.0294,175.16,67.68,2.588,17895,15450,0,2445,0.8634,0.0,0.1366,0.8634,0.9954,0.8739,0.8786
scene-0553,73,0,3,direct,49,0.169,0.1159,0.0531,0.6998,0.719,-0.0192,183.94,68.97,2.667,18943,15447,0,3496,0.8154,0.0,0.1846,0.8154,0.9961,0.8251,0.8255
scene-0553,74,0,3,direct,49,0.1739,0.1471,0.0269,0.753,0.6689,0.0841,173.35,65.97,2.628,19255,15616,0,3639,0.811,0.0,0.189,0.811,0.9975,0.8341,0.8349
scene-0553,75,1,3,direct,49,0.1714,0.1714,0.0,0.7629,0.7629,0.0,174.19,182.11,0.957,21583,0,0,21583,0.0,0.0,1.0,0.0,0.0,0.0,0.0
scene-0553,76,0,3,direct,48,0.1449,0.1429,0.0021,0.7829,0.7253,0.0576,183.36,73.84,2.483,20235,19713,0,522,0.9742,0.0,0.0258,0.9742,0.9974,0.9841,0.9807
scene-0553,77,0,3,direct,48,0.1739,0.1471,0.0269,0.7048,0.7222,-0.0174,185.54,68.69,2.701,19973,17073,0,2900,0.8548,0.0,0.1452,0.8548,0.9977,0.8954,0.8921
scene-0553,78,0,3,direct,48,0.1429,0.127,0.0159,0.7205,0.7195,0.0011,184.46,75.24,2.452,16469,14790,0,1679,0.8981,0.0,0.1019,0.8981,0.9977,0.9139,0.92
scene-0553,79,0,3,direct,47,0.1493,0.1538,-0.0046,0.7333,0.725,0.0083,189.05,75.48,2.505,17613,14606,0,3007,0.8293,0.0,0.1707,0.8293,0.9954,0.8409,0.8412
scene-0553,80,1,3,direct,47,0.1176,0.1176,0.0,0.7035,0.7035,0.0,182.78,182.03,1.004,21283,0,0,21283,0.0,0.0,1.0,0.0,0.0,0.0,0.0
scene-0553,81,0,3,direct,47,0.1471,0.1311,0.0159,0.6994,0.6694,0.03,175.35,69.48,2.524,16697,16109,0,588,0.9648,0.0,0.0352,0.9648,0.9979,0.9852,0.9788
scene-0553,82,0,3,direct,47,0.0833,0.1194,-0.0361,0.8002,0.6717,0.1285,176.31,67.39,2.616,17795,14393,0,3402,0.8088,0.0,0.1912,0.8088,0.9953,0.8313,0.8332
scene-0553,83,0,3,direct,47,0.0937,0.1449,-0.0512,0.8038,0.624,0.1797,183.63,79.53,2.309,18899,15026,0,3873,0.7951,0.0,0.2049,0.7951,0.998,0.8031,0.8032
scene-0553,84,0,3,direct,44,0.1311,0.1562,-0.0251,0.7314,0.6356,0.0959,176.42,67.08,2.63,19078,16191,0,2887,0.8487,0.0,0.1513,0.8487,0.9971,0.8615,0.86
scene-0553,85,1,3,direct,44,0.1493,0.1493,0.0,0.694,0.694,0.0,186.08,180.09,1.033,21457,0,0,21457,0.0,0.0,1.0,0.0,0.0,0.0,0.0
scene-0553,86,0,3,direct,43,0.1493,0.1587,-0.0095,0.6613,0.6836,-0.0223,186.71,66.26,2.818,20596,19633,0,963,0.9532,0.0,0.0468,0.9532,0.9981,0.9883,0.9784
scene-0553,87,0,3,direct,43,0.1379,0.1905,-0.0525,0.6843,0.63,0.0542,183.9,74.83,2.457,18233,16409,0,1824,0.9,0.0,0.1,0.9,0.9983,0.9219,0.9184
scene-0553,88,0,3,direct,43,0.0937,0.129,-0.0353,0.7395,0.6257,0.1138,184.51,76.08,2.425,18598,16524,0,2074,0.8885,0.0,0.1115,0.8885,0.9975,0.9028,0.9021
scene-0553,89,0,3,direct,43,0.0968,0.1,-0.0032,0.8066,0.7644,0.0422,178.46,67.38,2.649,18582,15551,0,3031,0.8369,0.0,0.1631,0.8369,0.9983,0.8477,0.8482
scene-0553,90,1,3,direct,43,0.1111,0.1111,0.0,0.7979,0.7979,0.0,174.18,187.36,0.93,16144,0,0,16144,0.0,0.0,1.0,0.0,0.0,0.0,0.0
scene-0553,91,0,3,direct,42,0.0952,0.1091,-0.0139,0.799,0.816,-0.017,185.92,74.88,2.483,15834,14615,0,1219,0.923,0.0,0.077,0.923,0.9937,0.9428,0.936
scene-0553,92,0,3,direct,42,0.0984,0.1034,-0.0051,0.8019,0.7944,0.0075,184.86,76.06,2.43,20351,14495,0,5856,0.7123,0.0,0.2877,0.7123,0.9986,0.7306,0.7308
scene-0553,93,0,3,direct,42,0.1017,0.0968,0.0049,0.7594,0.7486,0.0108,184.42,75.71,2.436,19445,16802,0,2643,0.8641,0.0,0.1359,0.8641,0.998,0.8755,0.875
scene-0553,94,0,3,direct,41,0.0984,0.1154,-0.017,0.7357,0.7498,-0.0141,184.84,74.73,2.474,17566,15901,0,1665,0.9052,0.0,0.0948,0.9052,0.9978,0.9154,0.9159
scene-0553,95,1,3,direct,41,0.1111,0.1111,0.0,0.799,0.799,0.0,183.6,182.48,1.006,16336,0,0,16336,0.0,0.0,1.0,0.0,0.0,0.0,0.0
scene-0553,96,0,3,direct,41,0.1333,0.1034,0.0299,0.7115,0.8068,-0.0954,184.14,77.15,2.387,14572,13953,0,619,0.9575,0.0,0.0425,0.9575,0.996,0.9701,0.9669
scene-0553,97,0,3,direct,40,0.1333,0.1111,0.0222,0.7775,0.7487,0.0288,184.4,77.02,2.394,17330,13123,0,4207,0.7572,0.0,0.2428,0.7572,0.9969,0.7827,0.7888
scene-0553,98,0,3,direct,40,0.1379,0.1379,0.0,0.7599,0.7605,-0.0006,184.2,75.82,2.429,19048,15234,0,3814,0.7998,0.0,0.2002,0.7998,0.9981,0.8063,0.8066
scene-0655,0,1,3,direct,37,0.56,0.56,0.0,0.7363,0.7363,0.0,145.8,152.43,0.956,39421,0,0,39421,0.0,0.0,1.0,0.0,0.0,0.0,0.0
scene-0655,1,0,3,direct,37,0.5974,0.6076,-0.0102,0.7118,0.7188,-0.007,191.26,75.26,2.541,35686,21226,0,14460,0.5948,0.0,0.4052,0.5948,0.8226,0.766,0.7053
scene-0655,2,0,3,direct,37,0.5679,0.625,-0.0571,0.7354,0.7173,0.0181,193.24,72.42,2.668,36759,16531,0,20228,0.4497,0.0,0.5503,0.4497,0.8314,0.5344,0.535
scene-0655,3,0,3,direct,42,0.6,0.5926,0.0074,0.6817,0.7061,-0.0244,191.27,75.08,2.547,37152,12870,0,24282,0.3464,0.0,0.6536,0.3464,0.8285,0.5505,0.5183
scene-0655,4,0,3,direct,42,0.6154,0.6579,-0.0425,0.7159,0.6839,0.0319,189.15,69.27,2.731,35675,12249,0,23426,0.3433,0.0,0.6567,0.3433,0.823,0.5409,0.5117
scene-0655,5,1,3,direct,44,0.6329,0.6329,0.0,0.7378,0.7378,0.0,193.73,196.51,0.986,45512,0,0,45512,0.0,0.0,1.0,0.0,0.0,0.0,0.0
scene-0655,6,0,3,direct,44,0.6173,0.625,-0.0077,0.741,0.724,0.017,187.27,67.8,2.762,35341,22668,0,12673,0.6414,0.0,0.3586,0.6414,0.8264,0.8184,0.7551
scene-0655,7,0,3,direct,54,0.6022,0.5806,0.0215,0.7242,0.716,0.0081,190.52,76.12,2.503,35643,14433,0,21210,0.4049,0.0,0.5951,0.4049,0.8222,0.5543,0.5369
scene-0655,8,0,3,direct,54,0.6061,0.6,0.0061,0.6559,0.6641,-0.0082,187.04,71.25,2.625,36257,12419,0,23838,0.3425,0.0,0.6575,0.3425,0.824,0.5649,0.5245
scene-0655,9,0,3,direct,54,0.5714,0.6392,-0.0677,0.6925,0.6772,0.0153,192.04,67.34,2.852,35613,14400,0,21213,0.4043,0.0,0.5957,0.4043,0.8262,0.5646,0.5438
scene-0655,10,1,3,direct,60,0.6667,0.6667,0.0,0.6792,0.6792,0.0,193.89,195.1,0.994,44631,0,0,44631,0.0,0.0,1.0,0.0,0.0,0.0,0.0
scene-0655,11,0,3,direct,60,0.6729,0.6296,0.0433,0.6489,0.6888,-0.0399,195.25,75.76,2.577,35346,21622,0,13724,0.6117,0.0,0.3883,0.6117,0.8205,0.8048,0.7349
scene-0655,12,0,3,direct,61,0.5926,0.6018,-0.0092,0.6923,0.7159,-0.0236,189.26,74.4,2.544,35661,14137,0,21524,0.3964,0.0,0.6036,0.3964,0.8171,0.5344,0.5171
scene-0655,13,0,3,direct,61,0.6486,0.6306,0.018,0.7107,0.7113,-0.0006,190.17,77.12,2.466,36364,13226,0,23138,0.3637,0.0,0.6363,0.3637,0.8212,0.539,0.5179
scene-0655,14,0,3,direct,58,0.6306,0.6422,-0.0116,0.7069,0.6854,0.0215,189.58,74.94,2.53,36935,12259,0,24676,0.3319,0.0,0.6681,0.3319,0.8122,0.5586,0.5156
scene-0655,15,1,3,direct,58,0.5794,0.5794,0.0,0.7235,0.7235,0.0,192.42,191.68,1.004,46101,0,0,46101,0.0,0.0,1.0,0.0,0.0,0.0,0.0
scene-0655,16,0,3,direct,61,0.6325,0.6102,0.0223,0.7167,0.7155,0.0013,191.64,76.98,2.49,37950,20973,0,16977,0.5526,0.0,0.4474,0.5526,0.819,0.8003,0.7031
scene-0655,17,0,3,direct,61,0.6126,0.6545,-0.0419,0.722,0.7241,-0.0021,189.05,69.6,2.716,37857,15504,0,22353,0.4095,0.0,0.5905,0.4095,0.8229,0.5446,0.5296
scene-0655,18,0,3,direct,61,0.6604,0.6545,0.0058,0.7456,0.7456,0.0001,189.37,70.64,2.681,37614,13159,0,24455,0.3498,0.0,0.6502,0.3498,0.8218,0.5382,0.5105
scene-0655,19,0,3,direct,62,0.6667,0.6542,0.0125,0.7236,0.7296,-0.0061,191.6,75.85,2.526,38099,12934,0,25165,0.3395,0.0,0.6605,0.3395,0.8209,0.5377,0.5092
scene-0655,20,1,3,direct,62,0.6545,0.6545,0.0,0.7313,0.7313,0.0,178.81,190.63,0.938,47799,0,0,47799,0.0,0.0,1.0,0.0,0.0,0.0,0.0
scene-0655,21,0,3,direct,62,0.7037,0.6606,0.0432,0.7098,0.7249,-0.0152,187.9,69.05,2.721,37347,22284,0,15063,0.5967,0.0,0.4033,0.5967,0.8198,0.8021,0.7267
scene-0655,22,0,3,direct,62,0.6607,0.6607,0.0,0.7223,0.7187,0.0036,191.38,77.08,2.483,37660,12966,0,24694,0.3443,0.0,0.6557,0.3443,0.8184,0.5351,0.5074
scene-0655,23,0,3,direct,62,0.6207,0.6606,-0.0399,0.738,0.7334,0.0046,190.11,76.64,2.481,37376,13330,0,24046,0.3566,0.0,0.6434,0.3566,0.8153,0.5313,0.5071
scene-0655,24,0,3,direct,61,0.6786,0.7091,-0.0305,0.7256,0.7188,0.0067,190.12,75.89,2.505,36369,14371,0,21998,0.3951,0.0,0.6049,0.3951,0.8203,0.523,0.5119
scene-0655,25,1,3,direct,61,0.6847,0.6847,0.0,0.7135,0.7135,0.0,192.95,188.21,1.025,47489,0,0,47489,0.0,0.0,1.0,0.0,0.0,0.0,0.0
scene-0655,26,0,3,direct,61,0.6441,0.6667,-0.0226,0.7118,0.7439,-0.0321,191.46,75.79,2.526,37813,24064,0,13749,0.6364,0.0,0.3636,0.6364,0.8088,0.7739,0.7263
scene-0655,27,0,3,direct,61,0.65,0.6018,0.0482,0.6975,0.7275,-0.03,185.84,70.2,2.647,38226,13360,0,24866,0.3495,0.0,0.6505,0.3495,0.7937,0.5188,0.4983
scene-0655,28,0,3,direct,61,0.6126,0.5794,0.0332,0.7101,0.7225,-0.0124,189.37,75.87,2.496,36643,12798,0,23845,0.3493,0.0,0.6507,0.3493,0.7877,0.5162,0.4894
scene-0655,29,0,3,direct,59,0.5688,0.5437,0.0251,0.7008,0.7006,0.0002,193.12,76.24,2.533,36596,12138,0,24458,0.3317,0.0,0.6683,0.3317,0.7903,0.5075,0.4813
scene-0655,30,1,3,direct,59,0.5789,0.5789,0.0,0.7281,0.7281,0.0,193.56,190.04,1.018,46245,0,0,46245,0.0,0.0,1.0,0.0,0.0,0.0,0.0
scene-0655,31,0,3,direct,56,0.58,0.5631,0.0169,0.7231,0.7286,-0.0056,190.37,76.83,2.478,37068,19055,0,18013,0.5141,0.0,0.4859,0.5141,0.8145,0.7862,0.6776
scene-0655,32,0,3,direct,56,0.58,0.5895,-0.0095,0.7125,0.7173,-0.0047,191.62,75.41,2.541,37111,13133,0,23978,0.3539,0.0,0.6461,0.3539,0.8153,0.5114,0.4936
scene-0655,33,0,3,direct,56,0.5686,0.6,-0.0314,0.7238,0.7197,0.0041,187.7,70.05,2.68,38595,12766,0,25829,0.3308,0.0,0.6692,0.3308,0.809,0.5124,0.4828
scene-0655,34,0,3,direct,55,0.6154,0.5714,0.044,0.7508,0.7479,0.003,189.55,76.85,2.466,38244,12732,0,25512,0.3329,0.0,0.6671,0.3329,0.8186,0.5054,0.4825
scene-0655,35,1,3,direct,55,0.6042,0.6042,0.0,0.7493,0.7493,0.0,188.12,189.33,0.994,48466,0,0,48466,0.0,0.0,1.0,0.0,0.0,0.0,0.0
scene-0655,36,0,3,direct,55,0.5825,0.5849,-0.0024,0.7321,0.7138,0.0183,185.55,70.82,2.62,38884,20330,0,18554,0.5228,0.0,0.4772,0.5228,0.8212,0.8004,0.6892
scene-0655,37,0,3,direct,55,0.6122,0.5918,0.0204,0.7141,0.705,0.0092,191.79,76.16,2.518,39081,15460,0,23621,0.3956,0.0,0.6044,0.3956,0.8226,0.5401,0.5278
scene-0655,38,0,3,direct,55,0.6535,0.5825,0.0709,0.7242,0.7315,-0.0073,191.86,77.76,2.467,41631,14592,0,27039,0.3505,0.0,0.6495,0.3505,0.8097,0.5206,0.4994
scene-0655,39,0,3,direct,56,0.6139,0.5773,0.0365,0.7374,0.7517,-0.0143,190.67,76.02,2.508,39498,13713,0,25785,0.3472,0.0,0.6528,0.3472,0.8236,0.5003,0.4819
scene-0655,40,1,3,direct,56,0.5631,0.5631,0.0,0.7305,0.7305,0.0,189.74,189.11,1.003,50686,0,0,50686,0.0,0.0,1.0,0.0,0.0,0.0,0.0
scene-0655,41,0,3,direct,54,0.5918,0.5743,0.0176,0.7331,0.7452,-0.0121,185.99,68.89,2.7,40072,21074,0,18998,0.5259,0.0,0.4741,0.5259,0.8112,0.7653,0.6713
scene-0655,42,0,3,direct,54,0.5472,0.5686,-0.0215,0.7249,0.7348,-0.0099,190.94,75.83,2.518,40128,16988,0,23140,0.4233,0.0,0.5767,0.4233,0.8132,0.5065,0.5043
scene-0655,43,0,3,direct,54,0.58,0.56,0.02,0.7147,0.7215,-0.0068,194.74,76.44,2.548,40267,15270,0,24997,0.3792,0.0,0.6208,0.3792,0.8112,0.4977,0.4908
scene-0655,44,0,3,direct,55,0.5979,0.587,0.011,0.6838,0.7057,-0.0219,192.53,76.12,2.529,39721,13757,0,25964,0.3463,0.0,0.6537,0.3463,0.8123,0.5138,0.4915
scene-0655,45,1,3,direct,55,0.5773,0.5773,0.0,0.7198,0.7198,0.0,190.55,188.45,1.011,50720,0,0,50720,0.0,0.0,1.0,0.0,0.0,0.0,0.0
scene-0655,46,0,3,direct,60,0.5714,0.5253,0.0462,0.711,0.7294,-0.0184,191.07,77.42,2.468,39320,22094,0,17226,0.5619,0.0,0.4381,0.5619,0.8072,0.7901,0.703
scene-0655,47,0,3,direct,60,0.5437,0.4815,0.0622,0.7066,0.7023,0.0043,191.36,76.07,2.515,39457,12380,0,27077,0.3138,0.0,0.6862,0.3138,0.8073,0.4899,0.4652
scene-0655,48,0,3,direct,60,0.537,0.5357,0.0013,0.6897,0.6929,-0.0033,188.84,74.62,2.531,41057,13315,0,27742,0.3243,0.0,0.6757,0.3243,0.7997,0.485,0.4635
scene-0655,49,0,3,direct,62,0.5091,0.5045,0.0046,0.6923,0.6691,0.0232,189.73,77.53,2.447,41141,14146,0,26995,0.3438,0.0,0.6562,0.3438,0.8095,0.504,0.4848
scene-0655,50,1,3,direct,62,0.537,0.537,0.0,0.6809,0.6809,0.0,193.12,192.08,1.005,51585,0,0,51585,0.0,0.0,1.0,0.0,0.0,0.0,0.0
scene-0655,51,0,3,direct,65,0.5688,0.5045,0.0643,0.6965,0.7051,-0.0086,194.38,78.61,2.473,42649,23239,0,19410,0.5449,0.0,0.4551,0.5449,0.8257,0.764,0.6775
scene-0655,52,0,3,direct,65,0.5981,0.5225,0.0756,0.6423,0.6729,-0.0306,191.06,63.89,2.99,40475,13805,0,26670,0.3411,0.0,0.6589,0.3411,0.8338,0.5064,0.4914
scene-0655,53,0,3,direct,65,0.5217,0.5128,0.0089,0.6823,0.6847,-0.0024,191.93,75.06,2.557,39089,13453,0,25636,0.3442,0.0,0.6558,0.3442,0.8417,0.5193,0.4974
scene-0655,54,0,3,direct,65,0.566,0.5487,0.0174,0.6886,0.6741,0.0145,192.69,76.45,2.521,41103,13861,0,27242,0.3372,0.0,0.6628,0.3372,0.8221,0.4869,0.4692
scene-0655,55,1,3,direct,65,0.5614,0.5614,0.0,0.687,0.687,0.0,191.95,188.7,1.017,54072,0,0,54072,0.0,0.0,1.0,0.0,0.0,0.0,0.0
scene-0655,56,0,3,direct,65,0.566,0.5045,0.0615,0.6373,0.657,-0.0197,190.19,77.06,2.468,42032,23174,0,18858,0.5513,0.0,0.4487,0.5513,0.8448,0.7877,0.6948
scene-0655,57,0,3,direct,65,0.5299,0.5091,0.0208,0.6563,0.6767,-0.0204,191.46,74.08,2.584,40549,13717,0,26832,0.3383,0.0,0.6617,0.3383,0.8335,0.4937,0.4772
scene-0655,58,0,3,direct,65,0.5565,0.5289,0.0276,0.6886,0.6635,0.025,188.04,71.58,2.627,41961,15996,0,25965,0.3812,0.0,0.6188,0.3812,0.8192,0.5102,0.5008
scene-0655,59,0,3,direct,66,0.6306,0.6,0.0306,0.6353,0.6397,-0.0044,189.26,70.07,2.701,40542,14888,0,25654,0.3672,0.0,0.6328,0.3672,0.8302,0.5059,0.4964
scene-0655,60,1,3,direct,66,0.5882,0.5882,0.0,0.6537,0.6537,0.0,197.25,212.96,0.926,51194,0,0,51194,0.0,0.0,1.0,0.0,0.0,0.0,0.0
scene-0655,61,0,3,direct,71,0.5556,0.5156,0.0399,0.6322,0.6535,-0.0213,194.22,79.87,2.432,39342,20373,0,18969,0.5178,0.0,0.4822,0.5178,0.8106,0.7544,0.6621
scene-0655,62,0,3,direct,71,0.5846,0.5556,0.0291,0.5838,0.5965,-0.0127,191.99,77.43,2.48,38464,12808,0,25656,0.333,0.0,0.667,0.333,0.8003,0.5155,0.4864
scene-0655,63,0,3,direct,71,0.6142,0.6094,0.0048,0.6365,0.6308,0.0057,190.59,78.41,2.431,41431,13683,0,27748,0.3303,0.0,0.6697,0.3303,0.7854,0.4886,0.4674
scene-0655,64,0,3,direct,71,0.5039,0.4769,0.027,0.6764,0.6511,0.0253,193.4,77.8,2.486,39168,12280,0,26888,0.3135,0.0,0.6865,0.3135,0.7933,0.4916,0.4674
scene-0655,65,1,3,direct,71,0.5373,0.5373,0.0,0.6468,0.6468,0.0,192.73,193.64,0.995,49215,0,0,49215,0.0,0.0,1.0,0.0,0.0,0.0,0.0
scene-0655,66,0,3,direct,73,0.5414,0.5197,0.0217,0.6537,0.66,-0.0063,193.61,71.88,2.694,39595,18829,0,20766,0.4755,0.0,0.5245,0.4755,0.7775,0.7419,0.6421
scene-0655,67,0,3,direct,73,0.4885,0.5,-0.0115,0.6487,0.6282,0.0205,191.65,70.32,2.725,39167,13316,0,25851,0.34,0.0,0.66,0.34,0.7862,0.489,0.475
scene-0655,68,0,3,direct,73,0.4516,0.459,-0.0074,0.6668,0.6478,0.0191,193.62,70.72,2.738,38843,12562,0,26281,0.3234,0.0,0.6766,0.3234,0.7823,0.4875,0.469
scene-0655,69,0,3,direct,76,0.406,0.4,0.006,0.6985,0.6661,0.0323,193.93,77.77,2.494,40084,17422,0,22662,0.4346,0.0,0.5654,0.4346,0.785,0.4966,0.496
scene-0655,70,1,3,direct,76,0.3582,0.3582,0.0,0.6841,0.6841,0.0,194.23,196.52,0.988,50464,0,0,50464,0.0,0.0,1.0,0.0,0.0,0.0,0.0
scene-0655,71,0,3,direct,66,0.3802,0.3697,0.0104,0.6635,0.6416,0.0219,189.26,71.72,2.639,39091,27031,0,12060,0.6915,0.0,0.3085,0.6915,0.7936,0.7781,0.7478
scene-0655,72,0,3,direct,66,0.371,0.3667,0.0043,0.6962,0.6656,0.0307,193.32,77.58,2.492,39960,15736,0,24224,0.3938,0.0,0.6062,0.3938,0.7919,0.5063,0.4985
scene-0655,73,0,3,direct,66,0.354,0.3361,0.0178,0.6913,0.6527,0.0386,185.87,72.88,2.55,38591,15780,0,22811,0.4089,0.0,0.5911,0.4089,0.8017,0.5161,0.5044
scene-0655,74,0,3,direct,61,0.2062,0.2105,-0.0043,0.6823,0.6658,0.0165,192.15,75.95,2.53,37549,12134,0,25415,0.3232,0.0,0.6768,0.3232,0.8099,0.5095,0.4786
scene-0655,75,1,3,direct,61,0.2366,0.2366,0.0,0.6759,0.6759,0.0,192.05,188.86,1.017,44520,0,0,44520,0.0,0.0,1.0,0.0,0.0,0.0,0.0
scene-0655,76,0,3,direct,56,0.1905,0.1667,0.0238,0.6803,0.6508,0.0295,188.39,76.74,2.455,34486,19762,0,14724,0.573,0.0,0.427,0.573,0.8181,0.7648,0.6939
scene-0655,77,0,3,direct,56,0.2,0.1,0.1,0.6292,0.7664,-0.1373,185.46,69.87,2.654,33428,10866,0,22562,0.3251,0.0,0.6749,0.3251,0.8183,0.5027,0.4771
scene-0655,78,0,3,direct,56,0.1558,0.1579,-0.0021,0.7247,0.7361,-0.0114,188.23,75.53,2.492,33372,11028,0,22344,0.3305,0.0,0.6695,0.3305,0.8204,0.5147,0.488
scene-0655,79,0,3,direct,59,0.1519,0.1282,0.0237,0.6436,0.6839,-0.0403,191.54,76.26,2.512,32917,10695,0,22222,0.3249,0.0,0.6751,0.3249,0.8224,0.5195,0.4843
scene-0655,80,1,3,direct,59,0.2222,0.2222,0.0,0.5391,0.5391,0.0,190.05,189.35,1.004,40520,0,0,40520,0.0,0.0,1.0,0.0,0.0,0.0,0.0
scene-0655,81,0,3,direct,59,0.2169,0.175,0.0419,0.5903,0.6189,-0.0286,190.79,76.63,2.49,32133,16056,0,16077,0.4997,0.0,0.5003,0.4997,0.8173,0.7726,0.6586
scene-0655,82,0,3,direct,59,0.1975,0.1687,0.0289,0.6663,0.6523,0.014,190.74,76.62,2.489,32047,10806,0,21241,0.3372,0.0,0.6628,0.3372,0.8106,0.5339,0.4921
scene-0655,83,0,3,direct,59,0.1647,0.1446,0.0201,0.6865,0.701,-0.0145,189.93,77.9,2.438,32530,11641,0,20889,0.3579,0.0,0.6421,0.3579,0.7967,0.5142,0.4861
scene-0655,84,0,3,direct,61,0.2222,0.2169,0.0054,0.7101,0.703,0.0072,184.51,68.08,2.71,34066,12377,0,21689,0.3633,0.0,0.6367,0.3633,0.7823,0.4745,0.4609
scene-0655,85,1,3,direct,61,0.3486,0.3486,0.0,0.6397,0.6397,0.0,188.32,189.37,0.994,45128,0,0,45128,0.0,0.0,1.0,0.0,0.0,0.0,0.0
scene-0655,86,0,3,direct,56,0.3846,0.4158,-0.0312,0.6703,0.6647,0.0056,190.97,77.74,2.457,37146,18005,0,19141,0.4847,0.0,0.5153,0.4847,0.7777,0.7318,0.6286
scene-0655,87,0,3,direct,56,0.4167,0.4211,-0.0044,0.705,0.6871,0.0179,191.36,76.76,2.493,37817,11812,0,26005,0.3123,0.0,0.6877,0.3123,0.7771,0.4913,0.4664
scene-0655,88,0,3,direct,57,0.3619,0.3883,-0.0264,0.7107,0.6834,0.0273,193.56,78.15,2.477,38870,12171,0,26699,0.3131,0.0,0.6869,0.3131,0.7663,0.4879,0.4584
scene-0655,89,0,3,direct,57,0.4043,0.3958,0.0084,0.718,0.7096,0.0084,193.69,80.12,2.417,40811,12468,0,28343,0.3055,0.0,0.6945,0.3055,0.7583,0.4742,0.4471
scene-0655,90,1,3,direct,57,0.4037,0.4037,0.0,0.6936,0.6936,0.0,200.78,195.15,1.029,51577,0,0,51577,0.0,0.0,1.0,0.0,0.0,0.0,0.0
scene-0655,91,0,3,direct,51,0.48,0.4792,0.0008,0.6505,0.644,0.0065,191.94,72.81,2.636,40513,20447,0,20066,0.5047,0.0,0.4953,0.5047,0.7637,0.7269,0.6384
scene-0655,92,0,3,direct,51,0.4444,0.4167,0.0278,0.6832,0.6972,-0.0141,188.92,72.39,2.61,44026,13622,0,30404,0.3094,0.0,0.6906,0.3094,0.7474,0.4396,0.4266
scene-0655,93,0,3,direct,51,0.4167,0.3678,0.0489,0.6658,0.6587,0.0071,195.37,77.17,2.532,42231,14092,0,28139,0.3337,0.0,0.6663,0.3337,0.7585,0.4521,0.4423
scene-0655,94,0,3,direct,45,0.3704,0.3373,0.033,0.7045,0.7244,-0.0199,194.07,78.06,2.486,44033,14175,0,29858,0.3219,0.0,0.6781,0.3219,0.7545,0.4303,0.4254
scene-0655,95,1,3,direct,45,0.3614,0.3614,0.0,0.7439,0.7439,0.0,194.11,190.86,1.017,55813,0,0,55813,0.0,0.0,1.0,0.0,0.0,0.0,0.0
scene-0655,96,0,3,direct,41,0.359,0.3544,0.0045,0.6038,0.6443,-0.0405,191.63,72.33,2.649,44395,23424,0,20971,0.5276,0.0,0.4724,0.5276,0.7568,0.7031,0.6364
scene-0655,97,0,3,direct,41,0.3733,0.3478,0.0255,0.6764,0.6643,0.0121,189.64,79.14,2.396,43692,14694,0,28998,0.3363,0.0,0.6637,0.3363,0.7572,0.4635,0.4511
scene-0655,98,0,3,direct,41,0.3429,0.3143,0.0286,0.623,0.6479,-0.025,189.05,78.56,2.406,43034,12784,0,30250,0.2971,0.0,0.7029,0.2971,0.7491,0.4438,0.4209
scene-0757,0,1,3,direct,11,0.48,0.48,0.0,0.6788,0.6788,0.0,143.06,153.55,0.932,39738,0,0,39738,0.0,0.0,1.0,0.0,0.0,0.0,0.0
scene-0757,1,0,3,direct,11,0.48,0.5,-0.02,0.7055,0.728,-0.0225,187.76,69.65,2.696,36569,18695,0,17874,0.5112,0.0,0.4888,0.5112,0.8631,0.7396,0.6513
scene-0757,2,0,3,direct,11,0.3226,0.4444,-0.1219,0.7887,0.7147,0.074,193.14,72.1,2.679,35194,12606,0,22588,0.3582,0.0,0.6418,0.3582,0.8847,0.552,0.5243
scene-0757,3,0,3,direct,11,0.4,0.3571,0.0429,0.7894,0.745,0.0444,186.37,72.49,2.571,35763,11894,0,23869,0.3326,0.0,0.6674,0.3326,0.8719,0.5238,0.4913
scene-0757,4,0,3,direct,11,0.3704,0.32,0.0504,0.7529,0.7722,-0.0193,193.62,72.36,2.676,36014,13276,0,22738,0.3686,0.0,0.6314,0.3686,0.8453,0.5671,0.5404
scene-0757,5,1,3,direct,12,0.3571,0.3571,0.0,0.7524,0.7524,0.0,197.93,196.19,1.009,47931,0,0,47931,0.0,0.0,1.0,0.0,0.0,0.0,0.0
scene-0757,6,0,3,direct,12,0.5185,0.3871,0.1314,0.6657,0.702,-0.0362,196.34,77.88,2.521,37215,19557,0,17658,0.5255,0.0,0.4745,0.5255,0.8787,0.8089,0.696
scene-0757,7,0,3,direct,12,0.5217,0.4286,0.0932,0.7084,0.749,-0.0407,189.75,70.13,2.706,33945,14059,0,19886,0.4142,0.0,0.5858,0.4142,0.8978,0.5828,0.5697
scene-0757,8,0,3,direct,12,0.56,0.4828,0.0772,0.6683,0.6293,0.039,197.45,75.96,2.599,35948,14649,0,21299,0.4075,0.0,0.5925,0.4075,0.874,0.5288,0.5255
scene-0757,9,0,3,direct,13,0.4667,0.4375,0.0292,0.6528,0.6572,-0.0044,188.23,71.79,2.622,36244,13479,0,22765,0.3719,0.0,0.6281,0.3719,0.8936,0.5742,0.5391
scene-0757,10,1,3,direct,13,0.4,0.4,0.0,0.703,0.703,0.0,198.88,197.35,1.008,45095,0,0,45095,0.0,0.0,1.0,0.0,0.0,0.0,0.0
scene-0757,11,0,3,direct,13,0.4118,0.4375,-0.0257,0.6897,0.6713,0.0184,188.32,66.98,2.811,36222,18564,0,17658,0.5125,0.0,0.4875,0.5125,0.8937,0.8179,0.7011
scene-0757,12,0,3,direct,13,0.4516,0.3243,0.1273,0.6972,0.6909,0.0062,193.67,76.75,2.523,33493,11443,0,22050,0.3417,0.0,0.6583,0.3417,0.9044,0.5587,0.5194
scene-0757,13,0,3,direct,13,0.4828,0.4444,0.0383,0.6244,0.6342,-0.0098,187.72,71.19,2.637,35361,12383,0,22978,0.3502,0.0,0.6498,0.3502,0.9041,0.5541,0.528
scene-0757,14,0,3,direct,13,0.4286,0.4138,0.0148,0.5698,0.5819,-0.0121,193.1,73.18,2.639,37415,13284,0,24131,0.355,0.0,0.645,0.355,0.9293,0.574,0.5379
scene-0757,15,1,3,direct,13,0.5185,0.5185,0.0,0.6524,0.6524,0.0,178.16,190.77,0.934,48418,0,0,48418,0.0,0.0,1.0,0.0,0.0,0.0,0.0
scene-0757,16,0,3,direct,13,0.4615,0.4615,0.0,0.6988,0.5881,0.1108,191.13,76.54,2.497,35293,19807,0,15486,0.5612,0.0,0.4388,0.5612,0.9406,0.854,0.7387
scene-0757,17,0,3,direct,13,0.4828,0.4138,0.069,0.6767,0.649,0.0276,192.7,76.84,2.508,37286,16218,0,21068,0.435,0.0,0.565,0.435,0.9297,0.569,0.5561
scene-0757,18,0,3,direct,13,0.4615,0.4348,0.0268,0.599,0.6838,-0.0848,193.03,76.03,2.539,37803,13733,0,24070,0.3633,0.0,0.6367,0.3633,0.9398,0.58,0.5453
scene-0757,19,0,3,direct,14,0.4138,0.3571,0.0567,0.599,0.5759,0.0231,192.24,73.2,2.626,35323,14526,0,20797,0.4112,0.0,0.5888,0.4112,0.9372,0.5768,0.5518
scene-0757,20,1,3,direct,14,0.3125,0.3125,0.0,0.6003,0.6003,0.0,198.56,197.91,1.003,46748,0,0,46748,0.0,0.0,1.0,0.0,0.0,0.0,0.0
scene-0757,21,0,3,direct,14,0.3226,0.2759,0.0467,0.7518,0.7665,-0.0146,195.22,75.73,2.578,34330,17431,0,16899,0.5077,0.0,0.4923,0.5077,0.9387,0.8104,0.6889
scene-0757,22,0,3,direct,14,0.4286,0.4286,0.0,0.6508,0.5688,0.082,194.68,75.56,2.577,33757,13200,0,20557,0.391,0.0,0.609,0.391,0.9372,0.5488,0.5323
scene-0757,23,0,3,direct,14,0.4444,0.3226,0.1219,0.6009,0.5395,0.0614,189.79,71.32,2.661,32606,15160,0,17446,0.4649,0.0,0.5351,0.4649,0.938,0.5927,0.579
scene-0757,24,0,3,direct,14,0.3077,0.2759,0.0318,0.7361,0.6929,0.0432,191.85,70.13,2.735,31950,11612,0,20338,0.3634,0.0,0.6366,0.3634,0.9456,0.5917,0.5452
scene-0757,25,1,3,direct,14,0.3448,0.3448,0.0,0.7016,0.7016,0.0,192.61,193.28,0.997,40952,0,0,40952,0.0,0.0,1.0,0.0,0.0,0.0,0.0
scene-0757,26,0,3,direct,15,0.4286,0.2069,0.2217,0.6396,0.7425,-0.1029,196.33,77.99,2.517,32758,19380,0,13378,0.5916,0.0,0.4084,0.5916,0.9408,0.8039,0.7335
scene-0757,27,0,3,direct,15,0.4375,0.3871,0.0504,0.6309,0.6184,0.0125,195.75,76.44,2.561,34076,13845,0,20231,0.4063,0.0,0.5937,0.4063,0.9387,0.574,0.5473
scene-0757,28,0,3,direct,15,0.4,0.3333,0.0667,0.6832,0.73,-0.0468,191.96,70.33,2.729,34297,12132,0,22165,0.3537,0.0,0.6463,0.3537,0.9298,0.5608,0.524
scene-0757,29,0,3,direct,13,0.4,0.3571,0.0429,0.7124,0.7267,-0.0143,193.18,70.02,2.759,31802,11579,0,20223,0.3641,0.0,0.6359,0.3641,0.9468,0.62,0.5599
scene-0757,30,1,3,direct,13,0.4348,0.4348,0.0,0.7339,0.7339,0.0,191.45,196.22,0.976,42585,0,0,42585,0.0,0.0,1.0,0.0,0.0,0.0,0.0
scene-0757,31,0,3,direct,13,0.4167,0.4167,0.0,0.7731,0.7526,0.0205,196.03,76.39,2.566,33146,18041,0,15105,0.5443,0.0,0.4557,0.5443,0.9317,0.767,0.6914
scene-0757,32,0,3,direct,13,0.48,0.5385,-0.0585,0.6837,0.6673,0.0165,194.87,76.46,2.548,31156,11934,0,19222,0.383,0.0,0.617,0.383,0.9479,0.6391,0.5844
scene-0757,33,0,3,direct,13,0.5385,0.4545,0.0839,0.6453,0.6697,-0.0244,188.46,69.76,2.702,29553,9470,0,20083,0.3204,0.0,0.6796,0.3204,0.9481,0.5968,0.5343
scene-0757,34,0,3,direct,13,0.4444,0.4,0.0444,0.7151,0.7155,-0.0003,197.44,75.64,2.61,30816,10325,0,20491,0.3351,0.0,0.6649,0.3351,0.9413,0.5804,0.5284
scene-0757,35,1,3,direct,13,0.4375,0.4375,0.0,0.6955,0.6955,0.0,196.28,195.83,1.002,39688,0,0,39688,0.0,0.0,1.0,0.0,0.0,0.0,0.0
scene-0757,36,0,3,direct,14,0.4615,0.48,-0.0185,0.6489,0.6652,-0.0164,193.86,72.6,2.67,28515,13118,0,15397,0.46,0.0,0.54,0.46,0.9461,0.7982,0.6751
scene-0757,37,0,3,direct,14,0.5455,0.4615,0.0839,0.7017,0.6838,0.0179,195.39,67.9,2.878,25106,9860,0,15246,0.3927,0.0,0.6073,0.3927,0.973,0.6063,0.5648
scene-0757,38,0,3,direct,14,0.4615,0.3448,0.1167,0.6963,0.6238,0.0725,192.09,68.46,2.806,25272,9499,0,15773,0.3759,0.0,0.6241,0.3759,0.9733,0.601,0.5768
scene-0757,39,0,3,direct,15,0.4286,0.4,0.0286,0.6915,0.6614,0.0301,191.44,72.01,2.659,24601,9853,0,14748,0.4005,0.0,0.5995,0.4005,0.9842,0.6551,0.6166
scene-0757,40,1,3,direct,15,0.5185,0.5185,0.0,0.7079,0.7079,0.0,195.76,193.52,1.012,30656,0,0,30656,0.0,0.0,1.0,0.0,0.0,0.0,0.0
scene-0757,41,0,3,direct,17,0.3846,0.4138,-0.0292,0.709,0.5523,0.1567,192.85,72.31,2.667,23675,15305,0,8370,0.6465,0.0,0.3535,0.6465,0.987,0.9341,0.8408
scene-0757,42,0,3,direct,17,0.4516,0.4242,0.0274,0.6379,0.5993,0.0386,191.29,75.64,2.529,23081,9500,0,13581,0.4116,0.0,0.5884,0.4116,0.9875,0.659,0.6279
scene-0757,43,0,3,direct,17,0.4286,0.4828,-0.0542,0.6739,0.5984,0.0756,191.83,74.6,2.572,21241,8200,0,13041,0.386,0.0,0.614,0.386,0.9897,0.6757,0.6304
scene-0757,44,0,3,direct,17,0.3125,0.3333,-0.0208,0.7159,0.7037,0.0122,182.48,77.22,2.363,22746,10068,0,12678,0.4426,0.0,0.5574,0.4426,0.9863,0.7373,0.6874
scene-0757,45,1,3,direct,17,0.375,0.375,0.0,0.6401,0.6401,0.0,190.92,194.1,0.984,26539,0,0,26539,0.0,0.0,1.0,0.0,0.0,0.0,0.0
scene-0757,46,0,3,direct,16,0.4444,0.3571,0.0873,0.6773,0.6513,0.026,190.89,74.2,2.573,24183,16683,0,7500,0.6899,0.0,0.3101,0.6899,0.9734,0.848,0.8051
scene-0757,47,0,3,direct,16,0.3871,0.4828,-0.0957,0.6677,0.6338,0.0339,190.18,76.25,2.494,23603,14369,0,9234,0.6088,0.0,0.3912,0.6088,0.9851,0.7163,0.7085
scene-0757,48,0,3,direct,16,0.3846,0.2963,0.0883,0.7428,0.7393,0.0035,193.42,73.91,2.617,24571,16558,0,8013,0.6739,0.0,0.3261,0.6739,0.986,0.7554,0.7479
scene-0757,49,0,3,direct,16,0.3448,0.4615,-0.1167,0.707,0.6719,0.0351,183.67,68.19,2.694,24466,19021,0,5445,0.7774,0.0,0.2226,0.7774,0.9837,0.8218,0.8165
scene-0757,50,1,3,direct,16,0.3846,0.3846,0.0,0.7265,0.7265,0.0,180.12,188.74,0.954,25152,0,0,25152,0.0,0.0,1.0,0.0,0.0,0.0,0.0
scene-0757,51,0,3,direct,16,0.3871,0.3571,0.03,0.6313,0.6606,-0.0293,181.99,67.95,2.678,23007,20241,0,2766,0.8798,0.0,0.1202,0.8798,0.9755,0.9058,0.8984
scene-0757,52,0,3,direct,16,0.3871,0.3226,0.0645,0.7189,0.7032,0.0157,190.05,73.44,2.588,23744,18175,0,5569,0.7655,0.0,0.2345,0.7655,0.9723,0.7886,0.7875
scene-0757,53,0,3,direct,16,0.4138,0.3226,0.0912,0.7239,0.7072,0.0167,190.89,74.07,2.577,22741,18539,0,4202,0.8152,0.0,0.1848,0.8152,0.9683,0.8363,0.8328
scene-0757,54,0,3,direct,16,0.2941,0.3226,-0.0285,0.7214,0.7138,0.0076,190.9,73.94,2.582,22309,17881,0,4428,0.8015,0.0,0.1985,0.8015,0.9643,0.8269,0.8258
scene-0757,55,1,3,direct,16,0.3871,0.3871,0.0,0.6357,0.6357,0.0,180.19,187.32,0.962,21721,0,0,21721,0.0,0.0,1.0,0.0,0.0,0.0,0.0
scene-0757,56,0,3,direct,16,0.4,0.4138,-0.0138,0.7208,0.7178,0.003,185.38,73.89,2.509,19258,17050,0,2208,0.8853,0.0,0.1147,0.8853,0.969,0.9046,0.8988
scene-0757,57,0,3,direct,16,0.4348,0.48,-0.0452,0.7806,0.7015,0.079,185.64,72.04,2.577,20046,14709,0,5337,0.7338,0.0,0.2662,0.7338,0.9742,0.7622,0.7638
scene-0757,58,0,3,direct,16,0.4,0.4444,-0.0444,0.72,0.7037,0.0163,186.16,74.81,2.488,19161,15811,0,3350,0.8252,0.0,0.1748,0.8252,0.9788,0.8405,0.8381
scene-0757,59,0,3,direct,17,0.4,0.4138,-0.0138,0.7334,0.68,0.0533,184.16,73.01,2.523,17409,14350,0,3059,0.8243,0.0,0.1757,0.8243,0.9848,0.8345,0.8336
scene-0757,60,1,3,direct,17,0.4118,0.4118,0.0,0.7096,0.7096,0.0,183.11,182.03,1.006,18341,0,0,18341,0.0,0.0,1.0,0.0,0.0,0.0,0.0
scene-0757,61,0,3,direct,18,0.3684,0.2927,0.0757,0.7382,0.6427,0.0954,171.08,65.6,2.608,13858,12351,0,1507,0.8913,0.0,0.1087,0.8913,0.9843,0.9029,0.8991
scene-0757,62,0,3,direct,18,0.4,0.3871,0.0129,0.6888,0.6986,-0.0097,173.88,68.35,2.544,15153,10973,0,4180,0.7241,0.0,0.2759,0.7241,0.9873,0.7363,0.7372
scene-0757,63,0,3,direct,18,0.5926,0.4375,0.1551,0.6636,0.6648,-0.0011,177.52,75.17,2.362,16602,12466,0,4136,0.7509,0.0,0.2491,0.7509,0.9902,0.766,0.7649
scene-0757,64,0,3,direct,18,0.5161,0.4118,0.1044,0.7344,0.7279,0.0065,178.34,71.48,2.495,15774,13074,0,2700,0.8288,0.0,0.1712,0.8288,0.9909,0.8541,0.85
scene-0757,65,1,3,direct,18,0.3889,0.3889,0.0,0.7076,0.7076,0.0,170.1,174.21,0.976,16384,0,0,16384,0.0,0.0,1.0,0.0,0.0,0.0,0.0
scene-0757,66,0,3,direct,17,0.2857,0.3125,-0.0268,0.8046,0.7586,0.0461,180.14,69.16,2.605,14993,13676,0,1317,0.9122,0.0,0.0878,0.9122,0.9928,0.9338,0.9275
scene-0757,67,0,3,direct,17,0.48,0.3846,0.0954,0.7612,0.8019,-0.0408,167.86,61.83,2.715,16235,12735,0,3500,0.7844,0.0,0.2156,0.7844,0.9951,0.8053,0.8035
scene-0757,68,0,3,direct,17,0.4,0.4,0.0,0.7618,0.753,0.0088,166.22,61.75,2.692,14091,11806,0,2285,0.8378,0.0,0.1622,0.8378,0.9955,0.8663,0.8615
scene-0757,69,0,3,direct,18,0.3636,0.303,0.0606,0.7525,0.7736,-0.0211,180.01,71.84,2.506,14901,12058,0,2843,0.8092,0.0,0.1908,0.8092,0.9939,0.8179,0.8196
scene-0757,70,1,3,direct,18,0.4848,0.4848,0.0,0.6892,0.6892,0.0,165.23,180.32,0.916,17867,0,0,17867,0.0,0.0,1.0,0.0,0.0,0.0,0.0
scene-0757,71,0,3,direct,18,0.5517,0.4242,0.1275,0.7061,0.7022,0.0039,169.41,60.42,2.804,16493,15607,0,886,0.9463,0.0,0.0537,0.9463,0.9959,0.9646,0.9591
scene-0757,72,0,3,direct,18,0.4828,0.4118,0.071,0.6956,0.6819,0.0136,181.72,73.83,2.461,16509,13869,0,2640,0.8401,0.0,0.1599,0.8401,0.9953,0.8626,0.859
scene-0757,73,0,3,direct,18,0.4667,0.4138,0.0529,0.7172,0.6633,0.0539,162.96,62.75,2.597,16659,13672,0,2987,0.8207,0.0,0.1793,0.8207,0.9954,0.8549,0.8497
scene-0757,74,0,3,direct,17,0.4,0.3871,0.0129,0.7765,0.6612,0.1153,165.84,62.72,2.644,16266,14190,0,2076,0.8724,0.0,0.1276,0.8724,0.9958,0.8923,0.8885
scene-0757,75,1,3,direct,17,0.4615,0.4615,0.0,0.7471,0.7471,0.0,176.78,178.82,0.989,15978,0,0,15978,0.0,0.0,1.0,0.0,0.0,0.0,0.0
scene-0757,76,0,3,direct,16,0.4828,0.4,0.0828,0.7176,0.715,0.0026,177.51,75.97,2.336,15207,13861,0,1346,0.9115,0.0,0.0885,0.9115,0.9936,0.9394,0.9317
scene-0757,77,0,3,direct,16,0.4444,0.3871,0.0573,0.7745,0.6457,0.1287,174.65,75.38,2.317,16145,12842,0,3303,0.7954,0.0,0.2046,0.7954,0.9958,0.8147,0.8163
scene-0757,78,0,3,direct,16,0.4,0.4444,-0.0444,0.7754,0.5979,0.1775,176.7,72.44,2.439,16623,14205,0,2418,0.8545,0.0,0.1455,0.8545,0.9964,0.8767,0.8741
scene-0757,79,0,3,direct,17,0.3704,0.3846,-0.0142,0.7978,0.7016,0.0962,170.32,63.93,2.664,15018,13208,0,1810,0.8795,0.0,0.1205,0.8795,0.9968,0.9008,0.8997
scene-0757,80,1,3,direct,17,0.3846,0.3846,0.0,0.8111,0.8111,0.0,176.11,175.01,1.006,17158,0,0,17158,0.0,0.0,1.0,0.0,0.0,0.0,0.0
scene-0757,81,0,3,direct,18,0.4138,0.4516,-0.0378,0.7697,0.6608,0.1089,177.04,76.03,2.329,15539,14484,0,1055,0.9321,0.0,0.0679,0.9321,0.9955,0.9621,0.954
scene-0757,82,0,3,direct,18,0.3226,0.4,-0.0774,0.7638,0.6289,0.1348,177.8,71.18,2.498,16183,13654,0,2529,0.8437,0.0,0.1563,0.8437,0.9957,0.8545,0.8539
scene-0757,83,0,3,direct,18,0.4444,0.3871,0.0573,0.6688,0.5847,0.0841,174.98,73.5,2.381,15445,13381,0,2064,0.8664,0.0,0.1336,0.8664,0.997,0.8782,0.8774
scene-0757,84,0,3,direct,16,0.4348,0.3077,0.1271,0.7368,0.721,0.0157,174.3,74.09,2.353,15150,13435,0,1715,0.8868,0.0,0.1132,0.8868,0.9969,0.9023,0.8999
scene-0757,85,1,3,direct,16,0.3704,0.3704,0.0,0.7308,0.7308,0.0,180.93,177.51,1.019,16495,0,0,16495,0.0,0.0,1.0,0.0,0.0,0.0,0.0
scene-0757,86,0,3,direct,14,0.5217,0.5217,0.0,0.7094,0.6796,0.0298,176.21,74.29,2.372,15519,14659,0,860,0.9446,0.0,0.0554,0.9446,0.9973,0.9749,0.9664
scene-0757,87,0,3,direct,14,0.32,0.3333,-0.0133,0.7812,0.7812,-0.0,178.85,74.09,2.414,13930,11712,0,2218,0.8408,0.0,0.1592,0.8408,0.9976,0.8911,0.8874
scene-0757,88,0,3,direct,14,0.4,0.3846,0.0154,0.8036,0.7273,0.0764,177.66,75.37,2.357,14895,12130,0,2765,0.8144,0.0,0.1856,0.8144,0.9959,0.8464,0.8483
scene-0757,89,0,3,direct,14,0.2609,0.381,-0.1201,0.8276,0.7736,0.054,176.72,73.84,2.393,15955,12648,0,3307,0.7927,0.0,0.2073,0.7927,0.9976,0.835,0.8322
scene-0757,90,1,3,direct,14,0.3636,0.3636,0.0,0.7386,0.7386,0.0,177.41,176.3,1.006,17404,0,0,17404,0.0,0.0,1.0,0.0,0.0,0.0,0.0
scene-0757,91,0,3,direct,14,0.4167,0.4348,-0.0181,0.785,0.7752,0.0097,167.0,64.62,2.584,14266,13805,0,461,0.9677,0.0,0.0323,0.9677,0.9979,0.9809,0.9766
scene-0757,92,0,3,direct,14,0.4,0.3077,0.0923,0.7287,0.7938,-0.0651,175.87,73.18,2.403,15208,12539,0,2669,0.8245,0.0,0.1755,0.8245,0.9958,0.842,0.846
scene-0757,93,0,3,direct,14,0.4545,0.3333,0.1212,0.7781,0.799,-0.0209,169.15,62.89,2.689,15909,12812,0,3097,0.8053,0.0,0.1947,0.8053,0.9972,0.832,0.8302
scene-0757,94,0,3,direct,12,0.3478,0.3846,-0.0368,0.7608,0.7204,0.0404,177.75,74.73,2.378,16025,13688,0,2337,0.8542,0.0,0.1458,0.8542,0.9963,0.8739,0.8734
scene-0757,95,1,3,direct,12,0.5,0.5,0.0,0.7536,0.7536,0.0,177.0,176.39,1.003,17419,0,0,17419,0.0,0.0,1.0,0.0,0.0,0.0,0.0
scene-0757,96,0,3,direct,12,0.4545,0.4762,-0.0216,0.764,0.7613,0.0026,164.25,62.36,2.634,13605,12880,0,725,0.9467,0.0,0.0533,0.9467,0.9965,0.9684,0.9626
scene-0757,97,0,3,direct,12,0.5,0.4545,0.0455,0.7927,0.7863,0.0064,166.33,65.51,2.539,14172,12195,0,1977,0.8605,0.0,0.1395,0.8605,0.9935,0.8676,0.8671
scene-0757,98,0,3,direct,12,0.3846,0.4348,-0.0502,0.7668,0.7674,-0.0007,165.47,64.1,2.581,15760,12422,0,3338,0.7882,0.0,0.2118,0.7882,0.9949,0.8047,0.8056
scene-0796,0,1,3,direct,22,0.2326,0.2326,0.0,0.6921,0.6921,0.0,140.33,152.68,0.919,47193,0,0,47193,0.0,0.0,1.0,0.0,0.0,0.0,0.0
scene-0796,1,0,3,direct,22,0.2083,0.2083,0.0,0.6299,0.6703,-0.0405,194.11,78.48,2.473,40289,20784,0,19505,0.5159,0.0,0.4841,0.5159,0.7393,0.7009,0.6289
scene-0796,2,0,3,direct,22,0.2222,0.1818,0.0404,0.7677,0.7701,-0.0024,192.92,78.48,2.458,40652,12357,0,28295,0.304,0.0,0.696,0.304,0.7498,0.3932,0.3922
scene-0796,3,0,3,direct,21,0.2381,0.3,-0.0619,0.7366,0.6646,0.072,195.03,74.67,2.612,40416,11589,0,28827,0.2867,0.0,0.7133,0.2867,0.7513,0.3752,0.3717
scene-0796,4,0,3,direct,21,0.2222,0.3077,-0.0855,0.6965,0.6147,0.0818,187.58,69.3,2.707,40798,10911,0,29887,0.2674,0.0,0.7326,0.2674,0.7516,0.3533,0.3546
scene-0796,5,1,3,direct,23,0.2791,0.2791,0.0,0.677,0.677,0.0,192.17,190.94,1.006,55688,0,0,55688,0.0,0.0,1.0,0.0,0.0,0.0,0.0
scene-0796,6,0,3,direct,23,0.3636,0.3111,0.0525,0.6794,0.5895,0.0899,192.32,69.01,2.787,41153,23060,0,18093,0.5603,0.0,0.4397,0.5603,0.7473,0.7118,0.6543
scene-0796,7,0,3,direct,23,0.2727,0.2439,0.0288,0.7351,0.7602,-0.0251,186.0,68.33,2.722,42740,11809,0,30931,0.2763,0.0,0.7237,0.2763,0.7393,0.3545,0.3577
scene-0796,8,0,3,direct,23,0.3256,0.2174,0.1082,0.6768,0.6778,-0.001,189.89,72.26,2.628,41530,13189,0,28341,0.3176,0.0,0.6824,0.3176,0.7577,0.395,0.3941
scene-0796,9,0,3,direct,23,0.3721,0.3256,0.0465,0.6744,0.6475,0.0269,191.99,78.52,2.445,41856,12530,0,29326,0.2994,0.0,0.7006,0.2994,0.7506,0.3916,0.3878
scene-0796,10,1,3,direct,22,0.3158,0.3158,0.0,0.7731,0.7731,0.0,196.1,193.54,1.013,54990,0,0,54990,0.0,0.0,1.0,0.0,0.0,0.0,0.0
scene-0796,11,0,3,direct,22,0.3684,0.2051,0.1633,0.7844,0.7504,0.034,191.5,73.14,2.618,41142,20259,0,20883,0.4924,0.0,0.5076,0.4924,0.7568,0.719,0.6253
scene-0796,12,0,3,direct,22,0.381,0.3333,0.0476,0.635,0.6151,0.0199,196.52,78.59,2.501,40737,12428,0,28309,0.3051,0.0,0.6949,0.3051,0.7607,0.3906,0.3889
scene-0796,13,0,3,direct,23,0.2927,0.2609,0.0318,0.7031,0.5726,0.1305,192.45,74.81,2.572,40943,11763,0,29180,0.2873,0.0,0.7127,0.2873,0.7552,0.3901,0.3859
scene-0796,14,0,3,direct,23,0.3684,0.2857,0.0827,0.6524,0.5424,0.11,188.76,69.6,2.712,41557,12257,0,29300,0.2949,0.0,0.7051,0.2949,0.7537,0.3921,0.3867
scene-0796,15,1,3,direct,24,0.2703,0.2703,0.0,0.7174,0.7174,0.0,187.75,192.76,0.974,54384,0,0,54384,0.0,0.0,1.0,0.0,0.0,0.0,0.0
scene-0796,16,0,3,direct,24,0.1538,0.0952,0.0586,0.6797,0.6562,0.0235,192.59,67.51,2.853,40229,21986,0,18243,0.5465,0.0,0.4535,0.5465,0.7662,0.741,0.6664
scene-0796,17,0,3,direct,24,0.2105,0.2105,0.0,0.5956,0.5652,0.0305,195.16,77.59,2.515,40278,12483,0,27795,0.3099,0.0,0.6901,0.3099,0.7699,0.433,0.4234
scene-0796,18,0,3,direct,24,0.1579,0.0976,0.0603,0.6674,0.5082,0.1592,191.66,72.22,2.654,40007,11248,0,28759,0.2812,0.0,0.7188,0.2812,0.7726,0.406,0.391
scene-0796,19,0,3,direct,24,0.2703,0.2286,0.0417,0.6791,0.6175,0.0616,193.82,78.12,2.481,40690,11066,0,29624,0.272,0.0,0.728,0.272,0.7635,0.3952,0.3823
scene-0796,20,1,3,direct,26,0.3,0.3,0.0,0.6307,0.6307,0.0,190.82,192.07,0.993,53133,0,0,53133,0.0,0.0,1.0,0.0,0.0,0.0,0.0
scene-0796,21,0,3,direct,26,0.2791,0.2,0.0791,0.6358,0.6399,-0.004,194.62,78.1,2.492,39609,23185,0,16424,0.5853,0.0,0.4147,0.5853,0.776,0.7502,0.6904
scene-0796,22,0,3,direct,26,0.2105,0.3,-0.0895,0.6378,0.4784,0.1594,191.84,76.58,2.505,40671,13511,0,27160,0.3322,0.0,0.6678,0.3322,0.7722,0.4251,0.4176
scene-0796,23,0,3,direct,26,0.24,0.2041,0.0359,0.6691,0.7107,-0.0416,193.76,80.6,2.404,40728,11620,0,29108,0.2853,0.0,0.7147,0.2853,0.77,0.3992,0.388
scene-0796,24,0,3,direct,26,0.2857,0.3111,-0.0254,0.6925,0.6875,0.005,186.38,71.12,2.621,41897,12788,0,29109,0.3052,0.0,0.6948,0.3052,0.7699,0.3998,0.3928
scene-0796,25,1,3,direct,28,0.3333,0.3333,0.0,0.6547,0.6547,0.0,194.03,192.42,1.008,54489,0,0,54489,0.0,0.0,1.0,0.0,0.0,0.0,0.0
scene-0796,26,0,3,direct,28,0.2692,0.2414,0.0279,0.6559,0.6438,0.0121,196.83,77.65,2.535,44699,23719,0,20980,0.5306,0.0,0.4694,0.5306,0.77,0.7246,0.6484
scene-0796,27,0,3,direct,28,0.3333,0.3019,0.0314,0.6687,0.6478,0.0209,194.63,76.02,2.56,46529,16130,0,30399,0.3467,0.0,0.6533,0.3467,0.7649,0.4727,0.4604
scene-0796,28,0,3,direct,26,0.4091,0.4,0.0091,0.638,0.6134,0.0246,194.41,77.45,2.51,46085,15521,0,30564,0.3368,0.0,0.6632,0.3368,0.7668,0.4733,0.4575
scene-0796,29,0,3,direct,26,0.3,0.3333,-0.0333,0.7647,0.6418,0.1229,184.18,71.66,2.57,46577,15094,0,31483,0.3241,0.0,0.6759,0.3241,0.7605,0.4637,0.4486
scene-0796,30,1,3,direct,23,0.3721,0.3721,0.0,0.6546,0.6546,0.0,192.03,187.55,1.024,59027,0,0,59027,0.0,0.0,1.0,0.0,0.0,0.0,0.0
scene-0796,31,0,3,direct,23,0.3415,0.2667,0.0748,0.7112,0.6928,0.0184,192.04,76.72,2.503,47207,26067,0,21140,0.5522,0.0,0.4478,0.5522,0.7492,0.7188,0.6536
scene-0796,32,0,3,direct,23,0.439,0.381,0.0581,0.6953,0.6787,0.0166,189.61,77.91,2.434,45773,15113,0,30660,0.3302,0.0,0.6698,0.3302,0.7453,0.4334,0.4237
scene-0796,33,0,3,direct,21,0.4103,0.3,0.1103,0.7093,0.7444,-0.0351,191.27,77.58,2.465,46333,15360,0,30973,0.3315,0.0,0.6685,0.3315,0.7381,0.4278,0.4219
scene-0796,34,0,3,direct,21,0.4211,0.2667,0.1544,0.7098,0.7268,-0.017,184.77,71.0,2.602,47991,15424,0,32567,0.3214,0.0,0.6786,0.3214,0.7242,0.4072,0.4032
scene-0796,35,1,3,direct,21,0.4211,0.4211,0.0,0.7188,0.7188,0.0,185.59,189.26,0.981,63102,0,0,63102,0.0,0.0,1.0,0.0,0.0,0.0,0.0
scene-0796,36,0,3,direct,21,0.4571,0.3,0.1571,0.7251,0.7364,-0.0113,189.53,70.6,2.685,45180,25069,0,20111,0.5549,0.0,0.4451,0.5549,0.7378,0.7041,0.6446
scene-0796,37,0,3,direct,21,0.4,0.3243,0.0757,0.7272,0.7299,-0.0027,186.67,70.83,2.636,45360,13661,0,31699,0.3012,0.0,0.6988,0.3012,0.7516,0.3878,0.3881
scene-0796,38,0,3,direct,20,0.4118,0.3243,0.0874,0.6806,0.7067,-0.0261,190.66,77.44,2.462,46802,15474,0,31328,0.3306,0.0,0.6694,0.3306,0.7431,0.4052,0.4059
scene-0796,39,0,3,direct,20,0.375,0.3529,0.0221,0.6582,0.6467,0.0115,192.18,78.01,2.463,46804,15767,0,31037,0.3369,0.0,0.6631,0.3369,0.7398,0.4045,0.4036
scene-0796,40,1,3,direct,19,0.2703,0.2703,0.0,0.7124,0.7124,0.0,192.2,193.25,0.995,58258,0,0,58258,0.0,0.0,1.0,0.0,0.0,0.0,0.0
scene-0796,41,0,3,direct,19,0.3529,0.3,0.0529,0.6202,0.6208,-0.0006,191.48,79.08,2.421,45554,22841,0,22713,0.5014,0.0,0.4986,0.5014,0.7475,0.7032,0.6201
scene-0796,42,0,3,direct,19,0.2564,0.3,-0.0436,0.699,0.711,-0.012,185.81,70.31,2.643,44329,14682,0,29647,0.3312,0.0,0.6688,0.3312,0.7451,0.4308,0.4237
scene-0796,43,0,3,direct,18,0.3333,0.3226,0.0108,0.6633,0.6942,-0.0309,185.26,70.01,2.646,41900,13221,0,28679,0.3155,0.0,0.6845,0.3155,0.7678,0.4175,0.4119
scene-0796,44,0,3,direct,18,0.4,0.3125,0.0875,0.6438,0.709,-0.0652,190.25,76.2,2.497,41427,13094,0,28333,0.3161,0.0,0.6839,0.3161,0.77,0.4136,0.4125
scene-0796,45,1,3,direct,19,0.2857,0.2857,0.0,0.6806,0.6806,0.0,192.72,192.0,1.004,53323,0,0,53323,0.0,0.0,1.0,0.0,0.0,0.0,0.0
scene-0796,46,0,3,direct,19,0.3243,0.3704,-0.046,0.7328,0.7502,-0.0175,189.91,75.0,2.532,40383,22382,0,18001,0.5542,0.0,0.4458,0.5542,0.7749,0.7497,0.6769
scene-0796,47,0,3,direct,19,0.4118,0.3636,0.0481,0.6128,0.7061,-0.0933,193.62,81.14,2.386,41125,13464,0,27661,0.3274,0.0,0.6726,0.3274,0.7661,0.4649,0.4534
scene-0796,48,0,3,direct,20,0.3,0.3333,-0.0333,0.6348,0.606,0.0288,209.69,76.05,2.757,41538,14663,0,26875,0.353,0.0,0.647,0.353,0.7654,0.4597,0.4521
scene-0796,49,0,3,direct,20,0.2703,0.3429,-0.0726,0.7317,0.6811,0.0506,186.57,71.82,2.598,41910,14447,0,27463,0.3447,0.0,0.6553,0.3447,0.7696,0.4617,0.452
scene-0796,50,1,3,direct,19,0.375,0.375,0.0,0.7608,0.7608,0.0,191.01,192.18,0.994,54564,0,0,54564,0.0,0.0,1.0,0.0,0.0,0.0,0.0
scene-0796,51,0,3,direct,19,0.4571,0.4,0.0571,0.656,0.6671,-0.0111,188.09,73.52,2.558,43126,25253,0,17873,0.5856,0.0,0.4144,0.5856,0.7593,0.7241,0.6759
scene-0796,52,0,3,direct,19,0.5263,0.3902,0.1361,0.5674,0.6393,-0.0719,193.9,78.94,2.456,43028,15185,0,27843,0.3529,0.0,0.6471,0.3529,0.7688,0.4825,0.4707
scene-0796,53,0,3,direct,16,0.5625,0.4848,0.0777,0.7072,0.7235,-0.0163,188.86,76.84,2.458,43010,15790,0,27220,0.3671,0.0,0.6329,0.3671,0.778,0.4994,0.486
scene-0796,54,0,3,direct,16,0.6,0.5385,0.0615,0.6517,0.6912,-0.0395,192.1,76.63,2.507,43064,15107,0,27957,0.3508,0.0,0.6492,0.3508,0.7727,0.4854,0.4704
scene-0796,55,1,3,direct,14,0.64,0.64,0.0,0.7004,0.7004,0.0,186.3,192.51,0.968,54695,0,0,54695,0.0,0.0,1.0,0.0,0.0,0.0,0.0
scene-0796,56,0,3,direct,14,0.5926,0.56,0.0326,0.7509,0.6899,0.061,194.97,75.19,2.593,42000,21207,0,20793,0.5049,0.0,0.4951,0.5049,0.77,0.7381,0.6448
scene-0796,57,0,3,direct,14,0.5625,0.5143,0.0482,0.7247,0.651,0.0737,195.68,77.39,2.528,42326,13044,0,29282,0.3082,0.0,0.6918,0.3082,0.769,0.4679,0.4481
scene-0796,58,0,3,direct,15,0.5161,0.5517,-0.0356,0.7331,0.719,0.0141,195.24,76.79,2.542,40826,13431,0,27395,0.329,0.0,0.671,0.329,0.7812,0.4911,0.468
scene-0796,59,0,3,direct,15,0.625,0.5882,0.0368,0.67,0.5818,0.0882,199.1,64.76,3.074,40545,12825,0,27720,0.3163,0.0,0.6837,0.3163,0.7841,0.4792,0.4601
scene-0796,60,1,3,direct,14,0.6923,0.6923,0.0,0.6895,0.6895,0.0,193.92,191.41,1.013,51640,0,0,51640,0.0,0.0,1.0,0.0,0.0,0.0,0.0
scene-0796,61,0,3,direct,14,0.5333,0.6,-0.0667,0.6431,0.6015,0.0416,190.86,76.07,2.509,40280,20065,0,20215,0.4981,0.0,0.5019,0.4981,0.7842,0.755,0.6505
scene-0796,62,0,3,direct,14,0.4118,0.3889,0.0229,0.7262,0.6416,0.0846,188.76,76.15,2.479,39689,12705,0,26984,0.3201,0.0,0.6799,0.3201,0.7804,0.5093,0.4757
scene-0796,63,0,3,direct,15,0.4828,0.5714,-0.0887,0.7465,0.6967,0.0498,198.92,74.89,2.656,39784,12492,0,27292,0.314,0.0,0.686,0.314,0.7771,0.4891,0.4623
scene-0796,64,0,3,direct,15,0.4516,0.3529,0.0987,0.7014,0.629,0.0724,197.25,75.5,2.613,40706,12973,0,27733,0.3187,0.0,0.6813,0.3187,0.767,0.4863,0.4587
scene-0796,65,1,3,direct,16,0.5294,0.5294,0.0,0.6291,0.6291,0.0,186.82,193.35,0.966,53029,0,0,53029,0.0,0.0,1.0,0.0,0.0,0.0,0.0
scene-0796,66,0,3,direct,16,0.5455,0.5,0.0455,0.656,0.668,-0.0119,192.47,74.05,2.599,40946,21696,0,19250,0.5299,0.0,0.4701,0.5299,0.7769,0.7323,0.6558
scene-0796,67,0,3,direct,16,0.6207,0.4706,0.1501,0.6639,0.6585,0.0054,181.82,65.86,2.761,41529,13136,0,28393,0.3163,0.0,0.6837,0.3163,0.7729,0.4583,0.4435
scene-0796,68,0,3,direct,16,0.4375,0.5161,-0.0786,0.7784,0.6674,0.111,190.16,80.63,2.358,40784,13186,0,27598,0.3233,0.0,0.6767,0.3233,0.7724,0.4825,0.4628
scene-0796,69,0,3,direct,16,0.5333,0.4242,0.1091,0.7095,0.6595,0.0499,190.15,72.29,2.63,40633,14040,0,26593,0.3455,0.0,0.6545,0.3455,0.7751,0.4957,0.4788
scene-0796,70,1,3,direct,17,0.5161,0.5161,0.0,0.6999,0.6999,0.0,192.3,192.1,1.001,51669,0,0,51669,0.0,0.0,1.0,0.0,0.0,0.0,0.0
scene-0796,71,0,3,direct,17,0.4848,0.3529,0.1319,0.6393,0.5987,0.0405,191.12,71.66,2.667,40720,20611,0,20109,0.5062,0.0,0.4938,0.5062,0.7598,0.731,0.6449
scene-0796,72,0,3,direct,17,0.4324,0.4,0.0324,0.7214,0.6729,0.0486,193.88,79.98,2.424,40715,14131,0,26584,0.3471,0.0,0.6529,0.3471,0.7592,0.4869,0.4725
scene-0796,73,0,3,direct,17,0.5143,0.4,0.1143,0.6972,0.6674,0.0298,197.15,77.91,2.53,40956,14833,0,26123,0.3622,0.0,0.6378,0.3622,0.7515,0.4487,0.4442
scene-0796,74,0,3,direct,17,0.3784,0.4706,-0.0922,0.7214,0.6282,0.0931,194.81,77.16,2.525,39671,12678,0,26993,0.3196,0.0,0.6804,0.3196,0.7512,0.4745,0.4532
scene-0796,75,1,3,direct,15,0.4848,0.4848,0.0,0.7663,0.7663,0.0,195.12,199.77,0.977,47965,0,0,47965,0.0,0.0,1.0,0.0,0.0,0.0,0.0
scene-0796,76,0,3,direct,15,0.5,0.5,0.0,0.7453,0.6697,0.0756,194.54,78.13,2.49,36626,20557,0,16069,0.5613,0.0,0.4387,0.5613,0.7493,0.7225,0.6663
scene-0796,77,0,3,direct,15,0.4444,0.4138,0.0307,0.7323,0.6966,0.0357,192.75,75.04,2.569,35942,13713,0,22229,0.3815,0.0,0.6185,0.3815,0.7429,0.4652,0.4577
scene-0796,78,0,3,direct,11,0.4286,0.48,-0.0514,0.7009,0.7007,0.0002,176.62,65.57,2.694,35198,11043,0,24155,0.3137,0.0,0.6863,0.3137,0.7357,0.4677,0.4398
scene-0796,79,0,3,direct,11,0.5217,0.4348,0.087,0.6487,0.6376,0.0111,191.96,75.09,2.556,33873,10602,0,23271,0.313,0.0,0.687,0.313,0.7371,0.4772,0.446
scene-0796,80,1,3,direct,10,0.5714,0.5714,0.0,0.6864,0.6864,0.0,192.4,194.11,0.991,42042,0,0,42042,0.0,0.0,1.0,0.0,0.0,0.0,0.0
scene-0796,81,0,3,direct,10,0.5455,0.5714,-0.026,0.6804,0.5771,0.1033,187.88,66.61,2.821,32783,15879,0,16904,0.4844,0.0,0.5156,0.4844,0.7402,0.7281,0.6278
scene-0796,82,0,3,direct,10,0.48,0.5,-0.02,0.7527,0.727,0.0256,192.47,76.96,2.501,32994,10498,0,22496,0.3182,0.0,0.6818,0.3182,0.7406,0.4845,0.4588
scene-0796,83,0,3,direct,9,0.4762,0.3636,0.1126,0.7936,0.7822,0.0114,191.54,74.53,2.57,33187,10811,0,22376,0.3258,0.0,0.6742,0.3258,0.7446,0.4892,0.4639
scene-0796,84,0,3,direct,9,0.5333,0.4706,0.0627,0.8242,0.7787,0.0455,191.97,65.22,2.944,32937,11157,0,21780,0.3387,0.0,0.6613,0.3387,0.7494,0.5016,0.4756
scene-0796,85,1,3,direct,8,0.4706,0.4706,0.0,0.8213,0.8213,0.0,197.4,195.62,1.009,42958,0,0,42958,0.0,0.0,1.0,0.0,0.0,0.0,0.0
scene-0796,86,0,3,direct,8,0.4706,0.4,0.0706,0.8048,0.7848,0.02,196.5,76.77,2.559,34804,17487,0,17317,0.5024,0.0,0.4976,0.5024,0.7448,0.72,0.6375
scene-0796,87,0,3,direct,8,0.5714,0.4706,0.1008,0.7436,0.6792,0.0643,185.8,67.73,2.743,35795,11856,0,23939,0.3312,0.0,0.6688,0.3312,0.7256,0.4592,0.4431
scene-0796,88,0,3,direct,9,0.381,0.3478,0.0331,0.7223,0.6957,0.0267,183.81,66.75,2.754,35583,12373,0,23210,0.3477,0.0,0.6523,0.3477,0.7453,0.4742,0.4605
scene-0796,89,0,3,direct,9,0.3333,0.3529,-0.0196,0.7875,0.7428,0.0447,192.7,74.75,2.578,35775,11521,0,24254,0.322,0.0,0.678,0.322,0.7543,0.4834,0.4557
scene-0796,90,1,3,direct,9,0.375,0.375,0.0,0.7903,0.7903,0.0,191.54,190.47,1.006,46337,0,0,46337,0.0,0.0,1.0,0.0,0.0,0.0,0.0
scene-0796,91,0,3,direct,9,0.5,0.3529,0.1471,0.7195,0.6693,0.0502,193.01,76.32,2.529,35997,21290,0,14707,0.5914,0.0,0.4086,0.5914,0.7542,0.7282,0.6807
scene-0796,92,0,3,direct,9,0.5,0.4444,0.0556,0.6137,0.5965,0.0172,186.0,69.01,2.695,37032,12695,0,24337,0.3428,0.0,0.6572,0.3428,0.761,0.5063,0.4814
scene-0796,93,0,3,direct,8,0.3333,0.3158,0.0175,0.723,0.7097,0.0133,195.37,76.98,2.538,38384,13240,0,25144,0.3449,0.0,0.6551,0.3449,0.7518,0.4876,0.4673
scene-0796,94,0,3,direct,8,0.4615,0.4286,0.033,0.7235,0.6769,0.0466,191.17,67.9,2.815,37210,12494,0,24716,0.3358,0.0,0.6642,0.3358,0.763,0.5127,0.4789
scene-0796,95,1,3,direct,8,0.5333,0.5333,0.0,0.6645,0.6645,0.0,185.67,197.42,0.94,47714,0,0,47714,0.0,0.0,1.0,0.0,0.0,0.0,0.0
scene-0796,96,0,3,direct,8,0.5333,0.381,0.1524,0.6594,0.677,-0.0176,190.62,71.88,2.652,37885,19410,0,18475,0.5123,0.0,0.4877,0.5123,0.7537,0.7205,0.6437
scene-0796,97,0,3,direct,8,0.4615,0.3333,0.1282,0.7449,0.7299,0.015,194.27,73.27,2.652,38078,11842,0,26236,0.311,0.0,0.689,0.311,0.7476,0.4931,0.4579
scene-0916,0,1,3,direct,43,0.3768,0.3768,0.0,0.625,0.625,0.0,139.57,157.52,0.886,44268,0,0,44268,0.0,0.0,1.0,0.0,0.0,0.0,0.0
scene-0916,1,0,3,direct,43,0.3582,0.4058,-0.0476,0.578,0.5668,0.0112,196.69,75.32,2.611,37481,18500,0,18981,0.4936,0.0,0.5064,0.4936,0.8855,0.7167,0.6304
scene-0916,2,0,3,direct,48,0.3133,0.321,-0.0077,0.6437,0.6714,-0.0277,191.26,65.28,2.93,41488,14062,0,27426,0.3389,0.0,0.6611,0.3389,0.8966,0.5206,0.4952
scene-0916,3,0,3,direct,48,0.3953,0.3684,0.0269,0.5952,0.6241,-0.0289,194.13,76.75,2.529,39233,13700,0,25533,0.3492,0.0,0.6508,0.3492,0.9032,0.5485,0.5157
scene-0916,4,0,3,direct,48,0.3457,0.3636,-0.018,0.6795,0.6398,0.0397,192.63,74.92,2.571,40229,13644,0,26585,0.3392,0.0,0.6608,0.3392,0.8887,0.5179,0.489
scene-0916,5,1,3,direct,51,0.3182,0.3182,0.0,0.5876,0.5876,0.0,191.91,191.54,1.002,54185,0,0,54185,0.0,0.0,1.0,0.0,0.0,0.0,0.0
scene-0916,6,0,3,direct,51,0.4222,0.4235,-0.0013,0.5929,0.5753,0.0176,191.23,77.92,2.454,41858,20769,0,21089,0.4962,0.0,0.5038,0.4962,0.8829,0.7191,0.631
scene-0916,7,0,3,direct,57,0.3556,0.3736,-0.0181,0.5846,0.5111,0.0735,185.89,71.17,2.612,42905,13996,0,28909,0.3262,0.0,0.6738,0.3262,0.8717,0.4814,0.4527
scene-0916,8,0,3,direct,57,0.2766,0.3556,-0.079,0.6318,0.5648,0.067,182.96,71.05,2.575,47416,16126,0,31290,0.3401,0.0,0.6599,0.3401,0.8781,0.5016,0.4766
scene-0916,9,0,3,direct,60,0.3226,0.3158,0.0068,0.5644,0.5476,0.0168,190.76,72.15,2.644,42347,15880,0,26467,0.375,0.0,0.625,0.375,0.903,0.5345,0.5069
scene-0916,10,1,3,direct,60,0.4242,0.4242,0.0,0.5876,0.5876,0.0,194.46,194.48,1.0,56744,0,0,56744,0.0,0.0,1.0,0.0,0.0,0.0,0.0
scene-0916,11,0,3,direct,60,0.4632,0.3871,0.0761,0.5964,0.6187,-0.0223,187.4,71.37,2.626,47531,26173,0,21358,0.5507,0.0,0.4493,0.5507,0.8775,0.776,0.6847
scene-0916,12,0,3,direct,65,0.3922,0.4038,-0.0117,0.6621,0.6366,0.0255,192.5,76.59,2.513,45551,17046,0,28505,0.3742,0.0,0.6258,0.3742,0.8808,0.5321,0.5006
scene-0916,13,0,3,direct,65,0.4,0.4259,-0.0259,0.6165,0.6049,0.0115,189.9,71.6,2.652,45323,15374,0,29949,0.3392,0.0,0.6608,0.3392,0.88,0.502,0.4768
scene-0916,14,0,3,direct,69,0.4407,0.367,0.0737,0.5823,0.6127,-0.0304,183.85,68.55,2.682,39239,12979,0,26260,0.3308,0.0,0.6692,0.3308,0.8814,0.4984,0.4713
scene-0916,15,1,3,direct,69,0.3684,0.3684,0.0,0.588,0.588,0.0,191.18,191.77,0.997,52185,0,0,52185,0.0,0.0,1.0,0.0,0.0,0.0,0.0
scene-0916,16,0,3,direct,69,0.4505,0.4194,0.0311,0.6174,0.5968,0.0206,186.96,73.56,2.542,40632,20164,0,20468,0.4963,0.0,0.5037,0.4963,0.8578,0.707,0.6235
scene-0916,17,0,3,direct,71,0.4706,0.4628,0.0078,0.6225,0.6086,0.0138,189.87,78.2,2.428,41538,14610,0,26928,0.3517,0.0,0.6483,0.3517,0.87,0.5088,0.4901
scene-0916,18,0,3,direct,71,0.5469,0.496,0.0509,0.5909,0.6282,-0.0372,190.18,77.46,2.455,43099,15678,0,27421,0.3638,0.0,0.6362,0.3638,0.8765,0.529,0.5009
scene-0916,19,0,3,direct,70,0.5289,0.5,0.0289,0.6397,0.6685,-0.0288,189.96,69.34,2.74,38155,12641,0,25514,0.3313,0.0,0.6687,0.3313,0.8772,0.4909,0.4647
scene-0916,20,1,3,direct,70,0.5528,0.5528,0.0,0.5724,0.5724,0.0,195.69,196.84,0.994,52198,0,0,52198,0.0,0.0,1.0,0.0,0.0,0.0,0.0
scene-0916,21,0,3,direct,70,0.5271,0.5528,-0.0257,0.6422,0.6264,0.0158,193.79,79.42,2.44,40753,21382,0,19371,0.5247,0.0,0.4753,0.5247,0.8814,0.7587,0.665
scene-0916,22,0,3,direct,70,0.5564,0.4961,0.0603,0.6221,0.6558,-0.0338,194.93,75.71,2.575,42993,13095,0,29898,0.3046,0.0,0.6954,0.3046,0.8581,0.4536,0.4326
scene-0916,23,0,3,direct,70,0.5231,0.6116,-0.0885,0.6804,0.616,0.0645,193.35,78.99,2.448,38335,14143,0,24192,0.3689,0.0,0.6311,0.3689,0.8896,0.5394,0.515
scene-0916,24,0,3,direct,71,0.5676,0.5469,0.0207,0.6188,0.6529,-0.0341,198.9,76.86,2.588,39025,11885,0,27140,0.3045,0.0,0.6955,0.3045,0.8558,0.4558,0.4356
scene-0916,25,1,3,direct,71,0.5034,0.5034,0.0,0.655,0.655,0.0,187.25,192.22,0.974,51162,0,0,51162,0.0,0.0,1.0,0.0,0.0,0.0,0.0
scene-0916,26,0,3,direct,71,0.56,0.608,-0.048,0.6429,0.6274,0.0155,186.26,72.21,2.579,37691,18866,0,18825,0.5005,0.0,0.4995,0.5005,0.8667,0.723,0.6354
scene-0916,27,0,3,direct,71,0.5455,0.528,0.0175,0.6368,0.6252,0.0116,190.81,74.55,2.56,37180,12104,0,25076,0.3256,0.0,0.6744,0.3256,0.8664,0.4925,0.467
scene-0916,28,0,3,direct,71,0.5507,0.5037,0.047,0.6208,0.6434,-0.0225,184.89,70.25,2.632,38482,11968,0,26514,0.311,0.0,0.689,0.311,0.8458,0.4696,0.4432
scene-0916,29,0,3,direct,73,0.5315,0.5758,-0.0443,0.6182,0.5882,0.03,191.55,77.53,2.471,39153,12614,0,26539,0.3222,0.0,0.6778,0.3222,0.8628,0.477,0.4549
scene-0916,30,1,3,direct,73,0.5652,0.5652,0.0,0.5964,0.5964,0.0,190.68,192.91,0.988,49590,0,0,49590,0.0,0.0,1.0,0.0,0.0,0.0,0.0
scene-0916,31,0,3,direct,73,0.5286,0.6015,-0.0729,0.6242,0.5914,0.0328,189.85,75.46,2.516,37998,20081,0,17917,0.5285,0.0,0.4715,0.5285,0.8836,0.7464,0.6606
scene-0916,32,0,3,direct,73,0.5785,0.5781,0.0004,0.5991,0.5825,0.0167,183.8,70.07,2.623,38162,12084,0,26078,0.3167,0.0,0.6833,0.3167,0.8886,0.4596,0.447
scene-0916,33,0,3,direct,73,0.5323,0.5714,-0.0392,0.6016,0.559,0.0426,188.38,75.82,2.485,35056,11315,0,23741,0.3228,0.0,0.6772,0.3228,0.897,0.4716,0.4589
scene-0916,34,0,3,direct,72,0.4878,0.5,-0.0122,0.6308,0.6187,0.0121,190.02,74.56,2.549,35499,11277,0,24222,0.3177,0.0,0.6823,0.3177,0.8932,0.4716,0.456
scene-0916,35,1,3,direct,72,0.4959,0.4959,0.0,0.6407,0.6407,0.0,188.11,191.42,0.983,49249,0,0,49249,0.0,0.0,1.0,0.0,0.0,0.0,0.0
scene-0916,36,0,3,direct,72,0.5294,0.4462,0.0833,0.5531,0.6222,-0.0692,188.34,77.13,2.442,38545,19899,0,18646,0.5163,0.0,0.4837,0.5163,0.8806,0.7334,0.6483
scene-0916,37,0,3,direct,71,0.5039,0.48,0.0239,0.5907,0.6174,-0.0266,191.12,69.99,2.731,38089,11851,0,26238,0.3111,0.0,0.6889,0.3111,0.9064,0.4605,0.442
scene-0916,38,0,3,direct,71,0.4427,0.4923,-0.0496,0.6359,0.5985,0.0374,193.58,78.91,2.453,36762,11388,0,25374,0.3098,0.0,0.6902,0.3098,0.9116,0.4561,0.4413
scene-0916,39,0,3,direct,72,0.448,0.4567,-0.0087,0.6491,0.6543,-0.0052,192.95,76.69,2.516,35334,10657,0,24677,0.3016,0.0,0.6984,0.3016,0.9124,0.4473,0.4341
scene-0916,40,1,3,direct,72,0.4496,0.4496,0.0,0.6408,0.6408,0.0,191.21,189.91,1.007,47305,0,0,47305,0.0,0.0,1.0,0.0,0.0,0.0,0.0
scene-0916,41,0,3,direct,72,0.4741,0.4189,0.0552,0.6304,0.6168,0.0135,192.34,76.85,2.503,36268,19175,0,17093,0.5287,0.0,0.4713,0.5287,0.9061,0.7623,0.671
scene-0916,42,0,3,direct,72,0.4762,0.4839,-0.0077,0.654,0.6258,0.0282,193.34,85.53,2.261,35768,11424,0,24344,0.3194,0.0,0.6806,0.3194,0.9041,0.4865,0.4615
scene-0916,43,0,3,direct,72,0.512,0.4754,0.0366,0.6321,0.6393,-0.0072,185.54,72.58,2.556,35465,11007,0,24458,0.3104,0.0,0.6896,0.3104,0.9143,0.4709,0.4505
scene-0916,44,0,3,direct,69,0.5077,0.4957,0.012,0.6262,0.65,-0.0238,185.3,70.65,2.623,35201,10638,0,24563,0.3022,0.0,0.6978,0.3022,0.9052,0.463,0.4399
scene-0916,45,1,3,direct,69,0.5546,0.5546,0.0,0.6257,0.6257,0.0,187.91,193.26,0.972,46125,0,0,46125,0.0,0.0,1.0,0.0,0.0,0.0,0.0
scene-0916,46,0,3,direct,69,0.5172,0.4874,0.0298,0.6266,0.6202,0.0064,189.69,75.15,2.524,36481,19162,0,17319,0.5253,0.0,0.4747,0.5253,0.8954,0.7736,0.6753
scene-0916,47,0,3,direct,67,0.5766,0.5517,0.0249,0.6384,0.6286,0.0098,190.28,78.2,2.433,35834,11604,0,24230,0.3238,0.0,0.6762,0.3238,0.8922,0.5136,0.4785
scene-0916,48,0,3,direct,67,0.5741,0.5357,0.0384,0.6537,0.6489,0.0049,189.33,76.19,2.485,35099,11180,0,23919,0.3185,0.0,0.6815,0.3185,0.8904,0.5004,0.4677
scene-0916,49,0,3,direct,66,0.5893,0.5818,0.0075,0.6614,0.6517,0.0096,189.68,75.17,2.523,33452,11381,0,22071,0.3402,0.0,0.6598,0.3402,0.9,0.5297,0.4965
scene-0916,50,1,3,direct,66,0.5593,0.5593,0.0,0.6782,0.6782,0.0,192.62,192.29,1.002,42019,0,0,42019,0.0,0.0,1.0,0.0,0.0,0.0,0.0
scene-0916,51,0,3,direct,66,0.5926,0.5825,0.0101,0.6737,0.6572,0.0165,185.33,67.7,2.737,32623,15997,0,16626,0.4904,0.0,0.5096,0.4904,0.8761,0.7766,0.6667
scene-0916,52,0,3,direct,64,0.5893,0.5872,0.0021,0.6709,0.679,-0.0081,192.87,76.27,2.529,32663,12107,0,20556,0.3707,0.0,0.6293,0.3707,0.8821,0.5116,0.4989
scene-0916,53,0,3,direct,64,0.6435,0.6018,0.0417,0.6567,0.6686,-0.0119,194.73,77.82,2.502,32711,12667,0,20044,0.3872,0.0,0.6128,0.3872,0.8563,0.5178,0.5072
scene-0916,54,0,3,direct,66,0.6018,0.6071,-0.0054,0.6664,0.6574,0.009,193.83,76.01,2.55,31936,11445,0,20491,0.3584,0.0,0.6416,0.3584,0.8687,0.5105,0.4944
scene-0916,55,1,3,direct,66,0.5789,0.5789,0.0,0.7101,0.7101,0.0,194.61,190.43,1.022,40950,0,0,40950,0.0,0.0,1.0,0.0,0.0,0.0,0.0
scene-0916,56,0,3,direct,66,0.6071,0.5636,0.0435,0.6815,0.6905,-0.0089,196.05,76.67,2.557,32280,17662,0,14618,0.5471,0.0,0.4529,0.5471,0.7874,0.7827,0.6928
scene-0916,57,0,3,direct,63,0.6,0.55,0.05,0.6831,0.6778,0.0053,192.42,76.61,2.512,32451,11429,0,21022,0.3522,0.0,0.6478,0.3522,0.7967,0.5248,0.5062
scene-0916,58,0,3,direct,63,0.6167,0.6325,-0.0158,0.6593,0.6727,-0.0134,186.15,72.22,2.577,32259,12922,0,19337,0.4006,0.0,0.5994,0.4006,0.8234,0.5277,0.5198
scene-0916,59,0,3,direct,59,0.6296,0.6491,-0.0195,0.6692,0.6415,0.0277,190.42,78.04,2.44,32508,11831,0,20677,0.3639,0.0,0.6361,0.3639,0.8281,0.5068,0.4908
scene-0916,60,1,3,direct,59,0.6446,0.6446,0.0,0.671,0.671,0.0,195.31,195.94,0.997,41894,0,0,41894,0.0,0.0,1.0,0.0,0.0,0.0,0.0
scene-0916,61,0,3,direct,59,0.6333,0.608,0.0253,0.6767,0.6851,-0.0083,190.64,72.23,2.639,32669,18343,0,14326,0.5615,0.0,0.4385,0.5615,0.7904,0.7961,0.7121
scene-0916,62,0,3,direct,59,0.6316,0.6325,-0.0009,0.6648,0.6593,0.0055,186.82,77.67,2.405,33067,11066,0,22001,0.3347,0.0,0.6653,0.3347,0.8257,0.508,0.4847
scene-0916,63,0,3,direct,59,0.5932,0.6,-0.0068,0.6932,0.6977,-0.0045,187.41,76.87,2.438,32871,10310,0,22561,0.3137,0.0,0.6863,0.3137,0.8067,0.503,0.4727
scene-0916,64,0,3,direct,56,0.6379,0.605,0.0329,0.6398,0.6493,-0.0095,189.46,76.23,2.485,33354,11013,0,22341,0.3302,0.0,0.6698,0.3302,0.8531,0.516,0.4814
scene-0916,65,1,3,direct,56,0.592,0.592,0.0,0.6411,0.6411,0.0,188.12,186.69,1.008,43301,0,0,43301,0.0,0.0,1.0,0.0,0.0,0.0,0.0
scene-0916,66,0,3,direct,56,0.6299,0.5968,0.0331,0.6288,0.6366,-0.0078,190.35,80.2,2.374,34090,17774,0,16316,0.5214,0.0,0.4786,0.5214,0.7904,0.7833,0.6793
scene-0916,67,0,3,direct,56,0.6116,0.6116,0.0,0.6514,0.6331,0.0183,193.26,77.18,2.504,34000,12748,0,21252,0.3749,0.0,0.6251,0.3749,0.7867,0.4928,0.4851
scene-0916,68,0,3,direct,56,0.5983,0.6116,-0.0133,0.6377,0.6012,0.0365,193.6,75.1,2.578,34399,11669,0,22730,0.3392,0.0,0.6608,0.3392,0.784,0.5011,0.481
scene-0916,69,0,3,direct,56,0.5714,0.6218,-0.0504,0.6468,0.6001,0.0466,193.83,79.77,2.43,34236,11613,0,22623,0.3392,0.0,0.6608,0.3392,0.789,0.5014,0.4832
scene-0916,70,1,3,direct,56,0.6261,0.6261,0.0,0.6613,0.6613,0.0,189.58,194.63,0.974,44188,0,0,44188,0.0,0.0,1.0,0.0,0.0,0.0,0.0
scene-0916,71,0,3,direct,56,0.6034,0.6195,-0.016,0.6775,0.675,0.0025,190.13,71.65,2.654,33968,19485,0,14483,0.5736,0.0,0.4264,0.5736,0.7943,0.7944,0.7156
scene-0916,72,0,3,direct,54,0.6,0.6018,-0.0018,0.691,0.6711,0.0199,193.41,76.79,2.519,34627,13408,0,21219,0.3872,0.0,0.6128,0.3872,0.8516,0.5088,0.4979
scene-0916,73,0,3,direct,54,0.6325,0.6034,0.029,0.6704,0.6458,0.0246,190.55,77.16,2.469,35216,15058,0,20158,0.4276,0.0,0.5724,0.4276,0.7892,0.4999,0.4957
scene-0916,74,0,3,direct,51,0.6842,0.6491,0.0351,0.6317,0.6241,0.0076,190.09,69.46,2.737,35088,13878,0,21210,0.3955,0.0,0.6045,0.3955,0.7884,0.4808,0.4743
scene-0916,75,1,3,direct,51,0.6723,0.6723,0.0,0.6322,0.6322,0.0,188.66,188.57,1.0,45311,0,0,45311,0.0,0.0,1.0,0.0,0.0,0.0,0.0
scene-0916,76,0,3,direct,51,0.7455,0.729,0.0165,0.6301,0.6098,0.0203,184.58,70.33,2.624,35943,22807,0,13136,0.6345,0.0,0.3655,0.6345,0.7916,0.7672,0.7223
scene-0916,77,0,3,direct,51,0.7143,0.6609,0.0534,0.6603,0.6332,0.0272,196.65,73.23,2.685,34935,12241,0,22694,0.3504,0.0,0.6496,0.3504,0.7976,0.5004,0.4835
scene-0916,78,0,3,direct,51,0.7179,0.6957,0.0223,0.6327,0.624,0.0087,191.0,76.79,2.487,33923,11065,0,22858,0.3262,0.0,0.6738,0.3262,0.8003,0.4947,0.4727
scene-0916,79,0,3,direct,49,0.7103,0.6606,0.0497,0.6761,0.6627,0.0134,193.16,76.73,2.518,33021,10154,0,22867,0.3075,0.0,0.6925,0.3075,0.7985,0.4914,0.4671
scene-0916,80,1,3,direct,49,0.6789,0.6789,0.0,0.6611,0.6611,0.0,192.37,191.81,1.003,44029,0,0,44029,0.0,0.0,1.0,0.0,0.0,0.0,0.0
scene-0916,81,0,3,direct,49,0.7358,0.717,0.0189,0.6714,0.6766,-0.0052,191.97,78.15,2.456,35413,18812,0,16601,0.5312,0.0,0.4688,0.5312,0.7966,0.7677,0.6774
scene-0916,82,0,3,direct,49,0.6667,0.6545,0.0121,0.6879,0.6904,-0.0025,187.74,69.87,2.687,34808,11450,0,23358,0.3289,0.0,0.6711,0.3289,0.7956,0.4916,0.4718
scene-0916,83,0,3,direct,49,0.7156,0.7027,0.0129,0.6588,0.6202,0.0385,193.76,77.28,2.507,35407,11652,0,23755,0.3291,0.0,0.6709,0.3291,0.803,0.5048,0.48
scene-0916,84,0,3,direct,48,0.6379,0.6606,-0.0226,0.6481,0.6573,-0.0091,186.28,76.27,2.442,36123,12095,0,24028,0.3348,0.0,0.6652,0.3348,0.8012,0.5031,0.4828
scene-0916,85,1,3,direct,48,0.6909,0.6909,0.0,0.6321,0.6321,0.0,187.75,193.14,0.972,44891,0,0,44891,0.0,0.0,1.0,0.0,0.0,0.0,0.0
scene-0916,86,0,3,direct,48,0.699,0.6909,0.0081,0.6611,0.6588,0.0023,196.05,78.73,2.49,37256,18526,0,18730,0.4973,0.0,0.5027,0.4973,0.8054,0.7409,0.645
scene-0916,87,0,3,direct,46,0.6783,0.7156,-0.0373,0.6573,0.6553,0.002,186.38,73.98,2.519,37001,12562,0,24439,0.3395,0.0,0.6605,0.3395,0.8137,0.5153,0.4904
scene-0916,88,0,3,direct,46,0.7222,0.6602,0.062,0.6458,0.6612,-0.0154,190.03,77.83,2.442,37702,12204,0,25498,0.3237,0.0,0.6763,0.3237,0.8238,0.4863,0.4652
scene-0916,89,0,3,direct,43,0.6733,0.6355,0.0378,0.6701,0.6559,0.0142,193.52,81.22,2.383,38190,12331,0,25859,0.3229,0.0,0.6771,0.3229,0.8211,0.4803,0.4623
scene-0916,90,1,3,direct,43,0.6667,0.6667,0.0,0.6468,0.6468,0.0,189.33,193.05,0.981,49904,0,0,49904,0.0,0.0,1.0,0.0,0.0,0.0,0.0
scene-0916,91,0,3,direct,43,0.6735,0.6947,-0.0213,0.6119,0.6106,0.0013,192.66,71.02,2.713,38596,19980,0,18616,0.5177,0.0,0.4823,0.5177,0.8178,0.751,0.6575
scene-0916,92,0,3,direct,40,0.6966,0.7059,-0.0093,0.6256,0.5923,0.0334,193.26,75.75,2.551,35220,10755,0,24465,0.3054,0.0,0.6946,0.3054,0.8269,0.4629,0.4453
scene-0916,93,0,3,direct,40,0.6374,0.6047,0.0327,0.6498,0.6464,0.0034,199.88,82.46,2.424,35402,10260,0,25142,0.2898,0.0,0.7102,0.2898,0.8176,0.4432,0.4244
scene-0916,94,0,3,direct,39,0.6222,0.6222,0.0,0.6422,0.6177,0.0245,218.62,77.25,2.83,35921,10726,0,25195,0.2986,0.0,0.7014,0.2986,0.8069,0.4442,0.4265
scene-0916,95,1,3,direct,39,0.6977,0.6977,0.0,0.6187,0.6187,0.0,190.18,190.12,1.0,46615,0,0,46615,0.0,0.0,1.0,0.0,0.0,0.0,0.0
scene-0916,96,0,3,direct,39,0.7143,0.6512,0.0631,0.6369,0.6379,-0.001,188.93,73.29,2.578,34067,17836,0,16231,0.5236,0.0,0.4764,0.5236,0.815,0.7658,0.6716
scene-0916,97,0,3,direct,37,0.6047,0.5647,0.0399,0.6497,0.625,0.0247,186.85,75.99,2.459,32347,10661,0,21686,0.3296,0.0,0.6704,0.3296,0.8392,0.4953,0.4789
scene-0916,98,0,3,direct,37,0.6173,0.6024,0.0149,0.648,0.6581,-0.0102,188.67,71.2,2.65,32605,9729,0,22876,0.2984,0.0,0.7016,0.2984,0.8138,0.4522,0.436
scene-1077,0,1,3,direct,16,0.5238,0.5238,0.0,0.6773,0.6773,0.0,137.22,154.87,0.886,40516,0,0,40516,0.0,0.0,1.0,0.0,0.0,0.0,0.0
scene-1077,1,0,3,direct,16,0.4615,0.3913,0.0702,0.721,0.662,0.059,189.62,70.13,2.704,36570,18296,0,18274,0.5003,0.0,0.4997,0.5003,0.8155,0.7131,0.6309
scene-1077,2,0,3,direct,18,0.5854,0.5,0.0854,0.6973,0.6774,0.0199,189.39,67.24,2.817,37920,12089,0,25831,0.3188,0.0,0.6812,0.3188,0.8128,0.4735,0.4542
scene-1077,3,0,3,direct,18,0.5238,0.4762,0.0476,0.7192,0.6591,0.0601,193.59,78.03,2.481,36974,12310,0,24664,0.3329,0.0,0.6671,0.3329,0.824,0.4866,0.4709
scene-1077,4,0,3,direct,18,0.5217,0.4255,0.0962,0.717,0.7111,0.0058,192.88,79.02,2.441,38350,11994,0,26356,0.3128,0.0,0.6872,0.3128,0.8157,0.4637,0.4505
scene-1077,5,1,3,direct,18,0.6047,0.6047,0.0,0.6675,0.6675,0.0,186.78,192.13,0.972,49187,0,0,49187,0.0,0.0,1.0,0.0,0.0,0.0,0.0
scene-1077,6,0,3,direct,18,0.6341,0.4681,0.1661,0.6677,0.6164,0.0512,192.52,79.66,2.417,37952,20578,0,17374,0.5422,0.0,0.4578,0.5422,0.8065,0.7619,0.6767
scene-1077,7,0,3,direct,20,0.5854,0.4737,0.1117,0.6826,0.658,0.0245,192.93,77.6,2.486,37102,13150,0,23952,0.3544,0.0,0.6456,0.3544,0.8011,0.509,0.489
scene-1077,8,0,3,direct,20,0.4878,0.3902,0.0976,0.7074,0.6838,0.0236,186.08,70.68,2.633,36117,12085,0,24032,0.3346,0.0,0.6654,0.3346,0.8007,0.4779,0.462
scene-1077,9,0,3,direct,20,0.6486,0.4651,0.1835,0.7021,0.6425,0.0596,184.91,72.04,2.567,36542,11683,0,24859,0.3197,0.0,0.6803,0.3197,0.7923,0.4651,0.4517
scene-1077,10,1,3,direct,21,0.6222,0.6222,0.0,0.6802,0.6802,0.0,191.3,190.94,1.002,47948,0,0,47948,0.0,0.0,1.0,0.0,0.0,0.0,0.0
scene-1077,11,0,3,direct,21,0.6316,0.3721,0.2595,0.7009,0.632,0.0689,194.67,73.91,2.634,35720,21422,0,14298,0.5997,0.0,0.4003,0.5997,0.792,0.8195,0.7346
scene-1077,12,0,3,direct,21,0.6154,0.5333,0.0821,0.6772,0.6487,0.0286,186.96,68.54,2.728,34433,11638,0,22795,0.338,0.0,0.662,0.338,0.7795,0.5014,0.4812
scene-1077,13,0,3,direct,21,0.5,0.4878,0.0122,0.6862,0.5937,0.0924,186.78,68.41,2.73,34284,12106,0,22178,0.3531,0.0,0.6469,0.3531,0.7715,0.5028,0.4869
scene-1077,14,0,3,direct,21,0.5714,0.4082,0.1633,0.5892,0.5871,0.0021,188.84,64.86,2.911,35287,11966,0,23321,0.3391,0.0,0.6609,0.3391,0.7544,0.4753,0.4605
scene-1077,15,1,3,direct,22,0.5,0.5,0.0,0.602,0.602,0.0,189.75,188.66,1.006,45675,0,0,45675,0.0,0.0,1.0,0.0,0.0,0.0,0.0
scene-1077,16,0,3,direct,22,0.4865,0.3902,0.0962,0.7012,0.5799,0.1213,188.36,77.57,2.428,34383,18463,0,15920,0.537,0.0,0.463,0.537,0.7598,0.7936,0.6878
scene-1077,17,0,3,direct,22,0.4324,0.3,0.1324,0.6921,0.6142,0.0779,187.59,76.54,2.451,36569,12423,0,24146,0.3397,0.0,0.6603,0.3397,0.7473,0.4758,0.4633
scene-1077,18,0,3,direct,22,0.4186,0.35,0.0686,0.5968,0.5563,0.0405,179.34,68.08,2.634,35051,12238,0,22813,0.3491,0.0,0.6509,0.3491,0.7544,0.4891,0.4744
scene-1077,19,0,3,direct,22,0.5,0.3556,0.1444,0.6333,0.5912,0.0421,190.48,76.36,2.495,35051,12152,0,22899,0.3467,0.0,0.6533,0.3467,0.7538,0.482,0.471
scene-1077,20,1,3,direct,22,0.5714,0.5714,0.0,0.6734,0.6734,0.0,181.31,189.24,0.958,45838,0,0,45838,0.0,0.0,1.0,0.0,0.0,0.0,0.0
scene-1077,21,0,3,direct,22,0.6111,0.4878,0.1233,0.6938,0.6835,0.0102,189.26,71.51,2.647,35564,20970,0,14594,0.5896,0.0,0.4104,0.5896,0.755,0.7951,0.7157
scene-1077,22,0,3,direct,22,0.6286,0.5405,0.088,0.6998,0.6988,0.001,182.93,65.97,2.773,35873,11834,0,24039,0.3299,0.0,0.6701,0.3299,0.7429,0.505,0.4757
scene-1077,23,0,3,direct,22,0.6842,0.5641,0.1201,0.6286,0.6108,0.0177,195.11,78.41,2.488,35865,12805,0,23060,0.357,0.0,0.643,0.357,0.7422,0.5071,0.4868
scene-1077,24,0,3,direct,22,0.5,0.439,0.061,0.6753,0.6209,0.0544,199.77,77.54,2.576,36557,12765,0,23792,0.3492,0.0,0.6508,0.3492,0.742,0.4786,0.4637
scene-1077,25,1,3,direct,23,0.4444,0.4444,0.0,0.6904,0.6904,0.0,200.94,196.28,1.024,47760,0,0,47760,0.0,0.0,1.0,0.0,0.0,0.0,0.0
scene-1077,26,0,3,direct,23,0.5128,0.4444,0.0684,0.6648,0.5678,0.097,192.83,75.59,2.551,38646,19720,0,18926,0.5103,0.0,0.4897,0.5103,0.7282,0.7287,0.6456
scene-1077,27,0,3,direct,21,0.5116,0.383,0.1286,0.6805,0.707,-0.0265,193.48,77.21,2.506,39430,12844,0,26586,0.3257,0.0,0.6743,0.3257,0.7333,0.4681,0.4525
scene-1077,28,0,3,direct,21,0.4865,0.3902,0.0962,0.6875,0.6346,0.0529,191.35,79.21,2.416,39605,12582,0,27023,0.3177,0.0,0.6823,0.3177,0.7161,0.4675,0.4471
scene-1077,29,0,3,direct,21,0.5789,0.4,0.1789,0.6607,0.6812,-0.0205,194.03,76.74,2.529,38983,11803,0,27180,0.3028,0.0,0.6972,0.3028,0.7348,0.4567,0.4376
scene-1077,30,1,3,direct,20,0.5882,0.5882,0.0,0.7189,0.7189,0.0,192.15,193.4,0.994,49072,0,0,49072,0.0,0.0,1.0,0.0,0.0,0.0,0.0
scene-1077,31,0,3,direct,20,0.6111,0.5714,0.0397,0.6826,0.6318,0.0507,193.03,75.94,2.542,37668,20044,0,17624,0.5321,0.0,0.4679,0.5321,0.748,0.7506,0.6611
scene-1077,32,0,3,direct,19,0.6486,0.3902,0.2584,0.6406,0.6168,0.0238,187.53,71.88,2.609,38608,11918,0,26690,0.3087,0.0,0.6913,0.3087,0.7402,0.4773,0.4507
scene-1077,33,0,3,direct,19,0.5128,0.4211,0.0918,0.7016,0.6635,0.0381,191.69,75.95,2.524,38557,12280,0,26277,0.3185,0.0,0.6815,0.3185,0.7437,0.4821,0.4576
scene-1077,34,0,3,direct,19,0.5,0.4211,0.0789,0.6429,0.5743,0.0686,183.53,70.12,2.617,39709,13639,0,26070,0.3435,0.0,0.6565,0.3435,0.7382,0.4832,0.4643
scene-1077,35,1,3,direct,19,0.5556,0.5556,0.0,0.6658,0.6658,0.0,192.27,191.65,1.003,50662,0,0,50662,0.0,0.0,1.0,0.0,0.0,0.0,0.0
scene-1077,36,0,3,direct,19,0.6286,0.3784,0.2502,0.6256,0.6553,-0.0297,191.47,76.86,2.491,40105,20577,0,19528,0.5131,0.0,0.4869,0.5131,0.7363,0.7212,0.6363
scene-1077,37,0,3,direct,21,0.4706,0.3429,0.1277,0.6833,0.7287,-0.0454,188.49,68.27,2.761,39598,13321,0,26277,0.3364,0.0,0.6636,0.3364,0.7419,0.461,0.4488
scene-1077,38,0,3,direct,21,0.45,0.3889,0.0611,0.6316,0.6852,-0.0536,195.49,76.46,2.557,41310,14136,0,27174,0.3422,0.0,0.6578,0.3422,0.7375,0.4587,0.4502
scene-1077,39,0,3,direct,21,0.4865,0.45,0.0365,0.6128,0.5746,0.0382,189.5,70.2,2.699,41596,14425,0,27171,0.3468,0.0,0.6532,0.3468,0.736,0.4699,0.4569
scene-1077,40,1,3,direct,21,0.45,0.45,0.0,0.6196,0.6196,0.0,195.7,192.03,1.019,53839,0,0,53839,0.0,0.0,1.0,0.0,0.0,0.0,0.0
scene-1077,41,0,3,direct,21,0.4444,0.2703,0.1742,0.6745,0.6387,0.0358,186.35,71.81,2.595,43101,23131,0,19970,0.5367,0.0,0.4633,0.5367,0.7339,0.7278,0.6551
scene-1077,42,0,3,direct,20,0.4,0.3333,0.0667,0.6841,0.6179,0.0662,191.79,79.29,2.419,43052,14572,0,28480,0.3385,0.0,0.6615,0.3385,0.7302,0.4875,0.4667
scene-1077,43,0,3,direct,20,0.4,0.3333,0.0667,0.7508,0.5865,0.1643,191.86,78.12,2.456,42487,14130,0,28357,0.3326,0.0,0.6674,0.3326,0.7361,0.4607,0.447
scene-1077,44,0,3,direct,20,0.375,0.2857,0.0893,0.72,0.594,0.126,189.23,71.87,2.633,42536,14036,0,28500,0.33,0.0,0.67,0.33,0.7584,0.4708,0.4592
scene-1077,45,1,3,direct,19,0.4286,0.4286,0.0,0.7054,0.7054,0.0,193.69,193.5,1.001,54130,0,0,54130,0.0,0.0,1.0,0.0,0.0,0.0,0.0
scene-1077,46,0,3,direct,19,0.4375,0.3243,0.1132,0.7187,0.6319,0.0869,199.23,78.3,2.544,42366,22954,0,19412,0.5418,0.0,0.4582,0.5418,0.7497,0.7535,0.6731
scene-1077,47,0,3,direct,20,0.4571,0.2286,0.2286,0.6374,0.5428,0.0946,191.93,76.31,2.515,41912,15051,0,26861,0.3591,0.0,0.6409,0.3591,0.7495,0.4833,0.4732
scene-1077,48,0,3,direct,20,0.4848,0.2778,0.2071,0.6083,0.5545,0.0538,195.66,79.08,2.474,40766,14190,0,26576,0.3481,0.0,0.6519,0.3481,0.7534,0.4912,0.4743
scene-1077,49,0,3,direct,20,0.375,0.2778,0.0972,0.7025,0.6035,0.0991,196.36,77.29,2.541,40207,13837,0,26370,0.3441,0.0,0.6559,0.3441,0.7515,0.4728,0.4642
scene-1077,50,1,3,direct,21,0.3636,0.3636,0.0,0.6707,0.6707,0.0,192.73,195.47,0.986,51354,0,0,51354,0.0,0.0,1.0,0.0,0.0,0.0,0.0
scene-1077,51,0,3,direct,21,0.3529,0.2632,0.0898,0.7027,0.6777,0.025,192.26,76.74,2.505,40143,22421,0,17722,0.5585,0.0,0.4415,0.5585,0.7585,0.756,0.6811
scene-1077,52,0,3,direct,20,0.3684,0.3684,0.0,0.6122,0.5867,0.0255,195.33,80.04,2.44,39983,12465,0,27518,0.3118,0.0,0.6882,0.3118,0.7602,0.4916,0.4642
scene-1077,53,0,3,direct,20,0.2927,0.3684,-0.0757,0.6595,0.604,0.0555,191.46,81.36,2.353,41015,14513,0,26502,0.3538,0.0,0.6462,0.3538,0.7578,0.486,0.475
scene-1077,54,0,3,direct,20,0.4,0.3158,0.0842,0.7043,0.7148,-0.0105,196.84,71.05,2.77,41714,13918,0,27796,0.3337,0.0,0.6663,0.3337,0.7473,0.4943,0.4737
scene-1077,55,1,3,direct,20,0.4706,0.4706,0.0,0.6673,0.6673,0.0,189.51,196.59,0.964,53798,0,0,53798,0.0,0.0,1.0,0.0,0.0,0.0,0.0
scene-1077,56,0,3,direct,20,0.4615,0.3,0.1615,0.6131,0.547,0.0662,193.74,71.1,2.725,41109,21607,0,19502,0.5256,0.0,0.4744,0.5256,0.7518,0.7603,0.6676
scene-1077,57,0,3,direct,21,0.4211,0.25,0.1711,0.6613,0.6195,0.0418,190.44,72.67,2.621,41177,14482,0,26695,0.3517,0.0,0.6483,0.3517,0.7583,0.512,0.4906
scene-1077,58,0,3,direct,21,0.3684,0.2439,0.1245,0.7251,0.697,0.0281,197.81,78.82,2.51,41851,14886,0,26965,0.3557,0.0,0.6443,0.3557,0.7517,0.507,0.4859
scene-1077,59,0,3,direct,21,0.4706,0.3902,0.0803,0.6818,0.6071,0.0746,195.54,75.75,2.581,41674,14335,0,27339,0.344,0.0,0.656,0.344,0.7494,0.5024,0.4818
scene-1077,60,1,3,direct,20,0.5405,0.5405,0.0,0.605,0.605,0.0,196.38,191.14,1.027,54537,0,0,54537,0.0,0.0,1.0,0.0,0.0,0.0,0.0
scene-1077,61,0,3,direct,20,0.4737,0.3043,0.1693,0.6908,0.6311,0.0597,192.13,77.6,2.476,42107,21901,0,20206,0.5201,0.0,0.4799,0.5201,0.7368,0.7416,0.651
scene-1077,62,0,3,direct,19,0.5143,0.2927,0.2216,0.6461,0.6694,-0.0233,196.97,77.16,2.553,42382,13886,0,28496,0.3276,0.0,0.6724,0.3276,0.7379,0.4755,0.4568
scene-1077,63,0,3,direct,19,0.4865,0.1667,0.3198,0.6703,0.6772,-0.0069,196.2,76.43,2.567,41181,14610,0,26571,0.3548,0.0,0.6452,0.3548,0.7485,0.5035,0.4881
scene-1077,64,0,3,direct,19,0.4865,0.3158,0.1707,0.6688,0.6825,-0.0137,195.08,76.08,2.564,41184,14272,0,26912,0.3465,0.0,0.6535,0.3465,0.745,0.5025,0.4845
scene-1077,65,1,3,direct,21,0.4706,0.4706,0.0,0.5731,0.5731,0.0,193.2,190.36,1.015,51291,0,0,51291,0.0,0.0,1.0,0.0,0.0,0.0,0.0
scene-1077,66,0,3,direct,21,0.3902,0.3636,0.0266,0.6415,0.5897,0.0518,190.48,72.35,2.633,40360,19777,0,20583,0.49,0.0,0.51,0.49,0.7312,0.7059,0.6208
scene-1077,67,0,3,direct,25,0.4211,0.3,0.1211,0.61,0.6401,-0.0301,189.42,71.53,2.648,39174,13489,0,25685,0.3443,0.0,0.6557,0.3443,0.7393,0.4877,0.4733
scene-1077,68,0,3,direct,25,0.3077,0.2439,0.0638,0.6819,0.6816,0.0003,195.13,75.13,2.597,39994,13043,0,26951,0.3261,0.0,0.6739,0.3261,0.7341,0.4795,0.462
scene-1077,69,0,3,direct,25,0.2857,0.2381,0.0476,0.6861,0.6713,0.0149,192.72,76.79,2.51,41150,13523,0,27627,0.3286,0.0,0.6714,0.3286,0.7189,0.4864,0.4663
scene-1077,70,1,3,direct,27,0.3636,0.3636,0.0,0.6504,0.6504,0.0,193.45,195.39,0.99,54369,0,0,54369,0.0,0.0,1.0,0.0,0.0,0.0,0.0
scene-1077,71,0,3,direct,27,0.3404,0.2667,0.0738,0.6664,0.6401,0.0263,192.26,76.96,2.498,42351,22024,0,20327,0.52,0.0,0.48,0.52,0.7114,0.7309,0.6476
scene-1077,72,0,3,direct,26,0.3721,0.2791,0.093,0.6355,0.6577,-0.0221,193.19,77.8,2.483,41740,12834,0,28906,0.3075,0.0,0.6925,0.3075,0.7037,0.4437,0.4358
scene-1077,73,0,3,direct,26,0.3256,0.2553,0.0703,0.6516,0.6828,-0.0313,193.33,76.69,2.521,41465,14055,0,27410,0.339,0.0,0.661,0.339,0.7067,0.4665,0.4568
scene-1077,74,0,3,direct,26,0.2927,0.3556,-0.0629,0.7322,0.7017,0.0305,188.15,70.85,2.655,41302,13728,0,27574,0.3324,0.0,0.6676,0.3324,0.7066,0.4761,0.4573
scene-1077,75,1,3,direct,26,0.2927,0.2927,0.0,0.7205,0.7205,0.0,191.71,190.22,1.008,54866,0,0,54866,0.0,0.0,1.0,0.0,0.0,0.0,0.0
scene-1077,76,0,3,direct,26,0.3902,0.2979,0.0924,0.6928,0.608,0.0848,194.83,76.37,2.551,41531,20909,0,20622,0.5035,0.0,0.4965,0.5035,0.7077,0.7302,0.6358
scene-1077,77,0,3,direct,28,0.3721,0.3913,-0.0192,0.6807,0.6285,0.0522,191.59,76.23,2.513,41681,12552,0,29129,0.3011,0.0,0.6989,0.3011,0.7068,0.4623,0.4381
scene-1077,78,0,3,direct,28,0.3913,0.2963,0.095,0.7036,0.6752,0.0284,196.75,75.56,2.604,41842,15310,0,26532,0.3659,0.0,0.6341,0.3659,0.7053,0.4668,0.4597
scene-1077,79,0,3,direct,28,0.4082,0.2353,0.1729,0.7199,0.7222,-0.0023,190.01,77.63,2.448,42328,13866,0,28462,0.3276,0.0,0.6724,0.3276,0.7054,0.463,0.4521
scene-1077,80,1,3,direct,27,0.4783,0.4783,0.0,0.633,0.633,0.0,191.65,191.79,0.999,53498,0,0,53498,0.0,0.0,1.0,0.0,0.0,0.0,0.0
scene-1077,81,0,3,direct,27,0.5,0.3182,0.1818,0.6423,0.6684,-0.0262,195.27,77.38,2.523,42557,20994,0,21563,0.4933,0.0,0.5067,0.4933,0.7018,0.7148,0.6218
scene-1077,82,0,3,direct,28,0.4444,0.4,0.0444,0.6874,0.7258,-0.0384,188.85,71.84,2.629,43182,13784,0,29398,0.3192,0.0,0.6808,0.3192,0.7015,0.463,0.4488
scene-1077,83,0,3,direct,28,0.4255,0.32,0.1055,0.6728,0.7128,-0.04,194.94,78.06,2.497,45130,15365,0,29765,0.3405,0.0,0.6595,0.3405,0.6906,0.4527,0.4467
scene-1077,84,0,3,direct,28,0.381,0.381,0.0,0.7222,0.7351,-0.0128,194.71,76.65,2.54,44340,14781,0,29559,0.3334,0.0,0.6666,0.3334,0.7028,0.4637,0.4508
scene-1077,85,1,3,direct,29,0.3721,0.3721,0.0,0.7046,0.7046,0.0,195.61,191.93,1.019,56510,0,0,56510,0.0,0.0,1.0,0.0,0.0,0.0,0.0
scene-1077,86,0,3,direct,29,0.36,0.1961,0.1639,0.6448,0.652,-0.0072,190.16,77.48,2.454,44741,21175,0,23566,0.4733,0.0,0.5267,0.4733,0.6906,0.6919,0.599
scene-1077,87,0,3,direct,31,0.4186,0.2353,0.1833,0.687,0.6881,-0.001,191.66,77.12,2.485,45094,14633,0,30461,0.3245,0.0,0.6755,0.3245,0.6867,0.4466,0.4363
scene-1077,88,0,3,direct,31,0.4444,0.36,0.0844,0.6675,0.6582,0.0093,193.24,77.67,2.488,45006,14981,0,30025,0.3329,0.0,0.6671,0.3329,0.7017,0.4534,0.4418
scene-1077,89,0,3,direct,31,0.36,0.2353,0.1247,0.6546,0.6646,-0.01,192.69,74.23,2.596,44167,15096,0,29071,0.3418,0.0,0.6582,0.3418,0.7017,0.4418,0.4386
scene-1077,90,1,3,direct,31,0.381,0.381,0.0,0.6375,0.6375,0.0,193.48,190.59,1.015,57903,0,0,57903,0.0,0.0,1.0,0.0,0.0,0.0,0.0
scene-1077,91,0,3,direct,31,0.3111,0.1702,0.1409,0.6799,0.6772,0.0028,192.38,78.52,2.45,44390,24369,0,20021,0.549,0.0,0.451,0.549,0.7187,0.7367,0.6638
scene-1077,92,0,3,direct,29,0.3182,0.3265,-0.0083,0.6912,0.6684,0.0228,188.25,72.8,2.586,44940,14569,0,30371,0.3242,0.0,0.6758,0.3242,0.7184,0.4632,0.4508
scene-1077,93,0,3,direct,29,0.2727,0.2222,0.0505,0.7154,0.6792,0.0362,193.47,77.68,2.49,44568,15070,0,29498,0.3381,0.0,0.6619,0.3381,0.7191,0.4638,0.4529
scene-1077,94,0,3,direct,29,0.2791,0.2273,0.0518,0.6647,0.6485,0.0162,194.88,78.78,2.474,43662,15011,0,28651,0.3438,0.0,0.6562,0.3438,0.7246,0.4692,0.4558
scene-1077,95,1,3,direct,22,0.3158,0.3158,0.0,0.7025,0.7025,0.0,187.7,188.59,0.995,56811,0,0,56811,0.0,0.0,1.0,0.0,0.0,0.0,0.0
scene-1077,96,0,3,direct,22,0.3429,0.0513,0.2916,0.5844,0.7014,-0.117,194.55,79.41,2.45,43622,23975,0,19647,0.5496,0.0,0.4504,0.5496,0.723,0.7454,0.6671
scene-1077,97,0,3,direct,19,0.3636,0.1818,0.1818,0.6655,0.695,-0.0295,190.87,75.3,2.535,43338,14052,0,29286,0.3242,0.0,0.6758,0.3242,0.7188,0.4532,0.4411
scene-1077,98,0,3,direct,19,0.2,0.1765,0.0235,0.7182,0.7266,-0.0084,194.69,79.5,2.449,43183,15000,0,28183,0.3474,0.0,0.6526,0.3474,0.7253,0.4752,0.4622
scene-1077,99,0,3,direct,19,0.2,0.2,0.0,0.7189,0.6821,0.0369,192.54,73.04,2.636,43344,14471,0,28873,0.3339,0.0,0.6661,0.3339,0.7208,0.4682,0.4558
scene-1094,0,1,3,direct,52,0.1818,0.1818,0.0,0.669,0.669,0.0,137.14,149.46,0.918,22559,0,0,22559,0.0,0.0,1.0,0.0,0.0,0.0,0.0
scene-1094,1,0,3,direct,52,0.1839,0.1609,0.023,0.6739,0.6702,0.0036,184.76,77.08,2.397,20907,14509,0,6398,0.694,0.0,0.306,0.694,0.9763,0.9188,0.8432
scene-1094,2,0,3,direct,53,0.1474,0.172,-0.0247,0.7427,0.6498,0.0929,179.98,68.21,2.639,23252,11794,0,11458,0.5072,0.0,0.4928,0.5072,0.9822,0.7109,0.6959
scene-1094,3,0,3,direct,53,0.1538,0.1687,-0.0148,0.7174,0.7127,0.0047,171.54,71.38,2.403,23286,12625,0,10661,0.5422,0.0,0.4578,0.5422,0.9807,0.7657,0.7352
scene-1094,4,0,3,direct,53,0.1798,0.2022,-0.0225,0.6387,0.5423,0.0964,185.92,79.26,2.346,24301,12184,0,12117,0.5014,0.0,0.4986,0.5014,0.967,0.6956,0.6647
scene-1094,5,1,3,direct,57,0.1798,0.1798,0.0,0.5979,0.5979,0.0,186.91,185.42,1.008,30566,0,0,30566,0.0,0.0,1.0,0.0,0.0,0.0,0.0
scene-1094,6,0,3,direct,57,0.198,0.1895,0.0085,0.5971,0.5951,0.002,185.39,75.11,2.468,22584,15984,0,6600,0.7078,0.0,0.2922,0.7078,0.9848,0.9421,0.8657
scene-1094,7,0,3,direct,58,0.1739,0.1633,0.0106,0.6838,0.587,0.0968,183.0,73.06,2.505,22930,10505,0,12425,0.4581,0.0,0.5419,0.4581,0.9831,0.6282,0.6314
scene-1094,8,0,3,direct,58,0.2062,0.2245,-0.0183,0.6157,0.5922,0.0235,191.07,74.88,2.552,23298,9179,0,14119,0.394,0.0,0.606,0.394,0.978,0.5769,0.5775
scene-1094,9,0,3,direct,58,0.2062,0.2105,-0.0043,0.6405,0.5793,0.0612,192.21,78.16,2.459,24813,12142,0,12671,0.4893,0.0,0.5107,0.4893,0.9164,0.5717,0.5745
scene-1094,10,1,3,direct,59,0.2174,0.2174,0.0,0.629,0.629,0.0,182.87,192.89,0.948,38200,0,0,38200,0.0,0.0,1.0,0.0,0.0,0.0,0.0
scene-1094,11,0,3,direct,59,0.243,0.2737,-0.0307,0.6096,0.5925,0.0171,197.51,78.32,2.522,29033,18228,0,10805,0.6278,0.0,0.3722,0.6278,0.8643,0.7962,0.7431
scene-1094,12,0,3,direct,59,0.2708,0.2653,0.0055,0.6382,0.6463,-0.0081,188.33,70.96,2.654,30793,10758,0,20035,0.3494,0.0,0.6506,0.3494,0.8718,0.5281,0.5044
scene-1094,13,0,3,direct,59,0.22,0.2041,0.0159,0.6141,0.6315,-0.0175,192.23,78.07,2.462,29732,12421,0,17311,0.4178,0.0,0.5822,0.4178,0.8779,0.5635,0.5515
scene-1094,14,0,3,direct,59,0.2095,0.1569,0.0527,0.6059,0.6499,-0.044,183.93,55.51,3.314,30135,10803,0,19332,0.3585,0.0,0.6415,0.3585,0.8574,0.5507,0.5204
scene-1094,15,1,3,direct,61,0.1869,0.1869,0.0,0.6121,0.6121,0.0,186.87,187.53,0.996,42973,0,0,42973,0.0,0.0,1.0,0.0,0.0,0.0,0.0
scene-1094,16,0,3,direct,61,0.2393,0.2,0.0393,0.6466,0.6055,0.0412,191.17,78.02,2.45,30854,16129,0,14725,0.5228,0.0,0.4772,0.5228,0.8287,0.7515,0.6694
scene-1094,17,0,3,direct,61,0.2321,0.2264,0.0057,0.592,0.609,-0.0169,191.7,76.99,2.49,34046,9808,0,24238,0.2881,0.0,0.7119,0.2881,0.8135,0.4351,0.4191
scene-1094,18,0,3,direct,61,0.2424,0.2222,0.0202,0.6619,0.6287,0.0331,191.7,75.64,2.535,33810,10284,0,23526,0.3042,0.0,0.6958,0.3042,0.8156,0.4484,0.4327
scene-1094,19,0,3,direct,61,0.2124,0.2202,-0.0078,0.6464,0.6183,0.0282,187.97,69.34,2.711,31878,9785,0,22093,0.307,0.0,0.693,0.307,0.8295,0.4631,0.4392
scene-1094,20,1,3,direct,61,0.2124,0.2124,0.0,0.6686,0.6686,0.0,192.91,191.06,1.01,46019,0,0,46019,0.0,0.0,1.0,0.0,0.0,0.0,0.0
scene-1094,21,0,3,direct,61,0.2034,0.2143,-0.0109,0.7147,0.7005,0.0142,188.57,70.26,2.684,33041,16489,0,16552,0.499,0.0,0.501,0.499,0.9003,0.7329,0.6455
scene-1094,22,0,3,direct,60,0.2185,0.208,0.0105,0.6976,0.6618,0.0358,189.19,72.82,2.598,33639,10635,0,23004,0.3162,0.0,0.6838,0.3162,0.9004,0.484,0.4497
scene-1094,23,0,3,direct,60,0.2479,0.2931,-0.0452,0.6534,0.6198,0.0335,186.78,70.73,2.641,34061,10378,0,23683,0.3047,0.0,0.6953,0.3047,0.8876,0.4572,0.4286
scene-1094,24,0,3,direct,60,0.2295,0.2393,-0.0098,0.6422,0.6036,0.0386,193.54,75.83,2.552,33763,10157,0,23606,0.3008,0.0,0.6992,0.3008,0.894,0.4706,0.432
scene-1094,25,1,3,direct,61,0.2752,0.2752,0.0,0.6226,0.6226,0.0,191.09,191.66,0.997,47960,0,0,47960,0.0,0.0,1.0,0.0,0.0,0.0,0.0
scene-1094,26,0,3,direct,61,0.2414,0.2407,0.0006,0.6435,0.6186,0.0249,191.18,77.0,2.483,37330,18992,0,18338,0.5088,0.0,0.4912,0.5088,0.8939,0.7346,0.6476
scene-1094,27,0,3,direct,62,0.2321,0.2286,0.0036,0.5776,0.6549,-0.0774,190.24,76.47,2.488,37267,12846,0,24421,0.3447,0.0,0.6553,0.3447,0.8946,0.5172,0.4858
scene-1094,28,0,3,direct,62,0.2373,0.2545,-0.0173,0.5899,0.5693,0.0207,193.05,76.06,2.538,37083,13777,0,23306,0.3715,0.0,0.6285,0.3715,0.9113,0.5448,0.5135
scene-1094,29,0,3,direct,62,0.2034,0.2385,-0.0351,0.6983,0.6351,0.0632,192.74,76.25,2.528,38788,11447,0,27341,0.2951,0.0,0.7049,0.2951,0.8847,0.4442,0.4176
scene-1094,30,1,3,direct,64,0.2353,0.2353,0.0,0.6197,0.6197,0.0,193.84,193.75,1.0,48627,0,0,48627,0.0,0.0,1.0,0.0,0.0,0.0,0.0
scene-1094,31,0,3,direct,64,0.2087,0.2414,-0.0327,0.695,0.6678,0.0272,187.73,70.63,2.658,36628,17319,0,19309,0.4728,0.0,0.5272,0.4728,0.8782,0.6744,0.5987
scene-1094,32,0,3,direct,64,0.2586,0.2857,-0.0271,0.6349,0.6245,0.0104,223.17,79.76,2.798,34996,11710,0,23286,0.3346,0.0,0.6654,0.3346,0.9045,0.5103,0.4738
scene-1094,33,0,3,direct,64,0.2778,0.2703,0.0075,0.6849,0.656,0.0289,191.32,78.3,2.443,41413,12247,0,29166,0.2957,0.0,0.7043,0.2957,0.8739,0.4426,0.4191
scene-1094,34,0,3,direct,64,0.2832,0.2439,0.0393,0.6627,0.6774,-0.0147,190.67,75.21,2.535,40189,13930,0,26259,0.3466,0.0,0.6534,0.3466,0.8869,0.5032,0.4741
scene-1094,35,1,3,direct,64,0.3364,0.3364,0.0,0.6131,0.6131,0.0,194.92,190.29,1.024,51078,0,0,51078,0.0,0.0,1.0,0.0,0.0,0.0,0.0
scene-1094,36,0,3,direct,64,0.3333,0.283,0.0503,0.597,0.6398,-0.0428,192.59,77.56,2.483,40858,20814,0,20044,0.5094,0.0,0.4906,0.5094,0.8724,0.7137,0.6342
scene-1094,37,0,3,direct,64,0.2745,0.2778,-0.0033,0.7053,0.6757,0.0296,187.6,70.34,2.667,40017,12705,0,27312,0.3175,0.0,0.6825,0.3175,0.8789,0.4722,0.446
scene-1094,38,0,3,direct,64,0.2936,0.3148,-0.0212,0.6538,0.6257,0.0282,189.41,73.45,2.579,40605,13145,0,27460,0.3237,0.0,0.6763,0.3237,0.8641,0.4739,0.4499
scene-1094,39,0,3,direct,64,0.3208,0.3148,0.0059,0.6243,0.6217,0.0026,194.24,78.14,2.486,40432,12227,0,28205,0.3024,0.0,0.6976,0.3024,0.8458,0.4495,0.4281
scene-1094,40,1,3,direct,61,0.2783,0.2783,0.0,0.671,0.671,0.0,194.18,195.04,0.996,51926,0,0,51926,0.0,0.0,1.0,0.0,0.0,0.0,0.0
scene-1094,41,0,3,direct,61,0.2909,0.2963,-0.0054,0.6777,0.6692,0.0085,193.3,78.26,2.47,38664,18382,0,20282,0.4754,0.0,0.5246,0.4754,0.8358,0.6941,0.6078
scene-1094,42,0,3,direct,58,0.2832,0.3208,-0.0376,0.6695,0.6976,-0.0281,191.58,73.97,2.59,36918,12433,0,24485,0.3368,0.0,0.6632,0.3368,0.8479,0.4982,0.4787
scene-1094,43,0,3,direct,58,0.2906,0.3048,-0.0142,0.7047,0.6974,0.0072,185.63,70.47,2.634,37587,11917,0,25670,0.3171,0.0,0.6829,0.3171,0.8328,0.4779,0.4554
scene-1094,44,0,3,direct,58,0.2991,0.2909,0.0082,0.6695,0.649,0.0205,190.77,69.85,2.731,36848,12238,0,24610,0.3321,0.0,0.6679,0.3321,0.8428,0.4987,0.4718
scene-1094,45,1,3,direct,55,0.303,0.303,0.0,0.7003,0.7003,0.0,192.12,190.02,1.011,43984,0,0,43984,0.0,0.0,1.0,0.0,0.0,0.0,0.0
scene-1094,46,0,3,direct,55,0.3505,0.2727,0.0778,0.6704,0.6429,0.0275,184.48,70.43,2.619,34803,18268,0,16535,0.5249,0.0,0.4751,0.5249,0.842,0.7585,0.6675
scene-1094,47,0,3,direct,56,0.28,0.2569,0.0231,0.6509,0.6435,0.0074,192.45,77.28,2.49,34528,11692,0,22836,0.3386,0.0,0.6614,0.3386,0.8513,0.509,0.4837
scene-1094,48,0,3,direct,56,0.2772,0.26,0.0172,0.6683,0.6441,0.0242,193.36,75.73,2.553,33246,11790,0,21456,0.3546,0.0,0.6454,0.3546,0.8597,0.5462,0.5144
scene-1094,49,0,3,direct,56,0.2745,0.2642,0.0104,0.617,0.6245,-0.0076,188.52,71.56,2.635,33337,11267,0,22070,0.338,0.0,0.662,0.338,0.8471,0.5333,0.4992
scene-1094,50,1,3,direct,50,0.2824,0.2824,0.0,0.7407,0.7407,0.0,194.77,193.45,1.007,42712,0,0,42712,0.0,0.0,1.0,0.0,0.0,0.0,0.0
scene-1094,51,0,3,direct,50,0.2921,0.2921,0.0,0.7053,0.6745,0.0309,193.9,77.55,2.5,33173,18478,0,14695,0.557,0.0,0.443,0.557,0.8375,0.8287,0.7255
scene-1094,52,0,3,direct,47,0.2955,0.2727,0.0227,0.7483,0.7509,-0.0026,197.03,75.05,2.625,33734,13367,0,20367,0.3962,0.0,0.6038,0.3962,0.8363,0.5723,0.5455
scene-1094,53,0,3,direct,47,0.3373,0.3038,0.0336,0.7507,0.7419,0.0088,187.43,71.01,2.64,33997,12426,0,21571,0.3655,0.0,0.6345,0.3655,0.8377,0.5566,0.5273
scene-1094,54,0,3,direct,47,0.3291,0.3059,0.0232,0.7499,0.7433,0.0066,190.25,75.64,2.515,33847,13234,0,20613,0.391,0.0,0.609,0.391,0.8274,0.5453,0.5259
scene-1094,55,1,3,direct,36,0.3529,0.3529,0.0,0.7485,0.7485,0.0,188.34,192.08,0.981,44137,0,0,44137,0.0,0.0,1.0,0.0,0.0,0.0,0.0
scene-1094,56,0,3,direct,36,0.3333,0.3243,0.009,0.764,0.7439,0.0202,187.4,70.21,2.669,35334,20853,0,14481,0.5902,0.0,0.4098,0.5902,0.811,0.7917,0.7182
scene-1094,57,0,3,direct,34,0.3881,0.3881,0.0,0.7818,0.7548,0.0271,190.65,76.79,2.483,35281,12320,0,22961,0.3492,0.0,0.6508,0.3492,0.7941,0.5045,0.4836
scene-1094,58,0,3,direct,34,0.3611,0.3824,-0.0212,0.7514,0.737,0.0144,187.25,71.47,2.62,36012,13357,0,22655,0.3709,0.0,0.6291,0.3709,0.7942,0.4996,0.4864
scene-1094,59,0,3,direct,34,0.3881,0.3939,-0.0059,0.7624,0.72,0.0424,191.55,77.37,2.476,35935,13595,0,22340,0.3783,0.0,0.6217,0.3783,0.797,0.4936,0.4862
scene-1094,60,1,3,direct,35,0.411,0.411,0.0,0.6777,0.6777,0.0,187.59,190.67,0.984,48025,0,0,48025,0.0,0.0,1.0,0.0,0.0,0.0,0.0
scene-1094,61,0,3,direct,35,0.4054,0.4054,0.0,0.6904,0.6751,0.0153,191.66,73.83,2.596,37554,20661,0,16893,0.5502,0.0,0.4498,0.5502,0.7916,0.79,0.6951
scene-1094,62,0,3,direct,31,0.4118,0.3582,0.0536,0.7151,0.7136,0.0014,192.66,70.97,2.715,37115,13063,0,24052,0.352,0.0,0.648,0.352,0.7948,0.5103,0.495
scene-1094,63,0,3,direct,31,0.4211,0.4324,-0.0114,0.693,0.7217,-0.0287,193.18,73.67,2.622,38633,14754,0,23879,0.3819,0.0,0.6181,0.3819,0.7852,0.506,0.4994
scene-1094,64,0,3,direct,31,0.4507,0.4384,0.0123,0.7022,0.6661,0.0361,192.09,76.86,2.499,37266,14536,0,22730,0.3901,0.0,0.6099,0.3901,0.7917,0.5371,0.5271
scene-1094,65,1,3,direct,29,0.4839,0.4839,0.0,0.6876,0.6876,0.0,187.77,194.47,0.966,51228,0,0,51228,0.0,0.0,1.0,0.0,0.0,0.0,0.0
scene-1094,66,0,3,direct,29,0.4127,0.4776,-0.0649,0.7114,0.6423,0.069,194.8,80.14,2.431,39738,22561,0,17177,0.5677,0.0,0.4323,0.5677,0.7875,0.7799,0.6967
scene-1094,67,0,3,direct,28,0.4308,0.4,0.0308,0.6625,0.6565,0.0059,187.33,73.07,2.564,38065,12786,0,25279,0.3359,0.0,0.6641,0.3359,0.7835,0.4851,0.4667
scene-1094,68,0,3,direct,28,0.4561,0.4483,0.0079,0.6178,0.6302,-0.0124,190.53,76.68,2.485,36831,15231,0,21600,0.4135,0.0,0.5865,0.4135,0.7775,0.4896,0.4848
scene-1094,69,0,3,direct,28,0.3514,0.4,-0.0486,0.6369,0.6098,0.027,195.4,76.31,2.561,38017,13575,0,24442,0.3571,0.0,0.6429,0.3571,0.7472,0.4703,0.4653
scene-1094,70,1,3,direct,27,0.3871,0.3871,0.0,0.6376,0.6376,0.0,189.63,188.05,1.008,48062,0,0,48062,0.0,0.0,1.0,0.0,0.0,0.0,0.0
scene-1094,71,0,3,direct,27,0.4333,0.4058,0.0275,0.6393,0.5889,0.0504,189.18,72.34,2.615,37285,22603,0,14682,0.6062,0.0,0.3938,0.6062,0.7285,0.7141,0.6773
scene-1094,72,0,3,direct,27,0.4308,0.4308,0.0,0.6839,0.6916,-0.0077,191.22,76.89,2.487,37158,11372,0,25786,0.306,0.0,0.694,0.306,0.73,0.4222,0.412
scene-1094,73,0,3,direct,27,0.4516,0.4762,-0.0246,0.6769,0.5932,0.0837,195.03,78.57,2.482,37033,11348,0,25685,0.3064,0.0,0.6936,0.3064,0.7276,0.4065,0.4015
scene-1094,74,0,3,direct,27,0.4918,0.4746,0.0172,0.5951,0.584,0.0111,189.38,71.86,2.636,38876,12059,0,26817,0.3102,0.0,0.6898,0.3102,0.7195,0.4316,0.4252
scene-1094,75,1,3,direct,26,0.4068,0.4068,0.0,0.672,0.672,0.0,194.22,194.97,0.996,49540,0,0,49540,0.0,0.0,1.0,0.0,0.0,0.0,0.0
scene-1094,76,0,3,direct,26,0.4138,0.4,0.0138,0.6564,0.648,0.0084,195.98,78.64,2.492,37498,20620,0,16878,0.5499,0.0,0.4501,0.5499,0.7218,0.7231,0.6594
scene-1094,77,0,3,direct,22,0.4231,0.3774,0.0457,0.6834,0.6594,0.024,197.61,78.8,2.508,37810,10844,0,26966,0.2868,0.0,0.7132,0.2868,0.7202,0.3838,0.3833
scene-1094,78,0,3,direct,22,0.4314,0.3673,0.064,0.6464,0.6398,0.0065,193.3,74.31,2.601,38014,10509,0,27505,0.2765,0.0,0.7235,0.2765,0.7282,0.3908,0.3858
scene-1094,79,0,3,direct,22,0.449,0.3846,0.0644,0.6999,0.6751,0.0248,192.7,72.93,2.642,39837,12069,0,27768,0.303,0.0,0.697,0.303,0.7097,0.3892,0.3914
scene-1094,80,1,3,direct,23,0.4082,0.4082,0.0,0.6468,0.6468,0.0,195.29,192.54,1.014,52477,0,0,52477,0.0,0.0,1.0,0.0,0.0,0.0,0.0
scene-1094,81,0,3,direct,23,0.3509,0.2712,0.0797,0.644,0.6184,0.0257,188.34,71.11,2.648,39541,20790,0,18751,0.5258,0.0,0.4742,0.5258,0.7193,0.7281,0.6466
scene-1094,82,0,3,direct,19,0.45,0.439,0.011,0.6969,0.6668,0.0301,193.73,73.98,2.619,39305,12354,0,26951,0.3143,0.0,0.6857,0.3143,0.7238,0.4072,0.4102
scene-1094,83,0,3,direct,19,0.4103,0.35,0.0603,0.709,0.638,0.0711,188.71,71.58,2.636,39181,13241,0,25940,0.3379,0.0,0.6621,0.3379,0.7402,0.3994,0.401
scene-1094,84,0,3,direct,19,0.3462,0.375,-0.0288,0.6391,0.5643,0.0749,192.28,72.24,2.662,39699,12374,0,27325,0.3117,0.0,0.6883,0.3117,0.7205,0.4236,0.4195
scene-1094,85,1,3,direct,16,0.3556,0.3556,0.0,0.6157,0.6157,0.0,193.41,191.57,1.01,50624,0,0,50624,0.0,0.0,1.0,0.0,0.0,0.0,0.0
scene-1094,86,0,3,direct,16,0.2927,0.2727,0.02,0.7403,0.6697,0.0705,193.43,77.91,2.483,37828,23671,0,14157,0.6258,0.0,0.3742,0.6258,0.7344,0.7538,0.7091
scene-1094,87,0,3,direct,15,0.4242,0.3429,0.0814,0.6229,0.6136,0.0093,187.53,71.51,2.622,37905,12058,0,25847,0.3181,0.0,0.6819,0.3181,0.7236,0.4216,0.4164
scene-1094,88,0,3,direct,15,0.4,0.4,0.0,0.6419,0.5784,0.0635,189.28,77.13,2.454,38229,13900,0,24329,0.3636,0.0,0.6364,0.3636,0.7274,0.437,0.4389
scene-1094,89,0,3,direct,15,0.3125,0.2353,0.0772,0.6359,0.7027,-0.0668,190.42,76.01,2.505,37722,12037,0,25685,0.3191,0.0,0.6809,0.3191,0.7277,0.433,0.4249
scene-1094,90,1,3,direct,16,0.1667,0.1667,0.0,0.6014,0.6014,0.0,181.18,188.89,0.959,50859,0,0,50859,0.0,0.0,1.0,0.0,0.0,0.0,0.0
scene-1094,91,0,3,direct,16,0.2941,0.2778,0.0163,0.7043,0.6861,0.0182,186.52,73.08,2.552,38926,23942,0,14984,0.6151,0.0,0.3849,0.6151,0.7221,0.7396,0.6946
scene-1094,92,0,3,direct,15,0.2439,0.1395,0.1044,0.6623,0.6114,0.0509,192.89,75.27,2.562,38298,12720,0,25578,0.3321,0.0,0.6679,0.3321,0.7272,0.4256,0.4242
scene-1094,93,0,3,direct,15,0.1818,0.1739,0.0079,0.7397,0.6132,0.1265,190.97,75.39,2.533,38163,12675,0,25488,0.3321,0.0,0.6679,0.3321,0.7171,0.4074,0.4047
scene-1094,94,0,3,direct,15,0.1905,0.1702,0.0203,0.7102,0.6683,0.0419,180.6,75.56,2.39,39362,12512,0,26850,0.3179,0.0,0.6821,0.3179,0.7122,0.3883,0.3901
scene-1094,95,1,3,direct,14,0.1778,0.1778,0.0,0.701,0.701,0.0,190.98,191.16,0.999,51541,0,0,51541,0.0,0.0,1.0,0.0,0.0,0.0,0.0
scene-1094,96,0,3,direct,14,0.2,0.15,0.05,0.6822,0.697,-0.0148,189.99,73.62,2.581,38339,21158,0,17181,0.5519,0.0,0.4481,0.5519,0.7244,0.7581,0.6758
scene-1100,0,1,3,direct,24,0.3929,0.3929,0.0,0.5943,0.5943,0.0,136.93,148.61,0.921,26847,0,0,26847,0.0,0.0,1.0,0.0,0.0,0.0,0.0
scene-1100,1,0,3,direct,24,0.44,0.3103,0.1297,0.6382,0.7099,-0.0717,181.94,75.12,2.422,24375,22558,0,1817,0.9255,0.0,0.0745,0.9255,0.9727,0.9404,0.9365
scene-1100,2,0,3,direct,25,0.3571,0.3913,-0.0342,0.6833,0.6467,0.0366,178.5,66.25,2.694,22183,17566,0,4617,0.7919,0.0,0.2081,0.7919,0.9749,0.8061,0.8057
scene-1100,3,0,3,direct,25,0.3333,0.3137,0.0196,0.7297,0.6136,0.1161,174.44,67.67,2.578,23823,18288,0,5535,0.7677,0.0,0.2323,0.7677,0.9701,0.78,0.7813
scene-1100,4,0,3,direct,25,0.3509,0.3137,0.0372,0.6956,0.7375,-0.042,189.7,77.6,2.445,26337,20106,0,6231,0.7634,0.0,0.2366,0.7634,0.9779,0.7732,0.7738
scene-1100,5,1,3,direct,25,0.2857,0.2857,0.0,0.7032,0.7032,0.0,185.34,184.52,1.004,29251,0,0,29251,0.0,0.0,1.0,0.0,0.0,0.0,0.0
scene-1100,6,0,3,direct,25,0.4348,0.3846,0.0502,0.7387,0.6526,0.0861,189.35,75.89,2.495,22644,20987,0,1657,0.9268,0.0,0.0732,0.9268,0.9859,0.9343,0.9323
scene-1100,7,0,3,direct,24,0.4286,0.3556,0.073,0.7521,0.7,0.0521,178.25,67.43,2.644,18581,14772,0,3809,0.795,0.0,0.205,0.795,0.9843,0.8015,0.8022
scene-1100,8,0,3,direct,24,0.4314,0.381,0.0504,0.6835,0.7166,-0.033,182.8,68.86,2.655,18929,14699,0,4230,0.7765,0.0,0.2235,0.7765,0.9688,0.7843,0.7843
scene-1100,9,0,3,direct,24,0.3846,0.3774,0.0073,0.706,0.6575,0.0485,179.03,67.02,2.671,23000,15341,0,7659,0.667,0.0,0.333,0.667,0.952,0.6726,0.673
scene-1100,10,1,3,direct,24,0.4231,0.4231,0.0,0.6919,0.6919,0.0,185.25,183.92,1.007,27536,0,0,27536,0.0,0.0,1.0,0.0,0.0,0.0,0.0
scene-1100,11,0,3,direct,24,0.3929,0.339,0.0539,0.6763,0.7003,-0.0239,177.34,71.51,2.48,24421,21775,0,2646,0.8917,0.0,0.1083,0.8917,0.9482,0.8982,0.8962
scene-1100,12,0,3,direct,24,0.5,0.4314,0.0686,0.6456,0.6142,0.0314,184.73,77.04,2.398,25813,18862,0,6951,0.7307,0.0,0.2693,0.7307,0.9576,0.7417,0.7465
scene-1100,13,0,3,direct,24,0.4681,0.4,0.0681,0.672,0.6728,-0.0008,177.06,66.23,2.673,24972,18905,0,6067,0.757,0.0,0.243,0.757,0.9618,0.7615,0.7616
scene-1100,14,0,3,direct,24,0.3333,0.3509,-0.0175,0.7044,0.6653,0.0391,185.09,76.3,2.426,23898,18113,0,5785,0.7579,0.0,0.2421,0.7579,0.9711,0.7659,0.7648
scene-1100,15,1,3,direct,24,0.3492,0.3492,0.0,0.6356,0.6356,0.0,179.43,184.88,0.971,27121,0,0,27121,0.0,0.0,1.0,0.0,0.0,0.0,0.0
scene-1100,16,0,3,direct,24,0.3667,0.3929,-0.0262,0.5948,0.6036,-0.0088,184.98,75.96,2.435,25449,22933,0,2516,0.9011,0.0,0.0989,0.9011,0.9794,0.9112,0.9082
scene-1100,17,0,3,direct,25,0.3226,0.3571,-0.0346,0.6268,0.5988,0.028,186.47,74.83,2.492,26732,19474,0,7258,0.7285,0.0,0.2715,0.7285,0.9854,0.7563,0.7595
scene-1100,18,0,3,direct,25,0.3922,0.3636,0.0285,0.6403,0.5568,0.0835,185.97,76.01,2.447,26865,21479,0,5386,0.7995,0.0,0.2005,0.7995,0.986,0.8137,0.8176
scene-1100,19,0,3,direct,25,0.2857,0.24,0.0457,0.6951,0.6223,0.0728,186.15,75.51,2.465,19452,16381,0,3071,0.8421,0.0,0.1579,0.8421,0.9851,0.8465,0.8468
scene-1100,20,1,3,direct,26,0.3333,0.3333,0.0,0.6696,0.6696,0.0,183.0,186.8,0.98,27633,0,0,27633,0.0,0.0,1.0,0.0,0.0,0.0,0.0
scene-1100,21,0,3,direct,26,0.3548,0.303,0.0518,0.6501,0.6076,0.0425,180.55,71.88,2.512,23203,20398,0,2805,0.8791,0.0,0.1209,0.8791,0.9761,0.9237,0.9105
scene-1100,22,0,3,direct,26,0.3934,0.3,0.0934,0.6401,0.5724,0.0676,175.47,69.03,2.542,24075,15170,0,8905,0.6301,0.0,0.3699,0.6301,0.9659,0.76,0.7469
scene-1100,23,0,3,direct,26,0.3692,0.3175,0.0518,0.6439,0.6323,0.0116,175.84,67.12,2.62,24843,12708,0,12135,0.5115,0.0,0.4885,0.5115,0.9688,0.729,0.7054
scene-1100,24,0,3,direct,26,0.4074,0.3279,0.0795,0.6554,0.6359,0.0195,186.83,73.61,2.538,25476,11657,0,13819,0.4576,0.0,0.5424,0.4576,0.9719,0.7087,0.6836
scene-1100,25,1,3,direct,25,0.381,0.381,0.0,0.5915,0.5915,0.0,185.09,187.04,0.99,31409,0,0,31409,0.0,0.0,1.0,0.0,0.0,0.0,0.0
scene-1100,26,0,3,direct,25,0.3462,0.2642,0.082,0.6447,0.5678,0.0769,185.04,77.94,2.374,24805,15906,0,8899,0.6412,0.0,0.3588,0.6412,0.9836,0.9445,0.8429
scene-1100,27,0,3,direct,25,0.2712,0.2353,0.0359,0.7017,0.7028,-0.0011,185.88,77.81,2.389,24424,13926,0,10498,0.5702,0.0,0.4298,0.5702,0.9851,0.7683,0.7381
scene-1100,28,0,3,direct,25,0.2642,0.3265,-0.0624,0.6865,0.6106,0.0759,179.07,70.05,2.556,19033,10256,0,8777,0.5389,0.0,0.4611,0.5389,0.9902,0.6057,0.6058
scene-1100,29,0,3,direct,25,0.2449,0.2692,-0.0243,0.6413,0.5696,0.0718,181.58,74.36,2.442,20305,13590,0,6715,0.6693,0.0,0.3307,0.6693,0.9838,0.7235,0.7245
scene-1100,30,1,3,direct,25,0.3019,0.3019,0.0,0.6683,0.6683,0.0,185.61,187.25,0.991,25187,0,0,25187,0.0,0.0,1.0,0.0,0.0,0.0,0.0
scene-1100,31,0,3,direct,25,0.2593,0.3019,-0.0426,0.6558,0.5016,0.1543,184.64,76.09,2.427,23629,21524,0,2105,0.9109,0.0,0.0891,0.9109,0.9939,0.9651,0.9496
scene-1100,32,0,3,direct,25,0.2979,0.2667,0.0312,0.6194,0.5988,0.0206,185.11,74.9,2.472,20893,16772,0,4121,0.8028,0.0,0.1972,0.8028,0.9914,0.8239,0.8218
scene-1100,33,0,3,direct,25,0.4255,0.4348,-0.0093,0.6561,0.5883,0.0678,185.59,76.4,2.429,22592,17335,0,5257,0.7673,0.0,0.2327,0.7673,0.9892,0.8039,0.8088
scene-1100,34,0,3,direct,25,0.4167,0.4151,0.0016,0.6612,0.5985,0.0627,178.71,68.25,2.618,25020,18534,0,6486,0.7408,0.0,0.2592,0.7408,0.9906,0.7617,0.7598
scene-1100,35,1,3,direct,24,0.3913,0.3913,0.0,0.6591,0.6591,0.0,180.85,189.85,0.953,29003,0,0,29003,0.0,0.0,1.0,0.0,0.0,0.0,0.0
scene-1100,36,0,3,direct,24,0.3774,0.3333,0.044,0.6668,0.6125,0.0543,190.96,77.19,2.474,25752,24150,0,1602,0.9378,0.0,0.0622,0.9378,0.9896,0.9666,0.9587
scene-1100,37,0,3,direct,24,0.3673,0.4091,-0.0417,0.6756,0.6227,0.0529,180.09,68.25,2.639,26155,21238,0,4917,0.812,0.0,0.188,0.812,0.9868,0.8314,0.8288
scene-1100,38,0,3,direct,24,0.4444,0.4878,-0.0434,0.671,0.5777,0.0932,184.14,73.72,2.498,25250,19395,0,5855,0.7681,0.0,0.2319,0.7681,0.988,0.8171,0.8124
scene-1100,39,0,3,direct,24,0.3509,0.3556,-0.0047,0.6753,0.6085,0.0668,187.44,74.36,2.521,23246,15880,0,7366,0.6831,0.0,0.3169,0.6831,0.9877,0.8455,0.8208
scene-1100,40,1,3,direct,23,0.3673,0.3673,0.0,0.656,0.656,0.0,188.29,186.43,1.01,29477,0,0,29477,0.0,0.0,1.0,0.0,0.0,0.0,0.0
scene-1100,41,0,3,direct,23,0.3,0.3529,-0.0529,0.7075,0.6128,0.0947,187.91,77.08,2.438,23782,14340,0,9442,0.603,0.0,0.397,0.603,0.9897,0.9547,0.8506
scene-1100,42,0,3,direct,23,0.381,0.4091,-0.0281,0.6647,0.5908,0.0738,184.93,75.21,2.459,24132,9709,0,14423,0.4023,0.0,0.5977,0.4023,0.9856,0.6765,0.6205
scene-1100,43,0,3,direct,23,0.375,0.3636,0.0114,0.6483,0.65,-0.0017,177.78,66.22,2.685,24496,10450,0,14046,0.4266,0.0,0.5734,0.4266,0.9875,0.6628,0.6234
scene-1100,44,0,3,direct,23,0.3462,0.3182,0.028,0.6435,0.6471,-0.0036,189.23,76.99,2.458,23787,11319,0,12468,0.4758,0.0,0.5242,0.4758,0.9916,0.7295,0.6837
scene-1100,45,1,3,direct,23,0.3333,0.3333,0.0,0.6175,0.6175,0.0,180.7,186.08,0.971,30155,0,0,30155,0.0,0.0,1.0,0.0,0.0,0.0,0.0
scene-1100,46,0,3,direct,23,0.4348,0.35,0.0848,0.5989,0.6206,-0.0216,183.1,70.63,2.593,24725,18522,0,6203,0.7491,0.0,0.2509,0.7491,0.985,0.924,0.8686
scene-1100,47,0,3,direct,23,0.32,0.3529,-0.0329,0.6349,0.5488,0.0861,185.86,78.62,2.364,26580,14791,0,11789,0.5565,0.0,0.4435,0.5565,0.995,0.6504,0.6595
scene-1100,48,0,3,direct,23,0.3404,0.3415,-0.001,0.6203,0.5938,0.0265,179.15,70.28,2.549,24542,17759,0,6783,0.7236,0.0,0.2764,0.7236,0.9951,0.8137,0.8021
scene-1100,49,0,3,direct,23,0.3902,0.3256,0.0647,0.587,0.5325,0.0545,182.6,71.51,2.553,17377,13199,0,4178,0.7596,0.0,0.2404,0.7596,0.9921,0.8352,0.8203
scene-1100,50,1,3,direct,23,0.2979,0.2979,0.0,0.6711,0.6711,0.0,191.93,187.69,1.023,29406,0,0,29406,0.0,0.0,1.0,0.0,0.0,0.0,0.0
scene-1100,51,0,3,direct,23,0.2414,0.3137,-0.0723,0.6385,0.5696,0.0689,176.07,68.61,2.566,24082,14544,0,9538,0.6039,0.0,0.3961,0.6039,0.9922,0.9533,0.8418
scene-1100,52,0,3,direct,23,0.2807,0.3182,-0.0375,0.6189,0.614,0.0049,173.94,69.61,2.499,23995,10070,0,13925,0.4197,0.0,0.5803,0.4197,0.9931,0.6832,0.6371
scene-1100,53,0,3,direct,23,0.3077,0.3182,-0.0105,0.6381,0.5675,0.0706,186.62,76.99,2.424,22534,10795,0,11739,0.4791,0.0,0.5209,0.4791,0.9911,0.7018,0.6649
scene-1100,54,0,3,direct,23,0.2642,0.2917,-0.0275,0.6061,0.5567,0.0493,187.26,79.57,2.353,23649,8726,0,14923,0.369,0.0,0.631,0.369,0.9684,0.522,0.521
scene-1100,55,1,3,direct,23,0.2979,0.2979,0.0,0.6906,0.6906,0.0,188.88,185.4,1.019,36182,0,0,36182,0.0,0.0,1.0,0.0,0.0,0.0,0.0
scene-1100,56,0,3,direct,23,0.2623,0.2545,0.0077,0.6422,0.5745,0.0678,188.94,76.3,2.476,24501,15241,0,9260,0.6221,0.0,0.3779,0.6221,0.9658,0.8139,0.7446
scene-1100,57,0,3,direct,24,0.3396,0.3077,0.0319,0.6143,0.5183,0.096,189.89,77.3,2.457,23326,7400,0,15926,0.3172,0.0,0.6828,0.3172,0.9769,0.4173,0.4339
scene-1100,58,0,3,direct,24,0.2909,0.2909,0.0,0.6453,0.5359,0.1094,187.02,75.8,2.467,23330,7068,0,16262,0.303,0.0,0.697,0.303,0.9813,0.423,0.4405
scene-1100,59,0,3,direct,24,0.3077,0.25,0.0577,0.5656,0.5489,0.0167,186.28,73.32,2.541,22765,7602,0,15163,0.3339,0.0,0.6661,0.3339,0.9895,0.4487,0.4735
scene-1100,60,1,3,direct,24,0.24,0.24,0.0,0.6337,0.6337,0.0,182.36,183.95,0.991,32801,0,0,32801,0.0,0.0,1.0,0.0,0.0,0.0,0.0
scene-1100,61,0,3,direct,24,0.2143,0.24,-0.0257,0.7006,0.5926,0.1081,186.04,78.65,2.366,25411,19101,0,6310,0.7517,0.0,0.2483,0.7517,0.9729,0.8749,0.8348
scene-1100,62,0,3,direct,24,0.2264,0.2128,0.0136,0.7285,0.7646,-0.0361,185.49,77.32,2.399,26491,14173,0,12318,0.535,0.0,0.465,0.535,0.9966,0.5807,0.5879
scene-1100,63,0,3,direct,24,0.2069,0.2308,-0.0239,0.7007,0.6481,0.0526,175.59,70.14,2.504,23703,17348,0,6355,0.7319,0.0,0.2681,0.7319,0.9949,0.8678,0.8418
scene-1100,64,0,3,direct,24,0.2857,0.3043,-0.0186,0.6971,0.6287,0.0685,186.06,76.36,2.437,21680,16166,0,5514,0.7457,0.0,0.2543,0.7457,0.9909,0.8321,0.8163
scene-1100,65,1,3,direct,23,0.3019,0.3019,0.0,0.6709,0.6709,0.0,181.86,187.74,0.969,27396,0,0,27396,0.0,0.0,1.0,0.0,0.0,0.0,0.0
scene-1100,66,0,3,direct,23,0.2979,0.3111,-0.0132,0.7387,0.6571,0.0816,177.24,66.72,2.656,22476,19382,0,3094,0.8623,0.0,0.1377,0.8623,0.9931,0.9655,0.9368
scene-1100,67,0,3,direct,24,0.2857,0.3182,-0.0325,0.6278,0.595,0.0328,185.79,75.19,2.471,23846,17570,0,6276,0.7368,0.0,0.2632,0.7368,0.9922,0.8098,0.7992
scene-1100,68,0,3,direct,24,0.3077,0.3019,0.0058,0.5985,0.568,0.0305,176.55,67.95,2.598,23892,17802,0,6090,0.7451,0.0,0.2549,0.7451,0.9965,0.7829,0.7804
scene-1100,69,0,3,direct,24,0.2295,0.2857,-0.0562,0.6352,0.5963,0.0389,180.95,67.95,2.663,24429,18865,0,5564,0.7722,0.0,0.2278,0.7722,0.992,0.8309,0.8268
scene-1100,70,1,3,direct,25,0.2609,0.2609,0.0,0.7136,0.7136,0.0,180.37,185.26,0.974,28818,0,0,28818,0.0,0.0,1.0,0.0,0.0,0.0,0.0
scene-1100,71,0,3,direct,25,0.2308,0.3111,-0.0803,0.6944,0.599,0.0954,183.15,69.87,2.621,25070,23599,0,1471,0.9413,0.0,0.0587,0.9413,0.9919,0.9694,0.9614
scene-1100,72,0,3,direct,25,0.2449,0.2727,-0.0278,0.6973,0.69,0.0073,178.24,65.69,2.713,25235,20461,0,4774,0.8108,0.0,0.1892,0.8108,0.9889,0.8331,0.8312
scene-1100,73,0,3,direct,25,0.2449,0.2553,-0.0104,0.7073,0.7,0.0073,177.16,68.83,2.574,27106,21038,0,6068,0.7761,0.0,0.2239,0.7761,0.9881,0.8047,0.8058
scene-1100,74,0,3,direct,25,0.2182,0.2609,-0.0427,0.6718,0.6708,0.001,183.52,75.55,2.429,26246,21957,0,4289,0.8366,0.0,0.1634,0.8366,0.993,0.8645,0.8607
scene-1100,75,1,3,direct,24,0.2264,0.2264,0.0,0.7058,0.7058,0.0,184.03,182.48,1.009,27588,0,0,27588,0.0,0.0,1.0,0.0,0.0,0.0,0.0
scene-1100,76,0,3,direct,24,0.2373,0.24,-0.0027,0.6752,0.6822,-0.007,183.81,78.49,2.342,22395,21087,0,1308,0.9416,0.0,0.0584,0.9416,0.9897,0.9481,0.9462
scene-1100,77,0,3,direct,24,0.2692,0.381,-0.1117,0.6597,0.5862,0.0735,187.77,76.18,2.465,24431,19110,0,5321,0.7822,0.0,0.2178,0.7822,0.9937,0.7887,0.789
scene-1100,78,0,3,direct,24,0.2692,0.2745,-0.0053,0.6438,0.6272,0.0166,178.89,67.68,2.643,24693,20746,0,3947,0.8402,0.0,0.1598,0.8402,0.9972,0.85,0.85
scene-1100,79,0,3,direct,24,0.28,0.3043,-0.0243,0.6856,0.6548,0.0308,180.57,67.68,2.668,25472,21150,0,4322,0.8303,0.0,0.1697,0.8303,0.9954,0.8408,0.8436
scene-1100,80,1,3,direct,25,0.2745,0.2745,0.0,0.6289,0.6289,0.0,186.05,189.91,0.98,25643,0,0,25643,0.0,0.0,1.0,0.0,0.0,0.0,0.0
scene-1100,81,0,3,direct,25,0.2745,0.2745,0.0,0.6103,0.6482,-0.038,187.85,81.1,2.316,23362,22006,0,1356,0.942,0.0,0.058,0.942,0.9921,0.9582,0.9532
scene-1100,82,0,3,direct,24,0.25,0.3043,-0.0543,0.7735,0.6641,0.1094,181.67,72.97,2.49,25275,19499,0,5776,0.7715,0.0,0.2285,0.7715,0.9956,0.7874,0.7877
scene-1100,83,0,3,direct,24,0.2791,0.2439,0.0352,0.694,0.7258,-0.0318,184.55,75.59,2.441,17597,16026,0,1571,0.9107,0.0,0.0893,0.9107,0.9962,0.914,0.9134
scene-1100,84,0,3,direct,24,0.25,0.2979,-0.0479,0.6531,0.616,0.0371,180.64,68.78,2.626,20304,15763,0,4541,0.7763,0.0,0.2237,0.7763,0.9811,0.7839,0.7849
scene-1100,85,1,3,direct,23,0.2692,0.2692,0.0,0.6477,0.6477,0.0,175.35,187.58,0.935,27960,0,0,27960,0.0,0.0,1.0,0.0,0.0,0.0,0.0
scene-1100,86,0,3,direct,23,0.24,0.2609,-0.0209,0.6553,0.6914,-0.0361,179.19,70.41,2.545,25856,24762,0,1094,0.9577,0.0,0.0423,0.9577,0.9949,0.9734,0.9681
scene-1100,87,0,3,direct,22,0.3111,0.2979,0.0132,0.6767,0.6764,0.0004,176.3,64.18,2.747,25451,21110,0,4341,0.8294,0.0,0.1706,0.8294,0.9955,0.8366,0.838
scene-1100,88,0,3,direct,22,0.2545,0.2917,-0.0371,0.6919,0.6602,0.0318,177.95,67.88,2.621,25844,21480,0,4364,0.8311,0.0,0.1689,0.8311,0.9936,0.844,0.8473
scene-1100,89,0,3,direct,22,0.2692,0.2745,-0.0053,0.701,0.6698,0.0312,181.68,74.28,2.446,25182,20706,0,4476,0.8223,0.0,0.1777,0.8223,0.9921,0.8409,0.8384
scene-1100,90,1,3,direct,22,0.32,0.32,0.0,0.6291,0.6291,0.0,177.36,181.44,0.977,28852,0,0,28852,0.0,0.0,1.0,0.0,0.0,0.0,0.0
scene-1100,91,0,3,direct,22,0.32,0.2745,0.0455,0.6276,0.7041,-0.0765,189.3,78.03,2.426,26092,24351,0,1741,0.9333,0.0,0.0667,0.9333,0.9803,0.954,0.9466
scene-1100,92,0,3,direct,22,0.3214,0.3077,0.0137,0.6193,0.6242,-0.0049,186.82,75.05,2.489,23370,19158,0,4212,0.8198,0.0,0.1802,0.8198,0.9688,0.8254,0.8264
scene-1100,93,0,3,direct,22,0.2414,0.3137,-0.0723,0.6782,0.6062,0.0721,185.38,74.53,2.487,24771,19194,0,5577,0.7749,0.0,0.2251,0.7749,0.9641,0.7904,0.7936
scene-1100,94,0,3,direct,22,0.2545,0.3182,-0.0636,0.7543,0.7245,0.0297,180.28,66.88,2.696,25809,19317,0,6492,0.7485,0.0,0.2515,0.7485,0.9708,0.7608,0.7612
scene-1100,95,1,3,direct,21,0.2745,0.2745,0.0,0.6996,0.6996,0.0,185.56,192.08,0.966,29165,0,0,29165,0.0,0.0,1.0,0.0,0.0,0.0,0.0
scene-1100,96,0,3,direct,21,0.25,0.2927,-0.0427,0.7832,0.7603,0.0229,180.5,64.6,2.794,23765,22260,0,1505,0.9367,0.0,0.0633,0.9367,0.9833,0.951,0.9468
