model,dataset,scene,frame,reset,tier,n_gt,fresh_f1,reuse_f1,f1_gap,fresh_miou,reuse_miou,miou_gap,baseline_ms,optimized_ms,speedup,baseline_power_w,optimized_power_w,power_reduction_percent,baseline_energy_j,optimized_energy_j,energy_reduction_percent
3dssd,kitti_raw,2011_09_26_drive_0001_sync,0,1,3,4,0.8571,0.8571,0.0,0.6884,0.6884,0.0,88.41,102.35,0.864,37.828,48.98,-29.479,3.344286,5.013082,-49.9
3dssd,kitti_raw,2011_09_26_drive_0001_sync,1,0,3,4,1.0,1.0,0.0,0.6533,0.6968,-0.0434,69.78,66.01,1.057,43.67,46.469,-6.41,3.047448,3.067673,-0.664
3dssd,kitti_raw,2011_09_26_drive_0001_sync,2,0,3,4,0.8571,0.6667,0.1905,0.7879,0.7662,0.0216,69.31,59.43,1.166,43.508,49.425,-13.599,3.01554,2.937203,2.598
3dssd,kitti_raw,2011_09_26_drive_0001_sync,3,0,3,4,0.8571,0.6667,0.1905,0.7459,0.7566,-0.0107,70.38,58.57,1.202,45.83,51.075,-11.445,3.225629,2.991236,7.267
3dssd,kitti_raw,2011_09_26_drive_0001_sync,4,0,3,4,0.8571,0.8571,0.0,0.7549,0.7783,-0.0234,70.72,58.87,1.201,44.291,50.714,-14.5,3.132492,2.985738,4.685
3dssd,kitti_raw,2011_09_26_drive_0001_sync,5,1,3,4,0.8571,0.8571,0.0,0.7113,0.7195,-0.0082,67.99,55.39,1.227,45.579,52.797,-15.835,3.098852,2.924371,5.631
3dssd,kitti_raw,2011_09_26_drive_0001_sync,6,0,3,4,0.8571,0.8571,0.0,0.7949,0.8376,-0.0427,66.42,56.07,1.184,47.138,52.074,-10.471,3.1309,2.920005,6.736
3dssd,kitti_raw,2011_09_26_drive_0001_sync,7,0,3,4,0.8571,0.8571,0.0,0.7816,0.7393,0.0423,66.25,55.56,1.192,47.192,49.088,-4.017,3.126363,2.727379,12.762
3dssd,kitti_raw,2011_09_26_drive_0001_sync,8,0,3,4,0.8571,0.8571,0.0,0.8306,0.8265,0.0041,66.7,55.67,1.198,47.549,49.511,-4.127,3.17172,2.756034,13.106
3dssd,kitti_raw,2011_09_26_drive_0001_sync,9,0,3,4,0.75,0.8571,-0.1071,0.8464,0.848,-0.0016,66.53,56.39,1.18,43.391,48.277,-11.262,2.886866,2.722559,5.692
3dssd,kitti_raw,2011_09_26_drive_0001_sync,10,1,3,4,1.0,1.0,0.0,0.7566,0.7814,-0.0248,66.77,55.42,1.205,43.648,50.516,-15.733,2.914395,2.799501,3.942
3dssd,kitti_raw,2011_09_26_drive_0001_sync,11,0,3,4,0.8571,0.8571,0.0,0.7763,0.8192,-0.0428,65.62,57.05,1.15,44.182,49.312,-11.611,2.899353,2.813344,2.967
3dssd,kitti_raw,2011_09_26_drive_0001_sync,12,0,3,4,1.0,1.0,0.0,0.8108,0.7809,0.0298,66.72,56.44,1.182,43.576,47.063,-8.003,2.907524,2.656348,8.639
3dssd,kitti_raw,2011_09_26_drive_0001_sync,13,0,3,4,0.8571,0.6667,0.1905,0.8738,0.8605,0.0133,66.64,56.38,1.182,43.775,48.697,-11.243,2.917041,2.745564,5.878
3dssd,kitti_raw,2011_09_26_drive_0001_sync,14,0,3,4,0.8889,0.8889,0.0,0.7719,0.7613,0.0106,68.17,55.41,1.23,46.893,51.144,-9.065,3.196672,2.833804,11.351
3dssd,kitti_raw,2011_09_26_drive_0001_sync,15,1,3,4,0.6667,0.8889,-0.2222,0.8237,0.7615,0.0621,66.88,56.42,1.185,43.835,49.83,-13.677,2.931673,2.811443,4.101
3dssd,kitti_raw,2011_09_26_drive_0001_sync,16,0,3,4,0.75,0.75,0.0,0.7852,0.8581,-0.0729,66.81,56.15,1.19,47.565,50.027,-5.177,3.17771,2.808837,11.608
3dssd,kitti_raw,2011_09_26_drive_0001_sync,17,0,3,4,0.75,0.75,0.0,0.8227,0.804,0.0187,66.1,55.46,1.192,43.681,50.121,-14.745,2.887205,2.77954,3.729
3dssd,kitti_raw,2011_09_26_drive_0001_sync,18,0,3,5,0.9091,0.8,0.1091,0.82,0.8441,-0.0241,70.06,56.57,1.238,48.791,49.331,-1.106,3.418248,2.790699,18.359
3dssd,kitti_raw,2011_09_26_drive_0001_sync,19,0,3,5,0.9091,0.7273,0.1818,0.8025,0.8258,-0.0233,66.66,55.02,1.212,43.4,51.359,-18.338,2.893207,2.825623,2.336
3dssd,kitti_raw,2011_09_26_drive_0001_sync,20,1,3,6,0.9231,0.7273,0.1958,0.7815,0.8382,-0.0567,67.38,56.07,1.202,43.741,48.505,-10.892,2.947467,2.719671,7.729
3dssd,kitti_raw,2011_09_26_drive_0001_sync,21,0,3,5,0.6667,0.6,0.0667,0.8563,0.802,0.0543,69.28,55.61,1.246,46.941,52.367,-11.558,3.252174,2.912275,10.451
3dssd,kitti_raw,2011_09_26_drive_0001_sync,22,0,3,5,0.7273,0.9091,-0.1818,0.8136,0.8361,-0.0225,67.31,54.98,1.224,45.635,49.455,-8.372,3.071625,2.719082,11.477
3dssd,kitti_raw,2011_09_26_drive_0001_sync,23,0,3,5,0.8,0.8,0.0,0.8358,0.7832,0.0526,66.84,56.55,1.182,44.206,48.307,-9.277,2.954901,2.731526,7.559
3dssd,kitti_raw,2011_09_26_drive_0001_sync,24,0,3,5,0.8333,0.9091,-0.0758,0.842,0.8176,0.0244,66.71,55.12,1.21,44.055,49.192,-11.662,2.939048,2.711683,7.736
3dssd,kitti_raw,2011_09_26_drive_0001_sync,25,1,3,5,0.9091,0.9091,0.0,0.8559,0.8184,0.0375,67.35,55.17,1.221,43.251,49.069,-13.452,2.913085,2.707223,7.067
3dssd,kitti_raw,2011_09_26_drive_0001_sync,26,0,3,5,0.9091,0.7273,0.1818,0.8181,0.8752,-0.0571,66.77,56.19,1.188,44.062,50.818,-15.333,2.942086,2.855258,2.951
3dssd,kitti_raw,2011_09_26_drive_0001_sync,27,0,3,4,0.8,0.8,0.0,0.7655,0.7869,-0.0215,65.89,55.34,1.191,45.843,54.529,-18.947,3.020621,3.017571,0.101
3dssd,kitti_raw,2011_09_26_drive_0001_sync,28,0,3,4,0.8,0.8,0.0,0.8194,0.9039,-0.0845,65.43,54.31,1.205,45.474,51.208,-12.609,2.975428,2.781357,6.522
3dssd,kitti_raw,2011_09_26_drive_0001_sync,29,0,3,5,0.7273,0.7273,0.0,0.8263,0.8244,0.0019,65.22,52.95,1.232,43.611,49.537,-13.588,2.84413,2.622829,7.781
3dssd,kitti_raw,2011_09_26_drive_0001_sync,30,1,3,5,0.7273,0.9091,-0.1818,0.8626,0.8344,0.0282,64.45,52.95,1.217,44.364,49.63,-11.871,2.859242,2.627939,8.09
3dssd,kitti_raw,2011_09_26_drive_0001_sync,31,0,3,5,0.6667,0.6667,0.0,0.8342,0.8392,-0.005,66.6,54.11,1.231,44.94,51.941,-15.578,2.993087,2.810335,6.106
3dssd,kitti_raw,2011_09_26_drive_0001_sync,32,0,3,5,0.7273,0.7273,0.0,0.7834,0.7974,-0.0139,65.07,54.05,1.204,43.143,48.139,-11.581,2.807155,2.602007,7.308
3dssd,kitti_raw,2011_09_26_drive_0001_sync,33,0,3,5,0.7273,0.7273,0.0,0.8373,0.8209,0.0164,64.71,54.17,1.195,43.734,52.504,-20.053,2.830178,2.844267,-0.498
3dssd,kitti_raw,2011_09_26_drive_0001_sync,34,0,3,4,0.6,0.6,0.0,0.8598,0.8818,-0.022,66.59,54.91,1.213,43.654,51.112,-17.086,2.90673,2.806379,3.452
3dssd,kitti_raw,2011_09_26_drive_0001_sync,35,1,3,4,0.6,0.6,0.0,0.8644,0.8229,0.0415,65.56,55.79,1.175,43.852,50.915,-16.107,2.875142,2.840523,1.204
3dssd,kitti_raw,2011_09_26_drive_0001_sync,36,0,3,4,0.6667,0.6667,0.0,0.9145,0.8828,0.0317,65.51,54.14,1.21,44.175,51.887,-17.458,2.894051,2.808949,2.941
3dssd,kitti_raw,2011_09_26_drive_0001_sync,37,0,3,3,0.6667,0.6667,0.0,0.8045,0.8464,-0.0419,64.84,53.24,1.218,44.504,49.621,-11.498,2.885425,2.641988,8.437
3dssd,kitti_raw,2011_09_26_drive_0001_sync,38,0,3,3,0.6667,0.6667,0.0,0.8102,0.819,-0.0088,64.98,53.17,1.222,44.054,52.527,-19.231,2.86268,2.792615,2.448
3dssd,kitti_raw,2011_09_26_drive_0001_sync,39,0,3,3,0.6667,0.6667,0.0,0.8253,0.8265,-0.0012,65.34,55.16,1.185,44.371,49.082,-10.617,2.899147,2.707423,6.613
3dssd,kitti_raw,2011_09_26_drive_0001_sync,40,1,3,3,0.6667,0.6667,0.0,0.8533,0.8598,-0.0065,65.59,55.5,1.182,47.575,49.188,-3.392,3.120483,2.73018,12.508
3dssd,kitti_raw,2011_09_26_drive_0001_sync,41,0,3,4,0.6667,0.6667,0.0,0.8676,0.8476,0.02,64.91,53.73,1.208,43.96,48.766,-10.934,2.85359,2.620082,8.183
3dssd,kitti_raw,2011_09_26_drive_0001_sync,42,0,3,3,0.75,0.75,0.0,0.7693,0.7876,-0.0183,66.07,55.03,1.201,48.223,49.13,-1.881,3.186092,2.703482,15.147
3dssd,kitti_raw,2011_09_26_drive_0001_sync,43,0,3,3,0.75,0.75,0.0,0.8329,0.841,-0.0081,64.92,53.5,1.214,44.322,50.013,-12.84,2.877588,2.675472,7.024
3dssd,kitti_raw,2011_09_26_drive_0001_sync,44,0,3,3,0.75,0.75,0.0,0.8346,0.8512,-0.0166,64.62,56.53,1.143,45.44,48.868,-7.545,2.93651,2.762305,5.932
3dssd,kitti_raw,2011_09_26_drive_0001_sync,45,1,3,3,0.75,0.75,0.0,0.8282,0.7642,0.064,64.69,54.04,1.197,44.54,49.017,-10.052,2.881393,2.648621,8.078
3dssd,kitti_raw,2011_09_26_drive_0001_sync,46,0,3,3,0.75,0.75,0.0,0.8108,0.8225,-0.0117,64.35,52.47,1.226,43.429,49.65,-14.325,2.794532,2.605337,6.77
3dssd,kitti_raw,2011_09_26_drive_0001_sync,47,0,3,3,0.8571,0.8571,0.0,0.8777,0.8509,0.0268,65.83,54.57,1.206,47.948,50.431,-5.178,3.156324,2.751835,12.815
3dssd,kitti_raw,2011_09_26_drive_0001_sync,48,0,3,3,0.8571,0.8571,0.0,0.8451,0.856,-0.0109,66.12,52.69,1.255,43.315,49.671,-14.676,2.864012,2.617007,8.624
3dssd,kitti_raw,2011_09_26_drive_0001_sync,49,0,3,3,0.8571,0.8571,0.0,0.7787,0.814,-0.0353,64.97,54.71,1.187,43.538,52.793,-21.259,2.828732,2.888543,-2.114
3dssd,kitti_raw,2011_09_26_drive_0001_sync,50,1,3,3,0.8571,0.8571,0.0,0.8753,0.8537,0.0216,65.3,52.95,1.233,44.29,49.27,-11.244,2.892018,2.60899,9.787
3dssd,kitti_raw,2011_09_26_drive_0001_sync,51,0,3,2,0.8,0.8,0.0,0.8427,0.8364,0.0062,63.54,53.26,1.193,43.696,50.872,-16.422,2.77656,2.709529,2.414
3dssd,kitti_raw,2011_09_26_drive_0001_sync,52,0,3,2,0.8,0.8,0.0,0.848,0.8451,0.0029,65.03,53.14,1.224,43.91,52.862,-20.389,2.855317,2.809172,1.616
3dssd,kitti_raw,2011_09_26_drive_0001_sync,53,0,3,2,0.8,0.8,0.0,0.8924,0.8496,0.0428,66.24,53.5,1.238,46.216,52.322,-13.213,3.061469,2.799027,8.572
3dssd,kitti_raw,2011_09_26_drive_0001_sync,54,0,3,2,0.8,0.8,0.0,0.7538,0.7801,-0.0264,65.39,54.73,1.195,47.501,49.406,-4.011,3.105893,2.703837,12.945
3dssd,kitti_raw,2011_09_26_drive_0001_sync,55,1,3,1,0.5,0.5,0.0,0.7703,0.8511,-0.0808,65.34,54.78,1.193,43.195,50.297,-16.442,2.822207,2.755463,2.365
3dssd,kitti_raw,2011_09_26_drive_0001_sync,56,0,3,1,0.5,0.5,0.0,0.8653,0.8693,-0.0041,65.01,54.67,1.189,44.468,51.53,-15.882,2.891001,2.817002,2.56
3dssd,kitti_raw,2011_09_26_drive_0001_sync,57,0,3,1,0.5,0.5,0.0,0.8446,0.8954,-0.0509,64.87,55.06,1.178,45.488,49.005,-7.733,2.950686,2.698064,8.561
3dssd,kitti_raw,2011_09_26_drive_0001_sync,58,0,3,1,0.5,0.5,0.0,0.8401,0.8564,-0.0164,67.75,55.19,1.228,47.853,51.161,-6.913,3.24192,2.823615,12.903
3dssd,kitti_raw,2011_09_26_drive_0001_sync,59,0,3,1,0.5,0.5,0.0,0.8531,0.8727,-0.0197,65.3,54.84,1.191,44.566,52.126,-16.964,2.909992,2.858785,1.76
3dssd,kitti_raw,2011_09_26_drive_0001_sync,60,1,3,1,0.6667,0.6667,0.0,0.8883,0.7583,0.13,64.32,54.14,1.188,45.358,48.66,-7.279,2.917293,2.634649,9.689
3dssd,kitti_raw,2011_09_26_drive_0001_sync,61,0,3,1,0.6667,0.6667,0.0,0.7859,0.8477,-0.0618,65.08,54.68,1.19,43.796,48.444,-10.613,2.850107,2.649081,7.053
3dssd,kitti_raw,2011_09_26_drive_0001_sync,62,0,3,1,0.6667,0.6667,0.0,0.8527,0.8652,-0.0125,66.49,53.16,1.251,46.457,49.53,-6.615,3.089016,2.632934,14.765
3dssd,kitti_raw,2011_09_26_drive_0001_sync,63,0,3,1,0.6667,0.6667,0.0,0.8573,0.8781,-0.0208,65.23,53.51,1.219,44.138,49.452,-12.04,2.878959,2.646369,8.079
3dssd,kitti_raw,2011_09_26_drive_0001_sync,64,0,3,1,1.0,0.6667,0.3333,0.8832,0.8492,0.034,65.01,53.24,1.221,47.782,48.897,-2.334,3.10631,2.603217,16.196
3dssd,kitti_raw,2011_09_26_drive_0001_sync,65,1,3,1,1.0,1.0,0.0,0.8652,0.8573,0.0078,64.65,53.08,1.218,46.372,49.687,-7.15,2.997993,2.637646,12.02
3dssd,kitti_raw,2011_09_26_drive_0001_sync,66,0,3,1,1.0,0.6667,0.3333,0.8461,0.8359,0.0103,65.17,53.77,1.212,44.425,49.871,-12.258,2.895342,2.6817,7.379
3dssd,kitti_raw,2011_09_26_drive_0001_sync,67,0,3,1,1.0,1.0,0.0,0.8418,0.8429,-0.0012,65.73,55.28,1.189,43.582,48.094,-10.353,2.86482,2.658481,7.202
3dssd,kitti_raw,2011_09_26_drive_0001_sync,68,0,3,1,1.0,1.0,0.0,0.7869,0.8188,-0.0319,65.67,53.79,1.221,46.505,48.934,-5.223,3.054094,2.63233,13.81
3dssd,kitti_raw,2011_09_26_drive_0001_sync,69,0,3,1,1.0,1.0,0.0,0.8125,0.8341,-0.0217,64.67,54.12,1.195,44.643,49.455,-10.779,2.886946,2.67647,7.291
3dssd,kitti_raw,2011_09_26_drive_0001_sync,70,1,3,1,0.6667,1.0,-0.3333,0.8417,0.8254,0.0162,64.45,53.12,1.213,45.523,54.003,-18.628,2.93399,2.868589,2.229
3dssd,kitti_raw,2011_09_26_drive_0001_sync,71,0,3,1,1.0,1.0,0.0,0.8312,0.816,0.0152,63.96,55.89,1.144,45.193,49.764,-10.114,2.890664,2.781236,3.786
3dssd,kitti_raw,2011_09_26_drive_0001_sync,72,0,3,1,1.0,1.0,0.0,0.8132,0.815,-0.0017,64.3,54.88,1.172,45.211,49.111,-8.627,2.906903,2.695254,7.281
3dssd,kitti_raw,2011_09_26_drive_0001_sync,73,0,3,1,1.0,0.6667,0.3333,0.8673,0.86,0.0074,66.21,55.07,1.202,43.859,49.799,-13.543,2.903966,2.742512,5.56
3dssd,kitti_raw,2011_09_26_drive_0001_sync,74,0,3,1,1.0,1.0,0.0,0.8508,0.853,-0.0022,64.47,53.98,1.194,45.458,50.896,-11.963,2.930523,2.747177,6.256
3dssd,kitti_raw,2011_09_26_drive_0001_sync,75,1,3,1,1.0,1.0,0.0,0.8595,0.8261,0.0334,65.4,53.7,1.218,46.152,49.075,-6.333,3.018316,2.635507,12.683
3dssd,kitti_raw,2011_09_26_drive_0001_sync,76,0,3,0,0.0,0.0,0.0,0.0,0.0,0.0,65.53,54.65,1.199,45.078,52.298,-16.018,2.953786,2.858118,3.239
3dssd,kitti_raw,2011_09_26_drive_0001_sync,77,0,3,0,0.0,0.0,0.0,0.0,0.0,0.0,66.36,53.82,1.233,47.432,50.105,-5.634,3.147668,2.696799,14.324
3dssd,kitti_raw,2011_09_26_drive_0001_sync,78,0,3,0,0.0,0.0,0.0,0.0,0.0,0.0,66.73,54.0,1.236,45.014,49.733,-10.485,3.003735,2.685566,10.592
3dssd,kitti_raw,2011_09_26_drive_0001_sync,79,0,3,0,0.0,0.0,0.0,0.0,0.0,0.0,65.74,52.34,1.256,43.527,48.77,-12.045,2.861413,2.552562,10.794
3dssd,kitti_raw,2011_09_26_drive_0001_sync,80,1,3,0,0.0,0.0,0.0,0.0,0.0,0.0,65.43,52.44,1.248,43.942,49.77,-13.264,2.875087,2.610071,9.218
3dssd,kitti_raw,2011_09_26_drive_0001_sync,81,0,3,0,0.0,0.0,0.0,0.0,0.0,0.0,66.89,55.38,1.208,46.547,48.523,-4.245,3.113536,2.687213,13.693
3dssd,kitti_raw,2011_09_26_drive_0001_sync,82,0,3,0,0.0,0.0,0.0,0.0,0.0,0.0,65.93,53.36,1.236,44.546,48.371,-8.587,2.936819,2.580993,12.116
3dssd,kitti_raw,2011_09_26_drive_0001_sync,83,0,3,0,0.0,0.0,0.0,0.0,0.0,0.0,65.7,54.54,1.205,43.825,49.658,-13.309,2.879223,2.708451,5.931
3dssd,kitti_raw,2011_09_26_drive_0001_sync,84,0,3,0,0.0,0.0,0.0,0.0,0.0,0.0,66.63,53.47,1.246,43.288,51.115,-18.081,2.884323,2.732924,5.249
3dssd,kitti_raw,2011_09_26_drive_0001_sync,85,1,3,0,0.0,0.0,0.0,0.0,0.0,0.0,68.51,53.34,1.284,43.957,49.693,-13.049,3.011465,2.650774,11.977
3dssd,kitti_raw,2011_09_26_drive_0001_sync,86,0,3,0,0.0,0.0,0.0,0.0,0.0,0.0,64.78,53.33,1.215,45.026,48.931,-8.671,2.916604,2.609525,10.529
3dssd,kitti_raw,2011_09_26_drive_0001_sync,87,0,3,0,0.0,0.0,0.0,0.0,0.0,0.0,65.05,53.81,1.209,46.6,49.04,-5.236,3.031145,2.638805,12.944
3dssd,kitti_raw,2011_09_26_drive_0001_sync,88,0,3,0,0.0,0.0,0.0,0.0,0.0,0.0,66.27,54.18,1.223,45.988,48.214,-4.841,3.047446,2.612171,14.283
3dssd,kitti_raw,2011_09_26_drive_0001_sync,89,0,3,0,0.0,0.0,0.0,0.0,0.0,0.0,66.51,54.46,1.221,43.487,51.637,-18.74,2.892212,2.812207,2.766
3dssd,kitti_raw,2011_09_26_drive_0001_sync,90,1,3,0,0.0,0.0,0.0,0.0,0.0,0.0,65.56,53.21,1.232,45.284,49.613,-9.559,2.968717,2.640131,11.068
3dssd,kitti_raw,2011_09_26_drive_0001_sync,91,0,3,1,0.0,0.0,0.0,0.0,0.0,0.0,65.77,54.53,1.206,46.439,50.041,-7.754,3.054307,2.728858,10.655
3dssd,kitti_raw,2011_09_26_drive_0001_sync,92,0,3,1,0.0,0.0,0.0,0.0,0.0,0.0,66.48,54.46,1.221,43.157,50.671,-17.411,2.868899,2.759688,3.807
3dssd,kitti_raw,2011_09_26_drive_0001_sync,93,0,3,1,1.0,1.0,0.0,0.5593,0.5144,0.045,65.29,53.74,1.215,47.647,48.993,-2.825,3.111032,2.632658,15.377
3dssd,kitti_raw,2011_09_26_drive_0001_sync,94,0,3,1,0.0,0.0,0.0,0.0,0.0,0.0,65.31,55.21,1.183,47.39,48.743,-2.855,3.094954,2.691018,13.051
3dssd,kitti_raw,2011_09_26_drive_0001_sync,95,1,3,1,1.0,1.0,0.0,0.7777,0.83,-0.0523,64.87,55.22,1.175,47.383,50.613,-6.816,3.073535,2.794869,9.067
3dssd,kitti_raw,2011_09_26_drive_0001_sync,96,0,3,1,1.0,0.6667,0.3333,0.6774,0.6056,0.0718,64.9,54.68,1.187,46.675,48.4,-3.695,3.029128,2.646662,12.626
3dssd,kitti_raw,2011_09_26_drive_0001_sync,97,0,3,1,0.0,0.0,0.0,0.0,0.0,0.0,66.23,53.96,1.227,44.022,49.066,-11.459,2.915583,2.647634,9.19
3dssd,kitti_raw,2011_09_26_drive_0001_sync,98,0,3,1,1.0,1.0,0.0,0.8078,0.691,0.1167,64.73,54.85,1.18,44.389,50.598,-13.986,2.873154,2.775324,3.405
3dssd,kitti_raw,2011_09_26_drive_0001_sync,99,0,3,1,0.5,0.5,0.0,0.6,0.6144,-0.0144,65.83,53.52,1.23,48.388,49.029,-1.323,3.185253,2.624129,17.616
3dssd,kitti_raw,2011_09_26_drive_0001_sync,100,1,3,1,1.0,0.6667,0.3333,0.8467,0.7286,0.1181,65.06,52.28,1.244,47.253,49.07,-3.845,3.074435,2.565482,16.554
3dssd,kitti_raw,2011_09_26_drive_0001_sync,101,0,3,2,0.8,1.0,-0.2,0.5811,0.6689,-0.0878,64.78,54.03,1.199,46.557,48.377,-3.91,3.016142,2.613787,13.34
3dssd,kitti_raw,2011_09_26_drive_0001_sync,102,0,3,2,1.0,1.0,0.0,0.6606,0.7484,-0.0878,64.31,54.52,1.18,43.372,49.926,-15.111,2.789288,2.722035,2.411
3dssd,kitti_raw,2011_09_26_drive_0001_sync,103,0,3,2,1.0,0.6667,0.3333,0.7166,0.8262,-0.1096,65.94,53.18,1.24,47.459,49.882,-5.105,3.129301,2.652682,15.231
3dssd,kitti_raw,2011_09_26_drive_0001_sync,104,0,3,2,0.8,0.8,0.0,0.7834,0.8088,-0.0254,66.15,53.72,1.231,46.635,49.147,-5.387,3.084775,2.640197,14.412
3dssd,kitti_raw,2011_09_26_drive_0001_sync,105,1,3,2,0.8,0.8,0.0,0.7401,0.6472,0.0929,64.72,52.99,1.221,43.523,49.236,-13.127,2.816894,2.609007,7.38
3dssd,kitti_raw,2011_09_26_drive_0001_sync,106,0,3,2,1.0,1.0,0.0,0.7539,0.742,0.0119,64.95,53.62,1.211,47.194,48.799,-3.4,3.065375,2.616597,14.64
3dssd,kitti_raw,2011_09_26_drive_0001_sync,107,0,3,2,0.6667,0.5714,0.0952,0.7363,0.7452,-0.0089,65.22,52.93,1.232,47.353,49.551,-4.643,3.088425,2.622941,15.072
3dssd,kitti_raw,2011_09_26_drive_0009_sync,0,1,3,5,0.7273,0.7273,0.0,0.7585,0.7585,0.0,66.26,101.75,0.651,45.163,47.921,-6.108,2.992564,4.876159,-62.943
3dssd,kitti_raw,2011_09_26_drive_0009_sync,1,0,3,5,0.6,0.8,-0.2,0.7878,0.81,-0.0222,66.62,63.56,1.048,46.772,48.028,-2.685,3.116069,3.052604,2.037
3dssd,kitti_raw,2011_09_26_drive_0009_sync,2,0,3,5,0.9091,0.9091,0.0,0.7001,0.6951,0.005,68.37,54.59,1.252,44.637,49.992,-11.995,3.051767,2.729004,10.576
3dssd,kitti_raw,2011_09_26_drive_0009_sync,3,0,3,5,0.9091,0.8,0.1091,0.7492,0.775,-0.0258,66.04,55.27,1.195,45.43,52.175,-14.847,3.000236,2.883918,3.877
3dssd,kitti_raw,2011_09_26_drive_0009_sync,4,0,3,5,0.8333,0.7692,0.0641,0.7866,0.7565,0.0301,65.05,54.07,1.203,45.526,51.611,-13.368,2.961575,2.790619,5.772
3dssd,kitti_raw,2011_09_26_drive_0009_sync,5,1,3,5,0.8333,0.9091,-0.0758,0.7305,0.7443,-0.0138,66.42,54.18,1.226,45.086,49.148,-9.011,2.994495,2.662986,11.071
3dssd,kitti_raw,2011_09_26_drive_0009_sync,6,0,3,6,1.0,0.9231,0.0769,0.743,0.7565,-0.0135,65.63,55.89,1.174,43.866,51.183,-16.682,2.879048,2.860494,0.644
3dssd,kitti_raw,2011_09_26_drive_0009_sync,7,0,3,6,0.9091,0.7273,0.1818,0.741,0.7868,-0.0458,65.48,53.83,1.216,47.004,49.59,-5.502,3.077815,2.669627,13.262
3dssd,kitti_raw,2011_09_26_drive_0009_sync,8,0,3,6,0.8,0.8,0.0,0.8043,0.8102,-0.0058,64.81,54.89,1.181,44.486,50.318,-13.11,2.883214,2.761786,4.212
3dssd,kitti_raw,2011_09_26_drive_0009_sync,9,0,3,6,0.8,0.8,0.0,0.7756,0.7725,0.0031,65.48,55.56,1.179,45.38,49.811,-9.765,2.971376,2.767445,6.863
3dssd,kitti_raw,2011_09_26_drive_0009_sync,10,1,3,6,0.8333,0.8333,0.0,0.7863,0.7643,0.022,65.57,54.29,1.208,45.406,51.061,-12.454,2.977441,2.772153,6.895
3dssd,kitti_raw,2011_09_26_drive_0009_sync,11,0,3,6,0.8571,0.8333,0.0238,0.7348,0.7739,-0.039,65.31,55.06,1.186,46.881,49.151,-4.842,3.061722,2.706238,11.611
3dssd,kitti_raw,2011_09_26_drive_0009_sync,12,0,3,5,0.8333,0.8333,0.0,0.6977,0.7223,-0.0245,65.34,55.22,1.183,44.017,50.191,-14.026,2.875963,2.771778,3.623
3dssd,kitti_raw,2011_09_26_drive_0009_sync,13,0,3,5,0.8,0.7273,0.0727,0.7853,0.7775,0.0078,64.9,56.02,1.158,46.926,50.621,-7.874,3.045416,2.835823,6.882
3dssd,kitti_raw,2011_09_26_drive_0009_sync,14,0,3,5,0.8889,0.8,0.0889,0.7757,0.7726,0.003,66.38,56.84,1.168,48.177,48.864,-1.427,3.19781,2.777417,13.146
3dssd,kitti_raw,2011_09_26_drive_0009_sync,15,1,3,6,0.8333,0.7273,0.1061,0.7312,0.7952,-0.0641,68.51,57.04,1.201,46.117,49.1,-6.468,3.159586,2.800599,11.362
3dssd,kitti_raw,2011_09_26_drive_0009_sync,16,0,3,5,0.6667,0.6154,0.0513,0.8177,0.8355,-0.0178,66.91,57.33,1.167,44.1,49.64,-12.562,2.95069,2.845881,3.552
3dssd,kitti_raw,2011_09_26_drive_0009_sync,17,0,3,5,0.7273,0.7273,0.0,0.8116,0.8164,-0.0048,66.26,56.61,1.17,43.039,49.821,-15.759,2.851556,2.82049,1.089
3dssd,kitti_raw,2011_09_26_drive_0009_sync,18,0,3,4,0.6667,0.5455,0.1212,0.7338,0.791,-0.0572,66.38,55.6,1.194,45.634,52.463,-14.967,3.029315,2.916982,3.708
3dssd,kitti_raw,2011_09_26_drive_0009_sync,19,0,3,3,0.5455,0.6667,-0.1212,0.7737,0.7424,0.0313,66.1,56.83,1.163,44.559,49.596,-11.302,2.945317,2.818601,4.302
3dssd,kitti_raw,2011_09_26_drive_0009_sync,20,1,3,3,0.5714,0.6667,-0.0952,0.8271,0.753,0.0741,66.95,56.9,1.177,44.663,51.696,-15.746,2.990086,2.941339,1.63
3dssd,kitti_raw,2011_09_26_drive_0009_sync,21,0,3,3,0.5,0.4615,0.0385,0.7881,0.7984,-0.0103,66.6,55.88,1.192,44.771,50.437,-12.657,2.981923,2.81861,5.477
3dssd,kitti_raw,2011_09_26_drive_0009_sync,22,0,3,2,0.4444,0.4,0.0444,0.8256,0.8055,0.0202,65.98,56.91,1.159,43.3,48.685,-12.436,2.856985,2.770733,3.019
3dssd,kitti_raw,2011_09_26_drive_0009_sync,23,0,3,2,0.4,0.4,0.0,0.8644,0.8463,0.018,67.2,55.51,1.211,43.617,50.753,-16.361,2.931222,2.817273,3.887
3dssd,kitti_raw,2011_09_26_drive_0009_sync,24,0,3,2,0.4444,0.5,-0.0556,0.8316,0.8039,0.0276,66.07,56.03,1.179,47.477,49.55,-4.364,3.136999,2.776256,11.5
3dssd,kitti_raw,2011_09_26_drive_0009_sync,25,1,3,2,0.4,0.4,0.0,0.8433,0.8402,0.0031,67.13,55.5,1.21,47.667,47.347,0.671,3.199787,2.627586,17.882
3dssd,kitti_raw,2011_09_26_drive_0009_sync,26,0,3,2,0.3636,0.4,-0.0364,0.7944,0.8368,-0.0424,67.59,55.89,1.209,43.674,50.464,-15.546,2.951953,2.820165,4.464
3dssd,kitti_raw,2011_09_26_drive_0009_sync,27,0,3,2,0.3636,0.3333,0.0303,0.826,0.829,-0.003,65.23,55.41,1.177,45.486,50.305,-10.595,2.967119,2.787159,6.065
3dssd,kitti_raw,2011_09_26_drive_0009_sync,28,0,3,2,0.6667,0.5,0.1667,0.8013,0.847,-0.0457,67.88,55.65,1.22,44.648,46.937,-5.126,3.030858,2.612157,13.815
3dssd,kitti_raw,2011_09_26_drive_0009_sync,29,0,3,2,0.4444,0.4444,0.0,0.8288,0.8173,0.0115,66.19,56.07,1.181,44.053,50.095,-13.715,2.915968,2.808835,3.674
3dssd,kitti_raw,2011_09_26_drive_0009_sync,30,1,3,4,0.5455,0.6,-0.0545,0.794,0.8082,-0.0142,66.92,56.13,1.192,42.677,49.363,-15.668,2.856023,2.770995,2.977
3dssd,kitti_raw,2011_09_26_drive_0009_sync,31,0,3,5,0.6667,0.6154,0.0513,0.8012,0.8081,-0.0069,66.46,55.81,1.191,45.701,49.278,-7.828,3.037161,2.75026,9.446
3dssd,kitti_raw,2011_09_26_drive_0009_sync,32,0,3,5,0.5714,0.6154,-0.044,0.8109,0.7797,0.0311,67.2,56.33,1.193,43.884,49.679,-13.206,2.949033,2.798471,5.105
3dssd,kitti_raw,2011_09_26_drive_0009_sync,33,0,3,5,0.5714,0.5714,0.0,0.784,0.7829,0.0011,68.07,54.9,1.24,43.353,50.332,-16.097,2.950917,2.763024,6.367
3dssd,kitti_raw,2011_09_26_drive_0009_sync,34,0,3,5,0.6154,0.6154,0.0,0.8214,0.7852,0.0361,66.47,56.33,1.18,45.503,46.675,-2.575,3.024462,2.629003,13.075
3dssd,kitti_raw,2011_09_26_drive_0009_sync,35,1,3,6,0.5333,0.5333,0.0,0.7874,0.8283,-0.0409,65.81,56.49,1.165,46.192,48.477,-4.946,3.039918,2.738257,9.923
3dssd,kitti_raw,2011_09_26_drive_0009_sync,36,0,3,6,0.5,0.4706,0.0294,0.8279,0.844,-0.0161,66.36,56.32,1.178,44.939,49.651,-10.487,2.981945,2.796382,6.223
3dssd,kitti_raw,2011_09_26_drive_0009_sync,37,0,3,6,0.5333,0.6667,-0.1333,0.7943,0.763,0.0312,66.78,56.48,1.182,47.36,49.274,-4.042,3.162697,2.782977,12.006
3dssd,kitti_raw,2011_09_26_drive_0009_sync,38,0,3,6,0.4706,0.5882,-0.1176,0.8335,0.7992,0.0343,67.22,55.94,1.202,43.443,49.835,-14.714,2.920421,2.78789,4.538
3dssd,kitti_raw,2011_09_26_drive_0009_sync,39,0,3,7,0.381,0.4,-0.019,0.8423,0.8381,0.0042,66.48,56.53,1.176,43.757,50.077,-14.443,2.90896,2.830792,2.687
3dssd,kitti_raw,2011_09_26_drive_0009_sync,40,1,3,7,0.5263,0.5,0.0263,0.8189,0.8203,-0.0015,66.35,58.25,1.139,44.068,49.609,-12.575,2.924069,2.889506,1.182
3dssd,kitti_raw,2011_09_26_drive_0009_sync,41,0,3,6,0.3158,0.4706,-0.1548,0.8238,0.725,0.0989,66.45,55.34,1.201,43.772,51.833,-18.416,2.908449,2.868375,1.378
3dssd,kitti_raw,2011_09_26_drive_0009_sync,42,0,3,6,0.5,0.4444,0.0556,0.7939,0.7939,-0.0,66.51,56.88,1.169,43.611,49.61,-13.757,2.900546,2.821616,2.721
3dssd,kitti_raw,2011_09_26_drive_0009_sync,43,0,3,6,0.4706,0.4706,0.0,0.7769,0.7867,-0.0098,66.25,57.46,1.153,45.017,50.771,-12.781,2.982326,2.917295,2.181
3dssd,kitti_raw,2011_09_26_drive_0009_sync,44,0,3,6,0.5333,0.5,0.0333,0.7446,0.7731,-0.0285,67.05,56.38,1.189,48.015,50.066,-4.272,3.219168,2.822659,12.317
3dssd,kitti_raw,2011_09_26_drive_0009_sync,45,1,3,6,0.4444,0.4706,-0.0261,0.8115,0.7645,0.047,66.43,56.51,1.176,44.931,49.574,-10.333,2.984943,2.801275,6.153
3dssd,kitti_raw,2011_09_26_drive_0009_sync,46,0,3,4,0.25,0.25,0.0,0.7168,0.7507,-0.0338,66.28,55.44,1.196,44.282,49.302,-11.336,2.934934,2.733241,6.872
3dssd,kitti_raw,2011_09_26_drive_0009_sync,47,0,3,5,0.4444,0.4706,-0.0261,0.7111,0.7446,-0.0335,66.2,55.31,1.197,44.28,49.495,-11.777,2.931576,2.737784,6.611
3dssd,kitti_raw,2011_09_26_drive_0009_sync,48,0,3,5,0.4615,0.4286,0.033,0.7666,0.7926,-0.0261,65.74,57.07,1.152,47.119,50.386,-6.934,3.097697,2.875637,7.169
3dssd,kitti_raw,2011_09_26_drive_0009_sync,49,0,3,5,0.6154,0.6667,-0.0513,0.7999,0.7728,0.0271,65.42,56.86,1.151,47.646,47.201,0.933,3.117084,2.683837,13.899
3dssd,kitti_raw,2011_09_26_drive_0009_sync,50,1,3,5,0.5714,0.6154,-0.044,0.7706,0.7699,0.0007,66.2,56.29,1.176,44.05,49.094,-11.451,2.915955,2.763308,5.235
3dssd,kitti_raw,2011_09_26_drive_0009_sync,51,0,3,5,0.6667,0.7692,-0.1026,0.7993,0.7997,-0.0005,65.78,57.61,1.142,44.261,49.174,-11.099,2.911625,2.832895,2.704
3dssd,kitti_raw,2011_09_26_drive_0009_sync,52,0,3,5,0.4615,0.5714,-0.1099,0.8185,0.7944,0.0241,65.54,56.06,1.169,46.79,49.074,-4.88,3.06676,2.751213,10.289
3dssd,kitti_raw,2011_09_26_drive_0009_sync,53,0,3,6,0.5714,0.5,0.0714,0.8175,0.8171,0.0004,67.7,56.01,1.209,48.52,50.616,-4.319,3.284793,2.835203,13.687
3dssd,kitti_raw,2011_09_26_drive_0009_sync,54,0,3,6,0.75,0.75,0.0,0.8153,0.7797,0.0356,67.81,56.09,1.209,46.233,49.009,-6.005,3.134818,2.748892,12.311
3dssd,kitti_raw,2011_09_26_drive_0009_sync,55,1,3,6,0.7059,0.625,0.0809,0.7747,0.8166,-0.0419,66.87,56.16,1.191,43.944,49.024,-11.562,2.938622,2.752981,6.317
3dssd,kitti_raw,2011_09_26_drive_0009_sync,56,0,3,5,0.6667,0.6667,0.0,0.7324,0.7272,0.0052,66.92,55.37,1.209,45.102,49.289,-9.282,3.01817,2.72908,9.578
3dssd,kitti_raw,2011_09_26_drive_0009_sync,57,0,3,5,0.5333,0.7143,-0.181,0.7961,0.7575,0.0385,65.99,55.72,1.184,43.349,49.866,-15.034,2.860736,2.778331,2.881
3dssd,kitti_raw,2011_09_26_drive_0009_sync,58,0,3,5,0.8333,0.6667,0.1667,0.7757,0.7918,-0.016,66.26,55.53,1.193,44.418,51.029,-14.884,2.943366,2.833852,3.721
3dssd,kitti_raw,2011_09_26_drive_0009_sync,59,0,3,5,0.5455,0.7692,-0.2238,0.8062,0.7677,0.0385,66.44,54.9,1.21,43.375,50.837,-17.204,2.88172,2.7908,3.155
3dssd,kitti_raw,2011_09_26_drive_0009_sync,60,1,3,5,0.7273,0.7273,0.0,0.8208,0.8071,0.0137,66.2,55.47,1.194,47.122,48.819,-3.6,3.119605,2.707746,13.202
3dssd,kitti_raw,2011_09_26_drive_0009_sync,61,0,3,4,0.5455,0.5455,0.0,0.8027,0.78,0.0227,66.05,55.1,1.199,43.426,51.332,-18.204,2.868505,2.828243,1.404
3dssd,kitti_raw,2011_09_26_drive_0009_sync,62,0,3,3,0.5455,0.4,0.1455,0.7951,0.784,0.0112,66.08,55.67,1.187,44.146,50.591,-14.599,2.917009,2.816364,3.45
3dssd,kitti_raw,2011_09_26_drive_0009_sync,63,0,3,3,0.3636,0.3333,0.0303,0.8022,0.8053,-0.0031,66.76,54.92,1.216,47.661,49.012,-2.834,3.181688,2.69151,15.406
3dssd,kitti_raw,2011_09_26_drive_0009_sync,64,0,3,5,0.5714,0.5714,0.0,0.8114,0.779,0.0324,66.29,56.26,1.178,43.646,50.345,-15.349,2.893124,2.832556,2.094
3dssd,kitti_raw,2011_09_26_drive_0009_sync,65,1,3,6,0.6667,0.6154,0.0513,0.8128,0.8441,-0.0313,66.45,55.57,1.196,44.217,49.617,-12.213,2.937984,2.757383,6.147
3dssd,kitti_raw,2011_09_26_drive_0009_sync,66,0,3,6,0.625,0.625,0.0,0.8188,0.844,-0.0252,68.28,57.44,1.189,43.162,50.951,-18.046,2.947184,2.926495,0.702
3dssd,kitti_raw,2011_09_26_drive_0009_sync,67,0,3,6,0.625,0.6667,-0.0417,0.7582,0.77,-0.0118,67.47,56.67,1.191,44.146,50.81,-15.093,2.978498,2.879228,3.333
3dssd,kitti_raw,2011_09_26_drive_0009_sync,68,0,3,6,0.5882,0.625,-0.0368,0.8022,0.7875,0.0147,66.93,57.21,1.17,44.872,49.377,-10.04,3.003319,2.824759,5.945
3dssd,kitti_raw,2011_09_26_drive_0009_sync,69,0,3,6,0.6667,0.5882,0.0784,0.8088,0.8104,-0.0016,66.67,56.34,1.183,44.357,49.236,-11.0,2.957341,2.774004,6.199
3dssd,kitti_raw,2011_09_26_drive_0009_sync,70,1,3,6,0.75,0.8,-0.05,0.8161,0.8142,0.0019,66.84,56.01,1.193,44.443,48.133,-8.303,2.970765,2.696183,9.243
3dssd,kitti_raw,2011_09_26_drive_0009_sync,71,0,3,6,0.7059,0.7059,0.0,0.7937,0.813,-0.0194,66.49,56.35,1.18,44.203,49.374,-11.7,2.938905,2.782311,5.328
3dssd,kitti_raw,2011_09_26_drive_0009_sync,72,0,3,6,0.75,0.75,0.0,0.7999,0.7964,0.0035,66.8,56.17,1.189,44.242,49.329,-11.498,2.955399,2.770805,6.246
3dssd,kitti_raw,2011_09_26_drive_0009_sync,73,0,3,6,0.7143,0.8571,-0.1429,0.8706,0.7757,0.0949,66.45,56.21,1.182,43.624,50.059,-14.75,2.898852,2.814019,2.926
3dssd,kitti_raw,2011_09_26_drive_0009_sync,74,0,3,6,0.8,0.75,0.05,0.7872,0.806,-0.0189,66.36,56.68,1.171,45.718,48.478,-6.036,3.033711,2.747792,9.425
3dssd,kitti_raw,2011_09_26_drive_0009_sync,75,1,3,5,0.7143,0.7692,-0.0549,0.8043,0.8008,0.0036,66.48,56.08,1.185,44.058,50.141,-13.808,2.928788,2.811827,3.993
3dssd,kitti_raw,2011_09_26_drive_0009_sync,76,0,3,5,0.8333,0.8333,0.0,0.7495,0.7615,-0.0119,66.14,55.71,1.187,44.193,49.607,-12.251,2.923137,2.763407,5.464
3dssd,kitti_raw,2011_09_26_drive_0009_sync,77,0,3,5,0.7692,0.7692,0.0,0.8279,0.7801,0.0478,66.14,56.03,1.18,43.562,48.22,-10.691,2.881007,2.701866,6.218
3dssd,kitti_raw,2011_09_26_drive_0009_sync,78,0,3,6,0.9231,0.8,0.1231,0.8254,0.8652,-0.0397,66.38,57.15,1.161,43.18,47.798,-10.694,2.866198,2.731643,4.695
3dssd,kitti_raw,2011_09_26_drive_0009_sync,79,0,3,6,0.8571,0.8,0.0571,0.8466,0.8372,0.0094,66.62,54.87,1.214,44.606,49.44,-10.837,2.971854,2.71279,8.717
3dssd,kitti_raw,2011_09_26_drive_0009_sync,80,1,3,6,0.75,0.8,-0.05,0.8218,0.8188,0.003,66.73,54.87,1.216,43.858,52.213,-19.051,2.926662,2.864882,2.111
3dssd,kitti_raw,2011_09_26_drive_0009_sync,81,0,3,5,0.5,0.5,0.0,0.8062,0.7975,0.0087,66.68,56.5,1.18,43.416,48.691,-12.151,2.894884,2.75127,4.961
3dssd,kitti_raw,2011_09_26_drive_0009_sync,82,0,3,5,0.5,0.5333,-0.0333,0.7942,0.7785,0.0157,66.03,56.77,1.163,43.899,48.284,-9.989,2.898619,2.740899,5.441
3dssd,kitti_raw,2011_09_26_drive_0009_sync,83,0,3,5,0.6154,0.5333,0.0821,0.8301,0.828,0.0021,65.63,54.88,1.196,46.224,47.684,-3.158,3.033691,2.616747,13.744
3dssd,kitti_raw,2011_09_26_drive_0009_sync,84,0,3,5,0.5882,0.6667,-0.0784,0.804,0.8255,-0.0215,64.49,52.54,1.227,43.355,48.163,-11.09,2.795938,2.53051,9.493
3dssd,kitti_raw,2011_09_26_drive_0009_sync,85,1,3,5,0.625,0.625,0.0,0.8167,0.8424,-0.0257,64.88,53.17,1.22,46.512,49.813,-7.097,3.0177,2.648412,12.237
3dssd,kitti_raw,2011_09_26_drive_0009_sync,86,0,3,4,0.5,0.5333,-0.0333,0.7787,0.8122,-0.0335,64.3,53.77,1.196,45.174,52.512,-16.244,2.904672,2.823785,2.785
3dssd,kitti_raw,2011_09_26_drive_0009_sync,87,0,3,5,0.5556,0.5333,0.0222,0.7447,0.7304,0.0143,64.07,53.32,1.202,45.525,47.793,-4.982,2.916977,2.548077,12.647
3dssd,kitti_raw,2011_09_26_drive_0009_sync,88,0,3,5,0.4444,0.5333,-0.0889,0.7439,0.7752,-0.0312,65.24,53.47,1.22,47.743,49.963,-4.649,3.11487,2.671288,14.241
3dssd,kitti_raw,2011_09_26_drive_0009_sync,89,0,3,4,0.2667,0.2857,-0.019,0.8498,0.8675,-0.0177,63.84,54.09,1.18,47.573,49.466,-3.978,3.037016,2.675476,11.904
3dssd,kitti_raw,2011_09_26_drive_0009_sync,90,1,3,4,0.3529,0.375,-0.0221,0.7563,0.7291,0.0272,64.38,53.15,1.211,45.951,49.206,-7.083,2.958356,2.615343,11.595
3dssd,kitti_raw,2011_09_26_drive_0009_sync,91,0,3,3,0.1429,0.2857,-0.1429,0.8723,0.6962,0.1762,65.79,56.83,1.158,46.208,50.538,-9.371,3.040108,2.871898,5.533
3dssd,kitti_raw,2011_09_26_drive_0009_sync,92,0,3,3,0.2105,0.4,-0.1895,0.7714,0.6568,0.1146,67.96,56.4,1.205,44.972,50.091,-11.382,3.056329,2.824956,7.57
3dssd,kitti_raw,2011_09_26_drive_0009_sync,93,0,3,3,0.4,0.4286,-0.0286,0.7686,0.7699,-0.0014,67.61,56.38,1.199,44.086,52.611,-19.338,2.980436,2.966256,0.476
3dssd,kitti_raw,2011_09_26_drive_0009_sync,94,0,3,3,0.3333,0.3529,-0.0196,0.803,0.7848,0.0183,66.66,57.05,1.168,43.51,48.728,-11.993,2.900506,2.779993,4.155
3dssd,kitti_raw,2011_09_26_drive_0009_sync,95,1,3,4,0.4706,0.4444,0.0261,0.7788,0.8056,-0.0268,67.32,55.17,1.22,44.866,49.254,-9.779,3.020225,2.717401,10.027
3dssd,kitti_raw,2011_09_26_drive_0009_sync,96,0,3,3,0.4286,0.375,0.0536,0.8339,0.8223,0.0116,66.5,56.6,1.175,43.577,50.876,-16.751,2.89783,2.879578,0.63
3dssd,kitti_raw,2011_09_26_drive_0009_sync,97,0,3,3,0.3,0.3,0.0,0.8109,0.8249,-0.014,65.55,55.21,1.187,46.087,52.047,-12.933,3.020959,2.873731,4.874
3dssd,kitti_raw,2011_09_26_drive_0009_sync,98,0,3,3,0.3333,0.3333,0.0,0.8532,0.8231,0.0301,66.76,55.85,1.195,43.743,50.508,-15.464,2.920116,2.8208,3.401
3dssd,kitti_raw,2011_09_26_drive_0009_sync,99,0,3,3,0.3333,0.3333,0.0,0.8123,0.8594,-0.0471,67.44,55.52,1.215,44.024,49.433,-12.287,2.968934,2.744662,7.554
3dssd,kitti_raw,2011_09_26_drive_0009_sync,100,1,3,5,0.5263,0.5263,0.0,0.8534,0.8304,0.023,66.32,56.47,1.175,43.61,49.75,-14.081,2.892241,2.809265,2.869
3dssd,kitti_raw,2011_09_26_drive_0009_sync,101,0,3,4,0.4444,0.4211,0.0234,0.8532,0.8516,0.0016,67.25,56.57,1.189,43.84,49.691,-13.346,2.948085,2.810992,4.65
3dssd,kitti_raw,2011_09_26_drive_0009_sync,102,0,3,5,0.5,0.5263,-0.0263,0.8687,0.8683,0.0004,66.22,56.41,1.174,46.538,49.152,-5.617,3.081561,2.772901,10.016
3dssd,kitti_raw,2011_09_26_drive_0009_sync,103,0,3,6,0.5217,0.5455,-0.0237,0.8634,0.861,0.0024,67.34,56.0,1.203,45.622,47.611,-4.359,3.072411,2.666235,13.22
3dssd,kitti_raw,2011_09_26_drive_0009_sync,104,0,3,6,0.5217,0.5217,0.0,0.8405,0.8488,-0.0083,66.55,58.07,1.146,45.138,48.669,-7.823,3.003885,2.826326,5.911
3dssd,kitti_raw,2011_09_26_drive_0009_sync,105,1,3,6,0.5455,0.5455,0.0,0.841,0.8364,0.0047,66.56,56.21,1.184,44.784,49.79,-11.179,2.980929,2.798539,6.119
3dssd,kitti_raw,2011_09_26_drive_0009_sync,106,0,3,5,0.4762,0.4545,0.0216,0.8743,0.8545,0.0198,66.75,57.14,1.168,43.652,49.487,-13.368,2.913578,2.827446,2.956
3dssd,kitti_raw,2011_09_26_drive_0009_sync,107,0,3,5,0.5,0.5,0.0,0.8628,0.8451,0.0178,66.45,56.15,1.183,45.147,49.346,-9.3,2.99983,2.770848,7.633
3dssd,kitti_raw,2011_09_26_drive_0009_sync,108,0,3,5,0.4545,0.4762,-0.0216,0.8945,0.9097,-0.0152,67.42,56.58,1.192,43.67,47.553,-8.892,2.94417,2.690576,8.613
3dssd,kitti_raw,2011_09_26_drive_0009_sync,109,0,3,8,0.4348,0.4348,0.0,0.8366,0.8652,-0.0286,66.13,55.91,1.183,44.869,47.845,-6.631,2.967379,2.674933,9.855
3dssd,kitti_raw,2011_09_26_drive_0009_sync,110,1,3,8,0.4615,0.5385,-0.0769,0.8355,0.8172,0.0183,67.09,57.29,1.171,44.416,48.776,-9.816,2.97982,2.794417,6.222
3dssd,kitti_raw,2011_09_26_drive_0009_sync,111,0,3,6,0.3,0.2609,0.0391,0.8882,0.8518,0.0364,66.53,57.18,1.164,43.712,49.042,-12.195,2.907951,2.804102,3.571
3dssd,kitti_raw,2011_09_26_drive_0009_sync,112,0,3,6,0.4762,0.4762,0.0,0.8247,0.7933,0.0314,66.92,56.99,1.174,48.52,49.804,-2.646,3.246944,2.838545,12.578
3dssd,kitti_raw,2011_09_26_drive_0009_sync,113,0,3,7,0.3636,0.3478,0.0158,0.835,0.8582,-0.0231,66.98,56.96,1.176,44.253,49.488,-11.829,2.963852,2.818787,4.894
3dssd,kitti_raw,2011_09_26_drive_0009_sync,114,0,3,8,0.5714,0.5714,0.0,0.8374,0.8169,0.0205,66.54,56.81,1.171,45.919,48.94,-6.578,3.055625,2.780312,9.01
3dssd,kitti_raw,2011_09_26_drive_0009_sync,115,1,3,9,0.6364,0.6087,0.0277,0.8331,0.8484,-0.0153,66.43,56.45,1.177,45.856,49.238,-7.375,3.0461,2.779715,8.745
3dssd,kitti_raw,2011_09_26_drive_0009_sync,116,0,3,9,0.6667,0.6364,0.0303,0.8325,0.8489,-0.0165,66.07,56.32,1.173,45.256,52.081,-15.081,2.990216,2.933325,1.903
3dssd,kitti_raw,2011_09_26_drive_0009_sync,117,0,3,9,0.5833,0.5833,0.0,0.848,0.8452,0.0028,68.5,57.78,1.186,43.911,50.748,-15.571,3.007988,2.932233,2.518
3dssd,kitti_raw,2011_09_26_drive_0009_sync,118,0,3,9,0.6364,0.6667,-0.0303,0.8268,0.8441,-0.0173,67.36,56.41,1.194,46.169,48.632,-5.336,3.110014,2.743347,11.79
3dssd,kitti_raw,2011_09_26_drive_0009_sync,119,0,3,8,0.6364,0.6364,0.0,0.8154,0.8303,-0.0149,66.35,56.21,1.18,43.398,50.003,-15.221,2.879281,2.810452,2.391
3dssd,kitti_raw,2011_09_26_drive_0091_sync,0,1,3,1,0.6667,0.6667,0.0,0.7973,0.7973,0.0,66.08,102.35,0.646,46.812,49.638,-6.036,3.09359,5.080519,-64.227
3dssd,kitti_raw,2011_09_26_drive_0091_sync,1,0,3,1,0.6667,0.6667,0.0,0.8607,0.8239,0.0368,66.41,62.99,1.054,48.027,47.327,1.457,3.189537,2.980927,6.54
3dssd,kitti_raw,2011_09_26_drive_0091_sync,2,0,3,1,0.6667,0.6667,0.0,0.8766,0.8652,0.0114,66.52,55.61,1.196,43.558,49.94,-14.653,2.897585,2.777254,4.153
3dssd,kitti_raw,2011_09_26_drive_0091_sync,3,0,3,1,0.6667,0.6667,0.0,0.907,0.9114,-0.0045,65.97,54.92,1.201,44.697,49.431,-10.593,2.948605,2.714996,7.923
3dssd,kitti_raw,2011_09_26_drive_0091_sync,4,0,3,1,0.6667,0.6667,0.0,0.8296,0.8405,-0.0109,66.86,55.29,1.209,46.134,50.701,-9.898,3.084569,2.803302,9.119
3dssd,kitti_raw,2011_09_26_drive_0091_sync,5,1,3,1,0.6667,1.0,-0.3333,0.7955,0.8165,-0.0211,65.63,56.29,1.166,43.86,50.182,-14.413,2.878752,2.824653,1.879
3dssd,kitti_raw,2011_09_26_drive_0091_sync,6,0,3,1,0.6667,1.0,-0.3333,0.7596,0.7738,-0.0143,65.53,55.8,1.174,44.774,49.373,-10.271,2.934065,2.755057,6.101
3dssd,kitti_raw,2011_09_26_drive_0091_sync,7,0,3,0,0.0,0.0,0.0,0.0,0.0,0.0,69.2,56.08,1.234,43.633,47.955,-9.905,3.019267,2.689212,10.932
3dssd,kitti_raw,2011_09_26_drive_0091_sync,8,0,3,0,0.0,0.0,0.0,0.0,0.0,0.0,65.95,54.85,1.202,45.253,48.168,-6.441,2.984395,2.641856,11.478
3dssd,kitti_raw,2011_09_26_drive_0091_sync,9,0,3,0,0.0,0.0,0.0,0.0,0.0,0.0,65.83,56.0,1.176,44.73,48.876,-9.27,2.94456,2.737059,7.047
3dssd,kitti_raw,2011_09_26_drive_0091_sync,10,1,3,0,0.0,0.0,0.0,0.0,0.0,0.0,65.82,54.87,1.2,43.529,52.509,-20.63,2.865242,2.881382,-0.563
3dssd,kitti_raw,2011_09_26_drive_0091_sync,11,0,3,0,0.0,0.0,0.0,0.0,0.0,0.0,66.6,54.52,1.222,44.586,51.376,-15.231,2.969215,2.800893,5.669
3dssd,kitti_raw,2011_09_26_drive_0091_sync,12,0,3,0,0.0,0.0,0.0,0.0,0.0,0.0,66.39,55.01,1.207,43.825,49.444,-12.824,2.909432,2.719876,6.515
3dssd,kitti_raw,2011_09_26_drive_0091_sync,13,0,3,0,0.0,0.0,0.0,0.0,0.0,0.0,65.44,56.59,1.156,44.261,47.672,-7.707,2.896511,2.697599,6.867
3dssd,kitti_raw,2011_09_26_drive_0091_sync,14,0,3,0,0.0,0.0,0.0,0.0,0.0,0.0,66.63,56.39,1.182,43.418,49.997,-15.153,2.89274,2.819259,2.54
3dssd,kitti_raw,2011_09_26_drive_0091_sync,15,1,3,0,0.0,0.0,0.0,0.0,0.0,0.0,66.42,56.15,1.183,45.153,49.559,-9.759,2.999191,2.782659,7.22
3dssd,kitti_raw,2011_09_26_drive_0091_sync,16,0,3,0,0.0,0.0,0.0,0.0,0.0,0.0,66.48,56.25,1.182,43.795,50.334,-14.93,2.911323,2.831494,2.742
3dssd,kitti_raw,2011_09_26_drive_0091_sync,17,0,3,0,0.0,0.0,0.0,0.0,0.0,0.0,65.87,54.69,1.204,43.968,50.307,-14.417,2.895996,2.751161,5.001
3dssd,kitti_raw,2011_09_26_drive_0091_sync,18,0,3,0,0.0,0.0,0.0,0.0,0.0,0.0,66.55,55.2,1.206,46.719,48.652,-4.136,3.109246,2.685471,13.63
3dssd,kitti_raw,2011_09_26_drive_0091_sync,19,0,3,0,0.0,0.0,0.0,0.0,0.0,0.0,66.77,55.8,1.196,44.076,49.661,-12.673,2.94281,2.771282,5.829
3dssd,kitti_raw,2011_09_26_drive_0091_sync,20,1,3,0,0.0,0.0,0.0,0.0,0.0,0.0,67.93,55.53,1.223,45.467,52.316,-15.065,3.088777,2.905144,5.945
3dssd,kitti_raw,2011_09_26_drive_0091_sync,21,0,3,0,0.0,0.0,0.0,0.0,0.0,0.0,66.49,56.09,1.185,42.443,49.097,-15.676,2.821866,2.753658,2.417
3dssd,kitti_raw,2011_09_26_drive_0091_sync,22,0,3,0,0.0,0.0,0.0,0.0,0.0,0.0,66.6,56.56,1.177,45.122,49.926,-10.648,3.005141,2.82398,6.028
3dssd,kitti_raw,2011_09_26_drive_0091_sync,23,0,3,0,0.0,0.0,0.0,0.0,0.0,0.0,66.84,55.32,1.208,45.854,49.857,-8.728,3.065025,2.75784,10.022
3dssd,kitti_raw,2011_09_26_drive_0091_sync,24,0,3,0,0.0,0.0,0.0,0.0,0.0,0.0,66.47,57.15,1.163,45.207,49.131,-8.681,3.004741,2.807713,6.557
3dssd,kitti_raw,2011_09_26_drive_0091_sync,25,1,3,0,0.0,0.0,0.0,0.0,0.0,0.0,66.39,55.83,1.189,43.834,50.177,-14.47,2.91018,2.801501,3.734
3dssd,kitti_raw,2011_09_26_drive_0091_sync,26,0,3,0,0.0,0.0,0.0,0.0,0.0,0.0,65.32,56.2,1.162,45.502,48.451,-6.481,2.972049,2.722934,8.382
3dssd,kitti_raw,2011_09_26_drive_0091_sync,27,0,3,0,0.0,0.0,0.0,0.0,0.0,0.0,65.92,56.79,1.161,43.466,49.765,-14.493,2.865055,2.826253,1.354
3dssd,kitti_raw,2011_09_26_drive_0091_sync,28,0,3,0,0.0,0.0,0.0,0.0,0.0,0.0,66.28,55.9,1.186,44.975,49.298,-9.612,2.980707,2.755751,7.547
3dssd,kitti_raw,2011_09_26_drive_0091_sync,29,0,3,0,0.0,0.0,0.0,0.0,0.0,0.0,66.91,56.56,1.183,44.285,48.35,-9.178,2.962906,2.734437,7.711
3dssd,kitti_raw,2011_09_26_drive_0091_sync,30,1,3,0,0.0,0.0,0.0,0.0,0.0,0.0,66.66,56.46,1.181,43.799,50.009,-14.179,2.919615,2.823743,3.284
3dssd,kitti_raw,2011_09_26_drive_0091_sync,31,0,3,0,0.0,0.0,0.0,0.0,0.0,0.0,66.85,55.77,1.199,47.127,51.252,-8.752,3.150329,2.858434,9.266
3dssd,kitti_raw,2011_09_26_drive_0091_sync,32,0,3,0,0.0,0.0,0.0,0.0,0.0,0.0,65.47,54.93,1.192,44.202,50.759,-14.833,2.893802,2.788347,3.644
3dssd,kitti_raw,2011_09_26_drive_0091_sync,33,0,3,0,0.0,0.0,0.0,0.0,0.0,0.0,67.37,55.77,1.208,43.426,49.226,-13.357,2.925685,2.745172,6.17
3dssd,kitti_raw,2011_09_26_drive_0091_sync,34,0,3,0,0.0,0.0,0.0,0.0,0.0,0.0,66.39,55.49,1.197,44.266,48.754,-10.139,2.938988,2.705353,7.949
3dssd,kitti_raw,2011_09_26_drive_0091_sync,35,1,3,0,0.0,0.0,0.0,0.0,0.0,0.0,67.11,56.04,1.197,44.556,49.625,-11.377,2.989928,2.781137,6.983
3dssd,kitti_raw,2011_09_26_drive_0091_sync,36,0,3,0,0.0,0.0,0.0,0.0,0.0,0.0,64.64,55.11,1.173,47.695,48.537,-1.766,3.082916,2.675015,13.231
3dssd,kitti_raw,2011_09_26_drive_0091_sync,37,0,3,0,0.0,0.0,0.0,0.0,0.0,0.0,66.14,55.52,1.191,43.552,49.887,-14.545,2.88068,2.769576,3.857
3dssd,kitti_raw,2011_09_26_drive_0091_sync,38,0,3,0,0.0,0.0,0.0,0.0,0.0,0.0,65.88,54.76,1.203,43.95,51.596,-17.398,2.895258,2.825311,2.416
3dssd,kitti_raw,2011_09_26_drive_0091_sync,39,0,3,0,0.0,0.0,0.0,0.0,0.0,0.0,65.5,54.92,1.193,46.799,49.963,-6.762,3.06529,2.744062,10.48
3dssd,kitti_raw,2011_09_26_drive_0091_sync,40,1,3,0,0.0,0.0,0.0,0.0,0.0,0.0,66.42,55.76,1.191,44.573,48.975,-9.877,2.960655,2.730779,7.764
3dssd,kitti_raw,2011_09_26_drive_0091_sync,41,0,3,0,0.0,0.0,0.0,0.0,0.0,0.0,66.7,55.81,1.195,44.093,53.077,-20.376,2.940855,2.961979,-0.718
3dssd,kitti_raw,2011_09_26_drive_0091_sync,42,0,3,0,0.0,0.0,0.0,0.0,0.0,0.0,66.3,56.25,1.179,44.609,52.326,-17.299,2.957572,2.943174,0.487
3dssd,kitti_raw,2011_09_26_drive_0091_sync,43,0,3,0,0.0,0.0,0.0,0.0,0.0,0.0,65.67,55.65,1.18,44.755,49.489,-10.577,2.93917,2.753914,6.303
3dssd,kitti_raw,2011_09_26_drive_0091_sync,44,0,3,0,0.0,0.0,0.0,0.0,0.0,0.0,66.66,55.59,1.199,44.877,50.237,-11.943,2.991533,2.792837,6.642
3dssd,kitti_raw,2011_09_26_drive_0091_sync,45,1,3,0,0.0,0.0,0.0,0.0,0.0,0.0,65.38,55.05,1.188,47.863,49.724,-3.888,3.129173,2.737239,12.525
3dssd,kitti_raw,2011_09_26_drive_0091_sync,46,0,3,0,0.0,0.0,0.0,0.0,0.0,0.0,66.19,56.25,1.177,43.655,50.761,-16.279,2.889335,2.855215,1.181
3dssd,kitti_raw,2011_09_26_drive_0091_sync,47,0,3,0,0.0,0.0,0.0,0.0,0.0,0.0,66.31,54.56,1.215,44.586,49.654,-11.366,2.956633,2.709319,8.365
3dssd,kitti_raw,2011_09_26_drive_0091_sync,48,0,3,0,0.0,0.0,0.0,0.0,0.0,0.0,65.7,55.68,1.18,47.943,50.051,-4.397,3.149705,2.786903,11.519
3dssd,kitti_raw,2011_09_26_drive_0091_sync,49,0,3,0,0.0,0.0,0.0,0.0,0.0,0.0,66.31,55.13,1.203,47.936,48.804,-1.811,3.178707,2.690462,15.36
3dssd,kitti_raw,2011_09_26_drive_0091_sync,50,1,3,0,0.0,0.0,0.0,0.0,0.0,0.0,65.49,54.49,1.202,44.166,49.9,-12.982,2.892634,2.719015,6.002
3dssd,kitti_raw,2011_09_26_drive_0091_sync,51,0,3,0,0.0,0.0,0.0,0.0,0.0,0.0,66.65,55.49,1.201,44.566,50.97,-14.368,2.970286,2.828377,4.778
3dssd,kitti_raw,2011_09_26_drive_0091_sync,52,0,3,0,0.0,0.0,0.0,0.0,0.0,0.0,67.49,55.01,1.227,48.093,50.848,-5.727,3.245642,2.79694,13.825
3dssd,kitti_raw,2011_09_26_drive_0091_sync,53,0,3,0,0.0,0.0,0.0,0.0,0.0,0.0,66.52,54.97,1.21,43.35,48.744,-12.443,2.883828,2.679398,7.089
3dssd,kitti_raw,2011_09_26_drive_0091_sync,54,0,3,0,0.0,0.0,0.0,0.0,0.0,0.0,66.46,54.52,1.219,43.949,50.38,-14.632,2.92089,2.746645,5.965
3dssd,kitti_raw,2011_09_26_drive_0091_sync,55,1,3,0,0.0,0.0,0.0,0.0,0.0,0.0,66.65,54.58,1.221,47.621,49.201,-3.318,3.17373,2.685222,15.392
3dssd,kitti_raw,2011_09_26_drive_0091_sync,56,0,3,0,0.0,0.0,0.0,0.0,0.0,0.0,66.81,56.59,1.18,43.828,49.624,-13.222,2.928011,2.808435,4.084
3dssd,kitti_raw,2011_09_26_drive_0091_sync,57,0,3,0,0.0,0.0,0.0,0.0,0.0,0.0,66.85,55.53,1.204,47.699,50.619,-6.121,3.188921,2.810676,11.861
3dssd,kitti_raw,2011_09_26_drive_0091_sync,58,0,3,0,0.0,0.0,0.0,0.0,0.0,0.0,66.64,55.27,1.206,44.251,49.445,-11.738,2.948974,2.732895,7.327
3dssd,kitti_raw,2011_09_26_drive_0091_sync,59,0,3,0,0.0,0.0,0.0,0.0,0.0,0.0,66.59,55.34,1.203,45.219,48.792,-7.901,3.011387,2.700038,10.339
3dssd,kitti_raw,2011_09_26_drive_0091_sync,60,1,3,0,0.0,0.0,0.0,0.0,0.0,0.0,66.71,56.01,1.191,44.49,48.947,-10.018,2.96796,2.741659,7.625
3dssd,kitti_raw,2011_09_26_drive_0091_sync,61,0,3,0,0.0,0.0,0.0,0.0,0.0,0.0,66.61,55.56,1.199,43.349,50.272,-15.969,2.887627,2.792952,3.279
3dssd,kitti_raw,2011_09_26_drive_0091_sync,62,0,3,0,0.0,0.0,0.0,0.0,0.0,0.0,66.46,55.48,1.198,45.428,49.831,-9.692,3.019015,2.764618,8.426
3dssd,kitti_raw,2011_09_26_drive_0091_sync,63,0,3,0,0.0,0.0,0.0,0.0,0.0,0.0,66.77,55.66,1.2,44.387,51.251,-15.464,2.963678,2.852622,3.747
3dssd,kitti_raw,2011_09_26_drive_0091_sync,64,0,3,0,0.0,0.0,0.0,0.0,0.0,0.0,66.86,54.84,1.219,45.767,53.629,-17.18,3.060001,2.941025,3.888
3dssd,kitti_raw,2011_09_26_drive_0091_sync,65,1,3,0,0.0,0.0,0.0,0.0,0.0,0.0,67.03,56.47,1.187,43.939,52.321,-19.077,2.945146,2.954357,-0.313
3dssd,kitti_raw,2011_09_26_drive_0091_sync,66,0,3,0,0.0,0.0,0.0,0.0,0.0,0.0,66.34,54.77,1.211,48.397,50.387,-4.112,3.210575,2.759847,14.039
3dssd,kitti_raw,2011_09_26_drive_0091_sync,67,0,3,0,0.0,0.0,0.0,0.0,0.0,0.0,67.45,56.43,1.195,44.605,48.866,-9.553,3.008673,2.757753,8.34
3dssd,kitti_raw,2011_09_26_drive_0091_sync,68,0,3,0,0.0,0.0,0.0,0.0,0.0,0.0,66.72,56.2,1.187,43.572,49.445,-13.478,2.907251,2.778854,4.416
3dssd,kitti_raw,2011_09_26_drive_0091_sync,69,0,3,0,0.0,0.0,0.0,0.0,0.0,0.0,66.79,56.33,1.186,44.381,49.786,-12.179,2.96404,2.804272,5.39
3dssd,kitti_raw,2011_09_26_drive_0091_sync,70,1,3,0,0.0,0.0,0.0,0.0,0.0,0.0,66.69,55.57,1.2,43.4,50.55,-16.474,2.894466,2.808876,2.957
3dssd,kitti_raw,2011_09_26_drive_0091_sync,71,0,3,0,0.0,0.0,0.0,0.0,0.0,0.0,66.32,56.82,1.167,44.467,50.455,-13.467,2.949264,2.866758,2.797
3dssd,kitti_raw,2011_09_26_drive_0091_sync,72,0,3,0,0.0,0.0,0.0,0.0,0.0,0.0,66.79,54.8,1.219,45.74,47.771,-4.442,3.054858,2.617999,14.3
3dssd,kitti_raw,2011_09_26_drive_0091_sync,73,0,3,0,0.0,0.0,0.0,0.0,0.0,0.0,66.09,54.68,1.209,43.399,50.174,-15.609,2.868426,2.743272,4.363
3dssd,kitti_raw,2011_09_26_drive_0091_sync,74,0,3,0,0.0,0.0,0.0,0.0,0.0,0.0,65.19,54.91,1.187,44.323,48.561,-9.561,2.889416,2.6667,7.708
3dssd,kitti_raw,2011_09_26_drive_0091_sync,75,1,3,0,0.0,0.0,0.0,0.0,0.0,0.0,65.74,54.95,1.196,45.043,53.793,-19.426,2.961107,2.956095,0.169
3dssd,kitti_raw,2011_09_26_drive_0091_sync,76,0,3,0,0.0,0.0,0.0,0.0,0.0,0.0,66.89,57.33,1.167,43.416,51.276,-18.104,2.90423,2.939679,-1.221
3dssd,kitti_raw,2011_09_26_drive_0091_sync,77,0,3,0,0.0,0.0,0.0,0.0,0.0,0.0,66.72,56.38,1.183,44.102,48.73,-10.495,2.942395,2.74732,6.63
3dssd,kitti_raw,2011_09_26_drive_0091_sync,78,0,3,0,0.0,0.0,0.0,0.0,0.0,0.0,66.05,56.13,1.177,43.821,49.074,-11.988,2.894193,2.754781,4.817
3dssd,kitti_raw,2011_09_26_drive_0091_sync,79,0,3,0,0.0,0.0,0.0,0.0,0.0,0.0,64.92,54.03,1.202,44.28,50.461,-13.96,2.874847,2.726256,5.169
3dssd,kitti_raw,2011_09_26_drive_0091_sync,80,1,3,0,0.0,0.0,0.0,0.0,0.0,0.0,65.39,54.8,1.193,43.782,50.546,-15.45,2.862672,2.770073,3.235
3dssd,kitti_raw,2011_09_26_drive_0091_sync,81,0,3,0,0.0,0.0,0.0,0.0,0.0,0.0,65.09,53.2,1.224,44.696,50.324,-12.591,2.909474,2.677004,7.99
3dssd,kitti_raw,2011_09_26_drive_0091_sync,82,0,3,0,0.0,0.0,0.0,0.0,0.0,0.0,65.94,54.49,1.21,46.85,49.509,-5.676,3.089416,2.697593,12.683
3dssd,kitti_raw,2011_09_26_drive_0091_sync,83,0,3,0,0.0,0.0,0.0,0.0,0.0,0.0,65.69,55.67,1.18,44.585,50.756,-13.841,2.928546,2.825376,3.523
3dssd,kitti_raw,2011_09_26_drive_0091_sync,84,0,3,0,0.0,0.0,0.0,0.0,0.0,0.0,64.52,54.86,1.176,46.43,52.741,-13.591,2.995899,2.893571,3.416
3dssd,kitti_raw,2011_09_26_drive_0091_sync,85,1,3,0,0.0,0.0,0.0,0.0,0.0,0.0,65.81,54.94,1.198,44.3,50.241,-13.411,2.915359,2.760198,5.322
3dssd,kitti_raw,2011_09_26_drive_0091_sync,86,0,3,0,0.0,0.0,0.0,0.0,0.0,0.0,64.63,54.71,1.181,46.487,49.216,-5.869,3.004488,2.692614,10.38
3dssd,kitti_raw,2011_09_26_drive_0091_sync,87,0,3,0,0.0,0.0,0.0,0.0,0.0,0.0,66.84,54.13,1.235,46.255,49.443,-6.893,3.091622,2.676119,13.44
3dssd,kitti_raw,2011_09_26_drive_0091_sync,88,0,3,0,0.0,0.0,0.0,0.0,0.0,0.0,65.27,54.78,1.192,45.42,50.112,-10.33,2.964646,2.74518,7.403
3dssd,kitti_raw,2011_09_26_drive_0091_sync,89,0,3,0,0.0,0.0,0.0,0.0,0.0,0.0,64.91,54.32,1.195,44.151,49.525,-12.171,2.865673,2.690015,6.13
3dssd,kitti_raw,2011_09_26_drive_0091_sync,90,1,3,0,0.0,0.0,0.0,0.0,0.0,0.0,65.59,55.5,1.182,46.427,48.254,-3.937,3.045288,2.678305,12.051
3dssd,kitti_raw,2011_09_26_drive_0091_sync,91,0,3,0,0.0,0.0,0.0,0.0,0.0,0.0,66.53,54.71,1.216,47.917,49.502,-3.308,3.187938,2.707995,15.055
3dssd,kitti_raw,2011_09_26_drive_0091_sync,92,0,3,0,0.0,0.0,0.0,0.0,0.0,0.0,67.29,55.64,1.209,44.621,51.035,-14.373,3.00257,2.839668,5.425
3dssd,kitti_raw,2011_09_26_drive_0091_sync,93,0,3,0,0.0,0.0,0.0,0.0,0.0,0.0,66.11,55.07,1.2,48.054,49.732,-3.492,3.176964,2.738932,13.788
3dssd,kitti_raw,2011_09_26_drive_0091_sync,94,0,3,0,0.0,0.0,0.0,0.0,0.0,0.0,65.95,55.16,1.196,43.156,49.533,-14.778,2.845938,2.732161,3.998
3dssd,kitti_raw,2011_09_26_drive_0091_sync,95,1,3,0,0.0,0.0,0.0,0.0,0.0,0.0,66.15,54.8,1.207,48.07,49.58,-3.142,3.179943,2.716951,14.56
3dssd,kitti_raw,2011_09_26_drive_0091_sync,96,0,3,0,0.0,0.0,0.0,0.0,0.0,0.0,67.64,56.85,1.19,43.523,50.095,-15.1,2.944026,2.847767,3.27
3dssd,kitti_raw,2011_09_26_drive_0091_sync,97,0,3,0,0.0,0.0,0.0,0.0,0.0,0.0,67.33,54.23,1.242,44.573,50.674,-13.688,3.001096,2.748049,8.432
3dssd,kitti_raw,2011_09_26_drive_0091_sync,98,0,3,0,0.0,0.0,0.0,0.0,0.0,0.0,65.44,58.84,1.112,43.576,48.299,-10.839,2.851749,2.842171,0.336
3dssd,kitti_raw,2011_09_26_drive_0091_sync,99,0,3,0,0.0,0.0,0.0,0.0,0.0,0.0,65.38,54.23,1.206,44.634,51.979,-16.457,2.918345,2.818865,3.409
3dssd,kitti_raw,2011_09_26_drive_0091_sync,100,1,3,0,0.0,0.0,0.0,0.0,0.0,0.0,65.2,54.25,1.202,45.065,48.919,-8.552,2.938352,2.653639,9.69
3dssd,kitti_raw,2011_09_26_drive_0091_sync,101,0,3,0,0.0,0.0,0.0,0.0,0.0,0.0,66.56,55.71,1.195,45.469,51.722,-13.754,3.026314,2.881516,4.785
3dssd,kitti_raw,2011_09_26_drive_0091_sync,102,0,3,0,0.0,0.0,0.0,0.0,0.0,0.0,65.82,56.54,1.164,43.404,49.216,-13.39,2.856801,2.782455,2.602
3dssd,kitti_raw,2011_09_26_drive_0091_sync,103,0,3,0,0.0,0.0,0.0,0.0,0.0,0.0,67.27,55.85,1.204,43.299,49.727,-14.847,2.912557,2.777372,4.641
3dssd,kitti_raw,2011_09_26_drive_0091_sync,104,0,3,0,0.0,0.0,0.0,0.0,0.0,0.0,65.97,55.72,1.184,44.131,51.091,-15.773,2.911469,2.846786,2.222
3dssd,kitti_raw,2011_09_26_drive_0091_sync,105,1,3,0,0.0,0.0,0.0,0.0,0.0,0.0,66.45,54.78,1.213,43.919,53.439,-21.677,2.918363,2.927584,-0.316
3dssd,kitti_raw,2011_09_26_drive_0091_sync,106,0,3,0,0.0,0.0,0.0,0.0,0.0,0.0,65.53,55.5,1.181,43.729,49.831,-13.954,2.865704,2.765454,3.498
3dssd,kitti_raw,2011_09_26_drive_0091_sync,107,0,3,0,0.0,0.0,0.0,0.0,0.0,0.0,66.1,54.45,1.214,44.308,48.74,-10.004,2.928665,2.654057,9.377
3dssd,kitti_raw,2011_09_26_drive_0091_sync,108,0,3,0,0.0,0.0,0.0,0.0,0.0,0.0,67.28,55.63,1.21,46.752,49.866,-6.662,3.145664,2.773907,11.818
3dssd,kitti_raw,2011_09_26_drive_0091_sync,109,0,3,0,0.0,0.0,0.0,0.0,0.0,0.0,67.01,54.21,1.236,42.648,53.558,-25.581,2.857927,2.90323,-1.585
3dssd,kitti_raw,2011_09_26_drive_0091_sync,110,1,3,0,0.0,0.0,0.0,0.0,0.0,0.0,67.06,54.38,1.233,44.056,52.409,-18.959,2.954386,2.850017,3.533
3dssd,kitti_raw,2011_09_26_drive_0091_sync,111,0,3,0,0.0,0.0,0.0,0.0,0.0,0.0,66.81,57.16,1.169,43.833,50.075,-14.24,2.928593,2.862514,2.256
3dssd,kitti_raw,2011_09_26_drive_0091_sync,112,0,3,0,0.0,0.0,0.0,0.0,0.0,0.0,65.78,54.8,1.2,44.734,51.33,-14.746,2.942361,2.812666,4.408
3dssd,kitti_raw,2011_09_26_drive_0091_sync,113,0,3,0,0.0,0.0,0.0,0.0,0.0,0.0,66.54,55.82,1.192,47.427,48.758,-2.806,3.15594,2.721509,13.766
3dssd,kitti_raw,2011_09_26_drive_0091_sync,114,0,3,0,0.0,0.0,0.0,0.0,0.0,0.0,66.99,54.24,1.235,43.496,49.838,-14.58,2.914014,2.703038,7.24
3dssd,kitti_raw,2011_09_26_drive_0091_sync,115,1,3,0,0.0,0.0,0.0,0.0,0.0,0.0,66.0,56.08,1.177,47.83,50.262,-5.084,3.156767,2.818485,10.716
3dssd,kitti_raw,2011_09_26_drive_0091_sync,116,0,3,0,0.0,0.0,0.0,0.0,0.0,0.0,66.31,56.13,1.181,43.376,50.265,-15.883,2.876264,2.821209,1.914
3dssd,kitti_raw,2011_09_26_drive_0091_sync,117,0,3,0,0.0,0.0,0.0,0.0,0.0,0.0,66.44,54.28,1.224,47.11,49.522,-5.119,3.130072,2.688011,14.123
3dssd,kitti_raw,2011_09_26_drive_0091_sync,118,0,3,0,0.0,0.0,0.0,0.0,0.0,0.0,66.61,55.81,1.193,45.246,50.058,-10.635,3.013666,2.793952,7.291
3dssd,kitti_raw,2011_09_26_drive_0091_sync,119,0,3,0,0.0,0.0,0.0,0.0,0.0,0.0,66.56,55.36,1.202,44.494,48.426,-8.837,2.961575,2.680814,9.48
centerpoint,nuscenes,scene-0061,0,1,3,77,0.125,0.125,0.0,0.5051,0.5051,0.0,143.39,160.48,0.894,39.224,38.194,2.627,5.624454,6.129151,-8.973
centerpoint,nuscenes,scene-0061,1,0,3,77,0.1333,0.0792,0.0541,0.6023,0.5234,0.0789,193.61,75.77,2.555,38.588,46.96,-21.695,7.470906,3.558312,52.371
centerpoint,nuscenes,scene-0061,2,0,3,85,0.1,0.0656,0.0344,0.5681,0.4237,0.1444,191.53,72.65,2.636,36.728,48.736,-32.696,7.034486,3.540664,49.667
centerpoint,nuscenes,scene-0061,3,0,3,85,0.069,0.0526,0.0163,0.6201,0.5694,0.0506,184.41,68.91,2.676,37.037,47.19,-27.413,6.82999,3.252028,52.386
centerpoint,nuscenes,scene-0061,4,0,3,85,0.1197,0.087,0.0327,0.5169,0.4839,0.033,184.53,71.73,2.573,37.954,51.416,-35.47,7.003653,3.687953,47.342
centerpoint,nuscenes,scene-0061,5,1,3,93,0.0746,0.0746,0.0,0.5658,0.5658,0.0,184.06,199.1,0.924,39.048,36.199,7.296,7.18719,7.207436,-0.282
centerpoint,nuscenes,scene-0061,6,0,3,93,0.082,0.08,0.002,0.6572,0.5017,0.1556,188.29,73.56,2.56,37.676,44.105,-17.064,7.093814,3.244407,54.264
centerpoint,nuscenes,scene-0061,7,0,3,93,0.112,0.096,0.016,0.5589,0.5207,0.0382,185.29,70.56,2.626,37.84,48.047,-26.972,7.011344,3.390144,51.648
centerpoint,nuscenes,scene-0061,8,0,3,102,0.1045,0.0916,0.0129,0.5054,0.479,0.0264,188.14,73.63,2.555,37.538,45.085,-20.106,7.062418,3.319596,52.996
centerpoint,nuscenes,scene-0061,9,0,3,102,0.1111,0.0763,0.0348,0.571,0.5241,0.0469,184.79,72.66,2.543,38.448,44.469,-15.661,7.10484,3.231214,54.521
centerpoint,nuscenes,scene-0061,10,1,3,102,0.0889,0.0889,0.0,0.5461,0.5461,0.0,185.26,195.66,0.947,37.914,36.267,4.344,7.024003,7.095995,-1.025
centerpoint,nuscenes,scene-0061,11,0,3,102,0.0714,0.0571,0.0143,0.6311,0.4677,0.1635,190.79,72.68,2.625,36.576,44.09,-20.545,6.978249,3.204616,54.077
centerpoint,nuscenes,scene-0061,12,0,3,109,0.0839,0.0828,0.0012,0.7087,0.6616,0.047,188.17,69.6,2.704,36.996,45.739,-23.633,6.961502,3.183261,54.273
centerpoint,nuscenes,scene-0061,13,0,3,109,0.0811,0.0986,-0.0175,0.6256,0.5798,0.0458,191.96,68.64,2.797,37.911,46.69,-23.157,7.277386,3.204681,55.964
centerpoint,nuscenes,scene-0061,14,0,3,109,0.0764,0.069,0.0075,0.569,0.6186,-0.0496,188.93,71.4,2.646,37.714,47.47,-25.868,7.125509,3.389552,52.431
centerpoint,nuscenes,scene-0061,15,1,3,117,0.0645,0.0645,0.0,0.6733,0.6733,0.0,185.67,199.27,0.932,37.894,35.547,6.194,7.035701,7.083557,-0.68
centerpoint,nuscenes,scene-0061,16,0,3,117,0.0667,0.0533,0.0133,0.5961,0.5973,-0.0013,179.7,59.26,3.033,38.728,50.013,-29.139,6.959388,2.963591,57.416
centerpoint,nuscenes,scene-0061,17,0,3,117,0.1013,0.0952,0.006,0.6045,0.5994,0.0051,222.11,66.98,3.316,37.387,47.503,-27.058,8.303867,3.1817,61.684
centerpoint,nuscenes,scene-0061,18,0,3,119,0.0988,0.0881,0.0107,0.6292,0.6022,0.027,193.62,70.3,2.754,37.969,44.921,-18.307,7.351565,3.157992,57.043
centerpoint,nuscenes,scene-0061,19,0,3,119,0.0755,0.0897,-0.0143,0.6971,0.5972,0.0999,190.41,66.63,2.858,37.056,47.819,-29.045,7.056006,3.186153,54.845
centerpoint,nuscenes,scene-0061,20,1,3,123,0.0925,0.0925,0.0,0.6087,0.6087,0.0,187.96,189.76,0.991,36.597,36.072,1.433,6.878795,6.845082,0.49
centerpoint,nuscenes,scene-0061,21,0,3,123,0.069,0.0886,-0.0196,0.6747,0.6483,0.0264,187.85,65.42,2.871,37.466,48.141,-28.493,7.038129,3.149594,55.25
centerpoint,nuscenes,scene-0061,22,0,3,123,0.0994,0.1074,-0.008,0.6476,0.5735,0.074,186.84,68.65,2.722,37.455,48.655,-29.903,6.998016,3.340284,52.268
centerpoint,nuscenes,scene-0061,23,0,3,126,0.0988,0.0927,0.0061,0.6176,0.6115,0.0061,188.25,67.21,2.801,36.86,48.018,-30.272,6.938798,3.227275,53.489
centerpoint,nuscenes,scene-0061,24,0,3,126,0.0755,0.1013,-0.0258,0.6705,0.6189,0.0516,188.43,69.71,2.703,38.5,48.568,-26.152,7.254507,3.385929,53.327
centerpoint,nuscenes,scene-0061,25,1,3,128,0.1065,0.1065,0.0,0.618,0.618,0.0,183.18,188.39,0.972,37.395,36.611,2.097,6.849953,6.897122,-0.689
centerpoint,nuscenes,scene-0061,26,0,3,128,0.0875,0.0864,0.0011,0.6894,0.6271,0.0623,188.77,66.14,2.854,37.339,48.137,-28.918,7.048668,3.18385,54.83
centerpoint,nuscenes,scene-0061,27,0,3,135,0.1091,0.0719,0.0372,0.5994,0.7309,-0.1315,183.75,63.91,2.875,39.008,48.67,-24.769,7.167763,3.110287,56.607
centerpoint,nuscenes,scene-0061,28,0,3,135,0.097,0.0833,0.0136,0.521,0.5236,-0.0026,208.57,65.79,3.17,36.344,46.763,-28.668,7.580285,3.076751,59.411
centerpoint,nuscenes,scene-0061,29,0,3,135,0.0936,0.0809,0.0126,0.5646,0.607,-0.0423,184.53,66.01,2.795,37.808,47.465,-25.544,6.976499,3.133387,55.087
centerpoint,nuscenes,scene-0061,30,1,3,136,0.1006,0.1006,0.0,0.6834,0.6834,0.0,188.14,190.82,0.986,37.69,36.666,2.717,7.091092,6.996401,1.335
centerpoint,nuscenes,scene-0061,31,0,3,136,0.093,0.104,-0.011,0.6654,0.5537,0.1118,179.5,66.11,2.715,36.845,47.741,-29.571,6.613779,3.156196,52.278
centerpoint,nuscenes,scene-0061,32,0,3,140,0.1065,0.0805,0.026,0.4676,0.4973,-0.0297,194.63,77.77,2.502,36.513,48.99,-34.171,7.106436,3.810184,46.384
centerpoint,nuscenes,scene-0061,33,0,3,140,0.0706,0.0805,-0.0099,0.6732,0.6464,0.0268,188.19,70.06,2.686,37.994,46.436,-22.221,7.150094,3.25329,54.5
centerpoint,nuscenes,scene-0061,34,0,3,140,0.0925,0.0914,0.0011,0.5779,0.5221,0.0558,200.11,73.84,2.71,38.643,46.384,-20.031,7.732832,3.425191,55.706
centerpoint,nuscenes,scene-0061,35,1,3,142,0.1196,0.1196,0.0,0.5501,0.5501,0.0,191.07,197.02,0.97,36.782,36.479,0.823,7.027896,7.187012,-2.264
centerpoint,nuscenes,scene-0061,36,0,3,142,0.1143,0.1341,-0.0198,0.6475,0.5431,0.1044,191.12,70.2,2.723,36.297,47.916,-32.012,6.937191,3.363682,51.512
centerpoint,nuscenes,scene-0061,37,0,3,142,0.1143,0.1257,-0.0114,0.5449,0.5809,-0.0361,190.0,68.32,2.781,37.932,47.279,-24.64,7.207216,3.230066,55.183
centerpoint,nuscenes,scene-0061,38,0,3,146,0.0889,0.1059,-0.017,0.6715,0.6072,0.0642,182.64,67.28,2.715,37.417,50.388,-34.667,6.833754,3.390028,50.393
centerpoint,nuscenes,scene-0061,39,0,3,146,0.0978,0.0968,0.0011,0.6252,0.6212,0.004,193.21,69.51,2.78,37.738,46.916,-24.321,7.291349,3.261068,55.275
centerpoint,nuscenes,scene-0061,40,1,3,147,0.1263,0.1263,0.0,0.5833,0.5833,0.0,186.73,199.65,0.935,38.498,35.784,7.05,7.188858,7.144447,0.618
centerpoint,nuscenes,scene-0061,41,0,3,147,0.1319,0.1202,0.0116,0.5771,0.5896,-0.0125,190.74,68.44,2.787,38.169,49.511,-29.715,7.28045,3.388714,53.455
centerpoint,nuscenes,scene-0061,42,0,3,151,0.0989,0.0649,0.034,0.4757,0.5355,-0.0598,186.8,72.93,2.562,37.617,47.855,-27.216,7.027047,3.489904,50.336
centerpoint,nuscenes,scene-0061,43,0,3,151,0.1036,0.0757,0.028,0.4569,0.5399,-0.0829,187.28,75.02,2.496,38.36,46.44,-21.064,7.184022,3.483995,51.504
centerpoint,nuscenes,scene-0061,44,0,3,151,0.1064,0.0757,0.0307,0.5707,0.5593,0.0115,185.55,75.01,2.474,37.903,47.22,-24.583,7.032672,3.541927,49.636
centerpoint,nuscenes,scene-0061,45,1,3,155,0.0808,0.0808,0.0,0.55,0.55,0.0,187.54,197.28,0.951,36.719,36.127,1.612,6.886461,7.127217,-3.496
centerpoint,nuscenes,scene-0061,46,0,3,155,0.1053,0.102,0.0032,0.5865,0.5016,0.0849,183.35,70.66,2.595,37.191,45.058,-21.154,6.818828,3.184008,53.306
centerpoint,nuscenes,scene-0061,47,0,3,153,0.0615,0.0896,-0.028,0.5605,0.4733,0.0872,181.13,74.15,2.443,38.17,46.939,-22.976,6.913768,3.48079,49.654
centerpoint,nuscenes,scene-0061,48,0,3,153,0.125,0.0909,0.0341,0.4767,0.5499,-0.0733,186.56,68.74,2.714,36.902,49.736,-34.78,6.884403,3.418757,50.341
centerpoint,nuscenes,scene-0061,49,0,3,153,0.1095,0.0923,0.0171,0.5236,0.5818,-0.0582,186.63,78.24,2.385,37.835,47.424,-25.345,7.061187,3.710657,47.45
centerpoint,nuscenes,scene-0061,50,1,3,150,0.1176,0.1176,0.0,0.5105,0.5105,0.0,189.11,198.93,0.951,39.14,36.787,6.011,7.401964,7.318144,1.132
centerpoint,nuscenes,scene-0061,51,0,3,150,0.0745,0.0526,0.0218,0.4708,0.6279,-0.157,182.05,73.07,2.491,36.818,45.397,-23.299,6.702764,3.317254,50.509
centerpoint,nuscenes,scene-0061,52,0,3,148,0.0782,0.0894,-0.0112,0.5452,0.5161,0.0291,182.58,68.78,2.654,36.422,47.698,-30.959,6.650138,3.280839,50.665
centerpoint,nuscenes,scene-0061,53,0,3,148,0.0749,0.0729,0.0019,0.6777,0.681,-0.0033,188.04,70.92,2.651,36.917,45.02,-21.948,6.942067,3.19288,54.007
centerpoint,nuscenes,scene-0061,54,0,3,148,0.0749,0.0856,-0.0107,0.6367,0.5791,0.0576,182.1,62.88,2.896,37.429,49.777,-32.991,6.815802,3.129782,54.08
centerpoint,nuscenes,scene-0061,55,1,3,143,0.0741,0.0741,0.0,0.6607,0.6607,0.0,180.27,193.23,0.933,36.267,35.414,2.35,6.537735,6.843062,-4.67
centerpoint,nuscenes,scene-0061,56,0,3,143,0.0833,0.0773,0.006,0.7123,0.6875,0.0248,188.28,75.49,2.494,36.775,44.78,-21.767,6.924025,3.380292,51.18
centerpoint,nuscenes,scene-0061,57,0,3,135,0.0824,0.0947,-0.0123,0.7055,0.6382,0.0673,174.28,62.49,2.789,38.047,48.392,-27.19,6.630769,3.024237,54.391
centerpoint,nuscenes,scene-0061,58,0,3,135,0.0833,0.0833,0.0,0.7617,0.7359,0.0257,185.09,68.13,2.717,36.06,50.122,-38.998,6.674155,3.414877,48.834
centerpoint,nuscenes,scene-0061,59,0,3,135,0.0727,0.0745,-0.0018,0.7351,0.7653,-0.0302,178.31,66.34,2.688,38.048,47.047,-23.652,6.784425,3.121227,53.994
centerpoint,nuscenes,scene-0061,60,1,3,124,0.0881,0.0881,0.0,0.7388,0.7388,0.0,185.66,195.36,0.95,37.578,35.948,4.336,6.976825,7.022898,-0.66
centerpoint,nuscenes,scene-0061,61,0,3,124,0.0833,0.0848,-0.0015,0.7286,0.7213,0.0073,186.44,74.07,2.517,38.127,45.973,-20.579,7.108216,3.405005,52.098
centerpoint,nuscenes,scene-0061,62,0,3,121,0.0875,0.0886,-0.0011,0.7479,0.7465,0.0015,189.31,66.41,2.851,41.741,54.213,-29.879,7.90183,3.600239,54.438
centerpoint,nuscenes,scene-0061,63,0,3,121,0.0864,0.0881,-0.0016,0.7544,0.7195,0.0349,182.21,74.51,2.445,38.603,45.078,-16.773,7.033807,3.358929,52.246
centerpoint,nuscenes,scene-0061,64,0,3,121,0.0859,0.0848,0.001,0.7611,0.7701,-0.009,191.73,74.5,2.573,36.982,44.552,-20.469,7.090718,3.319353,53.187
centerpoint,nuscenes,scene-0061,65,1,3,121,0.1019,0.1019,0.0,0.7034,0.7034,0.0,184.62,200.09,0.923,37.067,35.938,3.046,6.843417,7.190851,-5.077
centerpoint,nuscenes,scene-0061,66,0,3,121,0.1067,0.0933,0.0133,0.7295,0.6753,0.0543,204.21,73.77,2.768,38.504,45.85,-19.076,7.863021,3.382336,56.984
centerpoint,nuscenes,scene-0061,67,0,3,121,0.1,0.0897,0.0103,0.6947,0.6956,-0.0009,184.08,65.89,2.794,37.034,47.033,-26.999,6.817359,3.098855,54.545
centerpoint,nuscenes,scene-0061,68,0,3,122,0.0881,0.0741,0.014,0.7462,0.7207,0.0255,184.7,68.62,2.692,37.558,48.502,-29.138,6.937104,3.328122,52.024
centerpoint,nuscenes,scene-0061,69,0,3,122,0.0809,0.087,-0.006,0.7438,0.7026,0.0412,187.84,69.27,2.712,36.597,46.539,-27.167,6.874381,3.223637,53.107
centerpoint,nuscenes,scene-0061,70,1,3,124,0.0848,0.0848,0.0,0.7388,0.7388,0.0,184.41,199.3,0.925,37.794,36.333,3.865,6.969394,7.241269,-3.901
centerpoint,nuscenes,scene-0061,71,0,3,124,0.0982,0.0886,0.0096,0.6563,0.7543,-0.0979,190.16,71.57,2.657,37.013,46.541,-25.739,7.038664,3.330974,52.676
centerpoint,nuscenes,scene-0061,72,0,3,118,0.1039,0.1053,-0.0014,0.6741,0.7001,-0.026,200.8,71.52,2.808,37.394,45.083,-20.564,7.508535,3.224227,57.059
centerpoint,nuscenes,scene-0061,73,0,3,118,0.0958,0.1013,-0.0055,0.7172,0.7136,0.0036,185.42,69.24,2.678,39.138,46.055,-17.673,7.257159,3.188897,56.059
centerpoint,nuscenes,scene-0061,74,0,3,118,0.0769,0.0886,-0.0117,0.7896,0.7825,0.0071,187.49,74.37,2.521,37.921,46.471,-22.548,7.109715,3.45604,51.39
centerpoint,nuscenes,scene-0061,75,1,3,115,0.1026,0.1026,0.0,0.7329,0.7329,0.0,185.71,199.61,0.93,37.133,35.511,4.367,6.895827,7.088397,-2.793
centerpoint,nuscenes,scene-0061,76,0,3,115,0.1039,0.1081,-0.0042,0.7188,0.7143,0.0046,187.21,71.16,2.631,36.352,45.671,-25.635,6.805537,3.249994,52.245
centerpoint,nuscenes,scene-0061,77,0,3,112,0.0994,0.0903,0.0091,0.6981,0.729,-0.0308,188.45,71.51,2.635,36.641,47.5,-29.637,6.904975,3.396709,50.808
centerpoint,nuscenes,scene-0061,78,0,3,112,0.1006,0.1081,-0.0075,0.7065,0.6962,0.0102,183.08,68.37,2.678,37.176,48.531,-30.546,6.806199,3.318027,51.25
centerpoint,nuscenes,scene-0061,79,0,3,112,0.1053,0.1111,-0.0058,0.7054,0.6939,0.0115,186.45,75.72,2.462,37.625,46.251,-22.927,7.015032,3.501898,50.08
centerpoint,nuscenes,scene-0061,80,1,3,112,0.1046,0.1046,0.0,0.7118,0.7118,0.0,172.36,175.06,0.985,38.031,36.501,4.025,6.555187,6.389609,2.526
centerpoint,nuscenes,scene-0061,81,0,3,112,0.1119,0.0959,0.016,0.7053,0.7064,-0.0012,173.31,59.22,2.927,37.801,49.267,-30.331,6.551381,2.917636,55.465
centerpoint,nuscenes,scene-0061,82,0,3,106,0.0876,0.0909,-0.0033,0.7707,0.7573,0.0134,178.94,60.89,2.939,38.199,47.767,-25.046,6.83548,2.908682,57.447
centerpoint,nuscenes,scene-0061,83,0,3,106,0.0902,0.0896,0.0007,0.7805,0.7643,0.0162,177.7,58.57,3.034,39.008,49.133,-25.957,6.93149,2.877806,58.482
centerpoint,nuscenes,scene-0061,84,0,3,106,0.1014,0.0979,0.0035,0.7899,0.792,-0.0021,176.35,59.97,2.941,39.316,51.134,-30.06,6.933299,3.066431,55.772
centerpoint,nuscenes,scene-0061,85,1,3,100,0.112,0.112,0.0,0.7031,0.7031,0.0,174.62,177.41,0.984,37.136,36.969,0.451,6.48462,6.558539,-1.14
centerpoint,nuscenes,scene-0061,86,0,3,100,0.0882,0.0902,-0.002,0.7529,0.7547,-0.0018,176.97,60.31,2.935,36.746,49.361,-34.331,6.502967,2.976798,54.224
centerpoint,nuscenes,scene-0061,87,0,3,95,0.1395,0.0952,0.0443,0.5889,0.7464,-0.1575,171.35,59.06,2.901,38.34,49.773,-29.82,6.569445,2.939407,55.256
centerpoint,nuscenes,scene-0061,88,0,3,95,0.1085,0.128,-0.0195,0.6708,0.657,0.0138,180.11,60.48,2.978,37.711,48.213,-27.849,6.792169,2.915948,57.069
centerpoint,nuscenes,scene-0061,89,0,3,95,0.112,0.0916,0.0204,0.7886,0.7552,0.0335,176.23,59.22,2.976,38.221,50.297,-31.596,6.735641,2.978357,55.782
centerpoint,nuscenes,scene-0061,90,1,3,87,0.1157,0.1157,0.0,0.7653,0.7653,0.0,172.02,173.39,0.992,37.171,36.753,1.124,6.394212,6.372691,0.337
centerpoint,nuscenes,scene-0061,91,0,3,87,0.1138,0.1062,0.0076,0.7355,0.7504,-0.0149,173.65,61.14,2.84,37.71,51.739,-37.2,6.548471,3.163345,51.693
centerpoint,nuscenes,scene-0061,92,0,3,87,0.1094,0.1207,-0.0113,0.7113,0.7269,-0.0157,173.66,59.33,2.927,38.634,52.407,-35.65,6.709,3.109094,53.658
centerpoint,nuscenes,scene-0061,93,0,3,77,0.1043,0.1062,-0.0018,0.78,0.7261,0.054,173.61,60.61,2.864,40.089,49.327,-23.045,6.959652,2.989689,57.043
centerpoint,nuscenes,scene-0061,94,0,3,77,0.1026,0.0734,0.0292,0.7614,0.8178,-0.0564,175.58,62.39,2.814,36.014,49.355,-37.043,6.323547,3.079256,51.305
centerpoint,nuscenes,scene-0103,0,1,3,30,0.1111,0.1111,0.0,0.663,0.663,0.0,136.25,133.4,1.021,38.654,38.583,0.183,5.266529,5.147059,2.268
centerpoint,nuscenes,scene-0103,1,0,3,30,0.129,0.0588,0.0702,0.5995,0.5558,0.0437,174.34,63.64,2.739,36.402,46.744,-28.413,6.346331,2.974965,53.123
centerpoint,nuscenes,scene-0103,2,0,3,33,0.1493,0.1194,0.0299,0.5463,0.4861,0.0602,173.4,58.2,2.98,37.61,50.066,-33.12,6.521615,2.91366,55.323
centerpoint,nuscenes,scene-0103,3,0,3,33,0.1111,0.1,0.0111,0.6374,0.5169,0.1205,171.53,57.99,2.958,37.444,51.508,-37.561,6.422696,2.986782,53.496
centerpoint,nuscenes,scene-0103,4,0,3,33,0.1333,0.1143,0.019,0.4766,0.421,0.0555,172.83,60.88,2.839,37.562,49.267,-31.162,6.49193,2.999323,53.799
centerpoint,nuscenes,scene-0103,5,1,3,38,0.1311,0.1311,0.0,0.6263,0.6263,0.0,171.29,173.2,0.989,38.253,36.884,3.58,6.552433,6.388241,2.506
centerpoint,nuscenes,scene-0103,6,0,3,38,0.1333,0.1039,0.0294,0.5156,0.4762,0.0394,173.21,55.12,3.142,37.969,50.675,-33.464,6.576447,2.793311,57.526
centerpoint,nuscenes,scene-0103,7,0,3,38,0.1127,0.1231,-0.0104,0.7223,0.6588,0.0634,174.27,58.59,2.974,37.506,47.357,-26.267,6.536023,2.774697,57.548
centerpoint,nuscenes,scene-0103,8,0,3,38,0.1471,0.1311,0.0159,0.494,0.5284,-0.0343,173.49,55.32,3.136,37.947,48.517,-27.853,6.583318,2.68401,59.23
centerpoint,nuscenes,scene-0103,9,0,3,38,0.1311,0.0952,0.0359,0.6479,0.7286,-0.0807,170.8,57.56,2.968,38.15,51.65,-35.385,6.51601,2.972763,54.378
centerpoint,nuscenes,scene-0103,10,1,3,43,0.1867,0.1867,0.0,0.4268,0.4268,0.0,170.71,175.21,0.974,36.495,37.1,-1.658,6.230035,6.50035,-4.339
centerpoint,nuscenes,scene-0103,11,0,3,43,0.1212,0.1067,0.0145,0.567,0.5718,-0.0049,176.18,59.59,2.957,37.652,48.243,-28.127,6.633661,2.874814,56.663
centerpoint,nuscenes,scene-0103,12,0,3,44,0.1622,0.1667,-0.0045,0.4936,0.4712,0.0224,186.58,58.14,3.209,38.194,50.417,-32.0,7.126342,2.931012,58.871
centerpoint,nuscenes,scene-0103,13,0,3,44,0.1867,0.169,0.0177,0.6256,0.6431,-0.0175,171.4,59.81,2.866,39.314,49.364,-25.563,6.738211,2.952339,56.185
centerpoint,nuscenes,scene-0103,14,0,3,44,0.2162,0.2133,0.0029,0.6102,0.5592,0.051,170.25,63.06,2.7,39.186,48.928,-24.859,6.671367,3.08542,53.751
centerpoint,nuscenes,scene-0103,15,1,3,49,0.1867,0.1867,0.0,0.6533,0.6533,0.0,172.3,174.74,0.986,38.469,37.179,3.354,6.628247,6.496742,1.984
centerpoint,nuscenes,scene-0103,16,0,3,49,0.2432,0.1739,0.0693,0.5635,0.6735,-0.1099,182.55,60.36,3.025,38.339,49.272,-28.518,6.998663,2.973802,57.509
centerpoint,nuscenes,scene-0103,17,0,3,48,0.2118,0.2338,-0.022,0.68,0.6009,0.0791,172.94,61.05,2.833,37.616,49.42,-31.381,6.505391,3.016938,53.624
centerpoint,nuscenes,scene-0103,18,0,3,48,0.1875,0.2062,-0.0187,0.6902,0.6495,0.0407,174.14,59.02,2.951,38.997,50.822,-30.321,6.791009,2.999392,55.833
centerpoint,nuscenes,scene-0103,19,0,3,48,0.1839,0.1957,-0.0117,0.7777,0.7391,0.0387,177.73,58.45,3.041,37.839,49.71,-31.372,6.725156,2.905342,56.799
centerpoint,nuscenes,scene-0103,20,1,3,48,0.2273,0.2273,0.0,0.7004,0.7004,0.0,176.31,176.18,1.001,37.588,36.031,4.141,6.627004,6.34793,4.211
centerpoint,nuscenes,scene-0103,21,0,3,48,0.2174,0.1875,0.0299,0.7119,0.6588,0.0531,173.6,60.01,2.893,37.314,48.512,-30.012,6.477612,2.911179,55.058
centerpoint,nuscenes,scene-0103,22,0,3,47,0.2391,0.2326,0.0066,0.6888,0.7178,-0.0289,172.99,59.42,2.911,37.685,49.023,-30.087,6.519125,2.91295,55.317
centerpoint,nuscenes,scene-0103,23,0,3,47,0.2424,0.2268,0.0156,0.6629,0.7047,-0.0418,170.18,61.63,2.762,38.547,46.469,-20.551,6.560046,2.86369,56.346
centerpoint,nuscenes,scene-0103,24,0,3,47,0.2651,0.2045,0.0605,0.6934,0.6725,0.0209,172.3,58.26,2.957,38.057,50.628,-33.032,6.5571,2.949562,55.017
centerpoint,nuscenes,scene-0103,25,1,3,43,0.2821,0.2821,0.0,0.6719,0.6719,0.0,175.38,176.39,0.994,39.083,37.228,4.745,6.85448,6.566855,4.196
centerpoint,nuscenes,scene-0103,26,0,3,43,0.3188,0.2338,0.0851,0.6532,0.7041,-0.0509,181.1,60.23,3.007,38.541,49.773,-29.142,6.979939,2.998043,57.048
centerpoint,nuscenes,scene-0103,27,0,3,44,0.2105,0.1842,0.0263,0.742,0.6692,0.0728,176.46,56.67,3.114,36.946,50.505,-36.7,6.519387,2.862369,56.095
centerpoint,nuscenes,scene-0103,28,0,3,44,0.2,0.2162,-0.0162,0.7026,0.6251,0.0775,173.99,61.81,2.815,37.418,49.581,-32.508,6.510344,3.064488,52.929
centerpoint,nuscenes,scene-0103,29,0,3,44,0.2353,0.2466,-0.0113,0.7206,0.7091,0.0115,179.74,58.53,3.071,39.065,49.149,-25.816,7.02145,2.876761,59.029
centerpoint,nuscenes,scene-0103,30,1,3,46,0.2895,0.2895,0.0,0.6474,0.6474,0.0,180.66,175.78,1.028,35.337,36.972,-4.627,6.384066,6.498835,-1.798
centerpoint,nuscenes,scene-0103,31,0,3,46,0.2432,0.2466,-0.0033,0.6367,0.6157,0.021,174.49,60.34,2.892,37.395,48.604,-29.974,6.525071,2.932807,55.053
centerpoint,nuscenes,scene-0103,32,0,3,47,0.3014,0.2778,0.0236,0.6275,0.59,0.0374,173.58,58.11,2.987,39.74,48.453,-21.925,6.898061,2.815494,59.184
centerpoint,nuscenes,scene-0103,33,0,3,47,0.3077,0.3143,-0.0066,0.6342,0.6047,0.0295,176.55,58.34,3.026,38.364,49.601,-29.292,6.773126,2.893798,57.275
centerpoint,nuscenes,scene-0103,34,0,3,48,0.3117,0.3077,0.004,0.5633,0.5656,-0.0023,178.65,58.72,3.042,39.879,50.944,-27.745,7.124341,2.99133,58.013
centerpoint,nuscenes,scene-0103,35,1,3,48,0.2683,0.2683,0.0,0.6486,0.6486,0.0,179.42,176.37,1.017,39.437,37.78,4.203,7.075632,6.663066,5.831
centerpoint,nuscenes,scene-0103,36,0,3,48,0.2133,0.2133,0.0,0.6832,0.6562,0.027,180.29,62.63,2.878,40.147,48.168,-19.978,7.238124,3.016976,58.318
centerpoint,nuscenes,scene-0103,37,0,3,47,0.2,0.1818,0.0182,0.7036,0.7256,-0.0219,187.13,60.5,3.093,38.768,50.31,-29.771,7.254467,3.04395,58.04
centerpoint,nuscenes,scene-0103,38,0,3,47,0.2222,0.2118,0.0105,0.7194,0.6929,0.0265,173.03,58.86,2.94,37.618,53.806,-43.032,6.509207,3.167072,51.345
centerpoint,nuscenes,scene-0103,39,0,3,52,0.2273,0.2444,-0.0172,0.6674,0.6181,0.0493,173.4,56.07,3.092,37.352,49.397,-32.247,6.476859,2.769877,57.234
centerpoint,nuscenes,scene-0103,40,1,3,52,0.2022,0.2022,0.0,0.6198,0.6198,0.0,171.71,173.82,0.988,36.652,36.752,-0.273,6.293498,6.388248,-1.506
centerpoint,nuscenes,scene-0103,41,0,3,52,0.2198,0.2651,-0.0453,0.6338,0.6019,0.032,178.64,58.7,3.043,37.685,49.676,-31.82,6.732071,2.915913,56.686
centerpoint,nuscenes,scene-0103,42,0,3,53,0.25,0.2727,-0.0227,0.6144,0.6315,-0.0171,173.56,54.71,3.172,37.68,52.198,-38.533,6.539682,2.85583,56.331
centerpoint,nuscenes,scene-0103,43,0,3,53,0.2581,0.2759,-0.0178,0.6454,0.596,0.0494,189.28,58.04,3.261,36.344,47.44,-30.532,6.879226,2.753463,59.974
centerpoint,nuscenes,scene-0103,44,0,3,55,0.2947,0.2418,0.053,0.5906,0.6103,-0.0198,171.41,58.17,2.947,37.537,50.067,-33.379,6.43438,2.912143,54.741
centerpoint,nuscenes,scene-0103,45,1,3,55,0.2889,0.2889,0.0,0.6454,0.6454,0.0,170.74,172.88,0.988,37.158,37.895,-1.984,6.344295,6.551327,-3.263
centerpoint,nuscenes,scene-0103,46,0,3,55,0.2979,0.3261,-0.0282,0.6589,0.6355,0.0234,174.86,58.7,2.979,38.956,47.458,-21.824,6.811814,2.785728,59.104
centerpoint,nuscenes,scene-0103,47,0,3,59,0.2828,0.3158,-0.033,0.6643,0.6394,0.0249,174.76,57.01,3.065,37.218,51.125,-37.367,6.504109,2.914648,55.188
centerpoint,nuscenes,scene-0103,48,0,3,59,0.3191,0.3488,-0.0297,0.6318,0.6129,0.0189,175.69,57.23,3.07,36.785,48.691,-32.369,6.46279,2.786684,56.881
centerpoint,nuscenes,scene-0103,49,0,3,60,0.3077,0.2609,0.0468,0.6132,0.6588,-0.0455,174.7,61.71,2.831,38.009,47.641,-25.341,6.640094,2.939695,55.728
centerpoint,nuscenes,scene-0103,50,1,3,60,0.2947,0.2947,0.0,0.65,0.65,0.0,178.59,176.81,1.01,37.508,37.051,1.22,6.698439,6.550754,2.205
centerpoint,nuscenes,scene-0103,51,0,3,60,0.2692,0.2857,-0.0165,0.5951,0.5695,0.0256,181.37,58.19,3.117,36.473,51.063,-40.003,6.614934,2.971483,55.079
centerpoint,nuscenes,scene-0103,52,0,3,61,0.3158,0.3368,-0.0211,0.6448,0.5938,0.051,173.24,59.33,2.92,39.343,47.9,-21.748,6.815935,2.841927,58.305
centerpoint,nuscenes,scene-0103,53,0,3,61,0.3137,0.3107,0.003,0.6222,0.6271,-0.0049,178.56,57.92,3.083,37.42,50.331,-34.504,6.681703,2.915085,56.372
centerpoint,nuscenes,scene-0103,54,0,3,61,0.3462,0.3404,0.0057,0.6034,0.6349,-0.0315,172.18,61.92,2.781,37.647,51.622,-37.124,6.482101,3.196255,50.691
centerpoint,nuscenes,scene-0103,55,1,3,61,0.3579,0.3579,0.0,0.6472,0.6472,0.0,174.88,222.2,0.787,36.537,35.47,2.919,6.389465,7.881469,-23.351
centerpoint,nuscenes,scene-0103,56,0,3,61,0.32,0.3366,-0.0166,0.6609,0.6437,0.0172,186.12,67.76,2.747,37.306,46.846,-25.574,6.943359,3.174236,54.284
centerpoint,nuscenes,scene-0103,57,0,3,62,0.3364,0.3119,0.0245,0.6599,0.6323,0.0275,191.54,68.6,2.792,37.572,50.026,-33.146,7.196475,3.43185,52.312
centerpoint,nuscenes,scene-0103,58,0,3,62,0.3462,0.3273,0.0189,0.6521,0.6316,0.0205,187.63,68.03,2.758,37.288,46.405,-24.452,6.996325,3.157093,54.875
centerpoint,nuscenes,scene-0103,59,0,3,63,0.3784,0.339,0.0394,0.5913,0.608,-0.0166,187.52,68.34,2.744,35.916,51.304,-42.845,6.735062,3.505911,47.945
centerpoint,nuscenes,scene-0103,60,1,3,63,0.3717,0.3717,0.0,0.6126,0.6126,0.0,181.85,197.34,0.922,36.09,35.776,0.869,6.562944,7.05987,-7.572
centerpoint,nuscenes,scene-0103,61,0,3,63,0.4151,0.3704,0.0447,0.6321,0.5868,0.0453,209.6,66.85,3.135,37.595,47.767,-27.055,7.879817,3.193409,59.474
centerpoint,nuscenes,scene-0103,62,0,3,63,0.4144,0.4078,0.0066,0.6355,0.6144,0.0211,188.13,69.64,2.701,38.466,46.893,-21.906,7.236796,3.26581,54.872
centerpoint,nuscenes,scene-0103,63,0,3,63,0.4211,0.3925,0.0285,0.6562,0.6594,-0.0032,185.8,75.35,2.466,37.054,48.422,-30.678,6.884769,3.648819,47.002
centerpoint,nuscenes,scene-0103,64,0,3,61,0.4,0.4151,-0.0151,0.6452,0.6098,0.0354,187.81,70.93,2.648,38.139,46.67,-22.37,7.16294,3.310311,53.786
centerpoint,nuscenes,scene-0103,65,1,3,61,0.3894,0.3894,0.0,0.6667,0.6667,0.0,196.27,200.49,0.979,36.419,35.138,3.518,7.148096,7.044764,1.446
centerpoint,nuscenes,scene-0103,66,0,3,61,0.3802,0.4071,-0.0269,0.6635,0.6464,0.0171,191.58,78.99,2.426,36.103,47.906,-32.693,6.916836,3.783922,45.294
centerpoint,nuscenes,scene-0103,67,0,3,62,0.4364,0.4144,0.0219,0.6803,0.6809,-0.0007,191.64,75.47,2.539,37.335,49.285,-32.009,7.154648,3.719737,48.01
centerpoint,nuscenes,scene-0103,68,0,3,62,0.4237,0.4602,-0.0364,0.7252,0.7127,0.0125,189.15,69.69,2.714,36.997,48.229,-30.359,6.997856,3.361009,51.971
centerpoint,nuscenes,scene-0103,69,0,3,61,0.4522,0.4103,0.0419,0.6899,0.6958,-0.0059,188.62,72.01,2.619,36.883,46.682,-26.569,6.956795,3.361693,51.678
centerpoint,nuscenes,scene-0103,70,1,3,61,0.3966,0.3966,0.0,0.7259,0.7259,0.0,191.37,204.46,0.936,37.959,35.737,5.852,7.264185,7.306777,-0.586
centerpoint,nuscenes,scene-0103,71,0,3,61,0.4425,0.4138,0.0287,0.7256,0.7003,0.0253,191.59,79.25,2.418,36.681,47.128,-28.48,7.027631,3.73464,46.858
centerpoint,nuscenes,scene-0103,72,0,3,62,0.4211,0.4348,-0.0137,0.6988,0.6927,0.0061,201.27,80.64,2.496,36.654,43.374,-18.333,7.377385,3.497845,52.587
centerpoint,nuscenes,scene-0103,73,0,3,62,0.4272,0.4528,-0.0256,0.6754,0.6537,0.0217,187.75,74.97,2.504,36.475,49.518,-35.757,6.848114,3.712238,45.792
centerpoint,nuscenes,scene-0103,74,0,3,62,0.4737,0.4505,0.0232,0.6695,0.6938,-0.0243,188.9,71.37,2.647,39.092,46.277,-18.38,7.384514,3.302716,55.275
centerpoint,nuscenes,scene-0103,75,1,3,62,0.521,0.521,0.0,0.6776,0.6776,0.0,189.62,199.73,0.949,36.816,35.699,3.033,6.981153,7.130176,-2.135
centerpoint,nuscenes,scene-0103,76,0,3,62,0.5082,0.48,0.0282,0.669,0.6868,-0.0179,189.9,74.4,2.552,37.528,49.892,-32.947,7.126572,3.712079,47.912
centerpoint,nuscenes,scene-0103,77,0,3,55,0.5357,0.5357,0.0,0.6701,0.6712,-0.0011,188.66,73.23,2.576,37.748,46.507,-23.201,7.121516,3.405537,52.18
centerpoint,nuscenes,scene-0103,78,0,3,55,0.5536,0.5849,-0.0313,0.6639,0.6582,0.0057,199.26,75.94,2.624,39.334,46.66,-18.625,7.83759,3.543322,54.791
centerpoint,nuscenes,scene-0103,79,0,3,56,0.5138,0.5143,-0.0005,0.6654,0.6933,-0.0278,192.97,77.78,2.481,37.171,43.802,-17.84,7.172976,3.406952,52.503
centerpoint,nuscenes,scene-0103,80,1,3,56,0.5094,0.5094,0.0,0.693,0.693,0.0,186.28,204.47,0.911,36.131,36.51,-1.05,6.730509,7.465392,-10.919
centerpoint,nuscenes,scene-0103,81,0,3,56,0.5,0.4865,0.0135,0.6897,0.6622,0.0276,187.87,77.13,2.436,37.873,45.609,-20.425,7.115231,3.51776,50.56
centerpoint,nuscenes,scene-0103,82,0,3,56,0.5,0.4821,0.0179,0.6919,0.6807,0.0112,185.18,71.89,2.576,37.046,45.878,-23.841,6.860104,3.297968,51.925
centerpoint,nuscenes,scene-0103,83,0,3,56,0.549,0.5769,-0.0279,0.6649,0.632,0.0329,183.07,69.66,2.628,38.226,49.902,-30.543,6.998117,3.476054,50.329
centerpoint,nuscenes,scene-0103,84,0,3,57,0.4854,0.5294,-0.044,0.6874,0.6599,0.0275,184.34,70.51,2.614,36.765,47.418,-28.978,6.777092,3.343291,50.668
centerpoint,nuscenes,scene-0103,85,1,3,57,0.4902,0.4902,0.0,0.6654,0.6654,0.0,181.93,198.38,0.917,37.153,35.508,4.428,6.759171,7.044277,-4.218
centerpoint,nuscenes,scene-0103,86,0,3,57,0.5,0.4954,0.0046,0.6755,0.6599,0.0156,186.1,70.16,2.653,37.872,45.05,-18.953,7.047897,3.160594,55.156
centerpoint,nuscenes,scene-0103,87,0,3,53,0.5263,0.5102,0.0161,0.6831,0.6656,0.0175,179.39,75.38,2.38,38.071,44.906,-17.955,6.829557,3.385178,50.433
centerpoint,nuscenes,scene-0103,88,0,3,53,0.4706,0.4717,-0.0011,0.6752,0.6517,0.0235,185.3,66.79,2.774,36.799,49.032,-33.244,6.818678,3.274876,51.972
centerpoint,nuscenes,scene-0103,89,0,3,54,0.5745,0.5532,0.0213,0.6769,0.6764,0.0005,208.69,72.86,2.864,36.12,45.681,-26.468,7.538091,3.328391,55.846
centerpoint,nuscenes,scene-0103,90,1,3,54,0.5743,0.5743,0.0,0.6683,0.6683,0.0,182.18,193.46,0.942,37.983,35.391,6.823,6.919587,6.846981,1.049
centerpoint,nuscenes,scene-0103,91,0,3,54,0.5,0.5208,-0.0208,0.6489,0.6193,0.0296,180.84,66.08,2.737,38.053,48.536,-27.547,6.881755,3.207358,53.393
centerpoint,nuscenes,scene-0103,92,0,3,48,0.5,0.4471,0.0529,0.7029,0.6686,0.0343,179.96,65.22,2.759,37.227,47.361,-27.221,6.699319,3.089081,53.89
centerpoint,nuscenes,scene-0103,93,0,3,48,0.4944,0.4719,0.0225,0.6081,0.6429,-0.0348,186.68,68.79,2.714,36.481,46.137,-26.468,6.810151,3.173956,53.394
centerpoint,nuscenes,scene-0103,94,0,3,43,0.4819,0.4651,0.0168,0.6989,0.6622,0.0367,186.87,67.47,2.769,36.845,48.078,-30.488,6.885078,3.244,52.884
centerpoint,nuscenes,scene-0103,95,1,3,43,0.4384,0.4384,0.0,0.7043,0.7043,0.0,206.22,192.59,1.071,37.583,35.74,4.905,7.750543,6.883265,11.19
centerpoint,nuscenes,scene-0103,96,0,3,43,0.5526,0.4337,0.1189,0.6888,0.6828,0.006,179.45,64.89,2.765,37.918,47.237,-24.577,6.804369,3.06517,54.953
centerpoint,nuscenes,scene-0553,0,1,3,43,0.1739,0.1739,0.0,0.682,0.682,0.0,129.82,150.78,0.861,38.359,36.715,4.284,4.979608,5.535827,-11.17
centerpoint,nuscenes,scene-0553,1,0,3,43,0.1515,0.1562,-0.0047,0.7367,0.7023,0.0344,183.88,68.84,2.671,37.341,47.349,-26.8,6.866114,3.259263,52.531
centerpoint,nuscenes,scene-0553,2,0,3,45,0.1389,0.1918,-0.0529,0.6997,0.6193,0.0804,177.06,68.28,2.593,38.158,47.113,-23.467,6.756364,3.216836,52.388
centerpoint,nuscenes,scene-0553,3,0,3,45,0.1972,0.2029,-0.0057,0.7076,0.7,0.0076,176.46,75.3,2.343,37.813,43.599,-15.3,6.672614,3.283078,50.798
centerpoint,nuscenes,scene-0553,4,0,3,45,0.2,0.2,0.0,0.7091,0.7169,-0.0078,187.11,68.43,2.734,36.328,44.519,-22.547,6.797501,3.04636,55.184
centerpoint,nuscenes,scene-0553,5,1,3,45,0.2432,0.2432,0.0,0.6564,0.6564,0.0,179.05,215.39,0.831,38.593,35.399,8.276,6.910045,7.624456,-10.339
centerpoint,nuscenes,scene-0553,6,0,3,45,0.1867,0.2162,-0.0295,0.663,0.6813,-0.0183,183.41,75.15,2.441,36.186,46.062,-27.295,6.636927,3.461643,47.843
centerpoint,nuscenes,scene-0553,7,0,3,45,0.2105,0.1918,0.0187,0.6264,0.6626,-0.0362,183.78,73.27,2.508,37.444,45.781,-22.266,6.881222,3.354195,51.256
centerpoint,nuscenes,scene-0553,8,0,3,45,0.2133,0.1892,0.0241,0.6485,0.6874,-0.0389,176.54,72.66,2.43,36.148,42.421,-17.354,6.381452,3.082384,51.698
centerpoint,nuscenes,scene-0553,9,0,3,45,0.2222,0.2,0.0222,0.6412,0.6911,-0.0499,181.19,71.08,2.549,35.921,43.055,-19.86,6.508515,3.060192,52.982
centerpoint,nuscenes,scene-0553,10,1,3,45,0.2,0.2,0.0,0.6815,0.6815,0.0,185.49,196.41,0.944,35.769,35.735,0.094,6.634833,7.018686,-5.785
centerpoint,nuscenes,scene-0553,11,0,3,45,0.1842,0.2,-0.0158,0.7089,0.7197,-0.0108,213.77,77.38,2.763,35.344,45.482,-28.684,7.555657,3.519299,53.422
centerpoint,nuscenes,scene-0553,12,0,3,46,0.1918,0.1918,0.0,0.7431,0.6924,0.0507,188.54,77.76,2.425,36.851,44.02,-19.454,6.947727,3.4231,50.731
centerpoint,nuscenes,scene-0553,13,0,3,46,0.1644,0.1644,0.0,0.7702,0.7698,0.0004,187.05,73.83,2.534,36.625,47.433,-29.508,6.850627,3.501726,48.885
centerpoint,nuscenes,scene-0553,14,0,3,46,0.1714,0.1667,0.0048,0.7748,0.7593,0.0155,178.34,73.48,2.427,35.479,46.38,-30.728,6.327407,3.40806,46.138
centerpoint,nuscenes,scene-0553,15,1,3,47,0.1944,0.1944,0.0,0.6985,0.6985,0.0,185.86,195.53,0.951,37.187,36.001,3.189,6.911445,7.039487,-1.853
centerpoint,nuscenes,scene-0553,16,0,3,47,0.1972,0.2,-0.0028,0.6981,0.7139,-0.0158,173.33,69.4,2.497,36.802,46.579,-26.567,6.378725,3.232753,49.32
centerpoint,nuscenes,scene-0553,17,0,3,49,0.1558,0.1795,-0.0236,0.758,0.7683,-0.0103,192.52,66.11,2.912,36.045,46.75,-29.698,6.939458,3.090742,55.461
centerpoint,nuscenes,scene-0553,18,0,3,49,0.175,0.2105,-0.0355,0.6592,0.6918,-0.0326,184.96,66.95,2.763,36.56,43.889,-20.046,6.762048,2.93843,56.545
centerpoint,nuscenes,scene-0553,19,0,3,49,0.1772,0.1795,-0.0023,0.7492,0.7424,0.0068,176.55,63.92,2.762,37.332,47.141,-26.277,6.5909,3.013479,54.278
centerpoint,nuscenes,scene-0553,20,1,3,49,0.1728,0.1728,0.0,0.7286,0.7286,0.0,175.29,192.7,0.91,37.097,36.784,0.845,6.5029,7.088132,-9.0
centerpoint,nuscenes,scene-0553,21,0,3,49,0.1842,0.1772,0.007,0.7451,0.6803,0.0648,183.36,72.45,2.531,36.513,45.709,-25.183,6.694969,3.311696,50.535
centerpoint,nuscenes,scene-0553,22,0,3,50,0.1707,0.2143,-0.0436,0.7458,0.6271,0.1188,183.72,75.67,2.428,37.207,42.722,-14.823,6.835599,3.232798,52.706
centerpoint,nuscenes,scene-0553,23,0,3,50,0.1795,0.1728,0.0066,0.7467,0.7686,-0.0219,178.17,68.15,2.615,39.032,45.563,-16.732,6.95447,3.104949,55.353
centerpoint,nuscenes,scene-0553,24,0,3,50,0.2278,0.2025,0.0253,0.6074,0.6809,-0.0735,178.95,68.04,2.63,36.061,46.178,-28.055,6.453116,3.141984,51.311
centerpoint,nuscenes,scene-0553,25,1,3,50,0.2051,0.2051,0.0,0.6701,0.6701,0.0,180.52,191.48,0.943,39.587,36.209,8.533,7.146286,6.933386,2.979
centerpoint,nuscenes,scene-0553,26,0,3,50,0.1538,0.1429,0.011,0.7261,0.7352,-0.0092,182.43,73.3,2.489,36.697,48.826,-33.052,6.694737,3.579029,46.54
centerpoint,nuscenes,scene-0553,27,0,3,50,0.1905,0.15,0.0405,0.6945,0.6889,0.0056,181.65,72.05,2.521,36.471,47.293,-29.671,6.625114,3.407614,48.565
centerpoint,nuscenes,scene-0553,28,0,3,50,0.2143,0.225,-0.0107,0.7161,0.702,0.014,177.06,73.73,2.402,35.486,44.984,-26.766,6.283188,3.316614,47.214
centerpoint,nuscenes,scene-0553,29,0,3,50,0.2326,0.2278,0.0047,0.6682,0.6387,0.0295,183.95,70.36,2.614,38.078,44.545,-16.982,7.004308,3.134002,55.256
centerpoint,nuscenes,scene-0553,30,1,3,50,0.175,0.175,0.0,0.697,0.697,0.0,175.43,192.81,0.91,37.307,36.291,2.724,6.544659,6.997142,-6.914
centerpoint,nuscenes,scene-0553,31,0,3,50,0.1687,0.2025,-0.0339,0.6776,0.6829,-0.0053,185.01,72.18,2.563,37.936,42.99,-13.322,7.018581,3.103008,55.789
centerpoint,nuscenes,scene-0553,32,0,3,51,0.2683,0.2278,0.0404,0.699,0.6692,0.0298,181.34,69.85,2.596,37.231,45.537,-22.308,6.751682,3.18053,52.893
centerpoint,nuscenes,scene-0553,33,0,3,51,0.2338,0.2338,0.0,0.7218,0.7051,0.0166,183.86,69.63,2.641,38.01,44.377,-16.749,6.98865,3.089748,55.789
centerpoint,nuscenes,scene-0553,34,0,3,51,0.1687,0.1975,-0.0289,0.7526,0.713,0.0396,185.28,71.03,2.609,36.772,45.611,-24.036,6.813268,3.239743,52.449
centerpoint,nuscenes,scene-0553,35,1,3,52,0.2532,0.2532,0.0,0.6983,0.6983,0.0,179.58,191.7,0.937,36.161,35.192,2.682,6.493913,6.746189,-3.885
centerpoint,nuscenes,scene-0553,36,0,3,52,0.1772,0.1951,-0.0179,0.7401,0.6821,0.058,180.62,71.23,2.536,37.856,43.957,-16.115,6.837738,3.131114,54.208
centerpoint,nuscenes,scene-0553,37,0,3,51,0.2051,0.1892,0.0159,0.7167,0.6791,0.0376,176.31,67.55,2.61,35.801,44.2,-23.458,6.312227,2.985523,52.703
centerpoint,nuscenes,scene-0553,38,0,3,51,0.1622,0.1408,0.0213,0.773,0.7988,-0.0258,176.02,66.81,2.635,37.877,46.554,-22.907,6.667016,3.110258,53.349
centerpoint,nuscenes,scene-0553,39,0,3,51,0.2078,0.1714,0.0364,0.7244,0.7578,-0.0334,175.28,65.92,2.659,37.204,46.395,-24.705,6.521042,3.058165,53.103
centerpoint,nuscenes,scene-0553,40,1,3,51,0.1842,0.1842,0.0,0.7592,0.7592,0.0,183.43,203.39,0.902,37.95,35.126,7.441,6.961375,7.144122,-2.625
centerpoint,nuscenes,scene-0553,41,0,3,51,0.2597,0.2564,0.0033,0.6859,0.6131,0.0728,179.37,69.25,2.59,36.278,44.372,-22.313,6.506984,3.072783,52.777
centerpoint,nuscenes,scene-0553,42,0,3,51,0.2469,0.175,0.0719,0.7008,0.7524,-0.0516,179.29,70.66,2.537,36.64,45.902,-25.28,6.569257,3.243381,50.628
centerpoint,nuscenes,scene-0553,43,0,3,51,0.2051,0.2025,0.0026,0.6943,0.6322,0.0622,178.85,76.76,2.33,37.231,43.183,-15.987,6.65886,3.314509,50.224
centerpoint,nuscenes,scene-0553,44,0,3,50,0.2222,0.2078,0.0144,0.7007,0.7084,-0.0077,185.62,70.08,2.649,37.535,44.681,-19.037,6.967201,3.131289,55.057
centerpoint,nuscenes,scene-0553,45,1,3,50,0.2222,0.2222,0.0,0.6668,0.6668,0.0,178.95,191.86,0.933,36.433,35.818,1.689,6.519551,6.871866,-5.404
centerpoint,nuscenes,scene-0553,46,0,3,50,0.25,0.2338,0.0162,0.6694,0.659,0.0104,191.09,70.58,2.707,36.365,47.121,-29.577,6.948954,3.325774,52.14
centerpoint,nuscenes,scene-0553,47,0,3,50,0.2254,0.1918,0.0336,0.6799,0.6059,0.074,175.21,67.67,2.589,36.08,47.696,-32.195,6.321455,3.227744,48.94
centerpoint,nuscenes,scene-0553,48,0,3,50,0.1867,0.1892,-0.0025,0.6611,0.6501,0.011,178.57,66.33,2.692,37.521,47.679,-27.074,6.699923,3.162608,52.796
centerpoint,nuscenes,scene-0553,49,0,3,50,0.2133,0.2368,-0.0235,0.6363,0.6047,0.0316,176.53,68.65,2.572,36.364,44.342,-21.941,6.419168,3.043924,52.581
centerpoint,nuscenes,scene-0553,50,1,3,50,0.2051,0.2051,0.0,0.6515,0.6515,0.0,177.35,196.28,0.904,36.492,35.445,2.869,6.471777,6.957399,-7.504
centerpoint,nuscenes,scene-0553,51,0,3,50,0.2222,0.2439,-0.0217,0.6482,0.6052,0.043,176.7,69.71,2.535,38.063,46.779,-22.897,6.725691,3.260841,51.517
centerpoint,nuscenes,scene-0553,52,0,3,50,0.1795,0.25,-0.0705,0.6876,0.6363,0.0512,194.13,70.37,2.759,36.312,43.141,-18.806,7.049048,3.035894,56.932
centerpoint,nuscenes,scene-0553,53,0,3,50,0.2162,0.25,-0.0338,0.7035,0.5649,0.1385,177.42,69.59,2.549,36.467,44.288,-21.446,6.47015,3.082152,52.364
centerpoint,nuscenes,scene-0553,54,0,3,50,0.1918,0.1818,0.01,0.704,0.6337,0.0704,176.59,64.12,2.754,36.371,46.513,-27.883,6.422908,2.982275,53.568
centerpoint,nuscenes,scene-0553,55,1,3,50,0.169,0.169,0.0,0.7577,0.7577,0.0,174.88,191.06,0.915,37.375,36.567,2.162,6.536293,6.986446,-6.887
centerpoint,nuscenes,scene-0553,56,0,3,50,0.1667,0.1067,0.06,0.6251,0.6978,-0.0727,177.19,69.82,2.538,36.83,47.723,-29.575,6.526142,3.332037,48.943
centerpoint,nuscenes,scene-0553,57,0,3,51,0.1918,0.1739,0.0179,0.6089,0.683,-0.0741,177.55,70.71,2.511,36.503,46.212,-26.597,6.481013,3.267892,49.577
centerpoint,nuscenes,scene-0553,58,0,3,51,0.1558,0.1316,0.0243,0.6791,0.6607,0.0184,178.21,66.63,2.675,37.722,43.329,-14.865,6.722255,2.886912,57.054
centerpoint,nuscenes,scene-0553,59,0,3,50,0.1842,0.1429,0.0414,0.6148,0.6546,-0.0398,176.43,66.28,2.662,37.379,46.436,-24.229,6.594801,3.077693,53.332
centerpoint,nuscenes,scene-0553,60,1,3,50,0.1644,0.1644,0.0,0.6414,0.6414,0.0,177.11,191.33,0.926,36.31,36.69,-1.046,6.430702,7.019763,-9.16
centerpoint,nuscenes,scene-0553,61,0,3,49,0.2192,0.1644,0.0548,0.601,0.6033,-0.0024,181.07,73.49,2.464,36.252,44.682,-23.253,6.564336,3.283696,49.977
centerpoint,nuscenes,scene-0553,62,0,3,49,0.1622,0.1846,-0.0225,0.66,0.5989,0.0611,175.84,66.34,2.651,38.243,47.051,-23.03,6.724661,3.12117,53.586
centerpoint,nuscenes,scene-0553,63,0,3,49,0.1449,0.1408,0.0041,0.7428,0.7283,0.0145,176.99,64.77,2.733,36.443,46.901,-28.696,6.450182,3.037901,52.902
centerpoint,nuscenes,scene-0553,64,0,3,50,0.1867,0.16,0.0267,0.652,0.5746,0.0774,190.87,66.68,2.863,36.646,47.392,-29.323,6.994823,3.159993,54.824
centerpoint,nuscenes,scene-0553,65,1,3,50,0.1714,0.1714,0.0,0.7092,0.7092,0.0,178.93,196.28,0.912,36.814,35.874,2.552,6.586985,7.041567,-6.901
centerpoint,nuscenes,scene-0553,66,0,3,49,0.1892,0.1558,0.0333,0.6972,0.7345,-0.0373,178.0,69.2,2.572,37.768,43.572,-15.368,6.72256,3.015326,55.146
centerpoint,nuscenes,scene-0553,67,0,3,49,0.1622,0.16,0.0022,0.6782,0.6357,0.0425,176.88,66.26,2.67,36.641,46.994,-28.255,6.481082,3.113673,51.958
centerpoint,nuscenes,scene-0553,68,0,3,49,0.2,0.2,0.0,0.6834,0.6494,0.034,177.14,65.83,2.691,36.746,44.943,-22.306,6.509081,2.958801,54.543
centerpoint,nuscenes,scene-0553,69,0,3,49,0.1579,0.1842,-0.0263,0.7297,0.667,0.0626,181.84,66.53,2.733,37.548,47.689,-27.008,6.827924,3.172947,53.53
centerpoint,nuscenes,scene-0553,70,1,3,49,0.1667,0.1667,0.0,0.6959,0.6959,0.0,192.82,191.23,1.008,37.141,35.654,4.002,7.161499,6.818188,4.794
centerpoint,nuscenes,scene-0553,71,0,3,49,0.1846,0.1791,0.0055,0.7299,0.6868,0.0431,193.99,78.59,2.469,36.589,45.638,-24.73,7.098055,3.586499,49.472
centerpoint,nuscenes,scene-0553,72,0,3,49,0.1644,0.1714,-0.007,0.7416,0.7125,0.029,178.84,69.71,2.566,37.075,45.369,-22.371,6.630537,3.162464,52.305
centerpoint,nuscenes,scene-0553,73,0,3,49,0.169,0.1429,0.0262,0.6998,0.703,-0.0032,185.31,66.49,2.787,36.064,46.896,-30.036,6.682851,3.117901,53.345
centerpoint,nuscenes,scene-0553,74,0,3,49,0.1739,0.1471,0.0269,0.753,0.668,0.085,176.7,68.46,2.581,39.089,46.203,-18.201,6.907155,3.163168,54.204
centerpoint,nuscenes,scene-0553,75,1,3,49,0.1714,0.1714,0.0,0.7629,0.7629,0.0,174.5,197.27,0.885,37.529,37.059,1.254,6.548882,7.31056,-11.631
centerpoint,nuscenes,scene-0553,76,0,3,48,0.1449,0.1429,0.0021,0.7829,0.7252,0.0578,179.51,71.15,2.523,38.282,45.945,-20.016,6.872208,3.26897,52.432
centerpoint,nuscenes,scene-0553,77,0,3,48,0.1739,0.1159,0.058,0.7048,0.6877,0.0171,185.82,67.98,2.734,38.33,47.815,-24.745,7.122401,3.250303,54.365
centerpoint,nuscenes,scene-0553,78,0,3,48,0.1429,0.127,0.0159,0.7205,0.7254,-0.0049,178.89,70.4,2.541,37.315,45.27,-21.319,6.675421,3.187131,52.256
centerpoint,nuscenes,scene-0553,79,0,3,47,0.1493,0.1493,0.0,0.7333,0.6878,0.0456,179.52,70.22,2.557,36.558,44.93,-22.901,6.562924,3.154794,51.93
centerpoint,nuscenes,scene-0553,80,1,3,47,0.1176,0.1176,0.0,0.7035,0.7035,0.0,176.36,191.77,0.92,37.602,36.492,2.952,6.631632,6.998148,-5.527
centerpoint,nuscenes,scene-0553,81,0,3,47,0.1471,0.127,0.0201,0.6994,0.6693,0.0301,181.1,70.56,2.567,36.979,44.994,-21.674,6.69678,3.174593,52.595
centerpoint,nuscenes,scene-0553,82,0,3,47,0.0833,0.1471,-0.0637,0.8002,0.5976,0.2025,182.1,72.2,2.522,37.447,47.201,-26.049,6.819014,3.407826,50.025
centerpoint,nuscenes,scene-0553,83,0,3,47,0.0937,0.1493,-0.0555,0.8038,0.632,0.1718,179.7,68.74,2.614,37.251,47.55,-27.648,6.694071,3.268708,51.17
centerpoint,nuscenes,scene-0553,84,0,3,44,0.1311,0.125,0.0061,0.7314,0.728,0.0035,185.92,72.94,2.549,37.467,46.501,-24.114,6.965974,3.391697,51.311
centerpoint,nuscenes,scene-0553,85,1,3,44,0.1493,0.1493,0.0,0.694,0.694,0.0,187.75,195.91,0.958,37.301,36.221,2.896,7.003406,7.09618,-1.325
centerpoint,nuscenes,scene-0553,86,0,3,43,0.1493,0.1587,-0.0095,0.6613,0.6864,-0.0252,179.27,71.46,2.509,37.559,44.333,-18.037,6.733279,3.167856,52.952
centerpoint,nuscenes,scene-0553,87,0,3,43,0.1379,0.1818,-0.0439,0.6843,0.6316,0.0527,187.73,69.59,2.698,36.812,45.32,-23.113,6.910555,3.153781,54.363
centerpoint,nuscenes,scene-0553,88,0,3,43,0.0937,0.0952,-0.0015,0.7395,0.7523,-0.0128,178.23,73.29,2.432,37.616,43.313,-15.146,6.704111,3.174523,52.648
centerpoint,nuscenes,scene-0553,89,0,3,43,0.0968,0.0937,0.003,0.8066,0.809,-0.0024,181.36,69.5,2.609,36.486,43.435,-19.047,6.616911,3.018702,54.379
centerpoint,nuscenes,scene-0553,90,1,3,43,0.1111,0.1111,0.0,0.7979,0.7979,0.0,177.93,195.02,0.912,38.109,35.955,5.653,6.780672,7.011839,-3.409
centerpoint,nuscenes,scene-0553,91,0,3,42,0.0952,0.0984,-0.0031,0.799,0.8059,-0.007,182.8,72.91,2.507,37.647,43.353,-15.155,6.881929,3.161044,54.067
centerpoint,nuscenes,scene-0553,92,0,3,42,0.0984,0.1034,-0.0051,0.8019,0.7942,0.0076,180.44,68.04,2.652,39.469,47.303,-19.848,7.121834,3.218724,54.805
centerpoint,nuscenes,scene-0553,93,0,3,42,0.1017,0.0984,0.0033,0.7594,0.7485,0.0109,183.55,66.59,2.757,38.244,46.761,-22.27,7.01992,3.113661,55.645
centerpoint,nuscenes,scene-0553,94,0,3,41,0.0984,0.1053,-0.0069,0.7357,0.7492,-0.0135,176.25,77.44,2.276,36.53,43.145,-18.109,6.43845,3.341044,48.108
centerpoint,nuscenes,scene-0553,95,1,3,41,0.1111,0.1111,0.0,0.799,0.799,0.0,179.82,193.79,0.928,37.73,34.774,7.835,6.784525,6.738656,0.676
centerpoint,nuscenes,scene-0553,96,0,3,41,0.1333,0.0984,0.035,0.7115,0.8059,-0.0945,178.77,69.61,2.568,36.376,47.23,-29.838,6.503004,3.287681,49.444
centerpoint,nuscenes,scene-0553,97,0,3,40,0.1333,0.1455,-0.0121,0.7775,0.7555,0.022,178.72,66.17,2.701,38.188,46.111,-20.747,6.824993,3.051378,55.291
centerpoint,nuscenes,scene-0553,98,0,3,40,0.1379,0.1404,-0.0024,0.7599,0.7581,0.0018,176.85,73.56,2.404,37.123,43.911,-18.285,6.565414,3.230073,50.802
centerpoint,nuscenes,scene-0655,0,1,3,37,0.56,0.56,0.0,0.7363,0.7363,0.0,141.46,159.34,0.888,37.79,38.175,-1.017,5.345774,6.082894,-13.789
centerpoint,nuscenes,scene-0655,1,0,3,37,0.5974,0.5974,0.0,0.7118,0.7212,-0.0094,191.25,73.7,2.595,38.992,44.446,-13.988,7.457376,3.275582,56.076
centerpoint,nuscenes,scene-0655,2,0,3,37,0.5679,0.6024,-0.0345,0.7354,0.717,0.0184,196.14,69.47,2.823,38.534,46.317,-20.198,7.557992,3.217502,57.429
centerpoint,nuscenes,scene-0655,3,0,3,42,0.6,0.5783,0.0217,0.6817,0.7106,-0.0289,186.94,70.01,2.67,38.392,45.204,-17.743,7.177073,3.164794,55.904
centerpoint,nuscenes,scene-0655,4,0,3,42,0.6154,0.625,-0.0096,0.7159,0.6827,0.0331,189.87,70.1,2.708,38.568,45.361,-17.615,7.32279,3.179942,56.575
centerpoint,nuscenes,scene-0655,5,1,3,44,0.6329,0.6329,0.0,0.7378,0.7378,0.0,187.61,194.15,0.966,37.148,36.952,0.529,6.969429,7.17412,-2.937
centerpoint,nuscenes,scene-0655,6,0,3,44,0.6173,0.6098,0.0075,0.741,0.7359,0.0051,188.26,64.22,2.932,38.427,47.211,-22.859,7.234393,3.031792,58.092
centerpoint,nuscenes,scene-0655,7,0,3,54,0.6022,0.587,0.0152,0.7242,0.7189,0.0052,185.94,67.46,2.756,37.513,47.917,-27.734,6.975084,3.232355,53.659
centerpoint,nuscenes,scene-0655,8,0,3,54,0.6061,0.6019,0.0041,0.6559,0.6534,0.0025,184.1,68.56,2.685,38.812,47.868,-23.335,7.145113,3.281842,54.069
centerpoint,nuscenes,scene-0655,9,0,3,54,0.5714,0.6061,-0.0346,0.6925,0.6953,-0.0028,194.05,67.08,2.893,38.682,46.614,-20.507,7.506086,3.12687,58.342
centerpoint,nuscenes,scene-0655,10,1,3,60,0.6667,0.6667,0.0,0.6792,0.6792,0.0,184.32,197.11,0.935,37.776,35.659,5.605,6.962929,7.028616,-0.943
centerpoint,nuscenes,scene-0655,11,0,3,60,0.6729,0.6286,0.0443,0.6489,0.6979,-0.0489,187.72,71.51,2.625,36.532,48.454,-32.633,6.857714,3.464755,49.477
centerpoint,nuscenes,scene-0655,12,0,3,61,0.5926,0.6071,-0.0146,0.6923,0.7074,-0.0151,189.1,69.71,2.713,38.177,49.709,-30.207,7.219149,3.465216,52.0
centerpoint,nuscenes,scene-0655,13,0,3,61,0.6486,0.614,0.0346,0.7107,0.7227,-0.0119,188.24,66.14,2.846,36.894,45.453,-23.201,6.944691,3.006451,56.709
centerpoint,nuscenes,scene-0655,14,0,3,58,0.6306,0.6296,0.001,0.7069,0.695,0.0119,185.22,72.34,2.561,37.427,44.682,-19.384,6.93243,3.232192,53.376
centerpoint,nuscenes,scene-0655,15,1,3,58,0.5794,0.5794,0.0,0.7235,0.7235,0.0,203.62,199.88,1.019,36.665,36.499,0.454,7.465885,7.295283,2.285
centerpoint,nuscenes,scene-0655,16,0,3,61,0.6325,0.6116,0.0209,0.7167,0.7278,-0.0111,189.89,71.21,2.667,36.35,44.496,-22.412,6.902605,3.168554,54.096
centerpoint,nuscenes,scene-0655,17,0,3,61,0.6126,0.6549,-0.0423,0.722,0.7165,0.0055,186.52,69.4,2.687,37.818,46.683,-23.44,7.053803,3.239949,54.068
centerpoint,nuscenes,scene-0655,18,0,3,61,0.6604,0.6549,0.0055,0.7456,0.7392,0.0064,185.97,66.69,2.789,38.165,50.377,-32.0,7.097582,3.359575,52.666
centerpoint,nuscenes,scene-0655,19,0,3,62,0.6667,0.6729,-0.0062,0.7236,0.7331,-0.0095,183.52,67.99,2.699,36.775,47.962,-30.42,6.74907,3.260997,51.682
centerpoint,nuscenes,scene-0655,20,1,3,62,0.6545,0.6545,0.0,0.7313,0.7313,0.0,187.76,200.67,0.936,37.426,35.644,4.763,7.027041,7.152679,-1.788
centerpoint,nuscenes,scene-0655,21,0,3,62,0.7037,0.6789,0.0248,0.7098,0.724,-0.0142,181.94,63.19,2.879,37.455,47.023,-25.546,6.814599,2.971311,56.398
centerpoint,nuscenes,scene-0655,22,0,3,62,0.6607,0.6549,0.0058,0.7223,0.7227,-0.0004,182.28,64.99,2.805,37.666,47.764,-26.81,6.865712,3.104345,54.785
centerpoint,nuscenes,scene-0655,23,0,3,62,0.6207,0.6545,-0.0339,0.738,0.7414,-0.0035,183.73,66.95,2.744,37.429,49.815,-33.092,6.876874,3.335306,51.5
centerpoint,nuscenes,scene-0655,24,0,3,61,0.6786,0.708,-0.0294,0.7256,0.6996,0.026,185.59,68.55,2.707,40.268,45.973,-14.168,7.473149,3.151464,57.83
centerpoint,nuscenes,scene-0655,25,1,3,61,0.6847,0.6847,0.0,0.7135,0.7135,0.0,185.19,199.23,0.93,36.922,35.883,2.813,6.837569,7.148857,-4.553
centerpoint,nuscenes,scene-0655,26,0,3,61,0.6441,0.6491,-0.0051,0.7118,0.7459,-0.0341,193.34,68.26,2.832,36.71,48.834,-33.026,7.097461,3.333615,53.031
centerpoint,nuscenes,scene-0655,27,0,3,61,0.65,0.6154,0.0346,0.6975,0.6994,-0.0019,183.56,64.51,2.846,36.706,47.828,-30.302,6.737737,3.085329,54.208
centerpoint,nuscenes,scene-0655,28,0,3,61,0.6126,0.5946,0.018,0.7101,0.7107,-0.0006,182.71,65.35,2.796,37.833,48.129,-27.214,6.912557,3.145311,54.499
centerpoint,nuscenes,scene-0655,29,0,3,59,0.5688,0.5472,0.0216,0.7008,0.7001,0.0007,186.28,72.1,2.583,35.741,44.399,-24.222,6.657808,3.201298,51.917
centerpoint,nuscenes,scene-0655,30,1,3,59,0.5789,0.5789,0.0,0.7281,0.7281,0.0,189.63,200.82,0.944,38.064,36.696,3.592,7.218094,7.369499,-2.098
centerpoint,nuscenes,scene-0655,31,0,3,56,0.58,0.5631,0.0169,0.7231,0.7277,-0.0046,188.13,67.65,2.781,36.872,47.098,-27.734,6.936529,3.186101,54.068
centerpoint,nuscenes,scene-0655,32,0,3,56,0.58,0.56,0.02,0.7125,0.7145,-0.002,206.6,75.26,2.745,35.726,46.438,-29.984,7.380952,3.494788,52.651
centerpoint,nuscenes,scene-0655,33,0,3,56,0.5686,0.5743,-0.0056,0.7238,0.7256,-0.0018,185.98,66.06,2.815,38.279,46.302,-20.958,7.119204,3.058852,57.034
centerpoint,nuscenes,scene-0655,34,0,3,55,0.6154,0.6087,0.0067,0.7508,0.7448,0.0061,181.45,68.29,2.657,36.837,46.25,-25.553,6.684166,3.158491,52.747
centerpoint,nuscenes,scene-0655,35,1,3,55,0.6042,0.6042,0.0,0.7493,0.7493,0.0,182.28,198.71,0.917,37.21,35.16,5.511,6.782616,6.986438,-3.005
centerpoint,nuscenes,scene-0655,36,0,3,55,0.5825,0.5741,0.0085,0.7321,0.7188,0.0133,183.43,69.97,2.621,37.114,45.23,-21.866,6.807686,3.164927,53.51
centerpoint,nuscenes,scene-0655,37,0,3,55,0.6122,0.6,0.0122,0.7141,0.7008,0.0133,185.75,67.8,2.74,36.766,45.964,-25.018,6.829147,3.116355,54.367
centerpoint,nuscenes,scene-0655,38,0,3,55,0.6535,0.6122,0.0412,0.7242,0.7428,-0.0186,202.87,71.68,2.83,37.47,46.674,-24.565,7.601469,3.345633,55.987
centerpoint,nuscenes,scene-0655,39,0,3,56,0.6139,0.5918,0.022,0.7374,0.7584,-0.021,182.75,68.73,2.659,36.744,47.618,-29.595,6.714912,3.272824,51.26
centerpoint,nuscenes,scene-0655,40,1,3,56,0.5631,0.5631,0.0,0.7305,0.7305,0.0,182.13,197.27,0.923,37.083,36.689,1.062,6.75398,7.237677,-7.162
centerpoint,nuscenes,scene-0655,41,0,3,54,0.5918,0.58,0.0118,0.7331,0.7316,0.0015,184.75,69.44,2.661,37.097,46.767,-26.066,6.85356,3.247493,52.616
centerpoint,nuscenes,scene-0655,42,0,3,54,0.5472,0.5714,-0.0243,0.7249,0.7089,0.016,185.07,69.59,2.659,39.081,49.213,-25.927,7.232647,3.424842,52.647
centerpoint,nuscenes,scene-0655,43,0,3,54,0.58,0.5437,0.0363,0.7147,0.727,-0.0123,181.34,69.06,2.626,37.156,47.487,-27.805,6.737824,3.279261,51.331
centerpoint,nuscenes,scene-0655,44,0,3,55,0.5979,0.5833,0.0146,0.6838,0.7215,-0.0377,189.8,70.77,2.682,38.268,45.93,-20.021,7.263175,3.250531,55.246
centerpoint,nuscenes,scene-0655,45,1,3,55,0.5773,0.5773,0.0,0.7198,0.7198,0.0,184.98,197.13,0.938,36.752,35.85,2.453,6.79848,7.067061,-3.951
centerpoint,nuscenes,scene-0655,46,0,3,60,0.5714,0.549,0.0224,0.711,0.7362,-0.0252,187.99,71.39,2.633,37.21,47.474,-27.583,6.995139,3.389015,51.552
centerpoint,nuscenes,scene-0655,47,0,3,60,0.5437,0.5091,0.0346,0.7066,0.7234,-0.0168,185.92,68.77,2.704,37.645,45.398,-20.594,6.99906,3.121962,55.395
centerpoint,nuscenes,scene-0655,48,0,3,60,0.537,0.537,0.0,0.6897,0.6903,-0.0006,182.65,68.27,2.675,38.397,49.53,-28.994,7.013221,3.381489,51.784
centerpoint,nuscenes,scene-0655,49,0,3,62,0.5091,0.5273,-0.0182,0.6923,0.6691,0.0231,183.34,69.23,2.648,36.473,48.051,-31.744,6.687004,3.326735,50.251
centerpoint,nuscenes,scene-0655,50,1,3,62,0.537,0.537,0.0,0.6809,0.6809,0.0,186.12,202.22,0.92,38.477,36.339,5.555,7.161452,7.348746,-2.615
centerpoint,nuscenes,scene-0655,51,0,3,65,0.5688,0.5273,0.0415,0.6965,0.6969,-0.0004,190.46,70.12,2.716,36.517,49.241,-34.843,6.955004,3.452641,50.357
centerpoint,nuscenes,scene-0655,52,0,3,65,0.5981,0.5688,0.0293,0.6423,0.6616,-0.0194,187.73,68.68,2.733,37.389,45.069,-20.541,7.019121,3.095587,55.898
centerpoint,nuscenes,scene-0655,53,0,3,65,0.5217,0.531,-0.0092,0.6823,0.6851,-0.0028,187.08,66.29,2.822,37.287,48.345,-29.657,6.975814,3.204823,54.058
centerpoint,nuscenes,scene-0655,54,0,3,65,0.566,0.5536,0.0125,0.6886,0.681,0.0075,188.36,69.27,2.719,37.931,47.637,-25.587,7.144635,3.299723,53.815
centerpoint,nuscenes,scene-0655,55,1,3,65,0.5614,0.5614,0.0,0.687,0.687,0.0,195.12,203.15,0.96,37.601,36.475,2.995,7.336619,7.409724,-0.996
centerpoint,nuscenes,scene-0655,56,0,3,65,0.566,0.5556,0.0105,0.6373,0.6449,-0.0076,187.02,76.8,2.435,38.323,45.843,-19.624,7.166943,3.520715,50.876
centerpoint,nuscenes,scene-0655,57,0,3,65,0.5299,0.4912,0.0387,0.6563,0.6801,-0.0238,189.08,72.26,2.617,36.607,46.321,-26.537,6.921719,3.347285,51.641
centerpoint,nuscenes,scene-0655,58,0,3,65,0.5565,0.5528,0.0037,0.6886,0.6729,0.0157,187.53,71.42,2.626,37.509,46.979,-25.246,7.033963,3.355395,52.297
centerpoint,nuscenes,scene-0655,59,0,3,66,0.6306,0.5714,0.0592,0.6353,0.6458,-0.0105,189.16,71.63,2.641,37.601,49.551,-31.783,7.112458,3.549246,50.098
centerpoint,nuscenes,scene-0655,60,1,3,66,0.5882,0.5882,0.0,0.6537,0.6537,0.0,187.15,206.61,0.906,38.334,37.17,3.036,7.174173,7.679594,-7.045
centerpoint,nuscenes,scene-0655,61,0,3,71,0.5556,0.5197,0.0359,0.6322,0.6284,0.0037,187.6,70.43,2.664,37.931,44.818,-18.156,7.115956,3.156416,55.643
centerpoint,nuscenes,scene-0655,62,0,3,71,0.5846,0.5397,0.0449,0.5838,0.6198,-0.036,185.58,71.4,2.599,37.237,45.861,-23.162,6.9102,3.274483,52.614
centerpoint,nuscenes,scene-0655,63,0,3,71,0.6142,0.5954,0.0188,0.6365,0.6415,-0.005,185.44,73.0,2.54,38.117,47.022,-23.361,7.068356,3.432524,51.438
centerpoint,nuscenes,scene-0655,64,0,3,71,0.5039,0.4741,0.0299,0.6764,0.6712,0.0052,183.6,71.91,2.553,37.498,44.84,-19.578,6.884698,3.22423,53.168
centerpoint,nuscenes,scene-0655,65,1,3,71,0.5373,0.5373,0.0,0.6468,0.6468,0.0,186.75,204.37,0.914,36.62,35.182,3.926,6.838705,7.190273,-5.141
centerpoint,nuscenes,scene-0655,66,0,3,73,0.5414,0.5271,0.0142,0.6537,0.6401,0.0136,208.61,79.57,2.622,37.061,44.739,-20.717,7.731235,3.559932,53.954
centerpoint,nuscenes,scene-0655,67,0,3,73,0.4885,0.5161,-0.0276,0.6487,0.6179,0.0308,189.54,72.89,2.6,38.116,45.942,-20.531,7.22447,3.348545,53.65
centerpoint,nuscenes,scene-0655,68,0,3,73,0.4516,0.464,-0.0124,0.6668,0.65,0.0168,188.12,69.85,2.693,36.458,47.571,-30.481,6.858529,3.322863,51.551
centerpoint,nuscenes,scene-0655,69,0,3,76,0.406,0.403,0.003,0.6985,0.6829,0.0156,187.2,70.84,2.643,37.007,45.116,-21.911,6.927771,3.195851,53.869
centerpoint,nuscenes,scene-0655,70,1,3,76,0.3582,0.3582,0.0,0.6841,0.6841,0.0,188.51,203.16,0.928,38.013,35.01,7.901,7.165743,7.112632,0.741
centerpoint,nuscenes,scene-0655,71,0,3,66,0.3802,0.3898,-0.0097,0.6635,0.6292,0.0343,192.57,80.12,2.404,38.703,47.051,-21.569,7.453031,3.769692,49.421
centerpoint,nuscenes,scene-0655,72,0,3,66,0.371,0.3636,0.0073,0.6962,0.6848,0.0115,185.85,73.54,2.527,36.576,44.332,-21.205,6.797632,3.260347,52.037
centerpoint,nuscenes,scene-0655,73,0,3,66,0.354,0.3419,0.0121,0.6913,0.6856,0.0058,183.54,77.81,2.359,37.9,46.026,-21.442,6.956206,3.581434,48.515
centerpoint,nuscenes,scene-0655,74,0,3,61,0.2062,0.2083,-0.0021,0.6823,0.661,0.0213,182.28,68.5,2.661,38.55,50.281,-30.431,7.026755,3.444123,50.986
centerpoint,nuscenes,scene-0655,75,1,3,61,0.2366,0.2366,0.0,0.6759,0.6759,0.0,188.02,204.22,0.921,36.99,36.125,2.34,6.954912,7.377422,-6.075
centerpoint,nuscenes,scene-0655,76,0,3,56,0.1905,0.1818,0.0087,0.6803,0.6548,0.0255,191.35,71.51,2.676,37.975,44.415,-16.959,7.26667,3.176122,56.292
centerpoint,nuscenes,scene-0655,77,0,3,56,0.2,0.1205,0.0795,0.6292,0.6876,-0.0584,187.49,75.63,2.479,36.37,46.095,-26.739,6.818911,3.486,48.877
centerpoint,nuscenes,scene-0655,78,0,3,56,0.1558,0.1795,-0.0236,0.7247,0.7321,-0.0074,184.52,71.54,2.579,36.486,44.871,-22.98,6.732667,3.20991,52.323
centerpoint,nuscenes,scene-0655,79,0,3,59,0.1519,0.1266,0.0253,0.6436,0.7008,-0.0572,189.41,69.96,2.708,36.498,45.867,-25.67,6.913185,3.208764,53.585
centerpoint,nuscenes,scene-0655,80,1,3,59,0.2222,0.2222,0.0,0.5391,0.5391,0.0,186.18,198.28,0.939,36.016,34.795,3.388,6.705284,6.899195,-2.892
centerpoint,nuscenes,scene-0655,81,0,3,59,0.2169,0.1928,0.0241,0.5903,0.6206,-0.0303,194.69,74.57,2.611,36.615,45.335,-23.813,7.128643,3.380415,52.58
centerpoint,nuscenes,scene-0655,82,0,3,59,0.1975,0.1667,0.0309,0.6663,0.6971,-0.0308,189.26,74.09,2.555,39.224,44.148,-12.556,7.423594,3.270874,55.939
centerpoint,nuscenes,scene-0655,83,0,3,59,0.1647,0.1429,0.0218,0.6865,0.6905,-0.004,203.13,78.16,2.599,37.015,44.602,-20.498,7.518892,3.486031,53.636
centerpoint,nuscenes,scene-0655,84,0,3,61,0.2222,0.2118,0.0105,0.7101,0.6916,0.0185,188.35,71.39,2.638,37.535,46.311,-23.381,7.06959,3.306097,53.235
centerpoint,nuscenes,scene-0655,85,1,3,61,0.3486,0.3486,0.0,0.6397,0.6397,0.0,190.77,190.9,0.999,37.24,36.016,3.285,7.104396,6.875658,3.22
centerpoint,nuscenes,scene-0655,86,0,3,56,0.3846,0.381,0.0037,0.6703,0.6686,0.0017,188.6,66.55,2.834,38.497,48.757,-26.649,7.260752,3.244929,55.309
centerpoint,nuscenes,scene-0655,87,0,3,56,0.4167,0.4167,0.0,0.705,0.7037,0.0014,187.74,69.09,2.717,38.704,47.327,-22.279,7.266426,3.269981,54.999
centerpoint,nuscenes,scene-0655,88,0,3,57,0.3619,0.3636,-0.0017,0.7107,0.6891,0.0216,187.61,68.43,2.742,38.96,47.588,-22.146,7.309249,3.256195,55.451
centerpoint,nuscenes,scene-0655,89,0,3,57,0.4043,0.4124,-0.0081,0.718,0.7069,0.0111,188.48,66.75,2.824,38.033,48.222,-26.79,7.168303,3.218712,55.098
centerpoint,nuscenes,scene-0655,90,1,3,57,0.4037,0.4037,0.0,0.6936,0.6936,0.0,184.7,205.48,0.899,38.31,36.608,4.441,7.075917,7.522235,-6.308
centerpoint,nuscenes,scene-0655,91,0,3,51,0.48,0.4694,0.0106,0.6505,0.6239,0.0266,189.73,70.56,2.689,38.27,47.227,-23.406,7.261038,3.332415,54.106
centerpoint,nuscenes,scene-0655,92,0,3,51,0.4444,0.46,-0.0156,0.6832,0.702,-0.0189,185.74,69.82,2.66,37.396,51.739,-38.352,6.94613,3.612601,47.991
centerpoint,nuscenes,scene-0655,93,0,3,51,0.4167,0.3913,0.0254,0.6658,0.6528,0.0129,187.13,72.18,2.593,39.253,47.557,-21.155,7.345401,3.43262,53.268
centerpoint,nuscenes,scene-0655,94,0,3,45,0.3704,0.3488,0.0215,0.7045,0.7242,-0.0197,188.62,71.98,2.62,38.917,45.896,-17.933,7.340614,3.303702,54.994
centerpoint,nuscenes,scene-0655,95,1,3,45,0.3614,0.3614,0.0,0.7439,0.7439,0.0,207.75,201.15,1.033,36.992,36.59,1.088,7.685092,7.359928,4.231
centerpoint,nuscenes,scene-0655,96,0,3,41,0.359,0.3636,-0.0047,0.6038,0.6382,-0.0344,188.59,70.55,2.673,39.373,47.902,-21.661,7.4255,3.379363,54.49
centerpoint,nuscenes,scene-0655,97,0,3,41,0.3733,0.3611,0.0122,0.6764,0.6367,0.0397,182.84,70.71,2.586,37.042,47.385,-27.92,6.772658,3.350701,50.526
centerpoint,nuscenes,scene-0655,98,0,3,41,0.3429,0.3385,0.0044,0.623,0.619,0.004,180.15,70.44,2.557,38.994,47.51,-21.84,7.024768,3.346793,52.357
centerpoint,nuscenes,scene-0757,0,1,3,11,0.48,0.48,0.0,0.6788,0.6788,0.0,144.95,160.84,0.901,37.737,36.762,2.585,5.470199,5.912784,-8.091
centerpoint,nuscenes,scene-0757,1,0,3,11,0.48,0.5,-0.02,0.7055,0.7218,-0.0164,192.78,75.74,2.545,38.131,49.608,-30.101,7.350807,3.757151,48.888
centerpoint,nuscenes,scene-0757,2,0,3,11,0.3226,0.4286,-0.106,0.7887,0.7142,0.0745,189.25,70.75,2.675,37.239,45.173,-21.307,7.047602,3.195947,54.652
centerpoint,nuscenes,scene-0757,3,0,3,11,0.4,0.3571,0.0429,0.7894,0.7291,0.0603,188.35,63.38,2.972,38.04,45.953,-20.802,7.164851,2.912367,59.352
centerpoint,nuscenes,scene-0757,4,0,3,11,0.3704,0.3077,0.0627,0.7529,0.7603,-0.0074,191.88,66.41,2.89,37.57,48.259,-28.449,7.209148,3.204708,55.547
centerpoint,nuscenes,scene-0757,5,1,3,12,0.3571,0.3571,0.0,0.7524,0.7524,0.0,190.98,201.08,0.95,39.106,36.501,6.662,7.468463,7.339697,1.724
centerpoint,nuscenes,scene-0757,6,0,3,12,0.5185,0.4667,0.0519,0.6657,0.6653,0.0004,189.69,70.76,2.681,37.391,47.266,-26.409,7.092883,3.344511,52.847
centerpoint,nuscenes,scene-0757,7,0,3,12,0.5217,0.4444,0.0773,0.7084,0.7561,-0.0477,192.67,71.83,2.682,37.34,45.019,-20.564,7.194498,3.233805,55.052
centerpoint,nuscenes,scene-0757,8,0,3,12,0.56,0.5385,0.0215,0.6683,0.6511,0.0172,203.51,68.17,2.985,36.69,46.148,-25.777,7.466919,3.146039,57.867
centerpoint,nuscenes,scene-0757,9,0,3,13,0.4667,0.4375,0.0292,0.6528,0.6725,-0.0197,186.89,68.0,2.748,36.972,46.327,-25.303,6.909656,3.150399,54.406
centerpoint,nuscenes,scene-0757,10,1,3,13,0.4,0.4,0.0,0.703,0.703,0.0,187.37,199.26,0.94,39.446,35.774,9.309,7.391084,7.128347,3.555
centerpoint,nuscenes,scene-0757,11,0,3,13,0.4118,0.4375,-0.0257,0.6897,0.6702,0.0195,187.65,68.72,2.731,37.555,47.83,-27.36,7.047275,3.28677,53.361
centerpoint,nuscenes,scene-0757,12,0,3,13,0.4516,0.3429,0.1088,0.6972,0.7047,-0.0075,183.36,67.27,2.726,36.985,45.156,-22.093,6.781577,3.037628,55.208
centerpoint,nuscenes,scene-0757,13,0,3,13,0.4828,0.5,-0.0172,0.6244,0.6281,-0.0037,188.67,67.56,2.793,37.456,47.609,-27.105,7.066767,3.216365,54.486
centerpoint,nuscenes,scene-0757,14,0,3,13,0.4286,0.3704,0.0582,0.5698,0.6429,-0.0732,205.87,68.0,3.027,36.384,46.275,-27.185,7.490331,3.146771,57.989
centerpoint,nuscenes,scene-0757,15,1,3,13,0.5185,0.5185,0.0,0.6524,0.6524,0.0,197.39,199.91,0.987,37.124,36.033,2.94,7.328108,7.203303,1.703
centerpoint,nuscenes,scene-0757,16,0,3,13,0.4615,0.4444,0.0171,0.6988,0.6239,0.075,187.77,69.94,2.685,40.333,48.012,-19.039,7.573122,3.358156,55.657
centerpoint,nuscenes,scene-0757,17,0,3,13,0.4828,0.4444,0.0383,0.6767,0.6412,0.0355,189.86,69.05,2.75,37.623,45.416,-20.714,7.143186,3.135832,56.1
centerpoint,nuscenes,scene-0757,18,0,3,13,0.4615,0.5,-0.0385,0.599,0.6689,-0.0698,188.65,71.23,2.649,39.544,45.734,-15.654,7.459795,3.257486,56.333
centerpoint,nuscenes,scene-0757,19,0,3,14,0.4138,0.4138,0.0,0.599,0.5694,0.0296,175.4,65.52,2.677,35.333,47.12,-33.359,6.197599,3.087525,50.182
centerpoint,nuscenes,scene-0757,20,1,3,14,0.3125,0.3125,0.0,0.6003,0.6003,0.0,202.86,204.28,0.993,36.877,35.082,4.869,7.480926,7.1665,4.203
centerpoint,nuscenes,scene-0757,21,0,3,14,0.3226,0.2424,0.0802,0.7518,0.7569,-0.005,192.98,66.18,2.916,36.765,46.161,-25.558,7.094865,3.054775,56.944
centerpoint,nuscenes,scene-0757,22,0,3,14,0.4286,0.3333,0.0952,0.6508,0.6029,0.0478,189.85,63.16,3.006,36.391,45.584,-25.261,6.908963,2.879273,58.326
centerpoint,nuscenes,scene-0757,23,0,3,14,0.4444,0.3571,0.0873,0.6009,0.5373,0.0635,189.07,68.89,2.744,37.733,46.597,-23.493,7.134312,3.210295,55.002
centerpoint,nuscenes,scene-0757,24,0,3,14,0.3077,0.2667,0.041,0.7361,0.6929,0.0432,191.3,66.37,2.882,36.738,46.891,-27.636,7.028009,3.112075,55.719
centerpoint,nuscenes,scene-0757,25,1,3,14,0.3448,0.3448,0.0,0.7016,0.7016,0.0,187.14,201.3,0.93,37.612,35.911,4.522,7.038566,7.229003,-2.706
centerpoint,nuscenes,scene-0757,26,0,3,15,0.4286,0.2069,0.2217,0.6396,0.7512,-0.1116,189.3,68.65,2.757,37.142,47.125,-26.876,7.030816,3.235236,53.985
centerpoint,nuscenes,scene-0757,27,0,3,15,0.4375,0.4138,0.0237,0.6309,0.6067,0.0242,184.7,68.23,2.707,37.42,45.594,-21.844,6.91124,3.110753,54.99
centerpoint,nuscenes,scene-0757,28,0,3,15,0.4,0.4138,-0.0138,0.6832,0.6866,-0.0034,189.77,69.4,2.735,37.886,45.732,-20.709,7.189776,3.173737,55.858
centerpoint,nuscenes,scene-0757,29,0,3,13,0.4,0.3571,0.0429,0.7124,0.7001,0.0123,189.19,71.6,2.642,37.293,45.438,-21.842,7.055278,3.253543,53.885
centerpoint,nuscenes,scene-0757,30,1,3,13,0.4348,0.4348,0.0,0.7339,0.7339,0.0,194.8,198.98,0.979,36.539,35.34,3.281,7.117697,7.032012,1.204
centerpoint,nuscenes,scene-0757,31,0,3,13,0.4167,0.4545,-0.0379,0.7731,0.7716,0.0015,189.15,70.77,2.673,37.842,44.495,-17.581,7.157625,3.1487,56.009
centerpoint,nuscenes,scene-0757,32,0,3,13,0.48,0.5185,-0.0385,0.6837,0.6626,0.0212,191.18,73.54,2.6,36.519,46.993,-28.682,6.981733,3.455902,50.501
centerpoint,nuscenes,scene-0757,33,0,3,13,0.5385,0.4762,0.0623,0.6453,0.6715,-0.0262,190.24,67.68,2.811,36.334,46.605,-28.269,6.912287,3.15427,54.367
centerpoint,nuscenes,scene-0757,34,0,3,13,0.4444,0.3871,0.0573,0.7151,0.7092,0.006,189.68,69.51,2.729,37.374,46.145,-23.467,7.089095,3.207614,54.753
centerpoint,nuscenes,scene-0757,35,1,3,13,0.4375,0.4375,0.0,0.6955,0.6955,0.0,193.24,204.92,0.943,38.242,35.979,5.919,7.389922,7.372628,0.234
centerpoint,nuscenes,scene-0757,36,0,3,14,0.4615,0.4615,0.0,0.6489,0.6697,-0.0208,190.78,70.48,2.707,36.594,45.758,-25.043,6.981497,3.225175,53.804
centerpoint,nuscenes,scene-0757,37,0,3,14,0.5455,0.4444,0.101,0.7017,0.7198,-0.0182,191.56,74.14,2.584,39.095,45.988,-17.629,7.488896,3.409628,54.471
centerpoint,nuscenes,scene-0757,38,0,3,14,0.4615,0.3125,0.149,0.6963,0.6189,0.0774,187.95,70.51,2.666,37.296,45.245,-21.314,7.009949,3.190122,54.492
centerpoint,nuscenes,scene-0757,39,0,3,15,0.4286,0.4667,-0.0381,0.6915,0.5861,0.1053,191.21,74.45,2.568,39.117,46.447,-18.738,7.479406,3.457796,53.769
centerpoint,nuscenes,scene-0757,40,1,3,15,0.5185,0.5185,0.0,0.7079,0.7079,0.0,188.32,207.34,0.908,37.802,35.892,5.053,7.118909,7.441864,-4.537
centerpoint,nuscenes,scene-0757,41,0,3,17,0.3846,0.4286,-0.044,0.709,0.5547,0.1543,187.33,72.57,2.581,38.236,46.133,-20.652,7.162688,3.348006,53.258
centerpoint,nuscenes,scene-0757,42,0,3,17,0.4516,0.4118,0.0398,0.6379,0.5863,0.0516,187.74,68.72,2.732,36.303,45.449,-25.192,6.815534,3.123357,54.173
centerpoint,nuscenes,scene-0757,43,0,3,17,0.4286,0.5,-0.0714,0.6739,0.5821,0.0918,183.35,69.7,2.631,36.209,44.456,-22.776,6.638877,3.098595,53.327
centerpoint,nuscenes,scene-0757,44,0,3,17,0.3125,0.3333,-0.0208,0.7159,0.7103,0.0056,183.65,68.5,2.681,37.593,47.837,-27.247,6.904122,3.277027,52.535
centerpoint,nuscenes,scene-0757,45,1,3,17,0.375,0.375,0.0,0.6401,0.6401,0.0,185.01,201.5,0.918,36.369,36.647,-0.763,6.728662,7.384327,-9.744
centerpoint,nuscenes,scene-0757,46,0,3,16,0.4444,0.3448,0.0996,0.6773,0.6704,0.0069,188.48,69.06,2.729,36.756,43.77,-19.083,6.927886,3.022583,56.371
centerpoint,nuscenes,scene-0757,47,0,3,16,0.3871,0.5,-0.1129,0.6677,0.5932,0.0745,183.17,67.57,2.711,36.28,46.455,-28.044,6.645296,3.138838,52.766
centerpoint,nuscenes,scene-0757,48,0,3,16,0.3846,0.2667,0.1179,0.7428,0.7503,-0.0075,183.78,70.39,2.611,37.412,45.03,-20.36,6.875478,3.169765,53.898
centerpoint,nuscenes,scene-0757,49,0,3,16,0.3448,0.4444,-0.0996,0.707,0.671,0.036,192.03,69.12,2.778,38.945,44.793,-15.015,7.478724,3.095864,58.604
centerpoint,nuscenes,scene-0757,50,1,3,16,0.3846,0.3846,0.0,0.7265,0.7265,0.0,182.68,197.63,0.924,37.905,35.211,7.108,6.924494,6.958575,-0.492
centerpoint,nuscenes,scene-0757,51,0,3,16,0.3871,0.3571,0.03,0.6313,0.6681,-0.0367,190.13,68.86,2.761,36.754,44.901,-22.166,6.987928,3.091702,55.757
centerpoint,nuscenes,scene-0757,52,0,3,16,0.3871,0.303,0.0841,0.7189,0.7029,0.0159,184.21,68.93,2.672,36.514,49.609,-35.863,6.726192,3.419443,49.162
centerpoint,nuscenes,scene-0757,53,0,3,16,0.4138,0.3226,0.0912,0.7239,0.7072,0.0168,182.94,68.3,2.678,36.685,46.715,-27.341,6.711115,3.190763,52.456
centerpoint,nuscenes,scene-0757,54,0,3,16,0.2941,0.3125,-0.0184,0.7214,0.7166,0.0048,183.67,69.25,2.652,36.426,46.023,-26.345,6.690261,3.187237,52.36
centerpoint,nuscenes,scene-0757,55,1,3,16,0.3871,0.3871,0.0,0.6357,0.6357,0.0,179.66,199.86,0.899,36.839,36.027,2.204,6.618305,7.200524,-8.797
centerpoint,nuscenes,scene-0757,56,0,3,16,0.4,0.4286,-0.0286,0.7208,0.7125,0.0083,179.9,69.9,2.574,37.446,45.177,-20.644,6.73678,3.157666,53.128
centerpoint,nuscenes,scene-0757,57,0,3,16,0.4348,0.4615,-0.0268,0.7806,0.7119,0.0687,180.25,61.84,2.915,38.559,48.355,-25.405,6.95037,2.990392,56.975
centerpoint,nuscenes,scene-0757,58,0,3,16,0.4,0.4138,-0.0138,0.72,0.7088,0.0112,179.27,65.51,2.736,37.433,46.483,-24.178,6.710668,3.045344,54.619
centerpoint,nuscenes,scene-0757,59,0,3,17,0.4,0.4,0.0,0.7334,0.6839,0.0495,176.35,63.16,2.792,37.429,45.378,-21.239,6.600467,2.865906,56.58
centerpoint,nuscenes,scene-0757,60,1,3,17,0.4118,0.4118,0.0,0.7096,0.7096,0.0,173.73,189.84,0.915,36.562,35.806,2.068,6.351872,6.797381,-7.014
centerpoint,nuscenes,scene-0757,61,0,3,18,0.3684,0.3077,0.0607,0.7382,0.6769,0.0613,172.47,67.06,2.572,37.239,48.485,-30.198,6.422468,3.251457,49.374
centerpoint,nuscenes,scene-0757,62,0,3,18,0.4,0.4138,-0.0138,0.6888,0.6947,-0.0059,168.2,63.95,2.63,36.023,44.259,-22.864,6.059157,2.830265,53.289
centerpoint,nuscenes,scene-0757,63,0,3,18,0.5926,0.4375,0.1551,0.6636,0.6604,0.0033,169.65,67.65,2.508,37.115,44.131,-18.902,6.296544,2.98534,52.588
centerpoint,nuscenes,scene-0757,64,0,3,18,0.5161,0.4118,0.1044,0.7344,0.7325,0.0018,170.29,65.98,2.581,38.565,46.905,-21.625,6.567118,3.094585,52.878
centerpoint,nuscenes,scene-0757,65,1,3,18,0.3889,0.3889,0.0,0.7076,0.7076,0.0,170.07,183.84,0.925,39.868,35.898,9.959,6.780355,6.599469,2.668
centerpoint,nuscenes,scene-0757,66,0,3,17,0.2857,0.3333,-0.0476,0.8046,0.7583,0.0464,173.08,68.69,2.52,38.16,45.477,-19.175,6.604681,3.123797,52.703
centerpoint,nuscenes,scene-0757,67,0,3,17,0.48,0.3846,0.0954,0.7612,0.799,-0.0378,172.37,63.34,2.721,37.536,48.388,-28.913,6.469941,3.065055,52.626
centerpoint,nuscenes,scene-0757,68,0,3,17,0.4,0.4,0.0,0.7618,0.7139,0.0479,165.89,63.78,2.601,36.948,44.227,-19.7,6.12917,2.820593,53.981
centerpoint,nuscenes,scene-0757,69,0,3,18,0.3636,0.25,0.1136,0.7525,0.7873,-0.0348,170.12,65.47,2.599,38.61,43.539,-12.768,6.568266,2.850348,56.604
centerpoint,nuscenes,scene-0757,70,1,3,18,0.4848,0.4848,0.0,0.6892,0.6892,0.0,166.23,185.55,0.896,38.484,35.731,7.154,6.397301,6.629938,-3.636
centerpoint,nuscenes,scene-0757,71,0,3,18,0.5517,0.4375,0.1142,0.7061,0.6698,0.0364,170.78,76.39,2.236,38.231,43.026,-12.543,6.529127,3.286809,49.659
centerpoint,nuscenes,scene-0757,72,0,3,18,0.4828,0.4118,0.071,0.6956,0.6191,0.0765,167.83,70.85,2.369,37.764,44.22,-17.093,6.338175,3.133062,50.568
centerpoint,nuscenes,scene-0757,73,0,3,18,0.4667,0.4,0.0667,0.7172,0.6639,0.0533,169.3,67.76,2.499,37.531,45.819,-22.084,6.353846,3.104592,51.138
centerpoint,nuscenes,scene-0757,74,0,3,17,0.4,0.3636,0.0364,0.7765,0.6746,0.1019,188.54,77.49,2.433,35.854,45.772,-27.662,6.759698,3.546826,47.53
centerpoint,nuscenes,scene-0757,75,1,3,17,0.4615,0.4615,0.0,0.7471,0.7471,0.0,172.61,186.53,0.925,37.211,36.661,1.478,6.42309,6.838233,-6.463
centerpoint,nuscenes,scene-0757,76,0,3,16,0.4828,0.4138,0.069,0.7176,0.7122,0.0054,166.77,62.71,2.66,37.089,47.999,-29.418,6.185193,3.009822,51.338
centerpoint,nuscenes,scene-0757,77,0,3,16,0.4444,0.375,0.0694,0.7745,0.641,0.1334,165.25,63.16,2.616,37.217,46.214,-24.176,6.149988,2.918787,52.54
centerpoint,nuscenes,scene-0757,78,0,3,16,0.4,0.4444,-0.0444,0.7754,0.6002,0.1752,172.27,63.65,2.707,37.091,48.079,-29.625,6.389674,3.060029,52.11
centerpoint,nuscenes,scene-0757,79,0,3,17,0.3704,0.3846,-0.0142,0.7978,0.6904,0.1074,166.95,61.5,2.715,36.978,44.486,-20.305,6.173416,2.735949,55.682
centerpoint,nuscenes,scene-0757,80,1,3,17,0.3846,0.3846,0.0,0.8111,0.8111,0.0,170.3,197.98,0.86,36.432,36.407,0.068,6.204128,7.207672,-16.175
centerpoint,nuscenes,scene-0757,81,0,3,18,0.4138,0.4516,-0.0378,0.7697,0.6599,0.1098,175.37,67.83,2.585,37.489,45.362,-21.002,6.574501,3.077092,53.197
centerpoint,nuscenes,scene-0757,82,0,3,18,0.3226,0.4,-0.0774,0.7638,0.5631,0.2007,168.27,65.85,2.555,38.626,47.838,-23.849,6.499665,3.150311,51.531
centerpoint,nuscenes,scene-0757,83,0,3,18,0.4444,0.4444,0.0,0.6688,0.5874,0.0814,165.53,61.94,2.672,38.169,47.254,-23.8,6.31808,2.926875,53.675
centerpoint,nuscenes,scene-0757,84,0,3,16,0.4348,0.3077,0.1271,0.7368,0.681,0.0558,165.76,63.89,2.595,36.701,45.99,-25.313,6.083527,2.938106,51.704
centerpoint,nuscenes,scene-0757,85,1,3,16,0.3704,0.3704,0.0,0.7308,0.7308,0.0,170.56,184.82,0.923,38.101,35.741,6.193,6.498593,6.605769,-1.649
centerpoint,nuscenes,scene-0757,86,0,3,14,0.5217,0.5,0.0217,0.7094,0.6671,0.0422,169.77,68.38,2.483,36.399,44.161,-21.325,6.17941,3.019694,51.133
centerpoint,nuscenes,scene-0757,87,0,3,14,0.32,0.3077,0.0123,0.7812,0.6889,0.0923,168.67,63.34,2.663,38.41,45.229,-17.753,6.47851,2.864881,55.779
centerpoint,nuscenes,scene-0757,88,0,3,14,0.4,0.4,0.0,0.8036,0.7268,0.0768,165.08,63.53,2.598,36.749,46.209,-25.743,6.066351,2.935661,51.607
centerpoint,nuscenes,scene-0757,89,0,3,14,0.2609,0.3636,-0.1028,0.8276,0.7743,0.0534,164.46,61.28,2.684,38.829,47.454,-22.211,6.385666,2.907768,54.464
centerpoint,nuscenes,scene-0757,90,1,3,14,0.3636,0.3636,0.0,0.7386,0.7386,0.0,164.75,184.39,0.893,37.579,36.345,3.283,6.191065,6.701777,-8.249
centerpoint,nuscenes,scene-0757,91,0,3,14,0.4167,0.4348,-0.0181,0.785,0.7778,0.0071,172.47,69.51,2.481,37.681,44.761,-18.79,6.498876,3.111353,52.125
centerpoint,nuscenes,scene-0757,92,0,3,14,0.4,0.2963,0.1037,0.7287,0.7943,-0.0656,165.62,64.67,2.561,37.129,46.021,-23.948,6.149203,2.975975,51.604
centerpoint,nuscenes,scene-0757,93,0,3,14,0.4545,0.3478,0.1067,0.7781,0.81,-0.0319,186.11,69.27,2.687,36.088,46.214,-28.057,6.716342,3.201247,52.336
centerpoint,nuscenes,scene-0757,94,0,3,12,0.3478,0.3571,-0.0093,0.7608,0.7192,0.0416,168.79,68.71,2.457,37.371,45.859,-22.711,6.307736,3.150808,50.049
centerpoint,nuscenes,scene-0757,95,1,3,12,0.5,0.5,0.0,0.7536,0.7536,0.0,167.52,185.7,0.902,39.2,35.674,8.994,6.566895,6.624669,-0.88
centerpoint,nuscenes,scene-0757,96,0,3,12,0.4545,0.4762,-0.0216,0.764,0.7627,0.0012,168.49,67.14,2.509,37.25,44.719,-20.052,6.276157,3.002564,52.159
centerpoint,nuscenes,scene-0757,97,0,3,12,0.5,0.4545,0.0455,0.7927,0.7847,0.008,166.47,67.35,2.472,39.086,43.889,-12.286,6.506604,2.955712,54.574
centerpoint,nuscenes,scene-0757,98,0,3,12,0.3846,0.32,0.0646,0.7668,0.788,-0.0212,170.96,62.97,2.715,37.477,47.785,-27.505,6.407031,3.009062,53.035
centerpoint,nuscenes,scene-0796,0,1,3,22,0.2326,0.2326,0.0,0.6921,0.6921,0.0,146.35,160.28,0.913,38.776,37.707,2.756,5.674979,6.043613,-6.496
centerpoint,nuscenes,scene-0796,1,0,3,22,0.2083,0.2174,-0.0091,0.6299,0.6701,-0.0402,191.59,73.85,2.594,37.575,47.56,-26.572,7.198976,3.512489,51.208
centerpoint,nuscenes,scene-0796,2,0,3,22,0.2222,0.1778,0.0444,0.7677,0.7629,0.0048,185.27,69.9,2.65,39.514,47.052,-19.076,7.320779,3.289118,55.071
centerpoint,nuscenes,scene-0796,3,0,3,21,0.2381,0.2273,0.0108,0.7366,0.7334,0.0032,190.87,74.29,2.569,36.569,44.897,-22.775,6.979864,3.335499,52.213
centerpoint,nuscenes,scene-0796,4,0,3,21,0.2222,0.2564,-0.0342,0.6965,0.6781,0.0184,185.12,66.06,2.802,37.84,52.373,-38.408,7.004744,3.459891,50.606
centerpoint,nuscenes,scene-0796,5,1,3,23,0.2791,0.2791,0.0,0.677,0.677,0.0,202.03,203.28,0.994,37.227,36.914,0.84,7.52115,7.50403,0.228
centerpoint,nuscenes,scene-0796,6,0,3,23,0.3636,0.3182,0.0455,0.6794,0.5833,0.0961,188.68,68.33,2.761,37.629,49.253,-30.891,7.099749,3.365577,52.596
centerpoint,nuscenes,scene-0796,7,0,3,23,0.2727,0.2439,0.0288,0.7351,0.7651,-0.03,185.42,70.03,2.648,37.594,48.472,-28.936,6.970739,3.394409,51.305
centerpoint,nuscenes,scene-0796,8,0,3,23,0.3256,0.25,0.0756,0.6768,0.7091,-0.0323,184.24,66.6,2.767,38.067,46.079,-21.046,7.013615,3.068661,56.247
centerpoint,nuscenes,scene-0796,9,0,3,23,0.3721,0.3333,0.0388,0.6744,0.6535,0.0209,186.23,68.18,2.731,39.69,48.374,-21.878,7.391393,3.298288,55.377
centerpoint,nuscenes,scene-0796,10,1,3,22,0.3158,0.3158,0.0,0.7731,0.7731,0.0,187.37,202.34,0.926,39.086,36.158,7.493,7.323567,7.316219,0.1
centerpoint,nuscenes,scene-0796,11,0,3,22,0.3684,0.15,0.2184,0.7844,0.7962,-0.0118,191.61,74.56,2.57,37.672,48.819,-29.59,7.218355,3.639814,49.576
centerpoint,nuscenes,scene-0796,12,0,3,22,0.381,0.2857,0.0952,0.635,0.5952,0.0398,194.29,70.34,2.762,39.709,47.475,-19.558,7.714847,3.339368,56.715
centerpoint,nuscenes,scene-0796,13,0,3,23,0.2927,0.2609,0.0318,0.7031,0.5701,0.1329,191.41,74.06,2.584,37.45,47.54,-26.944,7.168259,3.521004,50.881
centerpoint,nuscenes,scene-0796,14,0,3,23,0.3684,0.2979,0.0705,0.6524,0.5328,0.1196,187.7,69.82,2.688,38.985,48.649,-24.788,7.317576,3.396521,53.584
centerpoint,nuscenes,scene-0796,15,1,3,24,0.2703,0.2703,0.0,0.7174,0.7174,0.0,185.62,202.11,0.918,36.432,36.15,0.774,6.762612,7.306323,-8.04
centerpoint,nuscenes,scene-0796,16,0,3,24,0.1538,0.1714,-0.0176,0.6797,0.6225,0.0573,196.08,76.06,2.578,38.068,46.712,-22.707,7.464235,3.553005,52.4
centerpoint,nuscenes,scene-0796,17,0,3,24,0.2105,0.2,0.0105,0.5956,0.5707,0.025,189.53,73.66,2.573,40.973,46.22,-12.806,7.765782,3.404618,56.159
centerpoint,nuscenes,scene-0796,18,0,3,24,0.1579,0.0541,0.1038,0.6674,0.7428,-0.0754,187.21,75.34,2.485,39.225,47.295,-20.572,7.343354,3.563001,51.48
centerpoint,nuscenes,scene-0796,19,0,3,24,0.2703,0.2286,0.0417,0.6791,0.6172,0.0619,189.1,72.84,2.596,38.511,46.706,-21.279,7.282467,3.402132,53.283
centerpoint,nuscenes,scene-0796,20,1,3,26,0.3,0.3,0.0,0.6307,0.6307,0.0,187.34,202.04,0.927,38.863,35.805,7.868,7.280515,7.234106,0.637
centerpoint,nuscenes,scene-0796,21,0,3,26,0.2791,0.2128,0.0663,0.6358,0.6541,-0.0183,189.34,74.01,2.558,37.378,47.347,-26.673,7.07699,3.504101,50.486
centerpoint,nuscenes,scene-0796,22,0,3,26,0.2105,0.3,-0.0895,0.6378,0.4942,0.1436,215.71,66.38,3.25,37.45,49.729,-32.787,8.078404,3.301111,59.137
centerpoint,nuscenes,scene-0796,23,0,3,26,0.24,0.1961,0.0439,0.6691,0.6735,-0.0044,184.05,65.25,2.821,40.729,48.018,-17.896,7.496398,3.133049,58.206
centerpoint,nuscenes,scene-0796,24,0,3,26,0.2857,0.3043,-0.0186,0.6925,0.7111,-0.0186,180.96,62.02,2.918,39.96,52.731,-31.96,7.231234,3.270175,54.777
centerpoint,nuscenes,scene-0796,25,1,3,28,0.3333,0.3333,0.0,0.6547,0.6547,0.0,193.25,202.14,0.956,38.551,36.469,5.4,7.449957,7.37186,1.048
centerpoint,nuscenes,scene-0796,26,0,3,28,0.2692,0.2456,0.0236,0.6559,0.6544,0.0015,191.98,70.92,2.707,37.211,48.334,-29.891,7.143701,3.428019,52.013
centerpoint,nuscenes,scene-0796,27,0,3,28,0.3333,0.3137,0.0196,0.6687,0.6575,0.0111,188.37,65.47,2.877,38.947,47.912,-23.019,7.336407,3.136854,57.243
centerpoint,nuscenes,scene-0796,28,0,3,26,0.4091,0.4186,-0.0095,0.638,0.6116,0.0264,205.7,64.55,3.187,37.911,49.552,-30.707,7.798204,3.198691,58.982
centerpoint,nuscenes,scene-0796,29,0,3,26,0.3,0.3333,-0.0333,0.7647,0.6539,0.1107,187.06,67.36,2.777,38.489,48.868,-26.966,7.199756,3.291519,54.283
centerpoint,nuscenes,scene-0796,30,1,3,23,0.3721,0.3721,0.0,0.6546,0.6546,0.0,182.34,192.18,0.949,37.217,36.652,1.518,6.786012,7.043863,-3.8
centerpoint,nuscenes,scene-0796,31,0,3,23,0.3415,0.3182,0.0233,0.7112,0.6931,0.0181,185.22,67.07,2.761,38.74,48.097,-24.154,7.17527,3.226026,55.04
centerpoint,nuscenes,scene-0796,32,0,3,23,0.439,0.3556,0.0835,0.6953,0.6822,0.0131,187.89,69.88,2.689,37.701,47.701,-26.525,7.083522,3.333525,52.94
centerpoint,nuscenes,scene-0796,33,0,3,21,0.4103,0.2927,0.1176,0.7093,0.7568,-0.0475,181.64,66.88,2.716,38.117,53.297,-39.823,6.923558,3.564454,48.517
centerpoint,nuscenes,scene-0796,34,0,3,21,0.4211,0.2857,0.1353,0.7098,0.7469,-0.0371,180.61,66.69,2.708,40.112,53.173,-32.561,7.244615,3.546311,51.049
centerpoint,nuscenes,scene-0796,35,1,3,21,0.4211,0.4211,0.0,0.7188,0.7188,0.0,180.45,195.09,0.925,40.118,36.999,7.773,7.239066,7.218212,0.288
centerpoint,nuscenes,scene-0796,36,0,3,21,0.4571,0.3333,0.1238,0.7251,0.7338,-0.0086,183.72,63.79,2.88,36.293,49.611,-36.696,6.66772,3.164901,52.534
centerpoint,nuscenes,scene-0796,37,0,3,21,0.4,0.2564,0.1436,0.7272,0.726,0.0012,185.83,72.67,2.557,38.559,49.172,-27.523,7.165256,3.573192,50.132
centerpoint,nuscenes,scene-0796,38,0,3,20,0.4118,0.3077,0.1041,0.6806,0.7084,-0.0278,185.0,71.28,2.595,39.32,48.008,-22.095,7.274187,3.421965,52.957
centerpoint,nuscenes,scene-0796,39,0,3,20,0.375,0.375,0.0,0.6582,0.6436,0.0146,183.4,68.79,2.666,37.713,50.978,-35.175,6.916581,3.506919,49.297
centerpoint,nuscenes,scene-0796,40,1,3,19,0.2703,0.2703,0.0,0.7124,0.7124,0.0,186.36,213.95,0.871,38.544,37.251,3.355,7.182978,7.969927,-10.956
centerpoint,nuscenes,scene-0796,41,0,3,19,0.3529,0.2703,0.0827,0.6202,0.5882,0.0319,189.86,73.32,2.589,38.733,49.711,-28.345,7.353577,3.644721,50.436
centerpoint,nuscenes,scene-0796,42,0,3,19,0.2564,0.3158,-0.0594,0.699,0.7076,-0.0086,182.72,72.74,2.512,37.816,50.116,-32.527,6.909492,3.645289,47.242
centerpoint,nuscenes,scene-0796,43,0,3,18,0.3333,0.3429,-0.0095,0.6633,0.6773,-0.014,193.62,71.69,2.701,38.812,47.739,-23.001,7.514677,3.422432,54.457
centerpoint,nuscenes,scene-0796,44,0,3,18,0.4,0.2857,0.1143,0.6438,0.7097,-0.0659,185.85,69.13,2.688,37.429,48.129,-28.585,6.956281,3.327095,52.171
centerpoint,nuscenes,scene-0796,45,1,3,19,0.2857,0.2857,0.0,0.6806,0.6806,0.0,184.06,200.47,0.918,37.131,36.279,2.294,6.834293,7.272797,-6.416
centerpoint,nuscenes,scene-0796,46,0,3,19,0.3243,0.3226,0.0017,0.7328,0.7508,-0.018,207.04,66.61,3.108,38.507,48.697,-26.463,7.972518,3.243853,59.312
centerpoint,nuscenes,scene-0796,47,0,3,19,0.4118,0.4118,0.0,0.6128,0.6225,-0.0097,185.96,67.61,2.75,37.109,46.367,-24.946,6.900851,3.135075,54.57
centerpoint,nuscenes,scene-0796,48,0,3,20,0.3,0.3684,-0.0684,0.6348,0.6056,0.0292,181.39,67.15,2.701,39.135,48.521,-23.983,7.098877,3.258033,54.105
centerpoint,nuscenes,scene-0796,49,0,3,20,0.2703,0.2941,-0.0238,0.7317,0.7084,0.0233,182.01,72.56,2.508,38.612,47.608,-23.298,7.02786,3.454593,50.844
centerpoint,nuscenes,scene-0796,50,1,3,19,0.375,0.375,0.0,0.7608,0.7608,0.0,188.48,197.75,0.953,37.607,36.077,4.067,7.088237,7.134403,-0.651
centerpoint,nuscenes,scene-0796,51,0,3,19,0.4571,0.4118,0.0454,0.656,0.6673,-0.0114,187.74,70.87,2.649,39.576,47.38,-19.719,7.430003,3.357734,54.808
centerpoint,nuscenes,scene-0796,52,0,3,19,0.5263,0.381,0.1454,0.5674,0.6147,-0.0473,210.2,74.72,2.813,37.505,45.641,-21.694,7.883472,3.410257,56.742
centerpoint,nuscenes,scene-0796,53,0,3,16,0.5625,0.4848,0.0777,0.7072,0.7458,-0.0385,186.11,69.08,2.694,37.765,47.449,-25.643,7.028334,3.277726,53.364
centerpoint,nuscenes,scene-0796,54,0,3,16,0.6,0.5385,0.0615,0.6517,0.7074,-0.0557,183.17,74.92,2.445,39.407,47.479,-20.485,7.218163,3.55723,50.718
centerpoint,nuscenes,scene-0796,55,1,3,14,0.64,0.64,0.0,0.7004,0.7004,0.0,185.06,198.06,0.934,39.313,36.912,6.109,7.275112,7.310744,-0.49
centerpoint,nuscenes,scene-0796,56,0,3,14,0.5926,0.5385,0.0541,0.7509,0.7074,0.0435,188.45,69.03,2.73,37.787,50.19,-32.824,7.120851,3.464601,51.346
centerpoint,nuscenes,scene-0796,57,0,3,14,0.5625,0.5294,0.0331,0.7247,0.6372,0.0875,185.05,72.13,2.565,38.554,47.13,-22.243,7.134573,3.399649,52.35
centerpoint,nuscenes,scene-0796,58,0,3,15,0.5161,0.4848,0.0313,0.7331,0.7164,0.0167,186.56,68.52,2.723,38.979,48.439,-24.269,7.271886,3.31909,54.357
centerpoint,nuscenes,scene-0796,59,0,3,15,0.625,0.5143,0.1107,0.67,0.641,0.029,188.47,70.01,2.692,36.7,46.53,-26.785,6.916836,3.257746,52.901
centerpoint,nuscenes,scene-0796,60,1,3,14,0.6923,0.6923,0.0,0.6895,0.6895,0.0,189.59,200.72,0.945,37.251,36.06,3.198,7.062417,7.238035,-2.487
centerpoint,nuscenes,scene-0796,61,0,3,14,0.5333,0.6,-0.0667,0.6431,0.6066,0.0365,185.74,69.04,2.69,37.345,47.225,-26.456,6.936687,3.260636,52.994
centerpoint,nuscenes,scene-0796,62,0,3,14,0.4118,0.3784,0.0334,0.7262,0.6298,0.0964,192.18,70.95,2.709,37.335,48.315,-29.41,7.175197,3.427974,52.225
centerpoint,nuscenes,scene-0796,63,0,3,15,0.4828,0.5333,-0.0506,0.7465,0.7015,0.0451,183.65,62.42,2.942,38.57,49.976,-29.571,7.083449,3.119559,55.96
centerpoint,nuscenes,scene-0796,64,0,3,15,0.4516,0.4516,0.0,0.7014,0.6159,0.0855,201.08,72.87,2.76,38.787,50.748,-30.836,7.799285,3.697803,52.588
centerpoint,nuscenes,scene-0796,65,1,3,16,0.5294,0.5294,0.0,0.6291,0.6291,0.0,189.69,198.62,0.955,39.587,36.416,8.009,7.509158,7.233004,3.678
centerpoint,nuscenes,scene-0796,66,0,3,16,0.5455,0.5,0.0455,0.656,0.6633,-0.0072,192.14,72.41,2.653,37.527,46.699,-24.441,7.21027,3.381575,53.101
centerpoint,nuscenes,scene-0796,67,0,3,16,0.6207,0.4571,0.1635,0.6639,0.6487,0.0152,188.75,68.49,2.756,37.433,46.376,-23.89,7.06556,3.176402,55.044
centerpoint,nuscenes,scene-0796,68,0,3,16,0.4375,0.5161,-0.0786,0.7784,0.6643,0.1141,190.05,72.43,2.624,37.46,48.277,-28.879,7.11935,3.496583,50.886
centerpoint,nuscenes,scene-0796,69,0,3,16,0.5333,0.4667,0.0667,0.7095,0.6631,0.0464,186.87,68.49,2.728,37.513,48.829,-30.166,7.009925,3.344451,52.29
centerpoint,nuscenes,scene-0796,70,1,3,17,0.5161,0.5161,0.0,0.6999,0.6999,0.0,197.83,202.75,0.976,37.653,35.863,4.752,7.448808,7.271296,2.383
centerpoint,nuscenes,scene-0796,71,0,3,17,0.4848,0.3529,0.1319,0.6393,0.6,0.0393,189.21,72.03,2.627,37.81,47.239,-24.939,7.154186,3.402588,52.439
centerpoint,nuscenes,scene-0796,72,0,3,17,0.4324,0.4118,0.0207,0.7214,0.6329,0.0886,187.99,71.83,2.617,38.214,46.781,-22.418,7.18377,3.36019,53.225
centerpoint,nuscenes,scene-0796,73,0,3,17,0.5143,0.381,0.1333,0.6972,0.6725,0.0247,185.03,67.33,2.748,37.899,48.264,-27.348,7.012357,3.249623,53.659
centerpoint,nuscenes,scene-0796,74,0,3,17,0.3784,0.359,0.0194,0.7214,0.6702,0.0512,188.51,70.52,2.673,38.401,46.183,-20.267,7.238822,3.256654,55.011
centerpoint,nuscenes,scene-0796,75,1,3,15,0.4848,0.4848,0.0,0.7663,0.7663,0.0,189.61,220.91,0.858,38.0,36.094,5.017,7.205105,7.973607,-10.666
centerpoint,nuscenes,scene-0796,76,0,3,15,0.5,0.4848,0.0152,0.7453,0.6315,0.1138,190.15,77.77,2.445,36.928,46.657,-26.346,7.021888,3.628515,48.326
centerpoint,nuscenes,scene-0796,77,0,3,15,0.4444,0.4,0.0444,0.7323,0.634,0.0983,193.29,71.02,2.721,38.843,46.937,-20.839,7.507741,3.333614,55.598
centerpoint,nuscenes,scene-0796,78,0,3,11,0.4286,0.5,-0.0714,0.7009,0.701,-0.0001,184.91,70.74,2.614,37.025,48.079,-29.855,6.846296,3.40094,50.324
centerpoint,nuscenes,scene-0796,79,0,3,11,0.5217,0.5455,-0.0237,0.6487,0.5829,0.0658,183.47,70.36,2.608,38.26,48.149,-25.847,7.019608,3.387849,51.737
centerpoint,nuscenes,scene-0796,80,1,3,10,0.5714,0.5714,0.0,0.6864,0.6864,0.0,184.44,204.09,0.904,36.556,37.174,-1.691,6.742216,7.586905,-12.528
centerpoint,nuscenes,scene-0796,81,0,3,10,0.5455,0.5217,0.0237,0.6804,0.5751,0.1053,211.11,74.84,2.821,37.197,44.381,-19.313,7.852572,3.321404,57.703
centerpoint,nuscenes,scene-0796,82,0,3,10,0.48,0.48,0.0,0.7527,0.719,0.0336,186.28,73.81,2.524,37.474,46.918,-25.2,6.980795,3.463123,50.391
centerpoint,nuscenes,scene-0796,83,0,3,9,0.4762,0.3636,0.1126,0.7936,0.7927,0.0009,193.1,71.65,2.695,37.331,45.2,-21.078,7.208739,3.23853,55.075
centerpoint,nuscenes,scene-0796,84,0,3,9,0.5333,0.4706,0.0627,0.8242,0.812,0.0122,187.74,78.12,2.403,37.873,45.388,-19.841,7.110224,3.545567,50.134
centerpoint,nuscenes,scene-0796,85,1,3,8,0.4706,0.4706,0.0,0.8213,0.8213,0.0,190.61,203.91,0.935,37.694,35.481,5.873,7.185021,7.234779,-0.693
centerpoint,nuscenes,scene-0796,86,0,3,8,0.4706,0.4,0.0706,0.8048,0.7955,0.0092,180.8,66.18,2.732,37.173,48.234,-29.754,6.720922,3.191915,52.508
centerpoint,nuscenes,scene-0796,87,0,3,8,0.5714,0.4444,0.127,0.7436,0.7237,0.0199,200.97,64.91,3.096,37.619,50.211,-33.471,7.560468,3.259275,56.891
centerpoint,nuscenes,scene-0796,88,0,3,9,0.381,0.3333,0.0476,0.7223,0.7111,0.0112,186.38,65.04,2.865,39.24,49.145,-25.242,7.313455,3.196539,56.292
centerpoint,nuscenes,scene-0796,89,0,3,9,0.3333,0.3529,-0.0196,0.7875,0.7736,0.0139,187.52,70.21,2.671,37.213,46.869,-25.948,6.978189,3.290814,52.841
centerpoint,nuscenes,scene-0796,90,1,3,9,0.375,0.375,0.0,0.7903,0.7903,0.0,184.25,202.25,0.911,39.138,35.675,8.848,7.211083,7.215241,-0.058
centerpoint,nuscenes,scene-0796,91,0,3,9,0.5,0.3529,0.1471,0.7195,0.6891,0.0303,194.6,78.05,2.493,36.038,48.739,-35.242,7.01295,3.804053,45.757
centerpoint,nuscenes,scene-0796,92,0,3,9,0.5,0.4211,0.0789,0.6137,0.5987,0.015,188.12,69.54,2.705,37.482,46.583,-24.279,7.051356,3.239378,54.06
centerpoint,nuscenes,scene-0796,93,0,3,8,0.3333,0.3158,0.0175,0.723,0.7234,-0.0004,209.58,74.1,2.829,37.425,43.752,-16.907,7.843665,3.241923,58.668
centerpoint,nuscenes,scene-0796,94,0,3,8,0.4615,0.3529,0.1086,0.7235,0.722,0.0015,205.0,76.16,2.692,36.774,46.446,-26.303,7.538672,3.537315,53.078
centerpoint,nuscenes,scene-0796,95,1,3,8,0.5333,0.5333,0.0,0.6645,0.6645,0.0,185.93,202.37,0.919,37.022,35.556,3.96,6.883417,7.19546,-4.533
centerpoint,nuscenes,scene-0796,96,0,3,8,0.5333,0.4444,0.0889,0.6594,0.6803,-0.0209,188.89,70.59,2.676,37.068,45.245,-22.059,7.001966,3.193966,54.385
centerpoint,nuscenes,scene-0796,97,0,3,8,0.4615,0.3529,0.1086,0.7449,0.7419,0.003,198.44,67.8,2.927,38.819,47.65,-22.751,7.703218,3.2305,58.063
centerpoint,nuscenes,scene-0916,0,1,3,43,0.3768,0.3768,0.0,0.625,0.625,0.0,149.86,161.4,0.928,37.333,37.637,-0.814,5.594607,6.074508,-8.578
centerpoint,nuscenes,scene-0916,1,0,3,43,0.3582,0.4167,-0.0585,0.578,0.5522,0.0258,192.44,73.85,2.606,37.151,46.883,-26.197,7.149117,3.462279,51.571
centerpoint,nuscenes,scene-0916,2,0,3,48,0.3133,0.3,0.0133,0.6437,0.6784,-0.0347,192.75,72.34,2.665,36.42,50.028,-37.364,7.020118,3.619053,48.447
centerpoint,nuscenes,scene-0916,3,0,3,48,0.3953,0.4096,-0.0143,0.5952,0.5775,0.0178,186.18,73.76,2.524,37.111,45.808,-23.435,6.909372,3.37858,51.101
centerpoint,nuscenes,scene-0916,4,0,3,48,0.3457,0.3377,0.008,0.6795,0.6767,0.0027,189.14,70.27,2.691,37.172,47.443,-27.632,7.030602,3.333947,52.579
centerpoint,nuscenes,scene-0916,5,1,3,51,0.3182,0.3182,0.0,0.5876,0.5876,0.0,187.8,214.32,0.876,36.926,36.667,0.702,6.934592,7.858663,-13.326
centerpoint,nuscenes,scene-0916,6,0,3,51,0.4222,0.4,0.0222,0.5929,0.5982,-0.0053,188.49,79.69,2.365,37.532,45.12,-20.218,7.074441,3.595735,49.173
centerpoint,nuscenes,scene-0916,7,0,3,57,0.3556,0.4043,-0.0487,0.5846,0.5299,0.0548,184.96,70.16,2.636,37.765,47.94,-26.946,6.984805,3.363583,51.844
centerpoint,nuscenes,scene-0916,8,0,3,57,0.2766,0.3297,-0.0531,0.6318,0.5718,0.06,184.91,71.05,2.603,37.646,50.82,-34.994,6.961178,3.610692,48.131
centerpoint,nuscenes,scene-0916,9,0,3,60,0.3226,0.3404,-0.0178,0.5644,0.5536,0.0108,187.69,75.29,2.493,37.607,46.859,-24.604,7.058242,3.527976,50.016
centerpoint,nuscenes,scene-0916,10,1,3,60,0.4242,0.4242,0.0,0.5876,0.5876,0.0,189.47,201.48,0.94,37.686,36.171,4.019,7.140246,7.287747,-2.066
centerpoint,nuscenes,scene-0916,11,0,3,60,0.4632,0.4,0.0632,0.5964,0.6143,-0.0179,189.39,72.31,2.619,38.284,46.546,-21.582,7.250604,3.365871,53.578
centerpoint,nuscenes,scene-0916,12,0,3,65,0.3922,0.3762,0.0159,0.6621,0.6582,0.0039,186.53,70.22,2.656,37.942,48.348,-27.427,7.077176,3.394908,52.03
centerpoint,nuscenes,scene-0916,13,0,3,65,0.4,0.4381,-0.0381,0.6165,0.6033,0.0132,189.02,71.2,2.655,36.444,46.815,-28.457,6.88857,3.333434,51.609
centerpoint,nuscenes,scene-0916,14,0,3,69,0.4407,0.3478,0.0929,0.5823,0.5765,0.0057,186.89,69.71,2.681,37.832,46.85,-23.839,7.070294,3.26589,53.808
centerpoint,nuscenes,scene-0916,15,1,3,69,0.3684,0.3684,0.0,0.588,0.588,0.0,185.64,199.4,0.931,37.333,36.697,1.702,6.930583,7.317288,-5.58
centerpoint,nuscenes,scene-0916,16,0,3,69,0.4505,0.4298,0.0207,0.6174,0.5974,0.02,191.07,70.88,2.696,37.65,45.641,-21.227,7.193864,3.234892,55.033
centerpoint,nuscenes,scene-0916,17,0,3,71,0.4706,0.4516,0.019,0.6225,0.6215,0.001,182.74,75.86,2.409,39.062,44.941,-15.049,7.138356,3.409242,52.241
centerpoint,nuscenes,scene-0916,18,0,3,71,0.5469,0.5124,0.0345,0.5909,0.6078,-0.0168,184.32,70.85,2.601,38.12,46.324,-21.521,7.026196,3.28215,53.287
centerpoint,nuscenes,scene-0916,19,0,3,70,0.5289,0.5763,-0.0473,0.6397,0.6278,0.0119,184.83,72.34,2.555,38.237,47.317,-23.746,7.067364,3.42292,51.567
centerpoint,nuscenes,scene-0916,20,1,3,70,0.5528,0.5528,0.0,0.5724,0.5724,0.0,186.89,203.42,0.919,36.714,35.506,3.292,6.861592,7.22262,-5.262
centerpoint,nuscenes,scene-0916,21,0,3,70,0.5271,0.541,-0.0139,0.6422,0.6292,0.0129,182.52,59.66,3.059,36.909,50.504,-36.834,6.736432,3.013047,55.272
centerpoint,nuscenes,scene-0916,22,0,3,70,0.5564,0.5109,0.0454,0.6221,0.615,0.0071,200.69,73.02,2.748,37.843,48.248,-27.494,7.594866,3.523215,53.611
centerpoint,nuscenes,scene-0916,23,0,3,70,0.5231,0.56,-0.0369,0.6804,0.6423,0.0381,183.74,74.41,2.469,39.225,45.686,-16.472,7.207291,3.399375,52.834
centerpoint,nuscenes,scene-0916,24,0,3,71,0.5676,0.5468,0.0208,0.6188,0.6366,-0.0178,186.63,68.97,2.706,38.817,48.203,-24.182,7.244358,3.324626,54.107
centerpoint,nuscenes,scene-0916,25,1,3,71,0.5034,0.5034,0.0,0.655,0.655,0.0,185.61,200.53,0.926,37.007,35.878,3.051,6.868795,7.194731,-4.745
centerpoint,nuscenes,scene-0916,26,0,3,71,0.56,0.6,-0.04,0.6429,0.6293,0.0136,184.8,68.79,2.686,37.662,48.753,-29.448,6.959922,3.353663,51.815
centerpoint,nuscenes,scene-0916,27,0,3,71,0.5455,0.4885,0.0569,0.6368,0.6491,-0.0123,185.03,70.52,2.624,37.791,46.357,-22.666,6.992597,3.26924,53.247
centerpoint,nuscenes,scene-0916,28,0,3,71,0.5507,0.5522,-0.0015,0.6208,0.6119,0.0089,183.02,70.1,2.611,38.455,47.553,-23.659,7.038028,3.333266,52.639
centerpoint,nuscenes,scene-0916,29,0,3,73,0.5315,0.5735,-0.0421,0.6182,0.6072,0.011,185.37,69.15,2.681,37.252,47.247,-26.828,6.905337,3.266901,52.69
centerpoint,nuscenes,scene-0916,30,1,3,73,0.5652,0.5652,0.0,0.5964,0.5964,0.0,185.92,199.82,0.93,37.709,36.05,4.402,7.01098,7.203412,-2.745
centerpoint,nuscenes,scene-0916,31,0,3,73,0.5286,0.5882,-0.0597,0.6242,0.6069,0.0173,186.19,68.81,2.706,37.1,47.76,-28.733,6.907682,3.286528,52.422
centerpoint,nuscenes,scene-0916,32,0,3,73,0.5785,0.563,0.0155,0.5991,0.5912,0.0079,183.02,66.07,2.77,37.464,48.167,-28.569,6.8567,3.182498,53.586
centerpoint,nuscenes,scene-0916,33,0,3,73,0.5323,0.5512,-0.0189,0.6016,0.5431,0.0585,201.55,68.54,2.941,36.771,47.263,-28.534,7.411143,3.239311,56.291
centerpoint,nuscenes,scene-0916,34,0,3,72,0.4878,0.5161,-0.0283,0.6308,0.5903,0.0405,185.36,69.43,2.67,37.666,46.868,-24.428,6.981975,3.254154,53.392
centerpoint,nuscenes,scene-0916,35,1,3,72,0.4959,0.4959,0.0,0.6407,0.6407,0.0,189.42,196.4,0.964,37.44,37.096,0.919,7.091838,7.285617,-2.732
centerpoint,nuscenes,scene-0916,36,0,3,72,0.5294,0.5109,0.0185,0.5531,0.5857,-0.0327,185.31,68.06,2.723,38.238,45.275,-18.404,7.085721,3.081476,56.511
centerpoint,nuscenes,scene-0916,37,0,3,71,0.5039,0.4762,0.0277,0.5907,0.6147,-0.024,189.74,68.71,2.761,36.771,47.94,-30.373,6.977126,3.294138,52.787
centerpoint,nuscenes,scene-0916,38,0,3,71,0.4427,0.4783,-0.0355,0.6359,0.6156,0.0203,184.2,67.81,2.716,38.998,48.372,-24.038,7.183611,3.280187,54.338
centerpoint,nuscenes,scene-0916,39,0,3,72,0.448,0.4603,-0.0123,0.6491,0.6543,-0.0052,201.63,70.25,2.87,38.201,46.313,-21.235,7.70258,3.253387,57.762
centerpoint,nuscenes,scene-0916,40,1,3,72,0.4496,0.4496,0.0,0.6408,0.6408,0.0,186.94,198.74,0.941,40.567,35.982,11.303,7.583524,7.151052,5.703
centerpoint,nuscenes,scene-0916,41,0,3,72,0.4741,0.4507,0.0234,0.6304,0.6028,0.0275,189.67,76.85,2.468,37.334,46.354,-24.163,7.081009,3.562439,49.69
centerpoint,nuscenes,scene-0916,42,0,3,72,0.4762,0.4677,0.0084,0.654,0.6448,0.0092,186.27,67.99,2.74,37.734,46.407,-22.985,7.028602,3.155081,55.111
centerpoint,nuscenes,scene-0916,43,0,3,72,0.512,0.4733,0.0387,0.6321,0.6503,-0.0182,186.26,68.84,2.706,37.444,48.502,-29.532,6.974501,3.339025,52.125
centerpoint,nuscenes,scene-0916,44,0,3,69,0.5077,0.4878,0.0199,0.6262,0.6434,-0.0172,186.84,72.42,2.58,37.548,46.47,-23.762,7.015543,3.365442,52.029
centerpoint,nuscenes,scene-0916,45,1,3,69,0.5546,0.5546,0.0,0.6257,0.6257,0.0,184.03,197.9,0.93,37.827,36.595,3.256,6.961121,7.242263,-4.039
centerpoint,nuscenes,scene-0916,46,0,3,69,0.5172,0.4874,0.0298,0.6266,0.6193,0.0073,188.2,71.54,2.631,36.292,47.176,-29.989,6.830317,3.375099,50.586
centerpoint,nuscenes,scene-0916,47,0,3,67,0.5766,0.5517,0.0249,0.6384,0.6297,0.0087,186.55,75.7,2.464,37.131,44.707,-20.404,6.926718,3.384514,51.138
centerpoint,nuscenes,scene-0916,48,0,3,67,0.5741,0.5586,0.0155,0.6537,0.6361,0.0176,188.61,71.21,2.649,37.481,44.879,-19.737,7.06951,3.195682,54.796
centerpoint,nuscenes,scene-0916,49,0,3,66,0.5893,0.5614,0.0279,0.6614,0.6523,0.0091,191.4,73.16,2.616,38.02,45.998,-20.984,7.27697,3.365408,53.753
centerpoint,nuscenes,scene-0916,50,1,3,66,0.5593,0.5593,0.0,0.6782,0.6782,0.0,203.98,200.96,1.015,37.195,36.398,2.143,7.58696,7.314583,3.59
centerpoint,nuscenes,scene-0916,51,0,3,66,0.5926,0.5769,0.0157,0.6737,0.6745,-0.0008,185.4,72.28,2.565,38.301,45.046,-17.612,7.100828,3.255739,54.15
centerpoint,nuscenes,scene-0916,52,0,3,64,0.5893,0.5946,-0.0053,0.6709,0.6596,0.0113,187.62,71.29,2.632,37.777,47.232,-25.029,7.087581,3.367092,52.493
centerpoint,nuscenes,scene-0916,53,0,3,64,0.6435,0.6018,0.0417,0.6567,0.6807,-0.0241,185.8,69.2,2.685,37.166,44.4,-19.464,6.905294,3.072304,55.508
centerpoint,nuscenes,scene-0916,54,0,3,66,0.6018,0.5965,0.0053,0.6664,0.6645,0.002,184.22,63.88,2.884,38.606,48.182,-24.805,7.111783,3.077762,56.723
centerpoint,nuscenes,scene-0916,55,1,3,66,0.5789,0.5789,0.0,0.7101,0.7101,0.0,184.35,216.03,0.853,38.175,35.806,6.206,7.037493,7.735277,-9.915
centerpoint,nuscenes,scene-0916,56,0,3,66,0.6071,0.5789,0.0282,0.6815,0.6838,-0.0022,189.61,73.22,2.59,37.503,45.411,-21.085,7.111154,3.32498,53.243
centerpoint,nuscenes,scene-0916,57,0,3,63,0.6,0.5517,0.0483,0.6831,0.681,0.0021,191.96,71.57,2.682,36.307,47.479,-30.771,6.969415,3.397928,51.245
centerpoint,nuscenes,scene-0916,58,0,3,63,0.6167,0.6218,-0.0052,0.6593,0.6603,-0.001,184.86,68.96,2.681,36.908,46.361,-25.613,6.822697,3.197225,53.138
centerpoint,nuscenes,scene-0916,59,0,3,59,0.6296,0.6667,-0.037,0.6692,0.633,0.0362,182.84,67.58,2.705,37.616,46.908,-24.701,6.87766,3.1701,53.907
centerpoint,nuscenes,scene-0916,60,1,3,59,0.6446,0.6446,0.0,0.671,0.671,0.0,189.33,204.19,0.927,37.254,35.573,4.513,7.053232,7.263669,-2.984
centerpoint,nuscenes,scene-0916,61,0,3,59,0.6333,0.619,0.0143,0.6767,0.6744,0.0024,201.0,70.21,2.863,37.045,45.978,-24.114,7.446159,3.228336,56.644
centerpoint,nuscenes,scene-0916,62,0,3,59,0.6316,0.6154,0.0162,0.6648,0.665,-0.0003,184.36,64.19,2.872,38.205,47.292,-23.785,7.043624,3.035844,56.899
centerpoint,nuscenes,scene-0916,63,0,3,59,0.5932,0.5968,-0.0036,0.6932,0.6751,0.0181,175.15,57.78,3.031,38.129,53.465,-40.221,6.678107,3.088993,53.744
centerpoint,nuscenes,scene-0916,64,0,3,56,0.6379,0.6,0.0379,0.6398,0.6519,-0.0121,171.84,58.63,2.931,39.246,50.62,-28.981,6.743882,2.967625,55.995
centerpoint,nuscenes,scene-0916,65,1,3,56,0.592,0.592,0.0,0.6411,0.6411,0.0,171.47,172.2,0.996,37.516,36.745,2.057,6.432929,6.327348,1.641
centerpoint,nuscenes,scene-0916,66,0,3,56,0.6299,0.576,0.0539,0.6288,0.6624,-0.0335,175.02,60.11,2.911,38.278,51.993,-35.829,6.699514,3.125504,53.347
centerpoint,nuscenes,scene-0916,67,0,3,56,0.6116,0.6066,0.005,0.6514,0.6321,0.0193,190.22,60.2,3.16,36.293,49.227,-35.638,6.903674,2.963712,57.071
centerpoint,nuscenes,scene-0916,68,0,3,56,0.5983,0.6102,-0.0119,0.6377,0.6152,0.0225,174.67,57.59,3.033,37.581,51.666,-37.478,6.564396,2.975538,54.672
centerpoint,nuscenes,scene-0916,69,0,3,56,0.5714,0.6218,-0.0504,0.6468,0.6333,0.0134,174.27,59.16,2.945,36.845,48.093,-30.529,6.420743,2.845336,55.685
centerpoint,nuscenes,scene-0916,70,1,3,56,0.6261,0.6261,0.0,0.6613,0.6613,0.0,175.13,174.54,1.003,38.608,37.173,3.715,6.761242,6.488376,4.036
centerpoint,nuscenes,scene-0916,71,0,3,56,0.6034,0.6102,-0.0067,0.6775,0.6757,0.0018,173.82,60.69,2.864,37.847,50.505,-33.444,6.578606,3.06507,53.409
centerpoint,nuscenes,scene-0916,72,0,3,54,0.6,0.5893,0.0107,0.691,0.6957,-0.0046,173.07,59.55,2.906,37.931,48.82,-28.707,6.56462,2.907132,55.715
centerpoint,nuscenes,scene-0916,73,0,3,54,0.6325,0.576,0.0565,0.6704,0.6357,0.0347,192.6,59.26,3.25,37.885,51.839,-36.833,7.296834,3.072013,57.899
centerpoint,nuscenes,scene-0916,74,0,3,51,0.6842,0.6316,0.0526,0.6317,0.632,-0.0003,177.78,63.37,2.805,37.921,50.894,-34.208,6.741559,3.225281,52.158
centerpoint,nuscenes,scene-0916,75,1,3,51,0.6723,0.6723,0.0,0.6322,0.6322,0.0,170.85,173.15,0.987,37.773,38.746,-2.576,6.4536,6.708666,-3.952
centerpoint,nuscenes,scene-0916,76,0,3,51,0.7455,0.7091,0.0364,0.6301,0.6155,0.0145,173.6,60.99,2.846,38.571,48.328,-25.295,6.695829,2.947499,55.98
centerpoint,nuscenes,scene-0916,77,0,3,51,0.7143,0.6957,0.0186,0.6603,0.6329,0.0274,171.27,59.48,2.88,38.368,48.356,-26.034,6.571298,2.876207,56.231
centerpoint,nuscenes,scene-0916,78,0,3,51,0.7179,0.713,0.0049,0.6327,0.6248,0.0079,175.84,60.63,2.9,38.833,48.46,-24.791,6.828529,2.938353,56.969
centerpoint,nuscenes,scene-0916,79,0,3,49,0.7103,0.6606,0.0497,0.6761,0.6617,0.0145,205.34,78.2,2.626,36.415,43.134,-18.452,7.477421,3.373217,54.888
centerpoint,nuscenes,scene-0916,80,1,3,49,0.6789,0.6789,0.0,0.6611,0.6611,0.0,198.25,206.36,0.961,37.768,36.022,4.622,7.48762,7.433396,0.724
centerpoint,nuscenes,scene-0916,81,0,3,49,0.7358,0.7407,-0.0049,0.6714,0.6594,0.012,199.2,76.69,2.598,37.291,44.84,-20.244,7.428442,3.438702,53.709
centerpoint,nuscenes,scene-0916,82,0,3,49,0.6667,0.6789,-0.0122,0.6879,0.6798,0.0081,193.03,77.73,2.483,37.87,45.801,-20.943,7.30999,3.56022,51.297
centerpoint,nuscenes,scene-0916,83,0,3,49,0.7156,0.7184,-0.0029,0.6588,0.6446,0.0141,190.5,70.25,2.712,36.697,43.938,-19.732,6.990917,3.086597,55.848
centerpoint,nuscenes,scene-0916,84,0,3,48,0.6379,0.6607,-0.0228,0.6481,0.6621,-0.014,183.85,70.48,2.609,37.532,46.104,-22.839,6.900258,3.249437,52.908
centerpoint,nuscenes,scene-0916,85,1,3,48,0.6909,0.6909,0.0,0.6321,0.6321,0.0,204.03,201.43,1.013,37.432,35.358,5.539,7.637263,7.122183,6.744
centerpoint,nuscenes,scene-0916,86,0,3,48,0.699,0.7308,-0.0317,0.6611,0.6572,0.0039,186.94,72.11,2.593,37.534,46.546,-24.012,7.016484,3.356246,52.166
centerpoint,nuscenes,scene-0916,87,0,3,46,0.6783,0.6909,-0.0126,0.6573,0.6691,-0.0118,184.95,66.82,2.768,38.54,47.004,-21.959,7.127983,3.140566,55.94
centerpoint,nuscenes,scene-0916,88,0,3,46,0.7222,0.7037,0.0185,0.6458,0.6495,-0.0038,186.61,71.0,2.629,37.065,48.513,-30.888,6.916735,3.444232,50.204
centerpoint,nuscenes,scene-0916,89,0,3,43,0.6733,0.6667,0.0066,0.6701,0.6544,0.0157,185.98,70.33,2.645,39.045,47.059,-20.525,7.26148,3.309434,54.425
centerpoint,nuscenes,scene-0916,90,1,3,43,0.6667,0.6667,0.0,0.6468,0.6468,0.0,191.15,217.52,0.879,38.432,35.546,7.51,7.346384,7.732042,-5.25
centerpoint,nuscenes,scene-0916,91,0,3,43,0.6735,0.6804,-0.0069,0.6119,0.6197,-0.0078,190.55,74.17,2.569,36.956,45.563,-23.288,7.042139,3.379299,52.013
centerpoint,nuscenes,scene-0916,92,0,3,40,0.6966,0.6452,0.0515,0.6256,0.5992,0.0264,189.0,69.74,2.71,37.202,46.108,-23.939,7.031215,3.215584,54.267
centerpoint,nuscenes,scene-0916,93,0,3,40,0.6374,0.5909,0.0465,0.6498,0.6519,-0.0022,187.66,70.05,2.679,36.741,46.617,-26.881,6.894768,3.265452,52.639
centerpoint,nuscenes,scene-0916,94,0,3,39,0.6222,0.6364,-0.0141,0.6422,0.6405,0.0017,191.8,77.04,2.49,40.083,44.909,-12.042,7.687898,3.459898,54.996
centerpoint,nuscenes,scene-0916,95,1,3,39,0.6977,0.6977,0.0,0.6187,0.6187,0.0,190.77,200.74,0.95,38.816,36.327,6.414,7.405147,7.292166,1.526
centerpoint,nuscenes,scene-0916,96,0,3,39,0.7143,0.6667,0.0476,0.6369,0.6463,-0.0093,211.12,77.83,2.712,36.341,43.686,-20.211,7.672396,3.400242,55.682
centerpoint,nuscenes,scene-0916,97,0,3,37,0.6047,0.5412,0.0635,0.6497,0.6634,-0.0137,186.57,74.59,2.501,36.139,45.087,-24.76,6.742528,3.362865,50.125
centerpoint,nuscenes,scene-0916,98,0,3,37,0.6173,0.5909,0.0264,0.648,0.6433,0.0047,187.08,70.7,2.646,37.444,47.15,-25.923,7.004852,3.333749,52.408
centerpoint,nuscenes,scene-1077,0,1,3,16,0.5238,0.5238,0.0,0.6773,0.6773,0.0,158.27,165.51,0.956,36.429,35.637,2.174,5.765613,5.898354,-2.302
centerpoint,nuscenes,scene-1077,1,0,3,16,0.4615,0.4091,0.0524,0.721,0.6607,0.0603,185.31,67.91,2.729,37.398,46.719,-24.926,6.930303,3.172612,54.221
centerpoint,nuscenes,scene-1077,2,0,3,18,0.5854,0.4898,0.0956,0.6973,0.6867,0.0106,179.52,61.0,2.943,37.904,49.017,-29.318,6.804497,2.989905,56.06
centerpoint,nuscenes,scene-1077,3,0,3,18,0.5238,0.4651,0.0587,0.7192,0.6709,0.0483,179.77,63.64,2.825,38.135,49.993,-31.096,6.855395,3.181625,53.589
centerpoint,nuscenes,scene-1077,4,0,3,18,0.5217,0.4082,0.1136,0.717,0.6895,0.0274,181.3,61.51,2.948,38.049,49.025,-28.846,6.898168,3.01529,56.289
centerpoint,nuscenes,scene-1077,5,1,3,18,0.6047,0.6047,0.0,0.6675,0.6675,0.0,176.68,184.64,0.957,37.108,37.293,-0.498,6.556211,6.885792,-5.027
centerpoint,nuscenes,scene-1077,6,0,3,18,0.6341,0.4681,0.1661,0.6677,0.6174,0.0502,181.04,62.68,2.889,36.718,49.078,-33.662,6.647472,3.076003,53.727
centerpoint,nuscenes,scene-1077,7,0,3,20,0.5854,0.439,0.1463,0.6826,0.6561,0.0265,181.94,59.05,3.081,38.265,49.649,-29.751,6.961903,2.931837,57.887
centerpoint,nuscenes,scene-1077,8,0,3,20,0.4878,0.4186,0.0692,0.7074,0.6982,0.0093,195.35,64.42,3.033,37.345,48.212,-29.101,7.295209,3.105715,57.428
centerpoint,nuscenes,scene-1077,9,0,3,20,0.6486,0.5,0.1486,0.7021,0.6451,0.057,176.98,66.79,2.65,38.84,52.159,-34.293,6.873816,3.483537,49.322
centerpoint,nuscenes,scene-1077,10,1,3,21,0.6222,0.6222,0.0,0.6802,0.6802,0.0,183.62,186.56,0.984,37.295,36.573,1.935,6.848184,6.823217,0.365
centerpoint,nuscenes,scene-1077,11,0,3,21,0.6316,0.4444,0.1871,0.7009,0.6357,0.0652,187.72,65.09,2.884,37.161,47.903,-28.908,6.975748,3.118038,55.302
centerpoint,nuscenes,scene-1077,12,0,3,21,0.6154,0.5238,0.0916,0.6772,0.639,0.0383,180.57,62.27,2.9,37.837,48.355,-27.797,6.832113,3.011151,55.927
centerpoint,nuscenes,scene-1077,13,0,3,21,0.5,0.45,0.05,0.6862,0.6265,0.0597,183.94,65.24,2.819,37.446,49.464,-32.093,6.887784,3.226985,53.149
centerpoint,nuscenes,scene-1077,14,0,3,21,0.5714,0.4082,0.1633,0.5892,0.5866,0.0026,197.06,66.28,2.973,37.083,48.027,-29.512,7.307661,3.183123,56.441
centerpoint,nuscenes,scene-1077,15,1,3,22,0.5,0.5,0.0,0.602,0.602,0.0,187.44,188.18,0.996,37.47,36.035,3.83,7.023404,6.78112,3.45
centerpoint,nuscenes,scene-1077,16,0,3,22,0.4865,0.3333,0.1532,0.7012,0.6143,0.0868,184.02,62.66,2.937,37.835,48.276,-27.595,6.962628,3.024943,56.555
centerpoint,nuscenes,scene-1077,17,0,3,22,0.4324,0.2791,0.1534,0.6921,0.6067,0.0854,180.98,65.99,2.742,39.942,46.86,-17.321,7.228664,3.092458,57.22
centerpoint,nuscenes,scene-1077,18,0,3,22,0.4186,0.3333,0.0853,0.5968,0.564,0.0328,189.46,64.85,2.922,37.189,47.762,-28.433,7.045822,3.097307,56.041
centerpoint,nuscenes,scene-1077,19,0,3,22,0.5,0.383,0.117,0.6333,0.5658,0.0675,180.76,64.73,2.793,37.609,49.74,-32.257,6.797977,3.21942,52.641
centerpoint,nuscenes,scene-1077,20,1,3,22,0.5714,0.5714,0.0,0.6734,0.6734,0.0,190.46,198.38,0.96,37.951,36.048,5.017,7.228091,7.150996,1.067
centerpoint,nuscenes,scene-1077,21,0,3,22,0.6111,0.4878,0.1233,0.6938,0.6834,0.0104,189.21,74.37,2.544,38.058,44.24,-16.243,7.201017,3.290082,54.311
centerpoint,nuscenes,scene-1077,22,0,3,22,0.6286,0.5263,0.1023,0.6998,0.6932,0.0066,191.14,73.2,2.611,37.239,44.721,-20.091,7.117883,3.273723,54.007
centerpoint,nuscenes,scene-1077,23,0,3,22,0.6842,0.5263,0.1579,0.6286,0.5632,0.0654,187.68,71.64,2.62,37.066,45.55,-22.888,6.956513,3.263163,53.092
centerpoint,nuscenes,scene-1077,24,0,3,22,0.5,0.4,0.1,0.6753,0.6772,-0.0019,194.2,73.82,2.631,39.209,45.469,-15.965,7.614616,3.35639,55.922
centerpoint,nuscenes,scene-1077,25,1,3,23,0.4444,0.4444,0.0,0.6904,0.6904,0.0,193.96,204.94,0.946,36.986,35.508,3.997,7.173756,7.27674,-1.436
centerpoint,nuscenes,scene-1077,26,0,3,23,0.5128,0.4186,0.0942,0.6648,0.55,0.1148,197.38,73.2,2.696,37.316,47.143,-26.334,7.365244,3.451008,53.145
centerpoint,nuscenes,scene-1077,27,0,3,21,0.5116,0.3478,0.1638,0.6805,0.6912,-0.0107,189.48,69.02,2.745,37.318,49.169,-31.756,7.071134,3.393827,52.004
centerpoint,nuscenes,scene-1077,28,0,3,21,0.4865,0.3415,0.145,0.6875,0.6733,0.0142,183.21,69.78,2.626,39.261,47.655,-21.38,7.193191,3.325316,53.771
centerpoint,nuscenes,scene-1077,29,0,3,21,0.5789,0.4211,0.1579,0.6607,0.6895,-0.0287,187.27,76.31,2.454,38.656,46.155,-19.4,7.239094,3.522247,51.344
centerpoint,nuscenes,scene-1077,30,1,3,20,0.5882,0.5882,0.0,0.7189,0.7189,0.0,194.03,205.47,0.944,37.549,36.622,2.468,7.285489,7.524641,-3.283
centerpoint,nuscenes,scene-1077,31,0,3,20,0.6111,0.5556,0.0556,0.6826,0.6311,0.0514,193.55,75.01,2.58,37.566,47.14,-25.486,7.270994,3.535845,51.371
centerpoint,nuscenes,scene-1077,32,0,3,19,0.6486,0.4103,0.2384,0.6406,0.6167,0.0239,187.53,70.16,2.673,38.297,46.709,-21.966,7.181676,3.277228,54.367
centerpoint,nuscenes,scene-1077,33,0,3,19,0.5128,0.3077,0.2051,0.7016,0.6474,0.0542,186.34,68.36,2.726,38.827,45.84,-18.062,7.234758,3.133522,56.688
centerpoint,nuscenes,scene-1077,34,0,3,19,0.5,0.4324,0.0676,0.6429,0.5507,0.0922,182.87,67.39,2.714,38.938,52.188,-34.03,7.120739,3.517164,50.607
centerpoint,nuscenes,scene-1077,35,1,3,19,0.5556,0.5556,0.0,0.6658,0.6658,0.0,190.83,203.45,0.938,40.819,35.211,13.739,7.78945,7.163526,8.036
centerpoint,nuscenes,scene-1077,36,0,3,19,0.6286,0.3784,0.2502,0.6256,0.6498,-0.0242,188.26,69.68,2.702,37.547,48.09,-28.077,7.06866,3.351102,52.592
centerpoint,nuscenes,scene-1077,37,0,3,21,0.4706,0.3,0.1706,0.6833,0.6864,-0.0031,189.16,66.54,2.843,39.702,48.191,-21.383,7.510154,3.206865,57.3
centerpoint,nuscenes,scene-1077,38,0,3,21,0.45,0.3889,0.0611,0.6316,0.6525,-0.021,192.49,70.17,2.743,38.758,51.116,-31.886,7.460608,3.586682,51.925
centerpoint,nuscenes,scene-1077,39,0,3,21,0.4865,0.4211,0.0654,0.6128,0.588,0.0249,195.43,73.65,2.653,37.048,45.319,-22.325,7.240192,3.33771,53.9
centerpoint,nuscenes,scene-1077,40,1,3,21,0.45,0.45,0.0,0.6196,0.6196,0.0,189.55,202.28,0.937,38.259,36.556,4.45,7.251793,7.394714,-1.971
centerpoint,nuscenes,scene-1077,41,0,3,21,0.4444,0.2222,0.2222,0.6745,0.6496,0.0249,192.44,72.88,2.64,36.946,48.744,-31.931,7.110022,3.552672,50.033
centerpoint,nuscenes,scene-1077,42,0,3,20,0.4,0.35,0.05,0.6841,0.5888,0.0953,184.89,73.52,2.515,37.712,45.818,-21.495,6.972613,3.368613,51.688
centerpoint,nuscenes,scene-1077,43,0,3,20,0.4,0.3429,0.0571,0.7508,0.5354,0.2154,183.97,67.24,2.736,38.452,48.485,-26.094,7.074033,3.260073,53.915
centerpoint,nuscenes,scene-1077,44,0,3,20,0.375,0.4,-0.025,0.72,0.5498,0.1702,185.77,69.37,2.678,37.903,47.159,-24.418,7.041517,3.271323,53.542
centerpoint,nuscenes,scene-1077,45,1,3,19,0.4286,0.4286,0.0,0.7054,0.7054,0.0,188.36,204.7,0.92,37.557,36.444,2.965,7.074396,7.459871,-5.449
centerpoint,nuscenes,scene-1077,46,0,3,19,0.4375,0.3333,0.1042,0.7187,0.6317,0.087,189.65,72.55,2.614,39.403,47.88,-21.513,7.472743,3.473599,53.516
centerpoint,nuscenes,scene-1077,47,0,3,20,0.4571,0.2162,0.2409,0.6374,0.5552,0.0821,195.11,67.69,2.882,38.008,49.443,-30.086,7.415708,3.346866,54.868
centerpoint,nuscenes,scene-1077,48,0,3,20,0.4848,0.3125,0.1723,0.6083,0.5407,0.0676,188.18,73.43,2.563,37.026,45.888,-23.934,6.967423,3.369362,51.641
centerpoint,nuscenes,scene-1077,49,0,3,20,0.375,0.2778,0.0972,0.7025,0.6139,0.0886,208.65,76.1,2.742,36.628,45.985,-25.546,7.642464,3.499559,54.209
centerpoint,nuscenes,scene-1077,50,1,3,21,0.3636,0.3636,0.0,0.6707,0.6707,0.0,186.41,203.34,0.917,38.568,36.324,5.817,7.189391,7.386265,-2.738
centerpoint,nuscenes,scene-1077,51,0,3,21,0.3529,0.3429,0.0101,0.7027,0.6792,0.0234,192.09,74.3,2.585,38.16,45.736,-19.855,7.330331,3.398441,53.639
centerpoint,nuscenes,scene-1077,52,0,3,20,0.3684,0.3415,0.027,0.6122,0.5769,0.0354,193.92,76.62,2.531,38.985,46.891,-20.281,7.559859,3.592788,52.475
centerpoint,nuscenes,scene-1077,53,0,3,20,0.2927,0.2564,0.0363,0.6595,0.5964,0.0631,189.8,71.93,2.639,38.477,47.596,-23.699,7.303025,3.423364,53.124
centerpoint,nuscenes,scene-1077,54,0,3,20,0.4,0.3333,0.0667,0.7043,0.6256,0.0788,191.56,77.04,2.486,37.942,47.897,-26.238,7.268085,3.6901,49.229
centerpoint,nuscenes,scene-1077,55,1,3,20,0.4706,0.4706,0.0,0.6673,0.6673,0.0,212.82,202.67,1.05,36.245,36.675,-1.186,7.713662,7.4331,3.637
centerpoint,nuscenes,scene-1077,56,0,3,20,0.4615,0.2927,0.1689,0.6131,0.5541,0.059,193.59,76.49,2.531,36.515,46.239,-26.63,7.069178,3.536812,49.969
centerpoint,nuscenes,scene-1077,57,0,3,21,0.4211,0.2727,0.1483,0.6613,0.6407,0.0206,202.62,73.39,2.761,37.339,48.251,-29.225,7.565511,3.540987,53.196
centerpoint,nuscenes,scene-1077,58,0,3,21,0.3684,0.2381,0.1303,0.7251,0.7026,0.0225,196.8,73.69,2.671,38.575,46.28,-19.974,7.591657,3.41056,55.075
centerpoint,nuscenes,scene-1077,59,0,3,21,0.4706,0.3415,0.1291,0.6818,0.5879,0.0939,186.59,67.24,2.775,38.273,47.956,-25.3,7.141327,3.22447,54.848
centerpoint,nuscenes,scene-1077,60,1,3,20,0.5405,0.5405,0.0,0.605,0.605,0.0,184.32,218.18,0.845,38.835,35.409,8.822,7.157982,7.725603,-7.93
centerpoint,nuscenes,scene-1077,61,0,3,20,0.4737,0.3043,0.1693,0.6908,0.6262,0.0646,203.57,71.73,2.838,37.603,47.476,-26.256,7.654904,3.405556,55.511
centerpoint,nuscenes,scene-1077,62,0,3,19,0.5143,0.2439,0.2704,0.6461,0.682,-0.0359,185.61,69.39,2.675,37.359,49.509,-32.522,6.93419,3.435319,50.458
centerpoint,nuscenes,scene-1077,63,0,3,19,0.4865,0.1667,0.3198,0.6703,0.6717,-0.0014,190.11,70.27,2.705,37.555,47.32,-26.001,7.139609,3.325243,53.425
centerpoint,nuscenes,scene-1077,64,0,3,19,0.4865,0.25,0.2365,0.6688,0.6674,0.0013,187.27,67.06,2.793,37.914,49.634,-30.91,7.100361,3.328463,53.123
centerpoint,nuscenes,scene-1077,65,1,3,21,0.4706,0.4706,0.0,0.5731,0.5731,0.0,187.31,205.02,0.914,38.623,36.942,4.351,7.234566,7.573853,-4.69
centerpoint,nuscenes,scene-1077,66,0,3,21,0.3902,0.3636,0.0266,0.6415,0.5865,0.055,218.59,74.08,2.951,39.681,45.008,-13.425,8.674009,3.334348,61.559
centerpoint,nuscenes,scene-1077,67,0,3,25,0.4211,0.2791,0.142,0.61,0.6366,-0.0266,187.4,72.46,2.586,38.203,45.297,-18.57,7.159045,3.282413,54.15
centerpoint,nuscenes,scene-1077,68,0,3,25,0.3077,0.2326,0.0751,0.6819,0.6961,-0.0142,189.59,70.52,2.688,38.423,46.006,-19.735,7.284779,3.244569,55.461
centerpoint,nuscenes,scene-1077,69,0,3,25,0.2857,0.2273,0.0584,0.6861,0.6802,0.0059,186.73,70.8,2.638,37.058,47.212,-27.4,6.919893,3.342434,51.698
centerpoint,nuscenes,scene-1077,70,1,3,27,0.3636,0.3636,0.0,0.6504,0.6504,0.0,196.63,202.7,0.97,40.083,36.095,9.949,7.881705,7.316473,7.171
centerpoint,nuscenes,scene-1077,71,0,3,27,0.3404,0.2979,0.0426,0.6664,0.6594,0.007,187.63,68.51,2.739,36.658,48.168,-31.398,6.878294,3.299801,52.026
centerpoint,nuscenes,scene-1077,72,0,3,26,0.3721,0.2273,0.1448,0.6355,0.6412,-0.0057,201.91,73.1,2.762,37.501,46.397,-23.72,7.572086,3.391579,55.209
centerpoint,nuscenes,scene-1077,73,0,3,26,0.3256,0.2222,0.1034,0.6516,0.6816,-0.03,194.4,70.66,2.751,38.002,47.77,-25.704,7.387518,3.375343,54.31
centerpoint,nuscenes,scene-1077,74,0,3,26,0.2927,0.3478,-0.0551,0.7322,0.7111,0.0211,186.66,69.12,2.7,38.956,50.35,-29.247,7.271529,3.480195,52.139
centerpoint,nuscenes,scene-1077,75,1,3,26,0.2927,0.2927,0.0,0.7205,0.7205,0.0,190.42,200.26,0.951,38.545,36.102,6.339,7.339863,7.229837,1.499
centerpoint,nuscenes,scene-1077,76,0,3,26,0.3902,0.3182,0.0721,0.6928,0.6115,0.0812,189.9,71.91,2.641,39.409,46.174,-17.165,7.483682,3.320141,55.635
centerpoint,nuscenes,scene-1077,77,0,3,28,0.3721,0.3556,0.0165,0.6807,0.6206,0.0601,186.79,67.8,2.755,38.588,46.605,-20.778,7.207797,3.159989,56.159
centerpoint,nuscenes,scene-1077,78,0,3,28,0.3913,0.3137,0.0776,0.7036,0.6779,0.0257,206.31,75.51,2.732,37.954,47.321,-24.681,7.830128,3.57342,54.363
centerpoint,nuscenes,scene-1077,79,0,3,28,0.4082,0.24,0.1682,0.7199,0.716,0.0039,187.87,70.24,2.675,40.533,46.841,-15.563,7.614793,3.290243,56.791
centerpoint,nuscenes,scene-1077,80,1,3,27,0.4783,0.4783,0.0,0.633,0.633,0.0,186.27,203.97,0.913,37.605,36.149,3.873,7.004668,7.373361,-5.264
centerpoint,nuscenes,scene-1077,81,0,3,27,0.5,0.3256,0.1744,0.6423,0.6693,-0.027,199.71,76.29,2.618,38.036,48.995,-28.813,7.596102,3.737674,50.795
centerpoint,nuscenes,scene-1077,82,0,3,28,0.4444,0.3556,0.0889,0.6874,0.7186,-0.0312,187.38,73.46,2.551,39.195,47.197,-20.416,7.344293,3.466973,52.794
centerpoint,nuscenes,scene-1077,83,0,3,28,0.4255,0.2963,0.1292,0.6728,0.7179,-0.0452,197.12,79.09,2.492,38.294,48.084,-25.564,7.548682,3.802854,49.622
centerpoint,nuscenes,scene-1077,84,0,3,28,0.381,0.3556,0.0254,0.7222,0.7341,-0.0119,189.11,73.64,2.568,37.152,46.575,-25.364,7.0259,3.429637,51.186
centerpoint,nuscenes,scene-1077,85,1,3,29,0.3721,0.3721,0.0,0.7046,0.7046,0.0,185.93,204.71,0.908,38.093,36.919,3.083,7.08277,7.557496,-6.703
centerpoint,nuscenes,scene-1077,86,0,3,29,0.36,0.2,0.16,0.6448,0.6482,-0.0034,193.56,76.68,2.524,39.987,45.888,-14.756,7.74007,3.518779,54.538
centerpoint,nuscenes,scene-1077,87,0,3,31,0.4186,0.2,0.2186,0.687,0.6361,0.0509,192.69,72.57,2.655,39.901,49.829,-24.882,7.688363,3.615971,52.968
centerpoint,nuscenes,scene-1077,88,0,3,31,0.4444,0.2857,0.1587,0.6675,0.6474,0.0201,185.94,68.79,2.703,39.03,51.042,-30.778,7.25704,3.511297,51.615
centerpoint,nuscenes,scene-1077,89,0,3,31,0.36,0.24,0.12,0.6546,0.6658,-0.0112,189.62,69.1,2.744,38.918,46.604,-19.748,7.379677,3.220116,56.365
centerpoint,nuscenes,scene-1077,90,1,3,31,0.381,0.381,0.0,0.6375,0.6375,0.0,188.13,195.57,0.962,37.792,35.867,5.095,7.109962,7.014505,1.343
centerpoint,nuscenes,scene-1077,91,0,3,31,0.3111,0.16,0.1511,0.6799,0.6856,-0.0057,185.77,67.49,2.753,38.468,50.425,-31.084,7.146069,3.402936,52.38
centerpoint,nuscenes,scene-1077,92,0,3,29,0.3182,0.3478,-0.0296,0.6912,0.6669,0.0243,186.9,64.68,2.889,38.239,46.215,-20.859,7.146823,2.989341,58.172
centerpoint,nuscenes,scene-1077,93,0,3,29,0.2727,0.2222,0.0505,0.7154,0.6814,0.0339,183.12,62.51,2.929,37.58,50.325,-33.915,6.881624,3.14604,54.283
centerpoint,nuscenes,scene-1077,94,0,3,29,0.2791,0.1778,0.1013,0.6647,0.5925,0.0722,181.58,62.13,2.923,38.297,48.897,-27.677,6.953813,3.037927,56.313
centerpoint,nuscenes,scene-1077,95,1,3,22,0.3158,0.3158,0.0,0.7025,0.7025,0.0,188.4,213.7,0.882,37.644,36.071,4.18,7.092025,7.708175,-8.688
centerpoint,nuscenes,scene-1077,96,0,3,22,0.3429,0.0556,0.2873,0.5844,0.6958,-0.1114,188.62,71.25,2.647,37.437,48.456,-29.433,7.061573,3.452317,51.111
centerpoint,nuscenes,scene-1077,97,0,3,19,0.3636,0.1765,0.1872,0.6655,0.7213,-0.0558,183.89,68.7,2.677,38.035,48.425,-27.318,6.994234,3.326765,52.436
centerpoint,nuscenes,scene-1077,98,0,3,19,0.2,0.1714,0.0286,0.7182,0.7281,-0.0099,181.3,67.66,2.679,38.158,46.62,-22.175,6.91799,3.154423,54.403
centerpoint,nuscenes,scene-1077,99,0,3,19,0.2,0.1429,0.0571,0.7189,0.6661,0.0528,182.95,66.88,2.736,37.803,49.587,-31.173,6.916201,3.31632,52.05
centerpoint,nuscenes,scene-1094,0,1,3,52,0.1818,0.1818,0.0,0.669,0.669,0.0,145.49,131.82,1.104,37.237,38.772,-4.12,5.417778,5.11088,5.665
centerpoint,nuscenes,scene-1094,1,0,3,52,0.1839,0.1882,-0.0043,0.6739,0.6863,-0.0124,171.4,61.75,2.776,37.409,48.191,-28.822,6.411935,2.975875,53.589
centerpoint,nuscenes,scene-1094,2,0,3,53,0.1474,0.1739,-0.0265,0.7427,0.6626,0.0801,171.56,62.79,2.732,37.632,45.193,-20.092,6.456342,2.837691,56.048
centerpoint,nuscenes,scene-1094,3,0,3,53,0.1538,0.1556,-0.0017,0.7174,0.6721,0.0454,168.42,63.02,2.672,40.516,47.844,-18.087,6.82385,3.015196,55.814
centerpoint,nuscenes,scene-1094,4,0,3,53,0.1798,0.1758,0.004,0.6387,0.6044,0.0343,169.48,62.86,2.696,39.245,48.679,-24.038,6.651095,3.059965,53.993
centerpoint,nuscenes,scene-1094,5,1,3,57,0.1798,0.1798,0.0,0.5979,0.5979,0.0,170.43,170.24,1.001,37.429,36.273,3.088,6.379,6.175112,3.196
centerpoint,nuscenes,scene-1094,6,0,3,57,0.198,0.2,-0.002,0.5971,0.5203,0.0768,189.45,60.34,3.14,36.725,46.66,-27.054,6.957593,2.815418,59.535
centerpoint,nuscenes,scene-1094,7,0,3,58,0.1739,0.1667,0.0072,0.6838,0.6244,0.0594,171.52,62.35,2.751,36.82,46.868,-27.291,6.315417,2.922108,53.731
centerpoint,nuscenes,scene-1094,8,0,3,58,0.2062,0.2041,0.0021,0.6157,0.6207,-0.0049,172.51,62.45,2.763,36.8,52.243,-41.963,6.348591,3.262443,48.612
centerpoint,nuscenes,scene-1094,9,0,3,58,0.2062,0.2041,0.0021,0.6405,0.5864,0.0541,177.24,61.59,2.878,37.23,48.175,-29.399,6.598748,2.966941,55.038
centerpoint,nuscenes,scene-1094,10,1,3,59,0.2174,0.2174,0.0,0.629,0.629,0.0,174.47,175.35,0.995,37.193,36.051,3.07,6.488975,6.321479,2.581
centerpoint,nuscenes,scene-1094,11,0,3,59,0.243,0.2708,-0.0278,0.6096,0.6023,0.0073,175.96,60.15,2.925,38.153,47.641,-24.867,6.713476,2.86582,57.312
centerpoint,nuscenes,scene-1094,12,0,3,59,0.2708,0.25,0.0208,0.6382,0.6786,-0.0404,178.05,65.16,2.732,38.574,49.246,-27.667,6.868072,3.209013,53.276
centerpoint,nuscenes,scene-1094,13,0,3,59,0.22,0.2157,0.0043,0.6141,0.5895,0.0246,176.2,62.32,2.827,37.105,47.923,-29.155,6.537733,2.986442,54.32
centerpoint,nuscenes,scene-1094,14,0,3,59,0.2095,0.1584,0.0511,0.6059,0.647,-0.0411,176.18,61.72,2.855,37.566,49.221,-31.025,6.618458,3.037901,54.1
centerpoint,nuscenes,scene-1094,15,1,3,61,0.1869,0.1869,0.0,0.6121,0.6121,0.0,174.12,174.7,0.997,38.582,37.079,3.895,6.717943,6.477647,3.577
centerpoint,nuscenes,scene-1094,16,0,3,61,0.2393,0.2018,0.0375,0.6466,0.6238,0.0229,175.1,63.96,2.737,37.282,49.211,-31.996,6.528129,3.147711,51.782
centerpoint,nuscenes,scene-1094,17,0,3,61,0.2321,0.2069,0.0252,0.592,0.6104,-0.0184,176.87,62.37,2.836,37.718,51.09,-35.453,6.671235,3.186429,52.236
centerpoint,nuscenes,scene-1094,18,0,3,61,0.2424,0.2264,0.016,0.6619,0.6314,0.0305,175.5,63.31,2.772,39.117,50.359,-28.737,6.865275,3.188192,53.561
centerpoint,nuscenes,scene-1094,19,0,3,61,0.2124,0.1709,0.0414,0.6464,0.6275,0.0189,183.72,63.38,2.899,38.128,47.556,-24.725,7.005072,3.014234,56.971
centerpoint,nuscenes,scene-1094,20,1,3,61,0.2124,0.2124,0.0,0.6686,0.6686,0.0,177.12,176.37,1.004,37.812,37.065,1.977,6.697309,6.537311,2.389
centerpoint,nuscenes,scene-1094,21,0,3,61,0.2034,0.2143,-0.0109,0.7147,0.703,0.0117,174.64,66.76,2.616,37.456,48.907,-30.57,6.541552,3.265092,50.087
centerpoint,nuscenes,scene-1094,22,0,3,60,0.2185,0.25,-0.0315,0.6976,0.6283,0.0693,176.66,62.76,2.815,36.825,50.534,-37.225,6.5057,3.171558,51.25
centerpoint,nuscenes,scene-1094,23,0,3,60,0.2479,0.2632,-0.0152,0.6534,0.6682,-0.0148,177.73,63.47,2.8,37.783,50.319,-33.178,6.715292,3.193771,52.44
centerpoint,nuscenes,scene-1094,24,0,3,60,0.2295,0.2281,0.0014,0.6422,0.6257,0.0165,177.08,62.77,2.821,37.962,51.372,-35.325,6.722426,3.224423,52.035
centerpoint,nuscenes,scene-1094,25,1,3,61,0.2752,0.2752,0.0,0.6226,0.6226,0.0,206.03,187.6,1.098,37.05,36.533,1.395,7.633486,6.85361,10.217
centerpoint,nuscenes,scene-1094,26,0,3,61,0.2414,0.2342,0.0071,0.6435,0.6124,0.0311,187.66,65.44,2.868,37.505,48.134,-28.339,7.038411,3.149887,55.247
centerpoint,nuscenes,scene-1094,27,0,3,62,0.2321,0.2143,0.0179,0.5776,0.5987,-0.0212,183.56,66.87,2.745,37.887,47.207,-24.6,6.954762,3.156619,54.612
centerpoint,nuscenes,scene-1094,28,0,3,62,0.2373,0.2655,-0.0282,0.5899,0.5499,0.04,182.91,68.14,2.685,37.836,46.967,-24.135,6.920611,3.20014,53.759
centerpoint,nuscenes,scene-1094,29,0,3,62,0.2034,0.25,-0.0466,0.6983,0.639,0.0593,184.89,66.15,2.795,39.243,48.461,-23.489,7.255439,3.205452,55.82
centerpoint,nuscenes,scene-1094,30,1,3,64,0.2353,0.2353,0.0,0.6197,0.6197,0.0,189.6,196.23,0.966,38.24,36.767,3.853,7.250381,7.214623,0.493
centerpoint,nuscenes,scene-1094,31,0,3,64,0.2087,0.2353,-0.0266,0.695,0.6536,0.0414,187.86,68.89,2.727,39.086,47.158,-20.651,7.342802,3.248918,55.754
centerpoint,nuscenes,scene-1094,32,0,3,64,0.2586,0.2521,0.0065,0.6349,0.6282,0.0067,192.84,71.48,2.698,38.117,46.58,-22.204,7.350465,3.329563,54.703
centerpoint,nuscenes,scene-1094,33,0,3,64,0.2778,0.2857,-0.0079,0.6849,0.6665,0.0184,185.57,67.82,2.736,38.623,47.546,-23.103,7.167068,3.224713,55.007
centerpoint,nuscenes,scene-1094,34,0,3,64,0.2832,0.2373,0.0459,0.6627,0.6774,-0.0147,191.83,70.43,2.724,37.239,51.297,-37.749,7.143494,3.612762,49.426
centerpoint,nuscenes,scene-1094,35,1,3,64,0.3364,0.3364,0.0,0.6131,0.6131,0.0,185.39,203.85,0.909,37.77,36.526,3.293,7.002015,7.445699,-6.337
centerpoint,nuscenes,scene-1094,36,0,3,64,0.3333,0.2752,0.0581,0.597,0.6357,-0.0388,187.42,72.0,2.603,37.315,47.136,-26.319,6.993807,3.393976,51.472
centerpoint,nuscenes,scene-1094,37,0,3,64,0.2745,0.283,-0.0085,0.7053,0.6705,0.0348,190.51,74.42,2.56,36.686,47.516,-29.52,6.989232,3.535958,49.408
centerpoint,nuscenes,scene-1094,38,0,3,64,0.2936,0.3107,-0.0171,0.6538,0.6318,0.022,193.23,72.02,2.683,37.029,50.073,-35.224,7.155361,3.606444,49.598
centerpoint,nuscenes,scene-1094,39,0,3,64,0.3208,0.3301,-0.0093,0.6243,0.6398,-0.0155,183.42,62.62,2.929,38.291,48.043,-25.47,7.023127,3.00838,57.165
centerpoint,nuscenes,scene-1094,40,1,3,61,0.2783,0.2783,0.0,0.671,0.671,0.0,182.82,205.51,0.89,37.769,35.393,6.292,6.905138,7.273546,-5.335
centerpoint,nuscenes,scene-1094,41,0,3,61,0.2909,0.2963,-0.0054,0.6777,0.6729,0.0047,187.25,68.75,2.724,36.728,47.451,-29.196,6.87737,3.262443,52.563
centerpoint,nuscenes,scene-1094,42,0,3,58,0.2832,0.3107,-0.0275,0.6695,0.6941,-0.0246,184.23,70.53,2.612,38.074,46.276,-21.543,7.014462,3.26381,53.47
centerpoint,nuscenes,scene-1094,43,0,3,58,0.2906,0.3238,-0.0332,0.7047,0.6516,0.0531,184.06,72.19,2.55,36.918,47.315,-28.162,6.795188,3.415436,49.737
centerpoint,nuscenes,scene-1094,44,0,3,58,0.2991,0.3009,-0.0018,0.6695,0.6512,0.0183,186.37,67.45,2.763,37.814,48.708,-28.808,7.047282,3.285506,53.379
centerpoint,nuscenes,scene-1094,45,1,3,55,0.303,0.303,0.0,0.7003,0.7003,0.0,179.79,196.72,0.914,37.527,35.257,6.05,6.746902,6.935606,-2.797
centerpoint,nuscenes,scene-1094,46,0,3,55,0.3505,0.2857,0.0648,0.6704,0.6521,0.0183,185.47,74.61,2.486,37.465,44.949,-19.975,6.948747,3.353505,51.739
centerpoint,nuscenes,scene-1094,47,0,3,56,0.28,0.2476,0.0324,0.6509,0.6659,-0.015,187.14,68.06,2.75,36.925,48.092,-30.241,6.910036,3.273118,52.632
centerpoint,nuscenes,scene-1094,48,0,3,56,0.2772,0.26,0.0172,0.6683,0.6528,0.0155,203.39,73.65,2.761,35.631,43.97,-23.404,7.246922,3.238582,55.311
centerpoint,nuscenes,scene-1094,49,0,3,56,0.2745,0.2718,0.0027,0.617,0.6277,-0.0108,184.7,75.53,2.445,37.562,46.461,-23.689,6.937567,3.50935,49.415
centerpoint,nuscenes,scene-1094,50,1,3,50,0.2824,0.2824,0.0,0.7407,0.7407,0.0,184.09,198.65,0.927,37.04,35.641,3.776,6.818502,7.080209,-3.838
centerpoint,nuscenes,scene-1094,51,0,3,50,0.2921,0.2826,0.0095,0.7053,0.6705,0.0348,194.92,76.84,2.537,37.927,44.26,-16.698,7.392763,3.401131,53.994
centerpoint,nuscenes,scene-1094,52,0,3,47,0.2955,0.2637,0.0317,0.7483,0.7563,-0.0081,186.23,74.66,2.494,37.752,44.619,-18.191,7.030689,3.331218,52.619
centerpoint,nuscenes,scene-1094,53,0,3,47,0.3373,0.3077,0.0297,0.7507,0.7068,0.0439,188.56,73.67,2.56,36.316,45.153,-24.331,6.847887,3.326183,51.428
centerpoint,nuscenes,scene-1094,54,0,3,47,0.3291,0.2989,0.0303,0.7499,0.7327,0.0172,205.13,72.85,2.816,37.648,46.572,-23.702,7.722967,3.392637,56.071
centerpoint,nuscenes,scene-1094,55,1,3,36,0.3529,0.3529,0.0,0.7485,0.7485,0.0,190.92,202.7,0.942,36.869,35.197,4.534,7.038963,7.134534,-1.358
centerpoint,nuscenes,scene-1094,56,0,3,36,0.3333,0.3333,0.0,0.764,0.7463,0.0178,197.6,76.91,2.569,38.441,44.725,-16.346,7.59586,3.439804,54.715
centerpoint,nuscenes,scene-1094,57,0,3,34,0.3881,0.3662,0.0219,0.7818,0.7561,0.0257,190.34,74.16,2.567,36.663,49.05,-33.784,6.978536,3.637534,47.875
centerpoint,nuscenes,scene-1094,58,0,3,34,0.3611,0.3662,-0.0051,0.7514,0.7409,0.0105,186.89,71.87,2.6,37.96,46.824,-23.35,7.0943,3.365108,52.566
centerpoint,nuscenes,scene-1094,59,0,3,34,0.3881,0.3714,0.0166,0.7624,0.7243,0.0381,189.63,77.11,2.459,37.606,46.963,-24.882,7.13134,3.621566,49.216
centerpoint,nuscenes,scene-1094,60,1,3,35,0.411,0.411,0.0,0.6777,0.6777,0.0,187.75,207.18,0.906,37.574,36.119,3.874,7.054595,7.48311,-6.074
centerpoint,nuscenes,scene-1094,61,0,3,35,0.4054,0.4267,-0.0213,0.6904,0.6726,0.0178,189.65,75.32,2.518,36.939,46.663,-26.326,7.005453,3.514611,49.83
centerpoint,nuscenes,scene-1094,62,0,3,31,0.4118,0.3333,0.0784,0.7151,0.7293,-0.0142,185.86,66.68,2.787,38.041,48.96,-28.701,7.070479,3.264606,53.828
centerpoint,nuscenes,scene-1094,63,0,3,31,0.4211,0.4103,0.0108,0.693,0.6869,0.0061,187.7,68.2,2.752,37.727,47.82,-26.754,7.081334,3.261284,53.945
centerpoint,nuscenes,scene-1094,64,0,3,31,0.4507,0.4211,0.0297,0.7022,0.6658,0.0364,183.7,70.43,2.608,36.934,47.466,-28.516,6.784859,3.342975,50.729
centerpoint,nuscenes,scene-1094,65,1,3,29,0.4839,0.4839,0.0,0.6876,0.6876,0.0,189.83,200.94,0.945,37.506,36.465,2.775,7.119504,7.327199,-2.917
centerpoint,nuscenes,scene-1094,66,0,3,29,0.4127,0.4478,-0.0351,0.7114,0.6635,0.0478,192.64,74.93,2.571,37.23,47.941,-28.769,7.172088,3.592449,49.911
centerpoint,nuscenes,scene-1094,67,0,3,28,0.4308,0.4179,0.0129,0.6625,0.6559,0.0066,187.76,76.4,2.458,37.517,47.048,-25.403,7.044268,3.59461,48.971
centerpoint,nuscenes,scene-1094,68,0,3,28,0.4561,0.4815,-0.0253,0.6178,0.6369,-0.0191,188.99,75.01,2.519,37.538,47.119,-25.525,7.094305,3.534548,50.178
centerpoint,nuscenes,scene-1094,69,0,3,28,0.3514,0.3824,-0.031,0.6369,0.6001,0.0367,187.86,74.47,2.523,37.835,47.083,-24.445,7.107668,3.506432,50.667
centerpoint,nuscenes,scene-1094,70,1,3,27,0.3871,0.3871,0.0,0.6376,0.6376,0.0,184.73,199.74,0.925,36.932,35.568,3.693,6.822433,7.104153,-4.129
centerpoint,nuscenes,scene-1094,71,0,3,27,0.4333,0.3514,0.082,0.6393,0.5776,0.0617,186.62,70.94,2.631,38.956,51.212,-31.46,7.270153,3.632852,50.031
centerpoint,nuscenes,scene-1094,72,0,3,27,0.4308,0.4,0.0308,0.6839,0.69,-0.006,190.43,75.71,2.515,38.834,44.25,-13.948,7.395243,3.3503,54.697
centerpoint,nuscenes,scene-1094,73,0,3,27,0.4516,0.4242,0.0274,0.6769,0.6368,0.0401,186.08,76.17,2.443,36.765,45.836,-24.674,6.841074,3.491209,48.967
centerpoint,nuscenes,scene-1094,74,0,3,27,0.4918,0.381,0.1109,0.5951,0.6557,-0.0605,189.13,74.26,2.547,38.982,47.438,-21.692,7.372619,3.522738,52.219
centerpoint,nuscenes,scene-1094,75,1,3,26,0.4068,0.4068,0.0,0.672,0.672,0.0,190.18,210.29,0.904,36.703,36.011,1.887,6.980247,7.572906,-8.491
centerpoint,nuscenes,scene-1094,76,0,3,26,0.4138,0.4333,-0.0195,0.6564,0.6382,0.0182,194.57,72.92,2.668,37.201,47.592,-27.933,7.238161,3.470267,52.056
centerpoint,nuscenes,scene-1094,77,0,3,22,0.4231,0.3636,0.0594,0.6834,0.6699,0.0135,197.46,75.82,2.604,37.728,44.162,-17.053,7.449908,3.348483,55.053
centerpoint,nuscenes,scene-1094,78,0,3,22,0.4314,0.4082,0.0232,0.6464,0.6586,-0.0122,190.54,75.37,2.528,38.337,46.203,-20.519,7.304685,3.482336,52.327
centerpoint,nuscenes,scene-1094,79,0,3,22,0.449,0.4,0.049,0.6999,0.6833,0.0166,194.75,70.4,2.766,39.995,50.453,-26.15,7.789123,3.551899,54.399
centerpoint,nuscenes,scene-1094,80,1,3,23,0.4082,0.4082,0.0,0.6468,0.6468,0.0,186.55,206.86,0.902,38.167,37.174,2.602,7.119838,7.689555,-8.002
centerpoint,nuscenes,scene-1094,81,0,3,23,0.3509,0.2951,0.0558,0.644,0.5645,0.0796,199.13,75.58,2.635,36.331,46.962,-29.263,7.234715,3.549244,50.941
centerpoint,nuscenes,scene-1094,82,0,3,19,0.45,0.4186,0.0314,0.6969,0.6659,0.031,211.09,80.43,2.625,37.503,44.771,-19.381,7.916372,3.600735,54.515
centerpoint,nuscenes,scene-1094,83,0,3,19,0.4103,0.381,0.0293,0.709,0.6617,0.0473,185.92,70.64,2.632,38.276,46.381,-21.175,7.116107,3.276471,53.957
centerpoint,nuscenes,scene-1094,84,0,3,19,0.3462,0.3913,-0.0452,0.6391,0.6136,0.0256,190.33,70.63,2.695,38.139,49.202,-29.005,7.259205,3.474931,52.131
centerpoint,nuscenes,scene-1094,85,1,3,16,0.3556,0.3556,0.0,0.6157,0.6157,0.0,188.05,199.48,0.943,37.943,38.528,-1.542,7.13521,7.685539,-7.713
centerpoint,nuscenes,scene-1094,86,0,3,16,0.2927,0.2791,0.0136,0.7403,0.6678,0.0724,186.8,69.07,2.704,38.235,47.517,-24.278,7.142164,3.282137,54.046
centerpoint,nuscenes,scene-1094,87,0,3,15,0.4242,0.3429,0.0814,0.6229,0.6102,0.0127,187.09,70.43,2.656,39.514,46.164,-16.828,7.392863,3.251339,56.021
centerpoint,nuscenes,scene-1094,88,0,3,15,0.4,0.3784,0.0216,0.6419,0.5886,0.0533,196.84,69.21,2.844,37.185,46.77,-25.778,7.319361,3.236767,55.778
centerpoint,nuscenes,scene-1094,89,0,3,15,0.3125,0.2222,0.0903,0.6359,0.5904,0.0455,182.02,66.88,2.722,37.188,46.435,-24.865,6.769132,3.105709,54.12
centerpoint,nuscenes,scene-1094,90,1,3,16,0.1667,0.1667,0.0,0.6014,0.6014,0.0,178.79,198.54,0.901,38.037,35.939,5.516,6.800791,7.135378,-4.92
centerpoint,nuscenes,scene-1094,91,0,3,16,0.2941,0.2381,0.056,0.7043,0.6811,0.0232,185.46,74.92,2.475,36.911,47.436,-28.514,6.845418,3.553853,48.084
centerpoint,nuscenes,scene-1094,92,0,3,15,0.2439,0.1538,0.0901,0.6623,0.599,0.0633,185.46,70.18,2.642,38.558,46.634,-20.943,7.150895,3.272912,54.231
centerpoint,nuscenes,scene-1094,93,0,3,15,0.1818,0.186,-0.0042,0.7397,0.6144,0.1253,189.65,68.41,2.772,37.006,47.244,-27.667,7.018018,3.231934,53.948
centerpoint,nuscenes,scene-1094,94,0,3,15,0.1905,0.1702,0.0203,0.7102,0.6718,0.0385,196.14,69.18,2.835,38.202,50.481,-32.143,7.492925,3.492257,53.393
centerpoint,nuscenes,scene-1094,95,1,3,14,0.1778,0.1778,0.0,0.701,0.701,0.0,183.76,197.53,0.93,37.386,37.33,0.15,6.869939,7.373624,-7.332
centerpoint,nuscenes,scene-1094,96,0,3,14,0.2,0.1429,0.0571,0.6822,0.694,-0.0118,201.81,70.16,2.877,37.476,46.704,-24.625,7.563211,3.276735,56.675
centerpoint,nuscenes,scene-1100,0,1,3,24,0.3929,0.3929,0.0,0.5943,0.5943,0.0,139.37,147.63,0.944,38.831,37.115,4.419,5.411834,5.479382,-1.248
centerpoint,nuscenes,scene-1100,1,0,3,24,0.44,0.3158,0.1242,0.6382,0.7127,-0.0745,183.86,67.51,2.724,36.308,47.231,-30.084,6.675622,3.188433,52.238
centerpoint,nuscenes,scene-1100,2,0,3,25,0.3571,0.3673,-0.0102,0.6833,0.6527,0.0306,189.41,77.55,2.442,38.13,43.938,-15.232,7.222035,3.40725,52.821
centerpoint,nuscenes,scene-1100,3,0,3,25,0.3333,0.2593,0.0741,0.7297,0.6767,0.053,179.49,64.79,2.77,36.336,47.575,-30.932,6.521854,3.082247,52.74
centerpoint,nuscenes,scene-1100,4,0,3,25,0.3509,0.3137,0.0372,0.6956,0.741,-0.0455,179.08,72.2,2.48,38.375,45.791,-19.324,6.872042,3.305919,51.893
centerpoint,nuscenes,scene-1100,5,1,3,25,0.2857,0.2857,0.0,0.7032,0.7032,0.0,176.56,192.86,0.915,38.943,37.11,4.708,6.875731,7.15713,-4.093
centerpoint,nuscenes,scene-1100,6,0,3,25,0.4348,0.3704,0.0644,0.7387,0.6541,0.0846,176.02,63.45,2.774,37.788,47.781,-26.445,6.651446,3.031475,54.424
centerpoint,nuscenes,scene-1100,7,0,3,24,0.4286,0.3478,0.0807,0.7521,0.7008,0.0513,179.96,60.36,2.982,40.85,47.188,-15.516,7.351159,2.848139,61.256
centerpoint,nuscenes,scene-1100,8,0,3,24,0.4314,0.3404,0.0909,0.6835,0.7044,-0.0208,174.51,62.21,2.805,37.19,49.348,-32.692,6.48986,3.070019,52.695
centerpoint,nuscenes,scene-1100,9,0,3,24,0.3846,0.3529,0.0317,0.706,0.6845,0.0214,173.95,63.03,2.76,37.82,48.001,-26.921,6.578612,3.02545,54.011
centerpoint,nuscenes,scene-1100,10,1,3,24,0.4231,0.4231,0.0,0.6919,0.6919,0.0,174.03,178.58,0.975,37.114,37.165,-0.138,6.459095,6.636857,-2.752
centerpoint,nuscenes,scene-1100,11,0,3,24,0.3929,0.3333,0.0595,0.6763,0.6954,-0.019,171.24,63.48,2.697,39.643,48.232,-21.666,6.788714,3.061987,54.896
centerpoint,nuscenes,scene-1100,12,0,3,24,0.5,0.4074,0.0926,0.6456,0.6402,0.0053,176.35,67.22,2.623,39.395,46.111,-17.048,6.94718,3.099581,55.384
centerpoint,nuscenes,scene-1100,13,0,3,24,0.4681,0.4,0.0681,0.672,0.6709,0.0011,175.26,63.28,2.77,39.182,49.847,-27.219,6.867179,3.154324,54.067
centerpoint,nuscenes,scene-1100,14,0,3,24,0.3333,0.3103,0.023,0.7044,0.6604,0.044,183.02,64.12,2.854,38.819,47.727,-22.948,7.104524,3.060293,56.925
centerpoint,nuscenes,scene-1100,15,1,3,24,0.3492,0.3492,0.0,0.6356,0.6356,0.0,189.04,196.19,0.964,36.682,37.482,-2.181,6.934268,7.353713,-6.049
centerpoint,nuscenes,scene-1100,16,0,3,24,0.3667,0.3729,-0.0062,0.5948,0.5902,0.0046,192.79,69.91,2.758,37.144,47.812,-28.719,7.160914,3.342338,53.325
centerpoint,nuscenes,scene-1100,17,0,3,25,0.3226,0.3571,-0.0346,0.6268,0.5896,0.0372,177.24,68.46,2.589,38.977,47.342,-21.461,6.908137,3.240779,53.088
centerpoint,nuscenes,scene-1100,18,0,3,25,0.3922,0.3571,0.035,0.6403,0.5877,0.0526,195.65,72.28,2.707,38.199,47.26,-23.72,7.473544,3.4161,54.291
centerpoint,nuscenes,scene-1100,19,0,3,25,0.2857,0.2128,0.0729,0.6951,0.6526,0.0425,182.47,69.16,2.639,37.024,46.41,-25.35,6.75582,3.209522,52.492
centerpoint,nuscenes,scene-1100,20,1,3,26,0.3333,0.3333,0.0,0.6696,0.6696,0.0,168.38,178.73,0.942,38.591,37.033,4.037,6.497786,6.619081,-1.867
centerpoint,nuscenes,scene-1100,21,0,3,26,0.3548,0.2985,0.0563,0.6501,0.5864,0.0637,179.95,59.85,3.007,36.564,50.626,-38.46,6.579494,3.030093,53.946
centerpoint,nuscenes,scene-1100,22,0,3,26,0.3934,0.3103,0.0831,0.6401,0.6094,0.0307,168.88,66.08,2.556,38.776,47.28,-21.931,6.54846,3.124269,52.29
centerpoint,nuscenes,scene-1100,23,0,3,26,0.3692,0.2941,0.0751,0.6439,0.6084,0.0354,174.05,61.27,2.841,38.227,48.81,-27.684,6.65336,2.990739,55.049
centerpoint,nuscenes,scene-1100,24,0,3,26,0.4074,0.2857,0.1217,0.6554,0.667,-0.0115,187.2,62.91,2.976,37.961,48.586,-27.989,7.106268,3.056381,56.99
centerpoint,nuscenes,scene-1100,25,1,3,25,0.381,0.381,0.0,0.5915,0.5915,0.0,173.39,174.89,0.991,40.195,37.117,7.659,6.969517,6.491397,6.86
centerpoint,nuscenes,scene-1100,26,0,3,25,0.3462,0.2759,0.0703,0.6447,0.5674,0.0773,165.9,56.87,2.917,37.609,49.536,-31.713,6.239437,2.817,54.852
centerpoint,nuscenes,scene-1100,27,0,3,25,0.2712,0.2963,-0.0251,0.7017,0.6281,0.0737,173.74,62.26,2.791,40.976,50.947,-24.333,7.119164,3.171751,55.448
centerpoint,nuscenes,scene-1100,28,0,3,25,0.2642,0.3333,-0.0692,0.6865,0.6252,0.0613,174.18,64.24,2.712,40.343,47.123,-16.804,7.027075,3.027066,56.923
centerpoint,nuscenes,scene-1100,29,0,3,25,0.2449,0.25,-0.0051,0.6413,0.6121,0.0293,173.01,60.5,2.86,41.022,49.389,-20.397,7.09714,2.987795,57.901
centerpoint,nuscenes,scene-1100,30,1,3,25,0.3019,0.3019,0.0,0.6683,0.6683,0.0,174.16,188.94,0.922,37.275,38.219,-2.534,6.491632,7.221103,-11.237
centerpoint,nuscenes,scene-1100,31,0,3,25,0.2593,0.2963,-0.037,0.6558,0.4995,0.1564,171.08,60.04,2.849,39.661,48.079,-21.222,6.785281,2.886636,57.457
centerpoint,nuscenes,scene-1100,32,0,3,25,0.2979,0.2449,0.053,0.6194,0.5998,0.0196,169.42,57.5,2.947,38.645,49.68,-28.554,6.547246,2.856467,56.371
centerpoint,nuscenes,scene-1100,33,0,3,25,0.4255,0.4348,-0.0093,0.6561,0.5804,0.0757,166.57,64.8,2.571,38.499,46.918,-21.871,6.412819,3.040376,52.589
centerpoint,nuscenes,scene-1100,34,0,3,25,0.4167,0.4231,-0.0064,0.6612,0.5947,0.0664,171.61,61.1,2.809,37.454,49.995,-33.481,6.427411,3.054508,52.477
centerpoint,nuscenes,scene-1100,35,1,3,24,0.3913,0.3913,0.0,0.6591,0.6591,0.0,174.85,168.53,1.037,36.926,37.399,-1.283,6.45644,6.303,2.377
centerpoint,nuscenes,scene-1100,36,0,3,24,0.3774,0.3273,0.0501,0.6668,0.6136,0.0532,169.86,65.85,2.579,38.266,47.521,-24.186,6.499815,3.129374,51.854
centerpoint,nuscenes,scene-1100,37,0,3,24,0.3673,0.375,-0.0077,0.6756,0.6239,0.0518,168.57,61.44,2.744,38.223,45.689,-19.532,6.443414,2.806936,56.437
centerpoint,nuscenes,scene-1100,38,0,3,24,0.4444,0.4651,-0.0207,0.671,0.5789,0.0921,168.68,60.15,2.804,37.956,50.916,-34.144,6.402608,3.062771,52.164
centerpoint,nuscenes,scene-1100,39,0,3,24,0.3509,0.3636,-0.0128,0.6753,0.611,0.0643,169.66,58.08,2.921,39.284,52.087,-32.592,6.665048,3.025327,54.609
centerpoint,nuscenes,scene-1100,40,1,3,23,0.3673,0.3673,0.0,0.656,0.656,0.0,171.64,168.66,1.018,39.339,37.993,3.42,6.752187,6.407869,5.099
centerpoint,nuscenes,scene-1100,41,0,3,23,0.3,0.3673,-0.0673,0.7075,0.6123,0.0952,169.7,58.76,2.888,37.8,48.712,-28.867,6.414805,2.862437,55.378
centerpoint,nuscenes,scene-1100,42,0,3,23,0.381,0.3556,0.0254,0.6647,0.6393,0.0254,165.81,57.26,2.896,40.388,52.649,-30.357,6.69693,3.014713,54.984
centerpoint,nuscenes,scene-1100,43,0,3,23,0.375,0.3556,0.0194,0.6483,0.5599,0.0883,183.72,64.76,2.837,37.728,47.002,-24.582,6.931543,3.043665,56.09
centerpoint,nuscenes,scene-1100,44,0,3,23,0.3462,0.3019,0.0443,0.6435,0.5991,0.0444,168.01,57.31,2.931,37.685,46.56,-23.549,6.331375,2.66839,57.854
centerpoint,nuscenes,scene-1100,45,1,3,23,0.3333,0.3333,0.0,0.6175,0.6175,0.0,171.73,167.46,1.026,37.702,37.244,1.215,6.474538,6.236762,3.672
centerpoint,nuscenes,scene-1100,46,0,3,23,0.4348,0.4545,-0.0198,0.5989,0.5651,0.0339,173.06,60.36,2.867,39.82,49.526,-24.377,6.891031,2.989315,56.62
centerpoint,nuscenes,scene-1100,47,0,3,23,0.32,0.36,-0.04,0.6349,0.5378,0.0971,169.52,60.64,2.796,38.196,48.323,-26.513,6.475069,2.930293,54.745
centerpoint,nuscenes,scene-1100,48,0,3,23,0.3404,0.3902,-0.0498,0.6203,0.5424,0.0779,166.67,56.2,2.966,39.798,50.707,-27.41,6.6333,2.849899,57.036
centerpoint,nuscenes,scene-1100,49,0,3,23,0.3902,0.3111,0.0791,0.587,0.5464,0.0407,175.98,69.26,2.541,38.363,44.339,-15.577,6.751362,3.07101,54.513
centerpoint,nuscenes,scene-1100,50,1,3,23,0.2979,0.2979,0.0,0.6711,0.6711,0.0,180.36,194.56,0.927,38.457,36.871,4.124,6.936105,7.173399,-3.421
centerpoint,nuscenes,scene-1100,51,0,3,23,0.2414,0.3137,-0.0723,0.6385,0.5698,0.0687,181.42,64.58,2.809,38.068,50.341,-32.24,6.906264,3.250855,52.929
centerpoint,nuscenes,scene-1100,52,0,3,23,0.2807,0.2807,0.0,0.6189,0.5687,0.0502,178.88,65.59,2.727,38.264,47.549,-24.264,6.844607,3.118931,54.432
centerpoint,nuscenes,scene-1100,53,0,3,23,0.3077,0.2979,0.0098,0.6381,0.5232,0.1149,173.98,63.02,2.761,35.847,49.041,-36.806,6.236825,3.090498,50.448
centerpoint,nuscenes,scene-1100,54,0,3,23,0.2642,0.2353,0.0289,0.6061,0.6041,0.0019,179.69,65.47,2.745,37.176,49.615,-33.462,6.679929,3.24836,51.371
centerpoint,nuscenes,scene-1100,55,1,3,23,0.2979,0.2979,0.0,0.6906,0.6906,0.0,184.14,211.08,0.872,40.704,35.732,12.216,7.495158,7.542198,-0.628
centerpoint,nuscenes,scene-1100,56,0,3,23,0.2623,0.2258,0.0365,0.6422,0.5637,0.0785,184.31,70.55,2.612,37.085,47.626,-28.425,6.835022,3.360087,50.84
centerpoint,nuscenes,scene-1100,57,0,3,24,0.3396,0.32,0.0196,0.6143,0.5167,0.0976,186.48,70.88,2.631,36.563,48.923,-33.804,6.818192,3.46764,49.141
centerpoint,nuscenes,scene-1100,58,0,3,24,0.2909,0.2807,0.0102,0.6453,0.5254,0.1199,180.79,66.97,2.699,39.155,48.705,-24.392,7.078842,3.261929,53.92
centerpoint,nuscenes,scene-1100,59,0,3,24,0.3077,0.2909,0.0168,0.5656,0.491,0.0746,177.79,66.95,2.656,38.454,47.075,-22.419,6.836868,3.151566,53.903
centerpoint,nuscenes,scene-1100,60,1,3,24,0.24,0.24,0.0,0.6337,0.6337,0.0,179.91,192.76,0.933,37.347,36.617,1.954,6.719341,7.058421,-5.046
centerpoint,nuscenes,scene-1100,61,0,3,24,0.2143,0.2449,-0.0306,0.7006,0.6209,0.0798,182.85,66.13,2.765,38.177,47.165,-23.544,6.980628,3.118844,55.321
centerpoint,nuscenes,scene-1100,62,0,3,24,0.2264,0.2041,0.0223,0.7285,0.7374,-0.0089,176.51,67.67,2.608,37.377,46.934,-25.568,6.597255,3.176146,51.857
centerpoint,nuscenes,scene-1100,63,0,3,24,0.2069,0.2182,-0.0113,0.7007,0.6474,0.0533,182.01,67.21,2.708,38.662,46.217,-19.541,7.037026,3.106403,55.856
centerpoint,nuscenes,scene-1100,64,0,3,24,0.2857,0.28,0.0057,0.6971,0.637,0.0602,177.43,69.16,2.565,37.629,47.385,-25.926,6.676726,3.277402,50.913
centerpoint,nuscenes,scene-1100,65,1,3,23,0.3019,0.3019,0.0,0.6709,0.6709,0.0,175.84,196.46,0.895,36.551,36.505,0.126,6.42729,7.171993,-11.587
centerpoint,nuscenes,scene-1100,66,0,3,23,0.2979,0.3043,-0.0065,0.7387,0.6593,0.0794,178.76,67.09,2.665,37.004,46.957,-26.897,6.614882,3.150145,52.378
centerpoint,nuscenes,scene-1100,67,0,3,24,0.2857,0.2979,-0.0122,0.6278,0.609,0.0188,176.63,65.27,2.706,39.059,49.821,-27.553,6.899185,3.251862,52.866
centerpoint,nuscenes,scene-1100,68,0,3,24,0.3077,0.2963,0.0114,0.5985,0.565,0.0334,174.63,65.31,2.674,38.004,49.01,-28.958,6.636699,3.200728,51.772
centerpoint,nuscenes,scene-1100,69,0,3,24,0.2295,0.3077,-0.0782,0.6352,0.5505,0.0847,174.54,67.52,2.585,38.817,47.033,-21.167,6.774951,3.175849,53.124
centerpoint,nuscenes,scene-1100,70,1,3,25,0.2609,0.2609,0.0,0.7136,0.7136,0.0,175.74,193.67,0.907,38.385,38.813,-1.115,6.745764,7.516898,-11.431
centerpoint,nuscenes,scene-1100,71,0,3,25,0.2308,0.2917,-0.0609,0.6944,0.6083,0.0862,179.7,65.28,2.753,38.437,47.784,-24.316,6.907136,3.119523,54.836
centerpoint,nuscenes,scene-1100,72,0,3,25,0.2449,0.2667,-0.0218,0.6973,0.6999,-0.0026,175.81,61.02,2.881,37.102,46.294,-24.774,6.523057,2.824739,56.696
centerpoint,nuscenes,scene-1100,73,0,3,25,0.2449,0.2553,-0.0104,0.7073,0.6919,0.0154,176.41,64.02,2.756,37.175,50.836,-36.751,6.558094,3.254401,50.376
centerpoint,nuscenes,scene-1100,74,0,3,25,0.2182,0.2609,-0.0427,0.6718,0.6681,0.0036,189.82,68.69,2.763,37.214,46.034,-23.701,7.06402,3.162283,55.234
centerpoint,nuscenes,scene-1100,75,1,3,24,0.2264,0.2264,0.0,0.7058,0.7058,0.0,178.55,192.73,0.926,38.367,35.868,6.514,6.850592,6.912922,-0.91
centerpoint,nuscenes,scene-1100,76,0,3,24,0.2373,0.2182,0.0191,0.6752,0.6889,-0.0136,176.49,67.96,2.597,36.691,47.134,-28.463,6.475406,3.203446,50.529
centerpoint,nuscenes,scene-1100,77,0,3,24,0.2692,0.3182,-0.049,0.6597,0.6519,0.0078,178.86,65.97,2.711,37.59,47.888,-27.396,6.723253,3.159345,53.009
centerpoint,nuscenes,scene-1100,78,0,3,24,0.2692,0.2745,-0.0053,0.6438,0.6259,0.0179,177.39,60.93,2.911,36.848,46.123,-25.173,6.536389,2.810238,57.006
centerpoint,nuscenes,scene-1100,79,0,3,24,0.28,0.2917,-0.0117,0.6856,0.6568,0.0288,174.94,64.85,2.697,36.911,48.212,-30.616,6.457196,3.126753,51.577
centerpoint,nuscenes,scene-1100,80,1,3,25,0.2745,0.2745,0.0,0.6289,0.6289,0.0,193.74,195.33,0.992,39.159,36.851,5.895,7.586632,7.198018,5.122
centerpoint,nuscenes,scene-1100,81,0,3,25,0.2745,0.24,0.0345,0.6103,0.7065,-0.0963,185.44,68.36,2.713,38.391,46.976,-22.364,7.119219,3.211344,54.892
centerpoint,nuscenes,scene-1100,82,0,3,24,0.25,0.2609,-0.0109,0.7735,0.7257,0.0478,174.22,61.68,2.825,37.435,52.787,-41.009,6.522034,3.255921,50.078
centerpoint,nuscenes,scene-1100,83,0,3,24,0.2791,0.25,0.0291,0.694,0.7239,-0.0298,174.87,58.85,2.971,38.175,57.355,-50.242,6.675737,3.37558,49.435
centerpoint,nuscenes,scene-1100,84,0,3,24,0.25,0.2917,-0.0417,0.6531,0.615,0.0381,174.99,61.94,2.825,37.513,45.626,-21.63,6.56437,2.826072,56.948
centerpoint,nuscenes,scene-1100,85,1,3,23,0.2692,0.2692,0.0,0.6477,0.6477,0.0,177.45,192.51,0.922,39.302,37.188,5.381,6.974327,7.158918,-2.647
centerpoint,nuscenes,scene-1100,86,0,3,23,0.24,0.2727,-0.0327,0.6553,0.6945,-0.0392,184.26,69.51,2.651,40.745,45.468,-11.592,7.507723,3.160403,57.905
centerpoint,nuscenes,scene-1100,87,0,3,22,0.3111,0.28,0.0311,0.6767,0.6755,0.0012,175.82,64.77,2.715,39.51,46.996,-18.948,6.946711,3.044007,56.181
centerpoint,nuscenes,scene-1100,88,0,3,22,0.2545,0.2692,-0.0147,0.6919,0.6461,0.0458,174.6,65.38,2.671,38.582,47.623,-23.433,6.736438,3.113428,53.782
centerpoint,nuscenes,scene-1100,89,0,3,22,0.2692,0.2979,-0.0286,0.701,0.6775,0.0235,176.7,66.85,2.643,38.269,47.707,-24.662,6.762019,3.18939,52.834
centerpoint,nuscenes,scene-1100,90,1,3,22,0.32,0.32,0.0,0.6291,0.6291,0.0,180.01,191.25,0.941,38.608,35.967,6.841,6.949998,6.878592,1.027
centerpoint,nuscenes,scene-1100,91,0,3,22,0.32,0.28,0.04,0.6276,0.705,-0.0773,180.98,68.58,2.639,38.943,46.066,-18.292,7.04805,3.159104,55.178
centerpoint,nuscenes,scene-1100,92,0,3,22,0.3214,0.2909,0.0305,0.6193,0.6321,-0.0128,196.35,69.16,2.839,37.746,49.188,-30.313,7.41145,3.401893,54.099
centerpoint,nuscenes,scene-1100,93,0,3,22,0.2414,0.2909,-0.0495,0.6782,0.6134,0.0648,175.18,67.71,2.587,40.064,48.47,-20.981,7.01824,3.281879,53.238
centerpoint,nuscenes,scene-1100,94,0,3,22,0.2545,0.2917,-0.0371,0.7543,0.7294,0.0249,179.33,67.12,2.672,37.755,47.628,-26.152,6.770594,3.196901,52.783
centerpoint,nuscenes,scene-1100,95,1,3,21,0.2745,0.2745,0.0,0.6996,0.6996,0.0,176.99,192.67,0.919,38.925,37.676,3.21,6.889157,7.259098,-5.37
centerpoint,nuscenes,scene-1100,96,0,3,21,0.25,0.2791,-0.0291,0.7832,0.7631,0.0201,181.9,69.35,2.623,37.158,48.411,-30.285,6.759004,3.357061,50.332
m3detr,waymo,segment-1464917900451858484_1960_000_1980_000_with_camera_labels,0,1,3,19,0.461538,0.461538,0.0,0.635403,0.635642,-0.000239,732.773,764.339,0.958702,37.826,38.913,-2.875,27.717844,29.743086,-7.307
m3detr,waymo,segment-1464917900451858484_1960_000_1980_000_with_camera_labels,1,0,3,20,0.518519,0.580645,-0.062127,0.636864,0.624501,0.012364,738.115,414.805,1.779428,38.42,48.866,-27.188,28.35856,20.269814,28.523
m3detr,waymo,segment-1464917900451858484_1960_000_1980_000_with_camera_labels,2,0,3,20,0.5,0.428571,0.071429,0.641496,0.647942,-0.006446,730.993,419.058,1.744372,37.668,48.548,-28.885,27.534925,20.344433,26.114
m3detr,waymo,segment-1464917900451858484_1960_000_1980_000_with_camera_labels,3,0,3,20,0.384615,0.666667,-0.282051,0.669209,0.674627,-0.005418,730.457,404.266,1.806873,38.317,49.215,-28.442,27.98909,19.896055,28.915
m3detr,waymo,segment-1464917900451858484_1960_000_1980_000_with_camera_labels,4,0,3,20,0.384615,0.625,-0.240385,0.670187,0.657562,0.012625,730.286,404.519,1.805318,37.517,49.06,-30.768,27.39824,19.845823,27.565
m3detr,waymo,segment-1464917900451858484_1960_000_1980_000_with_camera_labels,5,1,3,20,0.32,0.32,0.0,0.684855,0.684552,0.000303,735.138,764.37,0.961756,37.193,38.68,-4.0,27.341665,29.565945,-8.135
m3detr,waymo,segment-1464917900451858484_1960_000_1980_000_with_camera_labels,6,0,3,20,0.428571,0.551724,-0.123153,0.666808,0.651307,0.0155,737.526,409.524,1.800935,37.618,48.551,-29.061,27.744616,19.882766,28.336
m3detr,waymo,segment-1464917900451858484_1960_000_1980_000_with_camera_labels,7,0,3,20,0.5,0.709677,-0.209677,0.686076,0.667366,0.01871,721.279,398.122,1.811705,38.005,48.605,-27.892,27.412143,19.350767,29.408
m3detr,waymo,segment-1464917900451858484_1960_000_1980_000_with_camera_labels,8,0,3,20,0.428571,0.428571,0.0,0.661117,0.662945,-0.001827,750.69,414.713,1.810146,37.7,49.265,-30.676,28.300871,20.430652,27.809
m3detr,waymo,segment-1464917900451858484_1960_000_1980_000_with_camera_labels,9,0,3,20,0.5,0.625,-0.125,0.684223,0.651775,0.032448,728.155,393.623,1.84988,37.914,49.812,-31.382,27.607279,19.60725,28.978
m3detr,waymo,segment-1464917900451858484_1960_000_1980_000_with_camera_labels,10,1,3,20,0.516129,0.516129,0.0,0.688018,0.687489,0.000529,736.862,757.337,0.972963,37.554,38.613,-2.821,27.671941,29.243324,-5.679
m3detr,waymo,segment-1464917900451858484_1960_000_1980_000_with_camera_labels,11,0,3,20,0.428571,0.428571,0.0,0.713873,0.693174,0.020698,718.764,393.843,1.824999,38.393,49.766,-29.624,27.595468,19.600195,28.973
m3detr,waymo,segment-1464917900451858484_1960_000_1980_000_with_camera_labels,12,0,3,20,0.413793,0.428571,-0.014778,0.73154,0.726545,0.004995,727.869,401.856,1.811269,37.777,48.433,-28.208,27.496851,19.463219,29.217
m3detr,waymo,segment-1464917900451858484_1960_000_1980_000_with_camera_labels,13,0,3,20,0.37037,0.606061,-0.23569,0.686182,0.68565,0.000533,739.279,410.415,1.801296,37.759,49.113,-30.069,27.914378,20.156506,27.792
m3detr,waymo,segment-1464917900451858484_1960_000_1980_000_with_camera_labels,14,0,3,21,0.466667,0.344828,0.121839,0.668795,0.70153,-0.032735,734.788,412.446,1.78154,37.949,49.119,-29.435,27.884477,20.259068,27.346
m3detr,waymo,segment-1464917900451858484_1960_000_1980_000_with_camera_labels,15,1,3,21,0.5625,0.5625,0.0,0.707935,0.707843,9.2e-05,756.941,768.884,0.984467,38.313,38.958,-1.682,29.00104,29.954154,-3.286
m3detr,waymo,segment-1464917900451858484_1960_000_1980_000_with_camera_labels,16,0,3,21,0.5,0.666667,-0.166667,0.712153,0.687111,0.025042,776.666,405.014,1.91763,37.348,48.873,-30.858,29.00712,19.794363,31.76
m3detr,waymo,segment-1464917900451858484_1960_000_1980_000_with_camera_labels,17,0,3,21,0.484848,0.5625,-0.077652,0.731778,0.684045,0.047733,750.817,400.784,1.873371,37.934,49.595,-30.739,28.481757,19.876826,30.212
m3detr,waymo,segment-1464917900451858484_1960_000_1980_000_with_camera_labels,18,0,3,19,0.5,0.709677,-0.209677,0.74936,0.675153,0.074208,744.55,410.78,1.812529,37.863,48.502,-28.097,28.191001,19.923457,29.327
m3detr,waymo,segment-1464917900451858484_1960_000_1980_000_with_camera_labels,19,0,3,19,0.62069,0.645161,-0.024472,0.691622,0.663666,0.027956,736.313,400.799,1.837112,36.997,48.51,-31.119,27.241009,19.442585,28.628
m3detr,waymo,segment-1464917900451858484_1960_000_1980_000_with_camera_labels,20,1,3,19,0.6,0.6,0.0,0.729647,0.7295,0.000146,739.161,776.458,0.951965,37.577,38.57,-2.642,27.775442,29.947949,-7.822
m3detr,waymo,segment-1464917900451858484_1960_000_1980_000_with_camera_labels,21,0,3,19,0.551724,0.709677,-0.157953,0.697881,0.689902,0.007979,750.582,401.225,1.870725,37.738,48.343,-28.1,28.32572,19.396396,31.524
m3detr,waymo,segment-1464917900451858484_1960_000_1980_000_with_camera_labels,22,0,3,19,0.482759,0.645161,-0.162403,0.725435,0.696135,0.029301,754.501,414.585,1.819893,38.17,50.238,-31.617,28.799307,20.827996,27.679
m3detr,waymo,segment-1464917900451858484_1960_000_1980_000_with_camera_labels,23,0,3,19,0.551724,0.6,-0.048276,0.723836,0.668596,0.05524,752.994,411.542,1.829687,38.175,49.617,-29.972,28.745849,20.419649,28.965
m3detr,waymo,segment-1464917900451858484_1960_000_1980_000_with_camera_labels,24,0,3,19,0.75,0.5,0.25,0.677979,0.693457,-0.015478,746.692,407.244,1.833522,37.474,49.217,-31.336,27.981466,20.043282,28.369
m3detr,waymo,segment-1464917900451858484_1960_000_1980_000_with_camera_labels,25,1,3,19,0.32,0.32,0.0,0.747524,0.749126,-0.001602,749.224,782.923,0.956957,38.011,39.146,-2.986,28.478932,30.648547,-7.618
m3detr,waymo,segment-1464917900451858484_1960_000_1980_000_with_camera_labels,26,0,3,18,0.592593,0.571429,0.021164,0.697529,0.693788,0.003742,757.651,429.478,1.764119,37.634,48.36,-28.5,28.513335,20.769439,27.159
m3detr,waymo,segment-1464917900451858484_1960_000_1980_000_with_camera_labels,27,0,3,18,0.4,0.0,0.4,0.639353,0.0,0.639353,741.45,414.15,1.790295,38.011,47.973,-26.208,28.183562,19.868119,29.505
m3detr,waymo,segment-1464917900451858484_1960_000_1980_000_with_camera_labels,28,0,3,19,0.518519,0.518519,0.0,0.701922,0.682151,0.019771,731.124,390.973,1.870012,37.964,49.936,-31.533,27.756688,19.523547,29.662
m3detr,waymo,segment-1464917900451858484_1960_000_1980_000_with_camera_labels,29,0,3,19,0.5,0.551724,-0.051724,0.687901,0.686367,0.001534,738.738,390.762,1.890507,38.063,50.305,-32.162,28.118646,19.657248,30.092
m3detr,waymo,segment-1464917900451858484_1960_000_1980_000_with_camera_labels,30,1,3,18,0.32,0.32,0.0,0.74881,0.747166,0.001644,738.743,793.262,0.931272,37.92,38.292,-0.982,28.013178,30.375952,-8.435
m3detr,waymo,segment-1464917900451858484_1960_000_1980_000_with_camera_labels,31,0,3,18,0.333333,0.461538,-0.128205,0.715884,0.694281,0.021603,738.85,394.312,1.873769,38.259,49.815,-30.204,28.267732,19.642595,30.512
m3detr,waymo,segment-1464917900451858484_1960_000_1980_000_with_camera_labels,32,0,3,18,0.461538,0.733333,-0.271795,0.66292,0.681246,-0.018327,736.984,390.914,1.885285,38.131,49.835,-30.694,28.101914,19.481121,30.677
m3detr,waymo,segment-1464917900451858484_1960_000_1980_000_with_camera_labels,33,0,3,18,0.461538,0.461538,0.0,0.715423,0.748278,-0.032854,733.201,386.534,1.896863,38.006,49.71,-30.798,27.865692,19.214782,31.045
m3detr,waymo,segment-1464917900451858484_1960_000_1980_000_with_camera_labels,34,0,3,18,0.48,0.551724,-0.071724,0.712529,0.715586,-0.003056,737.378,388.328,1.898853,37.715,50.398,-33.629,27.810327,19.571044,29.627
m3detr,waymo,segment-1464917900451858484_1960_000_1980_000_with_camera_labels,35,1,3,18,0.384615,0.384615,0.0,0.695393,0.695689,-0.000296,733.939,776.289,0.945446,37.148,38.624,-3.974,27.26429,29.983446,-9.973
m3detr,waymo,segment-1464917900451858484_1960_000_1980_000_with_camera_labels,36,0,3,18,0.444444,0.461538,-0.017094,0.728575,0.688325,0.040249,742.551,430.571,1.72457,37.913,48.0,-26.607,28.152123,20.667522,26.586
m3detr,waymo,segment-1464917900451858484_1960_000_1980_000_with_camera_labels,37,0,3,18,0.461538,0.592593,-0.131054,0.721474,0.636923,0.084551,748.786,425.129,1.761312,38.109,49.607,-30.171,28.53551,21.089447,26.094
m3detr,waymo,segment-1464917900451858484_1960_000_1980_000_with_camera_labels,38,0,3,18,0.571429,0.516129,0.0553,0.672545,0.690852,-0.018307,746.761,421.991,1.769615,38.08,48.981,-28.626,28.436659,20.669434,27.314
m3detr,waymo,segment-1464917900451858484_1960_000_1980_000_with_camera_labels,39,0,3,18,0.4,0.5,-0.1,0.722013,0.693734,0.028279,764.911,422.738,1.80942,37.732,49.361,-30.821,28.861425,20.866736,27.7
m3detr,waymo,segment-1464917900451858484_1960_000_1980_000_with_camera_labels,40,1,3,18,0.4,0.4,0.0,0.698517,0.697818,0.000699,745.659,779.925,0.956065,38.478,38.923,-1.157,28.691584,30.357277,-5.806
m3detr,waymo,segment-1464917900451858484_1960_000_1980_000_with_camera_labels,41,0,3,18,0.518519,0.347826,0.170692,0.671686,0.689946,-0.01826,748.542,420.377,1.780643,37.653,48.67,-29.259,28.184942,20.459857,27.409
m3detr,waymo,segment-1464917900451858484_1960_000_1980_000_with_camera_labels,42,0,3,18,0.32,0.538462,-0.218462,0.717986,0.698992,0.018994,749.925,419.734,1.786665,37.695,48.259,-28.026,28.268163,20.255955,28.344
m3detr,waymo,segment-1464917900451858484_1960_000_1980_000_with_camera_labels,43,0,3,17,0.538462,0.5,0.038462,0.664415,0.685255,-0.02084,750.949,423.098,1.77488,37.807,48.506,-28.297,28.391341,20.522707,27.715
m3detr,waymo,segment-1464917900451858484_1960_000_1980_000_with_camera_labels,44,0,3,17,0.416667,0.8,-0.383333,0.694392,0.696295,-0.001903,747.334,424.673,1.759786,38.077,48.883,-28.379,28.456329,20.75934,27.048
m3detr,waymo,segment-1464917900451858484_1960_000_1980_000_with_camera_labels,45,1,3,17,0.4,0.4,0.0,0.639531,0.639206,0.000325,782.418,779.963,1.003147,37.35,38.493,-3.061,29.223321,30.023262,-2.737
m3detr,waymo,segment-1464917900451858484_1960_000_1980_000_with_camera_labels,46,0,3,17,0.272727,0.642857,-0.37013,0.684589,0.697994,-0.013405,739.475,427.408,1.730138,37.965,48.671,-28.198,28.07436,20.802303,25.903
m3detr,waymo,segment-1464917900451858484_1960_000_1980_000_with_camera_labels,47,0,3,17,0.538462,0.461538,0.076923,0.73406,0.648471,0.085589,736.334,422.884,1.741219,38.248,47.684,-24.671,28.163125,20.164827,28.4
m3detr,waymo,segment-1464917900451858484_1960_000_1980_000_with_camera_labels,48,0,3,17,0.538462,0.714286,-0.175824,0.656561,0.67991,-0.023348,744.303,420.786,1.768842,37.323,47.966,-28.518,27.77936,20.183502,27.344
m3detr,waymo,segment-1464917900451858484_1960_000_1980_000_with_camera_labels,49,0,3,17,0.434783,0.380952,0.05383,0.654868,0.615057,0.039811,732.505,421.301,1.738674,38.1,48.922,-28.403,27.908765,20.610855,26.149
m3detr,waymo,segment-1464917900451858484_1960_000_1980_000_with_camera_labels,50,1,3,17,0.416667,0.416667,0.0,0.666579,0.66666,-8.1e-05,734.899,765.151,0.960462,37.569,38.555,-2.624,27.609639,29.500616,-6.849
m3detr,waymo,segment-1464917900451858484_1960_000_1980_000_with_camera_labels,51,0,3,17,0.434783,0.56,-0.125217,0.660149,0.714572,-0.054423,738.764,412.003,1.793103,37.753,49.061,-29.954,27.890303,20.213281,27.526
m3detr,waymo,segment-1464917900451858484_1960_000_1980_000_with_camera_labels,52,0,3,17,0.347826,0.363636,-0.01581,0.679679,0.647585,0.032094,731.677,419.329,1.744877,38.07,49.017,-28.755,27.854642,20.554073,26.21
m3detr,waymo,segment-1464917900451858484_1960_000_1980_000_with_camera_labels,53,0,3,17,0.454545,0.416667,0.037879,0.594485,0.64686,-0.052375,737.427,419.776,1.756713,38.248,48.606,-27.082,28.205213,20.403843,27.659
m3detr,waymo,segment-1464917900451858484_1960_000_1980_000_with_camera_labels,54,0,3,16,0.380952,0.583333,-0.202381,0.668823,0.703317,-0.034494,740.963,420.843,1.760662,38.027,49.374,-29.839,28.176441,20.778589,26.255
m3detr,waymo,segment-1464917900451858484_1960_000_1980_000_with_camera_labels,55,1,3,15,0.4,0.4,0.0,0.66878,0.668932,-0.000153,747.311,763.57,0.978707,37.539,38.628,-2.901,28.053365,29.495306,-5.14
m3detr,waymo,segment-1464917900451858484_1960_000_1980_000_with_camera_labels,56,0,3,15,0.421053,0.545455,-0.124402,0.631745,0.732521,-0.100776,734.115,428.944,1.711449,37.777,47.809,-26.558,27.732394,20.507556,26.052
m3detr,waymo,segment-1464917900451858484_1960_000_1980_000_with_camera_labels,57,0,3,15,0.380952,0.583333,-0.202381,0.631224,0.68215,-0.050926,737.224,422.224,1.74605,37.61,49.015,-30.325,27.726681,20.695128,25.36
m3detr,waymo,segment-1464917900451858484_1960_000_1980_000_with_camera_labels,58,0,3,15,0.571429,0.695652,-0.124224,0.668754,0.680025,-0.011271,753.478,427.362,1.763093,37.39,48.687,-30.215,28.17243,20.807057,26.144
m3detr,waymo,segment-1464917900451858484_1960_000_1980_000_with_camera_labels,59,0,3,15,0.571429,0.4,0.171429,0.677649,0.690375,-0.012726,737.839,436.978,1.688502,38.02,48.281,-26.988,28.05298,21.097877,24.793
m3detr,waymo,segment-1464917900451858484_1960_000_1980_000_with_camera_labels,60,1,3,14,0.333333,0.333333,0.0,0.664629,0.664476,0.000153,730.175,769.396,0.949024,38.313,38.652,-0.886,27.974886,29.738609,-6.305
m3detr,waymo,segment-1464917900451858484_1960_000_1980_000_with_camera_labels,61,0,3,14,0.222222,0.5,-0.277778,0.663078,0.699139,-0.036061,730.342,431.366,1.693091,37.755,48.664,-28.892,27.574266,20.991851,23.872
m3detr,waymo,segment-1464917900451858484_1960_000_1980_000_with_camera_labels,62,0,3,14,0.5,0.6,-0.1,0.664845,0.715011,-0.050166,725.127,424.005,1.710186,37.944,48.962,-29.039,27.514103,20.760205,24.547
m3detr,waymo,segment-1464917900451858484_1960_000_1980_000_with_camera_labels,63,0,3,14,0.5,0.25,0.25,0.6631,0.834095,-0.170996,732.777,431.349,1.698804,38.172,48.68,-27.529,27.971386,20.998079,24.93
m3detr,waymo,segment-1464917900451858484_1960_000_1980_000_with_camera_labels,64,0,3,14,0.5,0.666667,-0.166667,0.704072,0.72902,-0.024948,737.234,422.892,1.743316,38.38,49.111,-27.96,28.294855,20.768455,26.6
m3detr,waymo,segment-1464917900451858484_1960_000_1980_000_with_camera_labels,65,1,3,14,0.545455,0.545455,0.0,0.663465,0.663469,-5e-06,735.404,775.027,0.948875,37.934,39.024,-2.876,27.896534,30.245028,-8.419
m3detr,waymo,segment-1464917900451858484_1960_000_1980_000_with_camera_labels,66,0,3,16,0.4,0.56,-0.16,0.623692,0.711257,-0.087564,731.681,415.326,1.761701,38.233,48.529,-26.929,27.974522,20.155473,27.951
m3detr,waymo,segment-1464917900451858484_1960_000_1980_000_with_camera_labels,67,0,3,15,0.5,0.608696,-0.108696,0.656693,0.728542,-0.071849,730.42,405.484,1.801353,38.688,49.818,-28.769,28.258262,20.200379,28.515
m3detr,waymo,segment-1464917900451858484_1960_000_1980_000_with_camera_labels,68,0,3,15,0.608696,0.235294,0.373402,0.691298,0.690935,0.000363,733.193,413.337,1.773837,37.567,48.412,-28.869,27.543528,20.010401,27.35
m3detr,waymo,segment-1464917900451858484_1960_000_1980_000_with_camera_labels,69,0,3,15,0.571429,0.608696,-0.037267,0.682051,0.689063,-0.007012,734.815,413.577,1.776729,37.776,48.884,-29.403,27.758388,20.217106,27.168
m3detr,waymo,segment-1464917900451858484_1960_000_1980_000_with_camera_labels,70,1,3,15,0.608696,0.608696,0.0,0.669497,0.668701,0.000795,733.479,766.721,0.956645,38.584,39.144,-1.453,28.300477,30.01285,-6.051
m3detr,waymo,segment-1464917900451858484_1960_000_1980_000_with_camera_labels,71,0,3,16,0.666667,0.740741,-0.074074,0.65136,0.695142,-0.043782,733.96,415.529,1.766326,37.986,48.586,-27.903,27.880384,20.18868,27.588
m3detr,waymo,segment-1464917900451858484_1960_000_1980_000_with_camera_labels,72,0,3,16,0.64,0.592593,0.047407,0.666775,0.697296,-0.030521,762.672,412.36,1.84953,37.101,48.671,-31.185,28.295808,20.069939,29.071
m3detr,waymo,segment-1464917900451858484_1960_000_1980_000_with_camera_labels,73,0,3,16,0.47619,0.521739,-0.045549,0.633411,0.610286,0.023125,743.089,409.37,1.815201,37.851,49.679,-31.249,28.126548,20.337088,27.694
m3detr,waymo,segment-1464917900451858484_1960_000_1980_000_with_camera_labels,74,0,3,16,0.692308,0.583333,0.108974,0.685293,0.654826,0.030467,757.215,433.537,1.746599,37.605,48.228,-28.25,28.474905,20.908618,26.572
m3detr,waymo,segment-1464917900451858484_1960_000_1980_000_with_camera_labels,75,1,3,16,0.615385,0.615385,0.0,0.674325,0.674211,0.000113,747.193,776.82,0.961862,38.493,38.887,-1.024,28.761804,30.20847,-5.03
m3detr,waymo,segment-1464917900451858484_1960_000_1980_000_with_camera_labels,76,0,3,16,0.545455,0.210526,0.334928,0.646134,0.739906,-0.093771,749.084,428.239,1.749222,37.386,47.947,-28.248,28.005582,20.532921,26.683
m3detr,waymo,segment-1464917900451858484_1960_000_1980_000_with_camera_labels,77,0,3,16,0.666667,0.709677,-0.043011,0.666754,0.682499,-0.015746,747.935,447.835,1.670114,38.053,47.368,-24.479,28.461538,21.21326,25.467
m3detr,waymo,segment-1464917900451858484_1960_000_1980_000_with_camera_labels,78,0,3,17,0.64,0.709677,-0.069677,0.677037,0.686164,-0.009128,744.018,434.988,1.710433,37.023,48.801,-31.811,27.546123,21.227804,22.937
m3detr,waymo,segment-1464917900451858484_1960_000_1980_000_with_camera_labels,79,0,3,17,0.714286,0.62069,0.093596,0.695643,0.72092,-0.025277,751.617,425.761,1.765348,38.017,48.212,-26.816,28.574232,20.526657,28.164
m3detr,waymo,segment-1464917900451858484_1960_000_1980_000_with_camera_labels,80,1,3,18,0.666667,0.666667,0.0,0.637754,0.637977,-0.000223,782.09,780.319,1.00227,37.356,38.65,-3.465,29.215525,30.159445,-3.231
m3detr,waymo,segment-1464917900451858484_1960_000_1980_000_with_camera_labels,81,0,3,18,0.8125,0.705882,0.106618,0.662327,0.69721,-0.034883,742.271,428.921,1.730554,37.574,48.393,-28.795,27.890206,20.756977,25.576
m3detr,waymo,segment-1464917900451858484_1960_000_1980_000_with_camera_labels,82,0,3,18,0.689655,0.538462,0.151194,0.642066,0.642086,-2e-05,739.353,424.368,1.742246,38.111,47.747,-25.286,28.177318,20.262485,28.089
m3detr,waymo,segment-1464917900451858484_1960_000_1980_000_with_camera_labels,83,0,3,18,0.714286,0.62069,0.093596,0.666842,0.664957,0.001885,770.349,418.198,1.84207,38.651,48.86,-26.414,29.774947,20.4333,31.374
m3detr,waymo,segment-1464917900451858484_1960_000_1980_000_with_camera_labels,84,0,3,18,0.592593,0.689655,-0.097063,0.65407,0.678654,-0.024584,739.939,420.183,1.760992,38.21,49.142,-28.611,28.272832,20.648602,26.967
m3detr,waymo,segment-1464917900451858484_1960_000_1980_000_with_camera_labels,85,1,3,18,0.733333,0.733333,0.0,0.66891,0.668913,-3e-06,754.816,783.725,0.963114,38.586,39.109,-1.355,29.125324,30.650477,-5.237
m3detr,waymo,segment-1464917900451858484_1960_000_1980_000_with_camera_labels,86,0,3,18,0.709677,0.733333,-0.023656,0.642771,0.668884,-0.026113,759.869,415.261,1.829858,37.663,49.905,-32.505,28.618669,20.723559,27.587
m3detr,waymo,segment-1464917900451858484_1960_000_1980_000_with_camera_labels,87,0,3,18,0.714286,0.733333,-0.019048,0.665943,0.673026,-0.007082,745.319,416.428,1.789793,37.972,49.543,-30.469,28.301633,20.630874,27.104
m3detr,waymo,segment-1464917900451858484_1960_000_1980_000_with_camera_labels,88,0,3,18,0.642857,0.689655,-0.046798,0.686848,0.647861,0.038987,747.584,416.508,1.794887,37.64,48.548,-28.98,28.139104,20.220605,28.141
m3detr,waymo,segment-1464917900451858484_1960_000_1980_000_with_camera_labels,89,0,3,18,0.714286,0.689655,0.024631,0.658204,0.670853,-0.012649,750.565,419.94,1.787317,38.232,48.61,-27.146,28.695473,20.413392,28.862
m3detr,waymo,segment-1464917900451858484_1960_000_1980_000_with_camera_labels,90,1,3,18,0.709677,0.75,-0.040323,0.6663,0.675484,-0.009183,747.032,780.524,0.957091,37.794,38.796,-2.651,28.233528,30.281386,-7.253
m3detr,waymo,segment-1464917900451858484_1960_000_1980_000_with_camera_labels,91,0,3,18,0.615385,0.774194,-0.158809,0.63972,0.671366,-0.031646,751.069,417.556,1.798724,37.764,48.152,-27.507,28.363543,20.106214,29.112
m3detr,waymo,segment-1464917900451858484_1960_000_1980_000_with_camera_labels,92,0,3,17,0.689655,0.583333,0.106322,0.671765,0.641949,0.029816,753.262,418.642,1.799299,37.698,48.579,-28.862,28.396563,20.337089,28.382
m3detr,waymo,segment-1464917900451858484_1960_000_1980_000_with_camera_labels,93,0,3,17,0.758621,0.347826,0.410795,0.682272,0.561259,0.121013,757.781,417.961,1.813041,37.403,48.98,-30.953,28.343121,20.471833,27.771
m3detr,waymo,segment-1464917900451858484_1960_000_1980_000_with_camera_labels,94,0,3,17,0.666667,0.714286,-0.047619,0.664467,0.679007,-0.01454,757.318,417.759,1.812814,37.853,48.934,-29.272,28.667001,20.442556,28.69
m3detr,waymo,segment-1464917900451858484_1960_000_1980_000_with_camera_labels,95,1,3,17,0.64,0.64,0.0,0.636858,0.63637,0.000489,757.588,793.528,0.954709,37.771,38.789,-2.696,28.614915,30.780371,-7.568
m3detr,waymo,segment-1464917900451858484_1960_000_1980_000_with_camera_labels,96,0,3,17,0.592593,0.592593,0.0,0.644829,0.656453,-0.011624,766.103,423.636,1.808401,37.724,48.728,-29.17,28.900423,20.642853,28.572
m3detr,waymo,segment-1464917900451858484_1960_000_1980_000_with_camera_labels,97,0,3,17,0.714286,0.454545,0.25974,0.68807,0.684301,0.00377,750.802,413.582,1.815365,37.892,48.992,-29.293,28.449775,20.262278,28.779
m3detr,waymo,segment-1464917900451858484_1960_000_1980_000_with_camera_labels,98,0,3,17,0.666667,0.689655,-0.022989,0.664631,0.67657,-0.011939,753.793,424.336,1.776404,38.186,49.55,-29.761,28.784036,21.025834,26.953
m3detr,waymo,segment-1464917900451858484_1960_000_1980_000_with_camera_labels,99,0,3,17,0.733333,0.105263,0.62807,0.696841,0.506935,0.189905,753.713,414.91,1.816571,38.311,50.742,-32.448,28.875218,21.053239,27.089
m3detr,waymo,segment-1464917900451858484_1960_000_1980_000_with_camera_labels,100,1,3,16,0.642857,0.642857,0.0,0.682363,0.682619,-0.000255,751.156,779.357,0.963815,37.682,38.825,-3.034,28.304841,30.258542,-6.902
m3detr,waymo,segment-1464917900451858484_1960_000_1980_000_with_camera_labels,101,0,3,16,0.83871,0.538462,0.300248,0.683503,0.69221,-0.008707,738.907,422.945,1.747054,38.133,49.216,-29.064,28.176793,20.81571,26.125
m3detr,waymo,segment-1464917900451858484_1960_000_1980_000_with_camera_labels,102,0,3,17,0.758621,0.416667,0.341954,0.686183,0.658803,0.027379,741.074,414.357,1.788492,37.794,49.732,-31.588,28.007919,20.606824,26.425
m3detr,waymo,segment-1464917900451858484_1960_000_1980_000_with_camera_labels,103,0,3,17,0.714286,0.758621,-0.044335,0.681648,0.682631,-0.000983,733.649,413.1,1.77596,38.111,49.338,-29.46,27.959928,20.381671,27.104
m3detr,waymo,segment-1464917900451858484_1960_000_1980_000_with_camera_labels,104,0,3,17,0.551724,0.692308,-0.140584,0.707697,0.691602,0.016095,751.401,415.339,1.809128,37.974,48.485,-27.679,28.533907,20.13779,29.425
m3detr,waymo,segment-1464917900451858484_1960_000_1980_000_with_camera_labels,105,1,3,17,0.518519,0.518519,0.0,0.708342,0.707954,0.000388,734.655,787.346,0.933078,38.165,38.124,0.107,28.038088,30.01673,-7.057
m3detr,waymo,segment-1464917900451858484_1960_000_1980_000_with_camera_labels,106,0,3,17,0.6875,0.787879,-0.100379,0.701652,0.697918,0.003734,737.587,415.767,1.774038,37.833,49.407,-30.592,27.905086,20.541804,26.387
m3detr,waymo,segment-1464917900451858484_1960_000_1980_000_with_camera_labels,107,0,3,17,0.592593,0.461538,0.131054,0.71375,0.784317,-0.070567,728.463,425.678,1.711301,37.951,48.473,-27.725,27.646156,20.634014,25.364
m3detr,waymo,segment-1464917900451858484_1960_000_1980_000_with_camera_labels,108,0,3,17,0.75,0.538462,0.211538,0.686558,0.669062,0.017496,722.038,423.064,1.706689,38.474,48.279,-25.485,27.779761,20.425149,26.475
m3detr,waymo,segment-1464917900451858484_1960_000_1980_000_with_camera_labels,109,0,3,17,0.592593,0.538462,0.054131,0.742094,0.711552,0.030542,719.339,417.087,1.724672,37.86,48.318,-27.624,27.234012,20.152968,26.001
m3detr,waymo,segment-1464917900451858484_1960_000_1980_000_with_camera_labels,110,1,3,17,0.666667,0.666667,0.0,0.721133,0.721554,-0.000421,736.256,767.219,0.959643,38.078,39.467,-3.647,28.035135,30.279478,-8.005
m3detr,waymo,segment-1464917900451858484_1960_000_1980_000_with_camera_labels,111,0,3,17,0.642857,0.48,0.162857,0.718577,0.703102,0.015475,719.208,428.063,1.680145,38.116,47.857,-25.557,27.413081,20.485745,25.27
m3detr,waymo,segment-1464917900451858484_1960_000_1980_000_with_camera_labels,112,0,3,17,0.666667,0.592593,0.074074,0.739365,0.769131,-0.029766,723.842,428.541,1.689082,38.04,47.468,-24.786,27.534701,20.342122,26.122
m3detr,waymo,segment-1464917900451858484_1960_000_1980_000_with_camera_labels,113,0,3,17,0.714286,0.615385,0.098901,0.7362,0.727394,0.008806,716.781,426.374,1.681106,37.902,48.921,-29.071,27.167442,20.858496,23.222
m3detr,waymo,segment-1464917900451858484_1960_000_1980_000_with_camera_labels,114,0,3,17,0.733333,0.592593,0.140741,0.703382,0.7476,-0.044218,711.071,420.745,1.690026,38.441,48.725,-26.752,27.334509,20.500893,25.0
m3detr,waymo,segment-1464917900451858484_1960_000_1980_000_with_camera_labels,115,1,3,17,0.714286,0.714286,0.0,0.712738,0.712544,0.000194,728.008,747.649,0.97373,37.495,39.479,-5.291,27.296789,29.516405,-8.131
m3detr,waymo,segment-1464917900451858484_1960_000_1980_000_with_camera_labels,116,0,3,17,0.758621,0.56,0.198621,0.697482,0.700645,-0.003163,706.811,418.271,1.689837,38.127,48.741,-27.839,26.948314,20.386847,24.348
m3detr,waymo,segment-1464917900451858484_1960_000_1980_000_with_camera_labels,117,0,3,16,0.692308,0.380952,0.311355,0.709506,0.731931,-0.022426,707.057,412.102,1.715733,37.469,48.697,-29.966,26.492742,20.068107,24.251
m3detr,waymo,segment-1464917900451858484_1960_000_1980_000_with_camera_labels,118,0,3,16,0.740741,0.521739,0.219002,0.753048,0.724106,0.028942,701.558,409.528,1.71309,38.27,48.268,-26.123,26.84885,19.766991,26.377
m3detr,waymo,segment-1464917900451858484_1960_000_1980_000_with_camera_labels,119,0,3,16,0.692308,0.56,0.132308,0.726782,0.775812,-0.04903,690.184,404.649,1.705637,38.001,48.747,-28.278,26.227358,19.725208,24.791
pointpillars,nuscenes,scene-0061,0,1,3,77,0.5614,0.5614,0.0,0.5255,0.5255,0.0,168.05,174.54,0.963,43.0,44.38,-3.211,7.226226,7.746094,-7.194
pointpillars,nuscenes,scene-0061,1,0,3,77,0.5841,0.5739,0.0102,0.5383,0.514,0.0243,223.4,86.34,2.587,42.564,50.666,-19.034,9.508899,4.374634,53.994
pointpillars,nuscenes,scene-0061,2,0,3,85,0.512,0.5191,-0.0071,0.5182,0.4692,0.049,220.53,81.87,2.694,44.239,56.413,-27.517,9.756065,4.618237,52.663
pointpillars,nuscenes,scene-0061,3,0,3,85,0.5203,0.4833,0.037,0.571,0.5229,0.0481,204.99,76.63,2.675,47.088,56.567,-20.131,9.65235,4.334762,55.091
pointpillars,nuscenes,scene-0061,4,0,3,85,0.5455,0.4848,0.0606,0.5169,0.5077,0.0091,233.71,88.45,2.642,40.368,50.11,-24.135,9.434431,4.43225,53.02
pointpillars,nuscenes,scene-0061,5,1,3,93,0.5401,0.5401,0.0,0.5534,0.5534,0.0,215.62,216.59,0.996,40.744,41.426,-1.674,8.78518,8.97253,-2.133
pointpillars,nuscenes,scene-0061,6,0,3,93,0.5652,0.5072,0.058,0.5453,0.4712,0.0742,213.08,89.05,2.393,40.576,47.862,-17.956,8.646058,4.261921,50.707
pointpillars,nuscenes,scene-0061,7,0,3,93,0.5522,0.5077,0.0445,0.5172,0.4682,0.049,209.31,88.06,2.377,40.278,48.922,-21.459,8.430542,4.308194,48.898
pointpillars,nuscenes,scene-0061,8,0,3,102,0.5229,0.4768,0.0461,0.5068,0.4474,0.0594,204.92,84.15,2.435,41.012,50.04,-22.013,8.404133,4.210947,49.894
pointpillars,nuscenes,scene-0061,9,0,3,102,0.5467,0.5263,0.0204,0.4989,0.4927,0.0062,223.61,84.03,2.661,41.612,49.756,-19.57,9.304893,4.180998,55.067
pointpillars,nuscenes,scene-0061,10,1,3,102,0.5677,0.5677,0.0,0.4647,0.4647,0.0,212.24,211.32,1.004,41.285,40.312,2.357,8.762132,8.518626,2.779
pointpillars,nuscenes,scene-0061,11,0,3,102,0.52,0.4823,0.0377,0.5031,0.4647,0.0384,216.2,82.0,2.637,40.36,50.58,-25.321,8.725803,4.147352,52.47
pointpillars,nuscenes,scene-0061,12,0,3,109,0.5333,0.478,0.0553,0.5207,0.4831,0.0376,211.42,85.1,2.484,40.82,49.844,-22.108,8.630014,4.241927,50.847
pointpillars,nuscenes,scene-0061,13,0,3,109,0.5342,0.4774,0.0567,0.4868,0.4678,0.0191,211.8,86.83,2.439,40.68,49.317,-21.231,8.616284,4.282005,50.303
pointpillars,nuscenes,scene-0061,14,0,3,109,0.5256,0.4706,0.0551,0.515,0.4845,0.0305,228.4,84.95,2.688,40.481,49.299,-21.784,9.245608,4.188175,54.701
pointpillars,nuscenes,scene-0061,15,1,3,117,0.4848,0.4848,0.0,0.5076,0.5076,0.0,211.29,214.19,0.986,41.863,44.116,-5.383,8.845201,9.449489,-6.832
pointpillars,nuscenes,scene-0061,16,0,3,117,0.5029,0.4651,0.0378,0.5512,0.4727,0.0785,215.62,90.39,2.385,41.285,48.528,-17.544,8.901886,4.38643,50.725
pointpillars,nuscenes,scene-0061,17,0,3,117,0.5176,0.454,0.0637,0.5329,0.4655,0.0673,212.82,86.76,2.453,41.282,49.993,-21.103,8.785538,4.337663,50.627
pointpillars,nuscenes,scene-0061,18,0,3,119,0.5455,0.4699,0.0756,0.5413,0.511,0.0303,213.01,83.22,2.56,42.661,51.417,-20.525,9.087383,4.279146,52.911
pointpillars,nuscenes,scene-0061,19,0,3,119,0.5143,0.4551,0.0592,0.5251,0.5199,0.0052,230.72,87.3,2.643,41.376,52.828,-27.678,9.546397,4.611658,51.692
pointpillars,nuscenes,scene-0061,20,1,3,123,0.5,0.5,0.0,0.5474,0.5474,0.0,220.22,219.76,1.002,42.043,41.151,2.121,9.2588,9.043449,2.326
pointpillars,nuscenes,scene-0061,21,0,3,123,0.4855,0.4886,-0.0031,0.5357,0.4884,0.0473,213.41,87.76,2.432,41.791,47.082,-12.659,8.918539,4.13181,53.672
pointpillars,nuscenes,scene-0061,22,0,3,123,0.514,0.4831,0.0308,0.5637,0.529,0.0347,212.67,80.43,2.644,41.208,52.002,-26.194,8.763825,4.182405,52.276
pointpillars,nuscenes,scene-0061,23,0,3,126,0.5028,0.4686,0.0342,0.5621,0.552,0.0101,207.46,79.2,2.619,41.161,53.291,-29.468,8.539473,4.220738,50.574
pointpillars,nuscenes,scene-0061,24,0,3,126,0.5085,0.48,0.0285,0.5412,0.533,0.0082,210.16,82.19,2.557,43.061,50.965,-18.354,9.04956,4.188761,53.713
pointpillars,nuscenes,scene-0061,25,1,3,128,0.5699,0.5699,0.0,0.5448,0.5448,0.0,216.18,207.51,1.042,41.568,42.065,-1.197,8.986182,8.728809,2.864
pointpillars,nuscenes,scene-0061,26,0,3,128,0.5319,0.5241,0.0079,0.5215,0.4612,0.0603,211.41,84.15,2.512,43.059,51.111,-18.699,9.10313,4.300921,52.753
pointpillars,nuscenes,scene-0061,27,0,3,135,0.5408,0.4813,0.0595,0.5255,0.5095,0.016,210.46,86.29,2.439,41.991,51.521,-22.694,8.837593,4.445642,49.696
pointpillars,nuscenes,scene-0061,28,0,3,135,0.5641,0.5368,0.0273,0.5153,0.4853,0.03,212.63,83.34,2.551,41.587,53.589,-28.858,8.84261,4.465894,49.496
pointpillars,nuscenes,scene-0061,29,0,3,135,0.5128,0.4894,0.0235,0.5078,0.4931,0.0147,219.54,89.43,2.455,42.245,54.634,-29.327,9.274431,4.886066,47.317
pointpillars,nuscenes,scene-0061,30,1,3,136,0.5253,0.5253,0.0,0.4961,0.4961,0.0,218.08,216.76,1.006,42.2,41.529,1.589,9.203066,9.002074,2.184
pointpillars,nuscenes,scene-0061,31,0,3,136,0.54,0.5102,0.0298,0.5228,0.461,0.0618,214.43,77.08,2.782,41.627,53.27,-27.97,8.926207,4.105827,54.003
pointpillars,nuscenes,scene-0061,32,0,3,140,0.4724,0.5,-0.0276,0.5203,0.4842,0.0362,214.96,87.3,2.462,42.281,49.452,-16.962,9.088554,4.317299,52.497
pointpillars,nuscenes,scene-0061,33,0,3,140,0.5073,0.4718,0.0355,0.4959,0.4952,0.0007,215.75,83.38,2.588,43.217,54.067,-25.106,9.323858,4.508013,51.651
pointpillars,nuscenes,scene-0061,34,0,3,140,0.5268,0.4249,0.102,0.4975,0.4776,0.0198,219.67,83.39,2.634,42.06,52.501,-24.823,9.239402,4.378222,52.614
pointpillars,nuscenes,scene-0061,35,1,3,142,0.5581,0.5581,0.0,0.514,0.514,0.0,213.15,212.96,1.001,41.584,41.374,0.505,8.863541,8.811063,0.592
pointpillars,nuscenes,scene-0061,36,0,3,142,0.5278,0.5571,-0.0293,0.4888,0.4847,0.0041,217.91,86.61,2.516,41.382,53.57,-29.452,9.017552,4.639692,48.548
pointpillars,nuscenes,scene-0061,37,0,3,142,0.5438,0.5395,0.0042,0.4946,0.4615,0.0331,215.76,75.95,2.841,42.832,53.892,-25.82,9.241501,4.093271,55.708
pointpillars,nuscenes,scene-0061,38,0,3,146,0.5438,0.5463,-0.0025,0.5251,0.496,0.0291,226.42,84.93,2.666,42.107,50.327,-19.522,9.533741,4.274234,55.167
pointpillars,nuscenes,scene-0061,39,0,3,146,0.507,0.4585,0.0485,0.4978,0.5015,-0.0036,217.62,88.37,2.463,41.942,52.827,-25.95,9.127498,4.668363,48.854
pointpillars,nuscenes,scene-0061,40,1,3,147,0.4977,0.4977,0.0,0.5342,0.5342,0.0,216.69,213.0,1.017,41.769,43.949,-5.22,9.050781,9.361095,-3.429
pointpillars,nuscenes,scene-0061,41,0,3,147,0.4953,0.514,-0.0187,0.5576,0.504,0.0536,218.7,84.99,2.573,42.321,53.56,-26.556,9.25567,4.552273,50.816
pointpillars,nuscenes,scene-0061,42,0,3,151,0.4837,0.4348,0.0489,0.4985,0.4728,0.0257,223.17,89.12,2.504,42.169,51.036,-21.028,9.410755,4.548126,51.671
pointpillars,nuscenes,scene-0061,43,0,3,151,0.4115,0.4259,-0.0144,0.5747,0.5023,0.0724,227.25,87.29,2.603,41.54,50.228,-20.915,9.439983,4.384519,53.554
pointpillars,nuscenes,scene-0061,44,0,3,151,0.4058,0.4175,-0.0117,0.5,0.4975,0.0026,216.4,85.23,2.539,40.465,50.289,-24.279,8.756535,4.285987,51.054
pointpillars,nuscenes,scene-0061,45,1,3,155,0.4434,0.4434,0.0,0.4998,0.4998,0.0,220.1,218.89,1.006,43.334,41.462,4.32,9.537874,9.075642,4.846
pointpillars,nuscenes,scene-0061,46,0,3,155,0.4135,0.4,0.0135,0.5147,0.4706,0.0441,214.59,87.06,2.465,41.811,49.597,-18.624,8.971999,4.318062,51.872
pointpillars,nuscenes,scene-0061,47,0,3,153,0.3535,0.3553,-0.0018,0.5362,0.4656,0.0706,211.97,89.66,2.364,41.692,51.008,-22.343,8.837549,4.57354,48.249
pointpillars,nuscenes,scene-0061,48,0,3,153,0.3627,0.3263,0.0364,0.5478,0.5278,0.0199,216.03,85.25,2.534,41.199,52.077,-26.404,8.900193,4.439286,50.121
pointpillars,nuscenes,scene-0061,49,0,3,153,0.3881,0.3881,0.0,0.5182,0.4925,0.0257,217.28,89.05,2.44,41.561,53.352,-28.369,9.030541,4.750816,47.392
pointpillars,nuscenes,scene-0061,50,1,3,150,0.39,0.39,0.0,0.5203,0.5203,0.0,212.1,213.78,0.992,41.478,39.959,3.663,8.797665,8.542571,2.9
pointpillars,nuscenes,scene-0061,51,0,3,150,0.4121,0.3684,0.0436,0.5344,0.5352,-0.0008,214.25,90.34,2.372,41.536,48.8,-17.488,8.899148,4.408652,50.46
pointpillars,nuscenes,scene-0061,52,0,3,148,0.3719,0.396,-0.0242,0.5509,0.5455,0.0054,210.52,85.77,2.454,41.702,48.003,-15.111,8.778966,4.117151,53.102
pointpillars,nuscenes,scene-0061,53,0,3,148,0.3854,0.356,0.0294,0.5127,0.5473,-0.0346,207.81,79.81,2.604,47.262,50.986,-7.879,9.82152,4.069391,58.567
pointpillars,nuscenes,scene-0061,54,0,3,148,0.402,0.3646,0.0374,0.5494,0.5253,0.0241,205.37,83.08,2.472,43.592,51.349,-17.794,8.952532,4.266035,52.348
pointpillars,nuscenes,scene-0061,55,1,3,143,0.4375,0.4375,0.0,0.5461,0.5461,0.0,209.92,209.94,1.0,41.477,41.452,0.06,8.706858,8.702492,0.05
pointpillars,nuscenes,scene-0061,56,0,3,143,0.383,0.324,0.059,0.5482,0.5275,0.0207,208.27,89.76,2.32,41.053,49.4,-20.33,8.5501,4.434192,48.139
pointpillars,nuscenes,scene-0061,57,0,3,135,0.3353,0.3837,-0.0485,0.5899,0.5474,0.0425,214.46,81.4,2.635,39.889,47.416,-18.871,8.554412,3.859804,54.879
pointpillars,nuscenes,scene-0061,58,0,3,135,0.4023,0.3864,0.0159,0.5198,0.4727,0.0471,206.77,85.29,2.424,41.115,50.16,-21.998,8.50118,4.278276,49.674
pointpillars,nuscenes,scene-0061,59,0,3,135,0.4565,0.4091,0.0474,0.528,0.4933,0.0346,204.45,83.23,2.456,40.126,48.089,-19.846,8.203598,4.002618,51.209
pointpillars,nuscenes,scene-0061,60,1,3,124,0.4561,0.4561,0.0,0.5474,0.5474,0.0,218.55,210.22,1.04,40.915,40.129,1.921,8.941994,8.435921,5.66
pointpillars,nuscenes,scene-0061,61,0,3,124,0.4773,0.4671,0.0102,0.557,0.5418,0.0153,213.45,86.25,2.475,40.298,50.135,-24.412,8.60171,4.324238,49.728
pointpillars,nuscenes,scene-0061,62,0,3,121,0.4444,0.475,-0.0306,0.5527,0.5381,0.0146,226.43,82.11,2.758,40.008,47.441,-18.577,9.059105,3.895524,56.999
pointpillars,nuscenes,scene-0061,63,0,3,121,0.425,0.4348,-0.0098,0.5658,0.5589,0.0069,205.24,90.17,2.276,40.347,46.396,-14.993,8.280756,4.183319,49.481
pointpillars,nuscenes,scene-0061,64,0,3,121,0.4151,0.4568,-0.0417,0.5571,0.5164,0.0408,208.71,81.52,2.56,43.259,49.746,-14.994,9.028741,4.055144,55.086
pointpillars,nuscenes,scene-0061,65,1,3,121,0.3949,0.3949,0.0,0.6008,0.6008,0.0,216.76,212.4,1.02,41.233,39.837,3.384,8.937456,8.46154,5.325
pointpillars,nuscenes,scene-0061,66,0,3,121,0.4026,0.4375,-0.0349,0.5575,0.5576,-0.0001,205.04,82.72,2.479,39.522,48.545,-22.83,8.103444,4.01579,50.443
pointpillars,nuscenes,scene-0061,67,0,3,121,0.3899,0.3851,0.0048,0.5623,0.5289,0.0334,222.45,85.59,2.599,40.296,47.656,-18.263,8.963935,4.078795,54.498
pointpillars,nuscenes,scene-0061,68,0,3,122,0.4431,0.3949,0.0482,0.5247,0.5512,-0.0264,209.08,82.87,2.523,40.01,51.649,-29.092,8.365262,4.280109,48.835
pointpillars,nuscenes,scene-0061,69,0,3,122,0.3851,0.4172,-0.0321,0.5719,0.5241,0.0478,208.41,83.39,2.499,40.427,48.114,-19.014,8.425435,4.012478,52.377
pointpillars,nuscenes,scene-0061,70,1,3,124,0.3333,0.3333,0.0,0.5242,0.5242,0.0,210.7,213.39,0.987,41.522,39.501,4.867,8.748749,8.429257,3.652
pointpillars,nuscenes,scene-0061,71,0,3,124,0.3975,0.3804,0.0171,0.5508,0.4932,0.0576,209.26,86.61,2.416,42.019,50.532,-20.261,8.79286,4.376332,50.229
pointpillars,nuscenes,scene-0061,72,0,3,118,0.4099,0.4359,-0.026,0.5497,0.5129,0.0368,204.78,85.15,2.405,41.679,48.09,-15.382,8.534985,4.094821,52.023
pointpillars,nuscenes,scene-0061,73,0,3,118,0.4321,0.4198,0.0123,0.5491,0.5479,0.0012,207.3,85.23,2.432,39.759,48.075,-20.916,8.241998,4.097182,50.289
pointpillars,nuscenes,scene-0061,74,0,3,118,0.4417,0.3791,0.0626,0.5299,0.4981,0.0318,213.69,82.36,2.594,40.514,49.861,-23.072,8.657267,4.106773,52.563
pointpillars,nuscenes,scene-0061,75,1,3,115,0.4417,0.4417,0.0,0.533,0.533,0.0,205.83,209.95,0.98,40.545,39.829,1.766,8.345365,8.362045,-0.2
pointpillars,nuscenes,scene-0061,76,0,3,115,0.4684,0.4528,0.0155,0.5491,0.5364,0.0127,205.41,74.99,2.739,40.182,44.449,-10.62,8.253919,3.333206,59.617
pointpillars,nuscenes,scene-0061,77,0,3,112,0.4596,0.3553,0.1044,0.5426,0.574,-0.0314,204.41,77.29,2.645,40.858,47.072,-15.211,8.351526,3.638358,56.435
pointpillars,nuscenes,scene-0061,78,0,3,112,0.4314,0.3867,0.0447,0.5726,0.5305,0.0422,205.55,74.31,2.766,42.081,51.412,-22.175,8.649497,3.820307,55.832
pointpillars,nuscenes,scene-0061,79,0,3,112,0.4586,0.4691,-0.0105,0.5218,0.4893,0.0325,219.52,86.53,2.537,41.439,46.736,-12.781,9.096668,4.043903,55.545
pointpillars,nuscenes,scene-0061,80,1,3,112,0.4596,0.4596,0.0,0.5558,0.5558,0.0,214.67,212.98,1.008,41.323,40.935,0.94,8.870734,8.718349,1.718
pointpillars,nuscenes,scene-0061,81,0,3,112,0.4387,0.4129,0.0258,0.5655,0.5576,0.0079,204.26,79.48,2.57,41.17,47.535,-15.459,8.409459,3.77786,55.076
pointpillars,nuscenes,scene-0061,82,0,3,106,0.4247,0.48,-0.0553,0.576,0.5368,0.0392,222.69,69.46,3.206,44.35,50.015,-12.774,9.876461,3.473891,64.827
pointpillars,nuscenes,scene-0061,83,0,3,106,0.4082,0.4027,0.0055,0.5755,0.5315,0.044,202.74,71.1,2.851,40.419,49.013,-21.262,8.19439,3.484898,57.472
pointpillars,nuscenes,scene-0061,84,0,3,106,0.4605,0.4167,0.0439,0.5625,0.4773,0.0853,200.57,75.56,2.654,39.204,51.386,-31.074,7.863173,3.882912,50.619
pointpillars,nuscenes,scene-0061,85,1,3,100,0.4748,0.4748,0.0,0.5344,0.5344,0.0,204.59,201.8,1.014,38.808,39.621,-2.093,7.939696,7.995417,-0.702
pointpillars,nuscenes,scene-0061,86,0,3,100,0.4681,0.4648,0.0033,0.5461,0.532,0.014,200.0,72.65,2.753,38.442,51.334,-33.535,7.688583,3.729632,51.491
pointpillars,nuscenes,scene-0061,87,0,3,95,0.5775,0.4427,0.1347,0.4885,0.5375,-0.0491,219.54,74.99,2.928,39.894,53.75,-34.734,8.758316,4.030511,53.981
pointpillars,nuscenes,scene-0061,88,0,3,95,0.5,0.5113,-0.0113,0.557,0.5003,0.0567,204.7,74.46,2.749,40.63,54.18,-33.348,8.316963,4.034033,51.496
pointpillars,nuscenes,scene-0061,89,0,3,95,0.5113,0.4496,0.0617,0.5566,0.5051,0.0515,200.84,79.31,2.533,41.651,47.445,-13.911,8.365405,3.762728,55.02
pointpillars,nuscenes,scene-0061,90,1,3,87,0.5755,0.5755,0.0,0.5261,0.5261,0.0,202.85,200.34,1.013,41.812,41.422,0.934,8.481486,8.298523,2.157
pointpillars,nuscenes,scene-0061,91,0,3,87,0.5755,0.4839,0.0917,0.5823,0.5522,0.03,202.39,74.36,2.722,41.0,53.246,-29.871,8.298097,3.959251,52.287
pointpillars,nuscenes,scene-0061,92,0,3,87,0.5,0.5692,-0.0692,0.5935,0.4829,0.1106,206.45,74.4,2.775,40.604,52.937,-30.374,8.382619,3.938356,53.018
pointpillars,nuscenes,scene-0061,93,0,3,77,0.6129,0.4828,0.1301,0.5829,0.5762,0.0067,205.04,72.33,2.835,40.23,48.924,-21.613,8.248727,3.538699,57.1
pointpillars,nuscenes,scene-0061,94,0,3,77,0.5785,0.4727,0.1058,0.5385,0.5575,-0.019,202.23,76.62,2.639,40.644,50.642,-24.598,8.219574,3.880102,52.794
pointpillars,nuscenes,scene-0103,0,1,3,30,0.6,0.6,0.0,0.5717,0.5717,0.0,161.74,164.01,0.986,40.166,41.107,-2.342,6.496348,6.741783,-3.778
pointpillars,nuscenes,scene-0103,1,0,3,30,0.6316,0.549,0.0826,0.5491,0.5105,0.0386,196.4,76.27,2.575,42.833,53.273,-24.375,8.412307,4.063378,51.697
pointpillars,nuscenes,scene-0103,2,0,3,33,0.7188,0.5965,0.1223,0.5569,0.4381,0.1188,203.32,75.92,2.678,39.153,48.448,-23.74,7.960518,3.678356,53.793
pointpillars,nuscenes,scene-0103,3,0,3,33,0.6667,0.6667,-0.0,0.5597,0.4564,0.1033,195.08,69.25,2.817,39.788,53.549,-34.586,7.761806,3.708457,52.222
pointpillars,nuscenes,scene-0103,4,0,3,33,0.7879,0.7,0.0879,0.5462,0.4835,0.0627,190.3,66.25,2.873,40.319,55.329,-37.228,7.672747,3.66542,52.228
pointpillars,nuscenes,scene-0103,5,1,3,38,0.6866,0.6866,0.0,0.5348,0.5348,0.0,207.71,190.59,1.09,39.378,41.319,-4.927,8.179172,7.874878,3.72
pointpillars,nuscenes,scene-0103,6,0,3,38,0.6667,0.5946,0.0721,0.5426,0.4268,0.1158,190.73,68.15,2.799,40.046,53.051,-32.476,7.638017,3.615617,52.663
pointpillars,nuscenes,scene-0103,7,0,3,38,0.6316,0.6234,0.0082,0.5124,0.4537,0.0587,194.6,69.73,2.791,42.245,52.964,-25.372,8.220886,3.692997,55.078
pointpillars,nuscenes,scene-0103,8,0,3,38,0.6389,0.6111,0.0278,0.5617,0.484,0.0777,194.79,66.54,2.928,42.071,55.449,-31.798,8.195061,3.689453,54.98
pointpillars,nuscenes,scene-0103,9,0,3,38,0.6944,0.6,0.0944,0.5507,0.4777,0.073,198.56,65.17,3.047,42.777,55.433,-29.587,8.493779,3.612421,57.47
pointpillars,nuscenes,scene-0103,10,1,3,43,0.597,0.597,0.0,0.6055,0.6055,0.0,192.4,195.71,0.983,40.384,42.03,-4.075,7.769731,8.225812,-5.87
pointpillars,nuscenes,scene-0103,11,0,3,43,0.6479,0.6176,0.0302,0.5547,0.5029,0.0518,195.43,67.81,2.882,40.862,56.735,-38.845,7.985887,3.847082,51.826
pointpillars,nuscenes,scene-0103,12,0,3,44,0.6486,0.6269,0.0218,0.5881,0.4996,0.0885,197.21,70.21,2.809,41.742,54.909,-31.545,8.231787,3.854922,53.17
pointpillars,nuscenes,scene-0103,13,0,3,44,0.7105,0.6133,0.0972,0.563,0.4925,0.0705,194.61,68.32,2.848,41.239,56.31,-36.544,8.025417,3.847109,52.063
pointpillars,nuscenes,scene-0103,14,0,3,44,0.7595,0.6923,0.0672,0.5212,0.506,0.0152,192.95,66.63,2.896,41.459,53.858,-29.907,7.999655,3.588584,55.141
pointpillars,nuscenes,scene-0103,15,1,3,49,0.65,0.65,0.0,0.5935,0.5935,0.0,195.99,197.28,0.993,41.859,42.515,-1.567,8.204175,8.387574,-2.235
pointpillars,nuscenes,scene-0103,16,0,3,49,0.6747,0.6824,-0.0077,0.5592,0.4798,0.0794,204.28,71.38,2.862,42.11,59.036,-40.195,8.602472,4.214189,51.012
pointpillars,nuscenes,scene-0103,17,0,3,48,0.6977,0.6988,-0.0011,0.5707,0.4852,0.0855,205.78,72.06,2.856,42.222,59.194,-40.199,8.688509,4.265791,50.903
pointpillars,nuscenes,scene-0103,18,0,3,48,0.7111,0.68,0.0311,0.5735,0.4911,0.0824,202.44,71.0,2.851,41.266,54.867,-32.958,8.353839,3.895526,53.368
pointpillars,nuscenes,scene-0103,19,0,3,48,0.7097,0.6136,0.096,0.5704,0.5203,0.0502,210.46,71.0,2.964,42.545,55.194,-29.73,8.954253,3.919059,56.232
pointpillars,nuscenes,scene-0103,20,1,3,48,0.7174,0.7174,0.0,0.6093,0.6093,0.0,200.28,199.88,1.002,43.082,44.187,-2.566,8.628532,8.832151,-2.36
pointpillars,nuscenes,scene-0103,21,0,3,48,0.7111,0.7174,-0.0063,0.6031,0.5392,0.0639,199.27,65.28,3.052,41.896,55.983,-33.623,8.348527,3.654726,56.223
pointpillars,nuscenes,scene-0103,22,0,3,47,0.7356,0.7191,0.0165,0.6172,0.5413,0.0759,214.02,69.02,3.101,42.468,55.505,-30.7,9.088995,3.831243,57.847
pointpillars,nuscenes,scene-0103,23,0,3,47,0.7561,0.6747,0.0814,0.5729,0.5101,0.0628,212.88,84.65,2.515,43.992,50.937,-15.787,9.36503,4.311888,53.958
pointpillars,nuscenes,scene-0103,24,0,3,47,0.7816,0.6897,0.092,0.5785,0.5321,0.0464,216.07,85.32,2.533,41.53,48.724,-17.322,8.973389,4.157051,53.674
pointpillars,nuscenes,scene-0103,25,1,3,43,0.7105,0.7105,0.0,0.5742,0.5742,0.0,209.29,216.38,0.967,41.722,43.134,-3.385,8.731988,9.33326,-6.886
pointpillars,nuscenes,scene-0103,26,0,3,43,0.75,0.6923,0.0577,0.5442,0.4894,0.0548,201.61,84.49,2.386,42.123,48.551,-15.261,8.492454,4.102143,51.697
pointpillars,nuscenes,scene-0103,27,0,3,44,0.7013,0.6667,0.0346,0.5637,0.4544,0.1092,219.48,83.82,2.618,42.209,52.68,-24.807,9.263925,4.41573,52.334
pointpillars,nuscenes,scene-0103,28,0,3,44,0.7105,0.6835,0.027,0.5824,0.5158,0.0666,214.62,85.08,2.523,40.818,50.935,-24.785,8.760474,4.333613,50.532
pointpillars,nuscenes,scene-0103,29,0,3,44,0.6988,0.7416,-0.0428,0.5712,0.521,0.0503,213.77,82.97,2.576,42.805,50.307,-17.526,9.150253,4.174134,54.382
pointpillars,nuscenes,scene-0103,30,1,3,46,0.7619,0.7619,0.0,0.5475,0.5475,0.0,210.03,213.37,0.984,40.401,41.747,-3.333,8.485486,8.907496,-4.973
pointpillars,nuscenes,scene-0103,31,0,3,46,0.7586,0.7209,0.0377,0.51,0.4678,0.0422,209.9,84.67,2.479,40.02,47.899,-19.689,8.400099,4.055823,51.717
pointpillars,nuscenes,scene-0103,32,0,3,47,0.6905,0.6667,0.0238,0.5446,0.4737,0.0709,213.09,86.06,2.476,40.479,50.163,-23.923,8.625622,4.31722,49.949
pointpillars,nuscenes,scene-0103,33,0,3,47,0.6977,0.6512,0.0465,0.5406,0.469,0.0716,209.04,79.53,2.629,38.994,49.906,-27.985,8.151273,3.968809,51.311
pointpillars,nuscenes,scene-0103,34,0,3,48,0.6824,0.6742,0.0082,0.5337,0.4585,0.0752,209.37,82.84,2.527,39.857,51.706,-29.727,8.345033,4.283541,48.67
pointpillars,nuscenes,scene-0103,35,1,3,48,0.6667,0.6667,0.0,0.569,0.569,0.0,206.46,211.43,0.977,40.693,40.727,-0.083,8.401459,8.610741,-2.491
pointpillars,nuscenes,scene-0103,36,0,3,48,0.7674,0.7059,0.0616,0.5558,0.4969,0.0589,209.45,80.28,2.609,39.117,47.416,-21.214,8.193291,3.806424,53.542
pointpillars,nuscenes,scene-0103,37,0,3,47,0.6824,0.7143,-0.0319,0.5732,0.5245,0.0487,205.46,82.65,2.486,40.485,49.676,-22.703,8.318213,4.105841,50.64
pointpillars,nuscenes,scene-0103,38,0,3,47,0.6889,0.6667,0.0222,0.5477,0.4926,0.0551,207.94,78.49,2.649,39.508,48.833,-23.604,8.215045,3.832925,53.343
pointpillars,nuscenes,scene-0103,39,0,3,52,0.6598,0.6087,0.0511,0.5524,0.5378,0.0146,205.07,82.09,2.498,40.48,49.864,-23.182,8.301205,4.093112,50.693
pointpillars,nuscenes,scene-0103,40,1,3,52,0.6292,0.6292,0.0,0.5466,0.5466,0.0,205.21,206.73,0.993,41.335,42.45,-2.697,8.482619,8.775796,-3.456
pointpillars,nuscenes,scene-0103,41,0,3,52,0.6042,0.6374,-0.0332,0.5948,0.4972,0.0976,202.52,75.55,2.681,40.029,50.07,-25.082,8.106771,3.782866,53.337
pointpillars,nuscenes,scene-0103,42,0,3,53,0.6667,0.6667,0.0,0.5563,0.5026,0.0538,196.52,78.54,2.502,40.131,47.185,-17.579,7.886498,3.70611,53.007
pointpillars,nuscenes,scene-0103,43,0,3,53,0.6875,0.6667,0.0208,0.552,0.4883,0.0637,224.36,78.5,2.858,40.569,47.526,-17.148,9.101953,3.730883,59.01
pointpillars,nuscenes,scene-0103,44,0,3,55,0.6316,0.5957,0.0358,0.5595,0.4647,0.0948,203.45,82.31,2.472,39.075,51.181,-30.982,7.949753,4.212537,47.01
pointpillars,nuscenes,scene-0103,45,1,3,55,0.7143,0.7143,0.0,0.529,0.529,0.0,204.55,205.45,0.996,39.655,39.874,-0.551,8.111464,8.192326,-0.997
pointpillars,nuscenes,scene-0103,46,0,3,55,0.6535,0.64,0.0135,0.5276,0.4843,0.0433,203.82,78.32,2.603,39.955,52.35,-31.023,8.143647,4.09988,49.655
pointpillars,nuscenes,scene-0103,47,0,3,59,0.6327,0.6275,0.0052,0.562,0.5175,0.0445,209.31,81.21,2.578,38.279,46.83,-22.339,8.012192,3.802874,52.536
pointpillars,nuscenes,scene-0103,48,0,3,59,0.6078,0.5918,0.016,0.5622,0.4922,0.0701,202.94,80.15,2.532,39.621,48.606,-22.678,8.040795,3.89577,51.55
pointpillars,nuscenes,scene-0103,49,0,3,60,0.6105,0.56,0.0505,0.5859,0.4949,0.0909,203.55,79.03,2.576,40.184,48.599,-20.942,8.179299,3.840731,53.043
pointpillars,nuscenes,scene-0103,50,1,3,60,0.6471,0.6471,0.0,0.5745,0.5745,0.0,203.49,204.28,0.996,40.662,38.82,4.529,8.274325,7.930188,4.159
pointpillars,nuscenes,scene-0103,51,0,3,60,0.6316,0.6061,0.0255,0.5612,0.499,0.0622,203.61,73.83,2.758,40.068,44.681,-11.512,8.158238,3.298814,59.565
pointpillars,nuscenes,scene-0103,52,0,3,61,0.6471,0.5684,0.0786,0.5514,0.4401,0.1113,203.7,80.07,2.544,40.213,47.012,-16.907,8.191343,3.764305,54.045
pointpillars,nuscenes,scene-0103,53,0,3,61,0.5714,0.5361,0.0353,0.5789,0.5502,0.0287,206.9,81.53,2.538,41.384,47.965,-15.901,8.562503,3.910529,54.33
pointpillars,nuscenes,scene-0103,54,0,3,61,0.66,0.5385,0.1215,0.5821,0.5682,0.0139,201.42,80.12,2.514,39.409,48.978,-24.282,7.93778,3.923903,50.567
pointpillars,nuscenes,scene-0103,55,1,3,61,0.5979,0.5979,0.0,0.5724,0.5724,0.0,204.54,205.29,0.996,39.073,39.718,-1.651,7.991872,8.153614,-2.024
pointpillars,nuscenes,scene-0103,56,0,3,61,0.5455,0.566,-0.0206,0.6121,0.5375,0.0747,210.28,81.23,2.589,38.352,48.778,-27.183,8.064651,3.962301,50.868
pointpillars,nuscenes,scene-0103,57,0,3,62,0.6095,0.551,0.0585,0.5763,0.5457,0.0306,205.24,84.06,2.441,40.505,46.766,-15.458,8.313075,3.931348,52.709
pointpillars,nuscenes,scene-0103,58,0,3,62,0.6458,0.5882,0.0576,0.594,0.5715,0.0225,208.09,87.2,2.387,39.114,49.556,-26.696,8.139427,4.321064,46.912
pointpillars,nuscenes,scene-0103,59,0,3,63,0.7238,0.6038,0.12,0.5676,0.5207,0.047,226.05,81.99,2.757,39.822,51.557,-29.468,9.001674,4.227131,53.041
pointpillars,nuscenes,scene-0103,60,1,3,63,0.6538,0.6538,0.0,0.5583,0.5583,0.0,203.94,211.86,0.963,39.837,38.682,2.9,8.124395,8.195102,-0.87
pointpillars,nuscenes,scene-0103,61,0,3,63,0.6667,0.5941,0.0726,0.5892,0.5272,0.062,213.29,86.22,2.474,41.023,52.331,-27.567,8.749558,4.512208,48.429
pointpillars,nuscenes,scene-0103,62,0,3,63,0.6195,0.6729,-0.0534,0.6109,0.5347,0.0762,214.53,87.75,2.445,40.378,51.095,-26.543,8.662498,4.483606,48.241
pointpillars,nuscenes,scene-0103,63,0,3,63,0.6486,0.5794,0.0692,0.5928,0.5478,0.045,211.07,88.24,2.392,40.768,48.808,-19.722,8.604717,4.30672,49.949
pointpillars,nuscenes,scene-0103,64,0,3,61,0.5743,0.5385,0.0358,0.6154,0.5554,0.06,214.07,88.69,2.414,40.116,47.324,-17.969,8.587378,4.197066,51.125
pointpillars,nuscenes,scene-0103,65,1,3,61,0.6038,0.6038,0.0,0.6389,0.6389,0.0,214.25,211.77,1.012,41.554,41.443,0.268,8.90296,8.776638,1.419
pointpillars,nuscenes,scene-0103,66,0,3,61,0.6078,0.5825,0.0253,0.638,0.5954,0.0425,212.29,89.1,2.383,40.937,49.267,-20.348,8.690444,4.389708,49.488
pointpillars,nuscenes,scene-0103,67,0,3,62,0.6964,0.5872,0.1093,0.6367,0.6198,0.017,216.05,94.62,2.283,40.554,48.207,-18.87,8.761704,4.561465,47.939
pointpillars,nuscenes,scene-0103,68,0,3,62,0.6903,0.6422,0.0481,0.6364,0.608,0.0284,215.68,91.61,2.354,40.36,50.831,-25.945,8.704919,4.656798,46.504
pointpillars,nuscenes,scene-0103,69,0,3,61,0.6667,0.625,0.0417,0.6023,0.6089,-0.0066,220.97,91.37,2.418,40.966,47.263,-15.373,9.051997,4.318507,52.292
pointpillars,nuscenes,scene-0103,70,1,3,61,0.6822,0.6822,0.0,0.6102,0.6102,0.0,222.48,219.31,1.014,42.297,40.11,5.17,9.410438,8.796625,6.523
pointpillars,nuscenes,scene-0103,71,0,3,61,0.6723,0.6496,0.0227,0.6516,0.6243,0.0273,213.81,88.0,2.43,40.788,49.291,-20.845,8.721002,4.337746,50.261
pointpillars,nuscenes,scene-0103,72,0,3,62,0.6387,0.6,0.0387,0.6149,0.5955,0.0194,217.39,84.55,2.571,41.237,51.72,-25.42,8.964661,4.372848,51.221
pointpillars,nuscenes,scene-0103,73,0,3,62,0.6604,0.6071,0.0532,0.6431,0.6392,0.0039,212.06,84.88,2.499,40.219,51.557,-28.192,8.528908,4.375946,48.693
pointpillars,nuscenes,scene-0103,74,0,3,62,0.6667,0.6071,0.0595,0.6429,0.6073,0.0356,215.78,86.34,2.499,41.052,47.899,-16.678,8.858164,4.135523,53.314
pointpillars,nuscenes,scene-0103,75,1,3,62,0.6957,0.6957,0.0,0.6339,0.6339,0.0,225.02,221.6,1.015,41.659,39.978,4.035,9.374138,8.859213,5.493
pointpillars,nuscenes,scene-0103,76,0,3,62,0.6555,0.6897,-0.0342,0.6529,0.6246,0.0283,219.07,88.05,2.488,40.295,50.144,-24.441,8.827323,4.415221,49.982
pointpillars,nuscenes,scene-0103,77,0,3,55,0.6667,0.6667,0.0,0.664,0.6062,0.0578,214.8,87.78,2.447,42.079,50.725,-20.549,9.038451,4.452931,50.733
pointpillars,nuscenes,scene-0103,78,0,3,55,0.6607,0.6726,-0.0119,0.6465,0.5853,0.0612,214.15,81.84,2.617,41.128,52.265,-27.081,8.807446,4.27738,51.435
pointpillars,nuscenes,scene-0103,79,0,3,56,0.6296,0.6055,0.0241,0.6777,0.6271,0.0507,213.87,85.78,2.493,40.494,50.056,-23.613,8.660339,4.293747,50.421
pointpillars,nuscenes,scene-0103,80,1,3,56,0.6111,0.6111,0.0,0.6402,0.6402,0.0,218.78,218.77,1.0,41.441,41.337,0.249,9.066375,9.043443,0.253
pointpillars,nuscenes,scene-0103,81,0,3,56,0.6535,0.5981,0.0553,0.6597,0.6332,0.0265,216.25,80.46,2.688,40.986,48.792,-19.045,8.863281,3.925804,55.707
pointpillars,nuscenes,scene-0103,82,0,3,56,0.6346,0.5841,0.0505,0.6596,0.6119,0.0477,221.68,87.74,2.527,39.876,49.343,-23.741,8.839744,4.329276,51.025
pointpillars,nuscenes,scene-0103,83,0,3,56,0.6535,0.6182,0.0353,0.6516,0.6461,0.0054,212.12,84.47,2.511,40.501,50.576,-24.875,8.591093,4.272165,50.272
pointpillars,nuscenes,scene-0103,84,0,3,57,0.6538,0.6275,0.0264,0.6348,0.6192,0.0156,219.13,90.09,2.432,40.783,48.934,-19.985,8.936879,4.408607,50.67
pointpillars,nuscenes,scene-0103,85,1,3,57,0.6364,0.6364,0.0,0.6409,0.6409,0.0,210.4,216.69,0.971,41.513,40.614,2.166,8.734269,8.800516,-0.758
pointpillars,nuscenes,scene-0103,86,0,3,57,0.6111,0.5981,0.013,0.6598,0.6616,-0.0018,223.3,86.66,2.577,41.685,49.629,-19.058,9.30799,4.300822,53.794
pointpillars,nuscenes,scene-0103,87,0,3,53,0.5686,0.5918,-0.0232,0.6594,0.6406,0.0187,217.32,87.21,2.492,40.363,51.599,-27.839,8.771783,4.499993,48.699
pointpillars,nuscenes,scene-0103,88,0,3,53,0.5743,0.5294,0.0448,0.7011,0.6775,0.0236,218.17,91.21,2.392,41.412,47.401,-14.463,9.034706,4.323637,52.144
pointpillars,nuscenes,scene-0103,89,0,3,54,0.6476,0.5743,0.0734,0.6332,0.6417,-0.0086,218.23,91.54,2.384,41.527,50.596,-21.84,9.06224,4.63139,48.894
pointpillars,nuscenes,scene-0103,90,1,3,54,0.64,0.64,0.0,0.6516,0.6516,0.0,214.94,212.75,1.01,41.871,41.681,0.453,8.999694,8.867883,1.465
pointpillars,nuscenes,scene-0103,91,0,3,54,0.6522,0.6105,0.0416,0.6399,0.6068,0.0331,210.89,81.1,2.6,41.789,51.967,-24.356,8.812715,4.214509,52.177
pointpillars,nuscenes,scene-0103,92,0,3,48,0.5714,0.5238,0.0476,0.687,0.6651,0.022,215.99,87.36,2.472,40.046,48.857,-22.001,8.649419,4.267978,50.656
pointpillars,nuscenes,scene-0103,93,0,3,48,0.6593,0.6596,-0.0002,0.6386,0.6075,0.0311,208.84,84.64,2.467,40.261,47.549,-18.1,8.408155,4.02464,52.134
pointpillars,nuscenes,scene-0103,94,0,3,43,0.6747,0.6374,0.0373,0.6058,0.559,0.0468,204.33,86.82,2.353,40.087,47.715,-19.03,8.190731,4.142735,49.422
pointpillars,nuscenes,scene-0103,95,1,3,43,0.6988,0.6988,0.0,0.6155,0.6155,0.0,208.37,213.34,0.977,39.521,38.469,2.662,8.234924,8.206933,0.34
pointpillars,nuscenes,scene-0103,96,0,3,43,0.7632,0.6579,0.1053,0.6415,0.645,-0.0034,208.49,90.9,2.294,40.48,49.684,-22.735,8.439766,4.516342,46.487
pointpillars,nuscenes,scene-0553,0,1,3,43,0.5152,0.5152,0.0,0.5527,0.5527,0.0,161.52,158.75,1.017,38.725,39.256,-1.371,6.254972,6.231909,0.369
pointpillars,nuscenes,scene-0553,1,0,3,43,0.5588,0.5079,0.0509,0.5634,0.5371,0.0263,191.86,70.39,2.726,37.513,42.398,-13.021,7.197457,2.984521,58.534
pointpillars,nuscenes,scene-0553,2,0,3,45,0.4478,0.4127,0.0351,0.5691,0.5446,0.0245,192.15,69.76,2.754,38.446,46.19,-20.143,7.387313,3.222337,56.38
pointpillars,nuscenes,scene-0553,3,0,3,45,0.4478,0.4545,-0.0068,0.5861,0.5539,0.0322,192.4,70.38,2.734,38.449,46.12,-19.953,7.397621,3.245864,56.123
pointpillars,nuscenes,scene-0553,4,0,3,45,0.4545,0.4706,-0.016,0.6285,0.5797,0.0488,194.04,73.56,2.638,40.196,45.065,-12.113,7.799535,3.314924,57.498
pointpillars,nuscenes,scene-0553,5,1,3,45,0.4444,0.4444,0.0,0.5547,0.5547,0.0,191.31,197.88,0.967,37.833,37.242,1.563,7.237914,7.369329,-1.816
pointpillars,nuscenes,scene-0553,6,0,3,45,0.4118,0.3939,0.0178,0.6277,0.5985,0.0292,187.43,66.31,2.826,38.564,44.175,-14.548,7.228282,2.929403,59.473
pointpillars,nuscenes,scene-0553,7,0,3,45,0.4286,0.3881,0.0405,0.5734,0.5826,-0.0093,191.03,70.66,2.703,38.794,44.762,-15.383,7.410681,3.163047,57.318
pointpillars,nuscenes,scene-0553,8,0,3,45,0.4384,0.4444,-0.0061,0.5956,0.5871,0.0085,195.65,70.23,2.786,38.657,44.724,-15.692,7.563402,3.141063,58.47
pointpillars,nuscenes,scene-0553,9,0,3,45,0.4722,0.4167,0.0556,0.5987,0.5197,0.079,193.47,76.93,2.515,38.646,43.746,-13.196,7.476992,3.365199,54.993
pointpillars,nuscenes,scene-0553,10,1,3,45,0.4722,0.4722,0.0,0.5884,0.5884,0.0,196.61,197.52,0.995,38.132,36.385,4.582,7.497095,7.186928,4.137
pointpillars,nuscenes,scene-0553,11,0,3,45,0.4507,0.5152,-0.0644,0.6116,0.5759,0.0356,192.68,75.52,2.552,39.213,42.871,-9.329,7.555556,3.237423,57.152
pointpillars,nuscenes,scene-0553,12,0,3,46,0.5067,0.5143,-0.0076,0.569,0.5296,0.0394,194.36,79.14,2.456,38.117,44.484,-16.703,7.40853,3.520588,52.479
pointpillars,nuscenes,scene-0553,13,0,3,46,0.4533,0.5135,-0.0602,0.6231,0.5576,0.0655,201.24,73.92,2.722,37.834,43.276,-14.383,7.613766,3.199045,57.983
pointpillars,nuscenes,scene-0553,14,0,3,46,0.48,0.5,-0.02,0.5964,0.5509,0.0455,184.51,70.01,2.636,38.978,44.628,-14.496,7.191591,3.124183,56.558
pointpillars,nuscenes,scene-0553,15,1,3,47,0.4865,0.4865,0.0,0.6172,0.6172,0.0,212.27,195.36,1.087,36.96,37.099,-0.376,7.845478,7.247678,7.62
pointpillars,nuscenes,scene-0553,16,0,3,47,0.4507,0.4507,0.0,0.6324,0.5931,0.0393,191.76,63.0,3.044,39.558,43.332,-9.542,7.585479,2.729762,64.013
pointpillars,nuscenes,scene-0553,17,0,3,49,0.4615,0.4595,0.0021,0.6089,0.6024,0.0066,191.8,75.47,2.542,39.271,42.776,-8.926,7.532222,3.228193,57.142
pointpillars,nuscenes,scene-0553,18,0,3,49,0.48,0.4557,0.0243,0.6283,0.5764,0.0519,196.87,70.74,2.783,39.16,43.975,-12.296,7.709248,3.111011,59.646
pointpillars,nuscenes,scene-0553,19,0,3,49,0.4324,0.4167,0.0158,0.5741,0.5336,0.0405,198.02,71.16,2.783,37.375,45.358,-21.359,7.401223,3.227917,56.387
pointpillars,nuscenes,scene-0553,20,1,3,49,0.4557,0.4557,0.0,0.6265,0.6265,0.0,188.76,210.13,0.898,38.33,36.975,3.537,7.235405,7.769301,-7.379
pointpillars,nuscenes,scene-0553,21,0,3,49,0.4722,0.4865,-0.0143,0.6112,0.5262,0.085,194.92,65.99,2.954,37.744,43.162,-14.353,7.357093,2.848263,61.285
pointpillars,nuscenes,scene-0553,22,0,3,50,0.4416,0.4474,-0.0058,0.6057,0.5634,0.0423,189.18,72.7,2.602,37.89,44.155,-16.536,7.167946,3.210215,55.214
pointpillars,nuscenes,scene-0553,23,0,3,50,0.411,0.4384,-0.0274,0.6291,0.5619,0.0672,194.08,72.86,2.664,38.681,44.045,-13.868,7.507359,3.209069,57.254
pointpillars,nuscenes,scene-0553,24,0,3,50,0.4211,0.4359,-0.0148,0.6011,0.5922,0.0089,192.86,73.37,2.629,37.611,44.767,-19.027,7.253805,3.284488,54.72
pointpillars,nuscenes,scene-0553,25,1,3,50,0.5063,0.5063,0.0,0.5584,0.5584,0.0,186.34,193.73,0.962,39.372,38.162,3.074,7.336593,7.392993,-0.769
pointpillars,nuscenes,scene-0553,26,0,3,50,0.4935,0.481,0.0125,0.5816,0.5792,0.0024,199.34,67.02,2.975,41.43,42.473,-2.517,8.258903,2.846449,65.535
pointpillars,nuscenes,scene-0553,27,0,3,50,0.525,0.5316,-0.0066,0.6099,0.6083,0.0015,188.47,67.99,2.772,38.728,46.172,-19.22,7.299099,3.139202,56.992
pointpillars,nuscenes,scene-0553,28,0,3,50,0.5316,0.5432,-0.0116,0.6444,0.6063,0.0381,185.16,67.2,2.755,38.74,45.808,-18.245,7.173109,3.078318,57.085
pointpillars,nuscenes,scene-0553,29,0,3,50,0.5455,0.5455,0.0,0.6436,0.5827,0.0609,188.38,69.79,2.699,38.208,44.108,-15.442,7.197489,3.078528,57.228
pointpillars,nuscenes,scene-0553,30,1,3,50,0.4865,0.4865,0.0,0.6758,0.6758,0.0,188.76,194.26,0.972,38.291,37.316,2.548,7.227924,7.248779,-0.289
pointpillars,nuscenes,scene-0553,31,0,3,50,0.5263,0.481,0.0453,0.629,0.6138,0.0153,186.23,61.49,3.028,40.886,43.475,-6.332,7.614144,2.673501,64.888
pointpillars,nuscenes,scene-0553,32,0,3,51,0.4872,0.4872,0.0,0.6095,0.5929,0.0165,189.81,68.99,2.751,37.847,44.955,-18.78,7.183997,3.10131,56.83
pointpillars,nuscenes,scene-0553,33,0,3,51,0.4737,0.5,-0.0263,0.6558,0.6244,0.0313,190.35,76.29,2.495,38.742,47.755,-23.266,7.374602,3.643343,50.596
pointpillars,nuscenes,scene-0553,34,0,3,51,0.4474,0.5,-0.0526,0.6698,0.6259,0.0438,191.21,70.76,2.702,38.202,44.569,-16.667,7.304633,3.153604,56.827
pointpillars,nuscenes,scene-0553,35,1,3,52,0.4595,0.4595,0.0,0.6378,0.6378,0.0,199.28,198.07,1.006,38.642,36.738,4.927,7.700704,7.276825,5.504
pointpillars,nuscenes,scene-0553,36,0,3,52,0.4615,0.4872,-0.0256,0.6352,0.6462,-0.011,188.98,69.64,2.714,39.936,42.435,-6.259,7.547192,2.955228,60.843
pointpillars,nuscenes,scene-0553,37,0,3,51,0.4675,0.4359,0.0316,0.65,0.6088,0.0413,194.36,69.73,2.788,38.413,45.471,-18.375,7.46599,3.170511,57.534
pointpillars,nuscenes,scene-0553,38,0,3,51,0.4737,0.4737,0.0,0.6456,0.5946,0.0509,198.99,71.82,2.771,37.323,46.906,-25.674,7.427094,3.368963,54.64
pointpillars,nuscenes,scene-0553,39,0,3,51,0.5067,0.4595,0.0472,0.6176,0.5941,0.0235,192.78,70.15,2.748,39.06,46.019,-17.818,7.52982,3.22815,57.128
pointpillars,nuscenes,scene-0553,40,1,3,51,0.5067,0.5067,0.0,0.6078,0.6078,0.0,194.74,195.48,0.996,38.264,39.874,-4.207,7.451469,7.794691,-4.606
pointpillars,nuscenes,scene-0553,41,0,3,51,0.4935,0.5067,-0.0132,0.6127,0.6061,0.0066,192.13,70.26,2.735,41.078,42.55,-3.584,7.892404,2.989639,62.12
pointpillars,nuscenes,scene-0553,42,0,3,51,0.48,0.48,0.0,0.617,0.6059,0.0111,197.01,70.4,2.799,39.493,45.68,-15.663,7.780716,3.215764,58.67
pointpillars,nuscenes,scene-0553,43,0,3,51,0.5,0.5067,-0.0067,0.6254,0.5887,0.0367,215.78,70.57,3.058,38.267,45.282,-18.332,8.257034,3.195469,61.3
pointpillars,nuscenes,scene-0553,44,0,3,50,0.5385,0.5263,0.0121,0.646,0.6065,0.0395,191.75,73.32,2.615,37.454,44.269,-18.194,7.181865,3.245614,54.808
pointpillars,nuscenes,scene-0553,45,1,3,50,0.5263,0.5263,0.0,0.6687,0.6687,0.0,189.63,193.54,0.98,38.048,36.964,2.847,7.214778,7.154082,0.841
pointpillars,nuscenes,scene-0553,46,0,3,50,0.4865,0.5128,-0.0263,0.6307,0.5784,0.0523,191.04,66.95,2.853,37.417,45.371,-21.258,7.148057,3.037554,57.505
pointpillars,nuscenes,scene-0553,47,0,3,50,0.4932,0.4675,0.0256,0.6052,0.6049,0.0002,189.61,70.33,2.696,37.728,43.685,-15.79,7.153421,3.072512,57.048
pointpillars,nuscenes,scene-0553,48,0,3,50,0.4789,0.4737,0.0052,0.6353,0.5811,0.0542,189.26,63.66,2.973,37.482,47.903,-27.802,7.094037,3.049342,57.015
pointpillars,nuscenes,scene-0553,49,0,3,50,0.411,0.4267,-0.0157,0.6342,0.5781,0.0561,188.41,69.8,2.699,37.624,46.461,-23.489,7.088895,3.243132,54.251
pointpillars,nuscenes,scene-0553,50,1,3,50,0.5,0.5,0.0,0.6104,0.6104,0.0,189.14,192.75,0.981,37.998,38.187,-0.498,7.186942,7.360571,-2.416
pointpillars,nuscenes,scene-0553,51,0,3,50,0.5,0.4865,0.0135,0.625,0.6233,0.0016,188.71,67.33,2.803,37.705,44.768,-18.732,7.11523,3.014223,57.637
pointpillars,nuscenes,scene-0553,52,0,3,50,0.4722,0.48,-0.0078,0.6379,0.609,0.0289,187.99,70.01,2.685,38.103,46.445,-21.893,7.163135,3.251467,54.608
pointpillars,nuscenes,scene-0553,53,0,3,50,0.4857,0.4928,-0.007,0.642,0.5434,0.0986,187.34,64.56,2.902,39.386,46.335,-17.643,7.378457,2.991507,59.456
pointpillars,nuscenes,scene-0553,54,0,3,50,0.4722,0.4658,0.0065,0.6483,0.5846,0.0637,194.39,69.03,2.816,37.742,44.97,-19.152,7.336481,3.1042,57.688
pointpillars,nuscenes,scene-0553,55,1,3,50,0.4638,0.4638,0.0,0.6354,0.6354,0.0,188.52,193.88,0.972,38.644,37.453,3.081,7.285058,7.2616,0.322
pointpillars,nuscenes,scene-0553,56,0,3,50,0.4638,0.4225,0.0412,0.6282,0.6365,-0.0083,194.62,59.06,3.296,37.894,43.727,-15.392,7.37487,2.582311,64.985
pointpillars,nuscenes,scene-0553,57,0,3,51,0.4857,0.4658,0.02,0.6332,0.6238,0.0094,193.85,66.8,2.902,38.105,46.573,-22.223,7.386704,3.110904,57.885
pointpillars,nuscenes,scene-0553,58,0,3,51,0.4225,0.4384,-0.0158,0.6087,0.6059,0.0029,187.36,67.06,2.794,37.803,45.099,-19.303,7.082607,3.024587,57.296
pointpillars,nuscenes,scene-0553,59,0,3,50,0.4412,0.4507,-0.0095,0.6111,0.5894,0.0217,194.56,72.2,2.695,39.057,45.444,-16.354,7.598789,3.281032,56.822
pointpillars,nuscenes,scene-0553,60,1,3,50,0.4571,0.4571,0.0,0.6115,0.6115,0.0,204.78,192.86,1.062,38.335,36.931,3.661,7.850041,7.122612,9.267
pointpillars,nuscenes,scene-0553,61,0,3,49,0.4776,0.4638,0.0138,0.6159,0.5823,0.0336,187.44,63.73,2.941,39.202,42.193,-7.629,7.348111,2.688843,63.408
pointpillars,nuscenes,scene-0553,62,0,3,49,0.4571,0.4444,0.0127,0.6094,0.6347,-0.0253,195.76,66.35,2.95,39.7,45.683,-15.07,7.771633,3.031259,60.996
pointpillars,nuscenes,scene-0553,63,0,3,49,0.4507,0.4225,0.0282,0.6343,0.5895,0.0448,188.38,69.89,2.696,37.76,43.959,-16.415,7.11345,3.072168,56.812
pointpillars,nuscenes,scene-0553,64,0,3,50,0.4444,0.4658,-0.0213,0.6368,0.564,0.0728,190.3,70.85,2.686,38.869,45.688,-17.544,7.396652,3.236879,56.239
pointpillars,nuscenes,scene-0553,65,1,3,50,0.4706,0.4706,0.0,0.6458,0.6458,0.0,186.84,192.79,0.969,37.491,38.242,-2.003,7.004747,7.372709,-5.253
pointpillars,nuscenes,scene-0553,66,0,3,49,0.4789,0.4789,0.0,0.6092,0.5557,0.0535,189.17,67.37,2.808,38.006,42.879,-12.821,7.189442,2.888877,59.818
pointpillars,nuscenes,scene-0553,67,0,3,49,0.4928,0.5,-0.0072,0.6025,0.601,0.0014,188.06,68.27,2.754,39.329,44.84,-14.013,7.396261,3.061467,58.608
pointpillars,nuscenes,scene-0553,68,0,3,49,0.4658,0.4595,0.0063,0.6161,0.5902,0.0259,187.77,67.87,2.767,38.926,44.761,-14.99,7.30915,3.037977,58.436
pointpillars,nuscenes,scene-0553,69,0,3,49,0.4928,0.4478,0.045,0.6029,0.566,0.037,190.35,68.87,2.764,37.769,45.24,-19.781,7.189199,3.115669,56.662
pointpillars,nuscenes,scene-0553,70,1,3,49,0.4706,0.4706,0.0,0.5977,0.5977,0.0,188.68,192.39,0.981,37.443,38.754,-3.501,7.064577,7.455995,-5.541
pointpillars,nuscenes,scene-0553,71,0,3,49,0.4545,0.4478,0.0068,0.6038,0.5556,0.0483,190.68,64.56,2.954,40.586,43.905,-8.177,7.738898,2.83443,63.374
pointpillars,nuscenes,scene-0553,72,0,3,49,0.4478,0.4638,-0.016,0.6387,0.5302,0.1085,188.2,57.08,3.297,38.136,47.893,-25.585,7.177092,2.733826,61.909
pointpillars,nuscenes,scene-0553,73,0,3,49,0.4706,0.4412,0.0294,0.6392,0.6136,0.0256,184.78,67.61,2.733,38.733,46.859,-20.979,7.157181,3.168341,55.732
pointpillars,nuscenes,scene-0553,74,0,3,49,0.4571,0.48,-0.0229,0.6204,0.5694,0.0509,183.53,67.29,2.727,38.762,45.651,-17.774,7.114048,3.071862,56.82
pointpillars,nuscenes,scene-0553,75,1,3,49,0.4789,0.4789,0.0,0.6258,0.6258,0.0,183.03,182.67,1.002,38.692,39.635,-2.438,7.081735,7.240213,-2.238
pointpillars,nuscenes,scene-0553,76,0,3,48,0.4478,0.4507,-0.0029,0.6493,0.5746,0.0747,183.17,55.62,3.293,39.722,45.225,-13.853,7.276095,2.515456,65.428
pointpillars,nuscenes,scene-0553,77,0,3,48,0.4478,0.4595,-0.0117,0.6643,0.5597,0.1046,184.44,57.51,3.207,39.241,48.304,-23.094,7.237548,2.777843,61.619
pointpillars,nuscenes,scene-0553,78,0,3,48,0.4478,0.4286,0.0192,0.6157,0.5486,0.0672,179.1,58.31,3.072,38.334,45.208,-17.932,6.865737,2.635973,61.607
pointpillars,nuscenes,scene-0553,79,0,3,47,0.4848,0.4706,0.0143,0.6619,0.5603,0.1016,184.63,61.69,2.993,38.351,49.396,-28.8,7.080591,3.047401,56.961
pointpillars,nuscenes,scene-0553,80,1,3,47,0.4615,0.4615,0.0,0.6257,0.6257,0.0,184.84,185.42,0.997,38.29,37.839,1.179,7.077709,7.015968,0.872
pointpillars,nuscenes,scene-0553,81,0,3,47,0.4615,0.4923,-0.0308,0.6074,0.5471,0.0603,184.31,58.47,3.152,37.729,48.072,-27.414,6.953791,2.81099,59.576
pointpillars,nuscenes,scene-0553,82,0,3,47,0.4242,0.4776,-0.0534,0.6185,0.5795,0.039,187.17,59.48,3.147,37.538,45.427,-21.015,7.026126,2.702188,61.541
pointpillars,nuscenes,scene-0553,83,0,3,47,0.4,0.4545,-0.0545,0.6281,0.5562,0.0719,184.35,66.26,2.782,37.672,46.033,-22.193,6.944746,3.050363,56.077
pointpillars,nuscenes,scene-0553,84,0,3,44,0.4762,0.459,0.0172,0.6375,0.5946,0.0428,181.22,62.45,2.902,38.257,44.985,-17.587,6.932945,2.809486,59.476
pointpillars,nuscenes,scene-0553,85,1,3,44,0.5,0.5,0.0,0.6206,0.6206,0.0,185.25,189.26,0.979,40.801,38.297,6.139,7.558286,7.247861,4.107
pointpillars,nuscenes,scene-0553,86,0,3,43,0.4516,0.4918,-0.0402,0.6063,0.5017,0.1046,188.46,62.18,3.031,38.416,45.357,-18.068,7.239812,2.820337,61.044
pointpillars,nuscenes,scene-0553,87,0,3,43,0.4483,0.4516,-0.0033,0.6285,0.5394,0.0891,186.05,61.95,3.003,40.531,45.952,-13.376,7.540756,2.846615,62.25
pointpillars,nuscenes,scene-0553,88,0,3,43,0.4333,0.4746,-0.0412,0.5906,0.5726,0.018,185.51,60.61,3.061,38.558,48.474,-25.718,7.152807,2.938026,58.925
pointpillars,nuscenes,scene-0553,89,0,3,43,0.4667,0.4667,0.0,0.5855,0.5366,0.0489,184.59,69.5,2.656,38.393,46.569,-21.297,7.087051,3.236444,54.333
pointpillars,nuscenes,scene-0553,90,1,3,43,0.4667,0.4667,0.0,0.6092,0.6092,0.0,183.42,193.58,0.947,37.302,38.399,-2.941,6.841731,7.433302,-8.647
pointpillars,nuscenes,scene-0553,91,0,3,42,0.5,0.4746,0.0254,0.6126,0.5308,0.0817,191.04,59.44,3.214,38.628,44.153,-14.305,7.379418,2.624472,64.435
pointpillars,nuscenes,scene-0553,92,0,3,42,0.4667,0.4746,-0.0079,0.5903,0.5448,0.0455,187.03,67.77,2.76,38.345,47.829,-24.733,7.171543,3.241463,54.801
pointpillars,nuscenes,scene-0553,93,0,3,42,0.4918,0.4828,0.009,0.6107,0.5476,0.0632,182.92,67.85,2.696,37.638,47.435,-26.031,6.884545,3.218289,53.253
pointpillars,nuscenes,scene-0553,94,0,3,41,0.5085,0.5172,-0.0088,0.5842,0.5723,0.012,187.42,63.7,2.942,38.339,44.43,-15.886,7.185741,2.830388,60.611
pointpillars,nuscenes,scene-0553,95,1,3,41,0.4912,0.4912,0.0,0.5697,0.5697,0.0,184.12,193.48,0.952,39.349,37.796,3.946,7.244825,7.312645,-0.936
pointpillars,nuscenes,scene-0553,96,0,3,41,0.5,0.4828,0.0172,0.5975,0.5072,0.0903,185.06,59.97,3.086,37.827,46.531,-23.01,7.000502,2.790689,60.136
pointpillars,nuscenes,scene-0553,97,0,3,40,0.5085,0.5091,-0.0006,0.6092,0.5745,0.0348,186.07,62.99,2.954,39.52,47.205,-19.445,7.353626,2.973219,59.568
pointpillars,nuscenes,scene-0553,98,0,3,40,0.4746,0.4918,-0.0172,0.5968,0.5505,0.0463,189.42,65.67,2.884,38.454,47.404,-23.274,7.283781,3.113034,57.261
pointpillars,nuscenes,scene-0655,0,1,3,37,0.6216,0.6216,0.0,0.7363,0.7363,0.0,165.54,159.83,1.036,41.109,40.571,1.309,6.805326,6.484238,4.718
pointpillars,nuscenes,scene-0655,1,0,3,37,0.5867,0.5974,-0.0107,0.7631,0.7495,0.0137,204.78,71.22,2.875,40.551,50.0,-23.301,8.303919,3.560975,57.117
pointpillars,nuscenes,scene-0655,2,0,3,37,0.6486,0.6667,-0.018,0.7422,0.7256,0.0166,202.52,71.29,2.841,39.819,52.267,-31.264,8.063928,3.725914,53.795
pointpillars,nuscenes,scene-0655,3,0,3,42,0.6076,0.6265,-0.0189,0.7553,0.7219,0.0334,200.51,74.93,2.676,41.533,51.134,-23.115,8.327943,3.83129,53.995
pointpillars,nuscenes,scene-0655,4,0,3,42,0.6579,0.6494,0.0085,0.7412,0.7148,0.0264,205.86,76.08,2.706,40.25,50.883,-26.415,8.285908,3.871073,53.281
pointpillars,nuscenes,scene-0655,5,1,3,44,0.6753,0.6753,0.0,0.7563,0.7563,0.0,214.92,201.9,1.064,40.838,40.126,1.743,8.776947,8.101461,7.696
pointpillars,nuscenes,scene-0655,6,0,3,44,0.6098,0.5783,0.0314,0.7276,0.7122,0.0154,205.89,69.0,2.984,40.63,52.142,-28.333,8.365291,3.597865,56.991
pointpillars,nuscenes,scene-0655,7,0,3,54,0.6522,0.6042,0.048,0.6921,0.6823,0.0099,202.34,70.83,2.857,39.425,49.46,-25.451,7.977355,3.503056,56.088
pointpillars,nuscenes,scene-0655,8,0,3,54,0.5895,0.5773,0.0122,0.7069,0.6993,0.0076,194.87,63.47,3.07,41.146,56.512,-37.346,8.017954,3.586786,55.266
pointpillars,nuscenes,scene-0655,9,0,3,54,0.6383,0.6042,0.0341,0.6887,0.6939,-0.0053,189.42,63.91,2.964,39.345,55.525,-41.125,7.452835,3.54836,52.389
pointpillars,nuscenes,scene-0655,10,1,3,60,0.6789,0.6789,0.0,0.6871,0.6871,0.0,205.39,223.89,0.917,39.205,39.476,-0.691,8.052554,8.83821,-9.757
pointpillars,nuscenes,scene-0655,11,0,3,60,0.6602,0.6667,-0.0065,0.6592,0.652,0.0072,204.13,86.8,2.352,40.91,47.866,-17.005,8.350849,4.154734,50.248
pointpillars,nuscenes,scene-0655,12,0,3,61,0.6168,0.6607,-0.0439,0.6891,0.6828,0.0064,203.34,84.97,2.393,41.054,49.741,-21.158,8.347872,4.226639,49.369
pointpillars,nuscenes,scene-0655,13,0,3,61,0.6408,0.6667,-0.0259,0.6811,0.6739,0.0072,206.76,80.4,2.572,39.739,49.708,-25.088,8.216297,3.996391,51.36
pointpillars,nuscenes,scene-0655,14,0,3,58,0.6542,0.6667,-0.0125,0.6815,0.6876,-0.0062,208.99,83.66,2.498,38.54,47.697,-23.759,8.054711,3.990269,50.46
pointpillars,nuscenes,scene-0655,15,1,3,58,0.5941,0.5941,0.0,0.7191,0.7191,0.0,207.78,211.64,0.982,41.349,40.936,1.0,8.591775,8.663873,-0.839
pointpillars,nuscenes,scene-0655,16,0,3,61,0.6607,0.6496,0.0111,0.7228,0.697,0.0258,209.82,81.52,2.574,39.24,50.062,-27.579,8.233175,4.081258,50.429
pointpillars,nuscenes,scene-0655,17,0,3,61,0.6606,0.6486,0.0119,0.7342,0.7391,-0.0049,203.67,81.69,2.493,39.927,50.407,-26.247,8.13198,4.117617,49.365
pointpillars,nuscenes,scene-0655,18,0,3,61,0.7273,0.6195,0.1078,0.7108,0.7402,-0.0294,204.98,82.32,2.49,40.849,50.312,-23.165,8.37325,4.14152,50.539
pointpillars,nuscenes,scene-0655,19,0,3,62,0.6429,0.6435,-0.0006,0.7025,0.711,-0.0085,207.4,81.64,2.54,41.686,50.453,-21.031,8.645621,4.119021,52.357
pointpillars,nuscenes,scene-0655,20,1,3,62,0.5841,0.5841,0.0,0.7083,0.7083,0.0,205.91,210.96,0.976,42.053,39.04,7.167,8.6592,8.235921,4.888
pointpillars,nuscenes,scene-0655,21,0,3,62,0.6372,0.6435,-0.0063,0.717,0.7242,-0.0071,206.55,78.8,2.621,41.851,52.678,-25.872,8.64428,4.150902,51.981
pointpillars,nuscenes,scene-0655,22,0,3,62,0.6847,0.6207,0.064,0.7173,0.7575,-0.0402,207.02,80.28,2.579,40.801,50.843,-24.613,8.446673,4.08151,51.679
pointpillars,nuscenes,scene-0655,23,0,3,62,0.6379,0.6379,0.0,0.7164,0.7172,-0.0008,204.69,80.08,2.556,42.211,50.033,-18.533,8.640011,4.006497,53.629
pointpillars,nuscenes,scene-0655,24,0,3,61,0.6379,0.65,-0.0121,0.7204,0.6883,0.0321,203.12,81.06,2.506,39.452,49.158,-24.602,8.013539,3.985002,50.272
pointpillars,nuscenes,scene-0655,25,1,3,61,0.661,0.661,0.0,0.7117,0.7117,0.0,202.62,207.94,0.974,41.736,39.093,6.332,8.456427,8.12884,3.874
pointpillars,nuscenes,scene-0655,26,0,3,61,0.6957,0.6667,0.029,0.6974,0.7068,-0.0094,225.65,82.96,2.72,39.267,49.804,-26.835,8.860416,4.1319,53.367
pointpillars,nuscenes,scene-0655,27,0,3,61,0.6545,0.7018,-0.0472,0.7194,0.6964,0.0231,209.17,85.88,2.436,40.143,49.49,-23.285,8.396567,4.250229,49.381
pointpillars,nuscenes,scene-0655,28,0,3,61,0.6726,0.6481,0.0244,0.701,0.7007,0.0002,203.65,85.02,2.395,42.025,48.088,-14.425,8.558528,4.088292,52.231
pointpillars,nuscenes,scene-0655,29,0,3,59,0.6549,0.6126,0.0423,0.7257,0.7051,0.0207,208.14,80.35,2.59,42.598,49.813,-16.936,8.866229,4.002382,54.858
pointpillars,nuscenes,scene-0655,30,1,3,59,0.6542,0.6542,0.0,0.7216,0.7216,0.0,208.05,207.27,1.004,39.51,40.193,-1.73,8.220084,8.330835,-1.347
pointpillars,nuscenes,scene-0655,31,0,3,56,0.5895,0.5741,0.0154,0.7172,0.7329,-0.0158,222.88,83.57,2.667,38.3,49.405,-28.997,8.536372,4.128704,51.634
pointpillars,nuscenes,scene-0655,32,0,3,56,0.6465,0.6214,0.0251,0.7142,0.718,-0.0038,207.21,85.44,2.425,40.499,50.845,-25.547,8.391898,4.343975,48.236
pointpillars,nuscenes,scene-0655,33,0,3,56,0.6458,0.6667,-0.0208,0.7203,0.6893,0.031,211.41,88.38,2.392,39.91,50.657,-26.928,8.437359,4.476944,46.939
pointpillars,nuscenes,scene-0655,34,0,3,55,0.6598,0.6286,0.0312,0.7089,0.6935,0.0154,214.58,83.48,2.571,41.12,51.981,-26.414,8.823579,4.339141,50.823
pointpillars,nuscenes,scene-0655,35,1,3,55,0.6458,0.6458,0.0,0.7085,0.7085,0.0,205.86,207.29,0.993,39.934,41.152,-3.051,8.220782,8.530305,-3.765
pointpillars,nuscenes,scene-0655,36,0,3,55,0.6526,0.6667,-0.014,0.7231,0.6567,0.0664,227.19,84.43,2.691,40.066,49.048,-22.417,9.102649,4.141119,54.506
pointpillars,nuscenes,scene-0655,37,0,3,55,0.6535,0.6531,0.0004,0.6806,0.7174,-0.0367,206.62,83.18,2.484,40.0,50.232,-25.579,8.26485,4.178424,49.443
pointpillars,nuscenes,scene-0655,38,0,3,55,0.6923,0.6154,0.0769,0.7065,0.6427,0.0638,213.86,87.2,2.453,41.18,51.362,-24.725,8.806987,4.478701,49.146
pointpillars,nuscenes,scene-0655,39,0,3,56,0.6604,0.6604,0.0,0.7062,0.6673,0.039,210.45,85.14,2.472,41.185,48.455,-17.652,8.667308,4.125377,52.403
pointpillars,nuscenes,scene-0655,40,1,3,56,0.6596,0.6596,0.0,0.7063,0.7063,0.0,215.55,214.13,1.007,43.309,40.444,6.615,9.33509,8.660543,7.226
pointpillars,nuscenes,scene-0655,41,0,3,54,0.6729,0.699,-0.0261,0.6932,0.683,0.0102,226.13,87.99,2.57,40.525,48.232,-19.019,9.163908,4.243733,53.691
pointpillars,nuscenes,scene-0655,42,0,3,54,0.6735,0.6465,0.027,0.6868,0.6785,0.0083,226.87,84.35,2.69,40.317,48.464,-20.207,9.146714,4.088045,55.306
pointpillars,nuscenes,scene-0655,43,0,3,54,0.6882,0.6737,0.0145,0.6959,0.696,-0.0,212.23,85.97,2.469,40.732,47.679,-17.056,8.644575,4.099173,52.581
pointpillars,nuscenes,scene-0655,44,0,3,55,0.6374,0.6458,-0.0085,0.729,0.7108,0.0182,216.77,88.74,2.443,40.183,49.474,-23.122,8.710585,4.390181,49.599
pointpillars,nuscenes,scene-0655,45,1,3,55,0.6598,0.6598,0.0,0.7002,0.7002,0.0,211.04,214.31,0.985,40.619,40.949,-0.814,8.57197,8.775721,-2.377
pointpillars,nuscenes,scene-0655,46,0,3,60,0.6337,0.6078,0.0258,0.7187,0.6772,0.0415,229.42,84.78,2.706,46.308,49.719,-7.365,10.623885,4.215301,60.322
pointpillars,nuscenes,scene-0655,47,0,3,60,0.6535,0.6355,0.018,0.7223,0.676,0.0463,214.45,88.48,2.424,39.702,50.157,-26.332,8.514139,4.437661,47.879
pointpillars,nuscenes,scene-0655,48,0,3,60,0.5962,0.5714,0.0247,0.6912,0.674,0.0173,220.7,87.65,2.518,41.41,51.594,-24.593,9.139409,4.522049,50.521
pointpillars,nuscenes,scene-0655,49,0,3,62,0.6078,0.6239,-0.016,0.6976,0.6673,0.0302,214.71,89.47,2.4,41.111,52.261,-27.121,8.826904,4.67599,47.026
pointpillars,nuscenes,scene-0655,50,1,3,62,0.6535,0.6535,0.0,0.6576,0.6576,0.0,217.44,218.97,0.993,42.043,40.56,3.527,9.142003,8.881417,2.85
pointpillars,nuscenes,scene-0655,51,0,3,65,0.6346,0.6055,0.0291,0.7306,0.6853,0.0454,242.88,91.85,2.644,41.029,51.342,-25.135,9.965093,4.715889,52.676
pointpillars,nuscenes,scene-0655,52,0,3,65,0.6422,0.5946,0.0476,0.6872,0.6562,0.0309,218.76,85.08,2.571,43.513,48.975,-12.552,9.518953,4.166856,56.226
pointpillars,nuscenes,scene-0655,53,0,3,65,0.5614,0.531,0.0304,0.7178,0.6993,0.0185,214.03,89.04,2.404,40.633,48.366,-19.03,8.696593,4.3066,50.479
pointpillars,nuscenes,scene-0655,54,0,3,65,0.5766,0.5273,0.0493,0.6805,0.7017,-0.0211,217.57,88.24,2.466,41.41,51.143,-23.502,9.009801,4.513076,49.909
pointpillars,nuscenes,scene-0655,55,1,3,65,0.6239,0.6239,0.0,0.71,0.71,0.0,218.21,219.48,0.994,41.941,40.959,2.341,9.151851,8.989866,1.77
pointpillars,nuscenes,scene-0655,56,0,3,65,0.5789,0.6087,-0.0297,0.7128,0.6687,0.044,219.09,88.98,2.462,46.872,47.161,-0.616,10.269286,4.196529,59.135
pointpillars,nuscenes,scene-0655,57,0,3,65,0.5882,0.5299,0.0583,0.6763,0.6859,-0.0096,217.16,89.25,2.433,42.729,50.577,-18.366,9.278993,4.51376,51.355
pointpillars,nuscenes,scene-0655,58,0,3,65,0.5439,0.6071,-0.0633,0.6968,0.6113,0.0855,224.83,96.88,2.321,41.971,48.28,-15.03,9.436396,4.677601,50.43
pointpillars,nuscenes,scene-0655,59,0,3,66,0.6055,0.5614,0.0441,0.7161,0.6687,0.0474,219.24,94.61,2.317,41.009,49.275,-20.155,8.990749,4.662063,48.146
pointpillars,nuscenes,scene-0655,60,1,3,66,0.5841,0.5841,0.0,0.7134,0.7134,0.0,216.85,223.51,0.97,40.592,39.252,3.301,8.802537,8.773279,0.332
pointpillars,nuscenes,scene-0655,61,0,3,71,0.5785,0.595,-0.0165,0.6613,0.6431,0.0183,232.75,87.31,2.666,40.23,50.448,-25.399,9.36336,4.404677,52.958
pointpillars,nuscenes,scene-0655,62,0,3,71,0.6129,0.6047,0.0083,0.6309,0.63,0.0009,222.27,91.58,2.427,41.459,50.932,-22.849,9.215253,4.664579,49.382
pointpillars,nuscenes,scene-0655,63,0,3,71,0.6716,0.6912,-0.0195,0.6685,0.622,0.0465,219.16,96.14,2.28,42.45,49.081,-15.622,9.303232,4.718606,49.28
pointpillars,nuscenes,scene-0655,64,0,3,71,0.5797,0.6212,-0.0415,0.6615,0.6246,0.0369,224.91,93.85,2.396,41.099,48.815,-18.774,9.24367,4.581336,50.438
pointpillars,nuscenes,scene-0655,65,1,3,71,0.5846,0.5846,0.0,0.6571,0.6571,0.0,227.09,218.84,1.038,41.267,39.868,3.39,9.371143,8.724467,6.901
pointpillars,nuscenes,scene-0655,66,0,3,73,0.5496,0.5373,0.0123,0.6593,0.6278,0.0315,234.63,90.81,2.584,41.08,51.616,-25.647,9.638635,4.687393,51.369
pointpillars,nuscenes,scene-0655,67,0,3,73,0.5484,0.576,-0.0276,0.6812,0.6407,0.0405,218.7,87.99,2.486,41.405,49.618,-19.835,9.055213,4.365764,51.787
pointpillars,nuscenes,scene-0655,68,0,3,73,0.4961,0.4925,0.0036,0.6806,0.6433,0.0373,218.31,90.0,2.426,42.518,49.979,-17.549,9.282044,4.498077,51.54
pointpillars,nuscenes,scene-0655,69,0,3,76,0.4961,0.4706,0.0255,0.6835,0.6778,0.0057,216.4,87.48,2.474,40.978,49.002,-19.579,8.867608,4.286767,51.658
pointpillars,nuscenes,scene-0655,70,1,3,76,0.4923,0.4923,0.0,0.6615,0.6615,0.0,220.93,220.8,1.001,41.537,40.547,2.384,9.176746,8.952939,2.439
pointpillars,nuscenes,scene-0655,71,0,3,66,0.4667,0.4262,0.0404,0.6236,0.6645,-0.0409,235.33,86.84,2.71,40.119,49.281,-22.837,9.440936,4.279758,54.668
pointpillars,nuscenes,scene-0655,72,0,3,66,0.4918,0.4463,0.0455,0.6313,0.6458,-0.0145,214.92,87.62,2.453,40.65,49.976,-22.943,8.736504,4.378688,49.881
pointpillars,nuscenes,scene-0655,73,0,3,66,0.4425,0.4,0.0425,0.6759,0.6957,-0.0198,213.97,87.03,2.459,40.614,49.731,-22.449,8.690179,4.327918,50.198
pointpillars,nuscenes,scene-0655,74,0,3,61,0.3505,0.3265,0.024,0.6568,0.655,0.0017,211.23,88.47,2.388,40.817,48.898,-19.799,8.621869,4.325901,49.826
pointpillars,nuscenes,scene-0655,75,1,3,61,0.3373,0.3373,0.0,0.6367,0.6367,0.0,210.53,211.12,0.997,41.663,40.123,3.697,8.77137,8.470715,3.428
pointpillars,nuscenes,scene-0655,76,0,3,56,0.35,0.2857,0.0643,0.5892,0.5837,0.0055,211.81,80.61,2.628,40.184,52.102,-29.658,8.511313,4.199751,50.657
pointpillars,nuscenes,scene-0655,77,0,3,56,0.3467,0.3117,0.035,0.595,0.5792,0.0158,205.46,83.36,2.465,40.974,48.939,-19.439,8.418645,4.079622,51.541
pointpillars,nuscenes,scene-0655,78,0,3,56,0.3421,0.3243,0.0178,0.6128,0.6144,-0.0016,205.57,81.99,2.507,41.416,48.213,-16.411,8.513752,3.952986,53.569
pointpillars,nuscenes,scene-0655,79,0,3,59,0.32,0.2933,0.0267,0.5792,0.5851,-0.006,202.37,81.49,2.483,40.155,49.376,-22.965,8.126189,4.023818,50.483
pointpillars,nuscenes,scene-0655,80,1,3,59,0.3421,0.3421,0.0,0.5487,0.5487,0.0,201.08,204.69,0.982,41.11,39.899,2.946,8.266543,8.16714,1.202
pointpillars,nuscenes,scene-0655,81,0,3,59,0.3797,0.3514,0.0284,0.5539,0.5697,-0.0158,201.47,83.28,2.419,40.72,46.398,-13.945,8.2038,3.864191,52.898
pointpillars,nuscenes,scene-0655,82,0,3,59,0.2222,0.3243,-0.1021,0.5468,0.4775,0.0693,199.84,80.79,2.474,41.188,47.224,-14.655,8.231059,3.815191,53.649
pointpillars,nuscenes,scene-0655,83,0,3,59,0.3684,0.3947,-0.0263,0.5213,0.5108,0.0105,203.27,81.87,2.483,40.219,51.311,-27.58,8.175129,4.200776,48.615
pointpillars,nuscenes,scene-0655,84,0,3,61,0.4304,0.375,0.0554,0.5284,0.5322,-0.0038,205.19,84.26,2.435,41.109,50.09,-21.846,8.435444,4.22075,49.964
pointpillars,nuscenes,scene-0655,85,1,3,61,0.5,0.5,0.0,0.622,0.622,0.0,210.43,214.26,0.982,41.044,40.602,1.077,8.636949,8.699537,-0.725
pointpillars,nuscenes,scene-0655,86,0,3,56,0.5833,0.4842,0.0991,0.6288,0.6319,-0.0032,218.92,81.23,2.695,42.55,49.637,-16.656,9.315305,4.032153,56.715
pointpillars,nuscenes,scene-0655,87,0,3,56,0.5652,0.5376,0.0276,0.6804,0.6356,0.0448,216.46,84.58,2.559,40.987,49.514,-20.805,8.871978,4.187712,52.798
pointpillars,nuscenes,scene-0655,88,0,3,57,0.5306,0.5106,0.02,0.6186,0.6399,-0.0213,219.74,88.26,2.49,42.066,50.162,-19.244,9.24347,4.427312,52.103
pointpillars,nuscenes,scene-0655,89,0,3,57,0.6038,0.5149,0.0889,0.6097,0.6187,-0.009,225.2,91.66,2.457,42.065,52.084,-23.818,9.473168,4.774119,49.604
pointpillars,nuscenes,scene-0655,90,1,3,57,0.5625,0.5625,0.0,0.6379,0.6379,0.0,226.36,224.53,1.008,44.205,40.663,8.012,10.006311,9.12992,8.758
pointpillars,nuscenes,scene-0655,91,0,3,51,0.6304,0.6593,-0.0289,0.6183,0.5816,0.0367,222.8,94.64,2.354,43.215,50.041,-15.796,9.628326,4.735663,50.815
pointpillars,nuscenes,scene-0655,92,0,3,51,0.6522,0.6061,0.0461,0.6417,0.6317,0.0101,228.07,94.58,2.411,43.908,51.183,-16.57,10.014024,4.84105,51.657
pointpillars,nuscenes,scene-0655,93,0,3,51,0.7216,0.6739,0.0477,0.5907,0.6083,-0.0175,225.38,91.0,2.477,42.88,50.814,-18.505,9.664052,4.624261,52.15
pointpillars,nuscenes,scene-0655,94,0,3,45,0.7059,0.6517,0.0542,0.5896,0.5958,-0.0061,227.31,95.52,2.38,43.509,53.332,-22.577,9.890121,5.094383,48.49
pointpillars,nuscenes,scene-0655,95,1,3,45,0.6593,0.6593,0.0,0.5829,0.5829,0.0,231.51,233.05,0.993,42.324,42.193,0.308,9.798603,9.833201,-0.353
pointpillars,nuscenes,scene-0655,96,0,3,41,0.5647,0.5349,0.0298,0.5995,0.59,0.0094,231.3,91.08,2.54,42.991,49.257,-14.574,9.943995,4.486319,54.884
pointpillars,nuscenes,scene-0655,97,0,3,41,0.6053,0.5455,0.0598,0.619,0.6243,-0.0053,226.02,89.08,2.537,42.55,50.461,-18.593,9.617042,4.494982,53.26
pointpillars,nuscenes,scene-0655,98,0,3,41,0.6761,0.5641,0.112,0.6034,0.5635,0.0399,225.93,93.61,2.414,43.055,52.171,-21.172,9.727331,4.883522,49.796
pointpillars,nuscenes,scene-0757,0,1,3,11,0.7407,0.7407,0.0,0.5518,0.5518,0.0,157.97,166.99,0.946,42.575,40.891,3.956,6.725748,6.828464,-1.527
pointpillars,nuscenes,scene-0757,1,0,3,11,0.7143,0.6923,0.022,0.5694,0.633,-0.0636,208.37,84.58,2.463,41.887,51.055,-21.887,8.727957,4.318419,50.522
pointpillars,nuscenes,scene-0757,2,0,3,11,0.7407,0.6923,0.0484,0.6046,0.6482,-0.0436,208.55,85.9,2.428,41.898,48.926,-16.774,8.737739,4.202751,51.901
pointpillars,nuscenes,scene-0757,3,0,3,11,0.6667,0.6897,-0.023,0.5742,0.5759,-0.0018,206.63,87.23,2.369,38.976,50.393,-29.292,8.053737,4.395869,45.418
pointpillars,nuscenes,scene-0757,4,0,3,11,0.5926,0.6429,-0.0503,0.6653,0.6334,0.0319,206.56,82.45,2.505,39.907,51.129,-28.121,8.243379,4.215785,48.859
pointpillars,nuscenes,scene-0757,5,1,3,12,0.5926,0.5926,0.0,0.6824,0.6824,0.0,209.52,210.89,0.994,40.208,38.731,3.673,8.424368,8.167962,3.044
pointpillars,nuscenes,scene-0757,6,0,3,12,0.7333,0.6897,0.0437,0.6237,0.6645,-0.0408,207.71,89.27,2.327,39.017,48.847,-25.195,8.104371,4.360518,46.195
pointpillars,nuscenes,scene-0757,7,0,3,12,0.5714,0.6452,-0.0737,0.6708,0.6174,0.0534,203.76,81.87,2.489,39.118,46.018,-17.639,7.970471,3.767543,52.731
pointpillars,nuscenes,scene-0757,8,0,3,12,0.6667,0.5714,0.0952,0.6662,0.665,0.0012,207.88,81.34,2.556,39.657,47.142,-18.873,8.244048,3.834649,53.486
pointpillars,nuscenes,scene-0757,9,0,3,13,0.6667,0.6897,-0.023,0.638,0.6021,0.0358,210.08,82.11,2.558,41.532,47.595,-14.597,8.725059,3.908196,55.207
pointpillars,nuscenes,scene-0757,10,1,3,13,0.6875,0.6875,0.0,0.6545,0.6545,0.0,202.32,204.69,0.988,39.942,38.53,3.536,8.080964,7.886815,2.403
pointpillars,nuscenes,scene-0757,11,0,3,13,0.6154,0.6923,-0.0769,0.6912,0.6993,-0.0081,213.53,87.32,2.445,39.944,47.777,-19.609,8.52924,4.171816,51.088
pointpillars,nuscenes,scene-0757,12,0,3,13,0.6667,0.7692,-0.1026,0.6832,0.6295,0.0537,195.29,84.36,2.315,39.811,46.17,-15.973,7.774753,3.894857,49.904
pointpillars,nuscenes,scene-0757,13,0,3,13,0.6667,0.6667,-0.0,0.6719,0.53,0.1419,222.45,82.26,2.704,39.977,50.844,-27.182,8.892916,4.182568,52.967
pointpillars,nuscenes,scene-0757,14,0,3,13,0.7407,0.7586,-0.0179,0.5847,0.6005,-0.0158,207.13,82.49,2.511,39.548,48.3,-22.13,8.19149,3.984277,51.361
pointpillars,nuscenes,scene-0757,15,1,3,13,0.6429,0.6429,0.0,0.6263,0.6263,0.0,210.05,213.58,0.983,39.686,40.192,-1.276,8.336211,8.584229,-2.975
pointpillars,nuscenes,scene-0757,16,0,3,13,0.5926,0.6,-0.0074,0.6594,0.6223,0.0371,201.21,84.16,2.391,38.186,48.899,-28.054,7.68359,4.115163,46.442
pointpillars,nuscenes,scene-0757,17,0,3,13,0.6923,0.6667,0.0256,0.6137,0.5981,0.0156,212.05,81.1,2.615,40.177,47.202,-17.485,8.519519,3.827984,55.068
pointpillars,nuscenes,scene-0757,18,0,3,13,0.5714,0.6207,-0.0493,0.6974,0.5482,0.1493,205.69,87.07,2.362,40.374,47.575,-17.836,8.304372,4.142261,50.12
pointpillars,nuscenes,scene-0757,19,0,3,14,0.6,0.6667,-0.0667,0.6014,0.5886,0.0128,197.76,83.91,2.357,39.662,46.008,-16.0,7.843649,3.860401,50.783
pointpillars,nuscenes,scene-0757,20,1,3,14,0.7097,0.7097,0.0,0.6169,0.6169,0.0,200.91,202.2,0.994,40.073,39.356,1.789,8.050906,7.957907,1.155
pointpillars,nuscenes,scene-0757,21,0,3,14,0.7143,0.7333,-0.019,0.6095,0.625,-0.0156,199.83,80.06,2.496,39.141,47.247,-20.709,7.82163,3.78259,51.639
pointpillars,nuscenes,scene-0757,22,0,3,14,0.6207,0.7097,-0.089,0.6129,0.5716,0.0413,198.78,79.74,2.493,40.476,47.603,-17.607,8.045752,3.79595,52.82
pointpillars,nuscenes,scene-0757,23,0,3,14,0.5882,0.6207,-0.0325,0.5688,0.621,-0.0522,200.45,77.09,2.6,38.621,49.395,-27.896,7.741571,3.808115,50.81
pointpillars,nuscenes,scene-0757,24,0,3,14,0.7143,0.6061,0.1082,0.5825,0.578,0.0045,214.27,75.79,2.827,39.865,49.932,-25.253,8.541916,3.784616,55.694
pointpillars,nuscenes,scene-0757,25,1,3,14,0.6,0.6,0.0,0.5562,0.5562,0.0,199.07,191.67,1.039,38.766,38.984,-0.563,7.717256,7.472275,3.174
pointpillars,nuscenes,scene-0757,26,0,3,15,0.625,0.6875,-0.0625,0.5027,0.4821,0.0206,197.7,75.36,2.623,39.266,47.473,-20.9,7.762925,3.577586,53.914
pointpillars,nuscenes,scene-0757,27,0,3,15,0.5882,0.6061,-0.0178,0.5349,0.4567,0.0783,198.81,79.66,2.496,39.293,50.147,-27.623,7.811817,3.994749,48.863
pointpillars,nuscenes,scene-0757,28,0,3,15,0.625,0.5806,0.0444,0.5605,0.6102,-0.0497,200.85,77.73,2.584,39.538,50.0,-26.461,7.94124,3.886609,51.058
pointpillars,nuscenes,scene-0757,29,0,3,13,0.5714,0.4615,0.1099,0.6213,0.6241,-0.0028,196.92,75.76,2.599,40.282,49.914,-23.911,7.932476,3.781386,52.33
pointpillars,nuscenes,scene-0757,30,1,3,13,0.6667,0.6667,0.0,0.5688,0.5688,0.0,200.85,199.47,1.007,38.172,38.664,-1.289,7.66675,7.712089,-0.591
pointpillars,nuscenes,scene-0757,31,0,3,13,0.7586,0.7407,0.0179,0.5613,0.5425,0.0188,200.08,78.12,2.561,37.839,46.75,-23.551,7.570813,3.652251,51.759
pointpillars,nuscenes,scene-0757,32,0,3,13,0.6,0.6897,-0.0897,0.6177,0.5352,0.0826,197.58,78.02,2.532,38.858,46.597,-19.917,7.677394,3.635514,52.647
pointpillars,nuscenes,scene-0757,33,0,3,13,0.5806,0.5517,0.0289,0.6282,0.6326,-0.0044,200.94,76.86,2.614,38.569,46.435,-20.395,7.749986,3.568797,53.951
pointpillars,nuscenes,scene-0757,34,0,3,13,0.625,0.4828,0.1422,0.5639,0.5873,-0.0234,196.57,78.36,2.509,40.535,51.485,-27.014,7.968085,4.034234,49.37
pointpillars,nuscenes,scene-0757,35,1,3,13,0.6,0.6,0.0,0.6349,0.6349,0.0,205.69,201.9,1.019,40.708,38.329,5.844,8.37311,7.738877,7.575
pointpillars,nuscenes,scene-0757,36,0,3,14,0.5926,0.6,-0.0074,0.5518,0.5677,-0.016,197.3,77.29,2.553,40.635,46.633,-14.761,8.017256,3.604151,55.045
pointpillars,nuscenes,scene-0757,37,0,3,14,0.6061,0.625,-0.0189,0.547,0.5909,-0.0439,193.14,77.37,2.496,39.524,42.902,-8.546,7.633499,3.319265,56.517
pointpillars,nuscenes,scene-0757,38,0,3,14,0.6,0.5,0.1,0.6179,0.5866,0.0313,195.69,76.05,2.573,39.082,48.271,-23.511,7.647915,3.671103,51.999
pointpillars,nuscenes,scene-0757,39,0,3,15,0.6667,0.6061,0.0606,0.5716,0.5798,-0.0082,194.75,75.94,2.565,38.907,44.679,-14.838,7.57726,3.392884,55.223
pointpillars,nuscenes,scene-0757,40,1,3,15,0.625,0.625,0.0,0.6073,0.6073,0.0,192.33,199.56,0.964,37.684,38.096,-1.094,7.247807,7.602602,-4.895
pointpillars,nuscenes,scene-0757,41,0,3,17,0.5882,0.4444,0.1438,0.5979,0.5616,0.0363,194.02,77.07,2.518,39.478,49.424,-25.193,7.659725,3.809028,50.272
pointpillars,nuscenes,scene-0757,42,0,3,17,0.5882,0.5714,0.0168,0.597,0.5568,0.0402,199.54,75.05,2.659,39.723,43.976,-10.707,7.92629,3.300527,58.36
pointpillars,nuscenes,scene-0757,43,0,3,17,0.6286,0.4865,0.1421,0.5602,0.532,0.0282,189.05,70.93,2.665,39.778,48.187,-21.14,7.519964,3.417896,54.549
pointpillars,nuscenes,scene-0757,44,0,3,17,0.5625,0.5143,0.0482,0.5718,0.5499,0.0219,190.24,72.84,2.612,39.253,48.636,-23.903,7.46742,3.542779,52.557
pointpillars,nuscenes,scene-0757,45,1,3,17,0.4828,0.4828,0.0,0.6084,0.6084,0.0,194.82,195.1,0.999,39.28,36.849,6.19,7.652709,7.189076,6.058
pointpillars,nuscenes,scene-0757,46,0,3,16,0.5455,0.5517,-0.0063,0.6285,0.688,-0.0595,201.62,73.41,2.747,39.863,45.737,-14.734,8.037104,3.357368,58.227
pointpillars,nuscenes,scene-0757,47,0,3,16,0.5,0.4828,0.0172,0.6791,0.6499,0.0292,196.39,72.16,2.722,39.223,47.655,-21.497,7.703085,3.438666,55.36
pointpillars,nuscenes,scene-0757,48,0,3,16,0.3571,0.3571,0.0,0.7008,0.6963,0.0045,195.57,71.02,2.754,40.299,45.869,-13.823,7.88135,3.257466,58.669
pointpillars,nuscenes,scene-0757,49,0,3,16,0.3333,0.3125,0.0208,0.6722,0.6958,-0.0236,191.54,76.85,2.492,38.905,44.599,-14.636,7.451864,3.427426,54.006
pointpillars,nuscenes,scene-0757,50,1,3,16,0.5143,0.5143,0.0,0.6205,0.6205,0.0,189.65,197.33,0.961,40.107,36.242,9.637,7.606224,7.151749,5.975
pointpillars,nuscenes,scene-0757,51,0,3,16,0.5625,0.5455,0.017,0.6101,0.6356,-0.0255,189.3,68.9,2.747,39.013,43.102,-10.481,7.385338,2.969937,59.786
pointpillars,nuscenes,scene-0757,52,0,3,16,0.4,0.4737,-0.0737,0.6798,0.6386,0.0413,208.42,72.98,2.856,39.906,46.15,-15.647,8.317052,3.368235,59.502
pointpillars,nuscenes,scene-0757,53,0,3,16,0.4375,0.4375,0.0,0.6602,0.63,0.0302,188.39,70.27,2.681,36.969,46.179,-24.912,6.964683,3.244938,53.409
pointpillars,nuscenes,scene-0757,54,0,3,16,0.4,0.3636,0.0364,0.6973,0.6602,0.0371,185.28,67.88,2.73,38.539,44.109,-14.452,7.140508,2.994058,58.069
pointpillars,nuscenes,scene-0757,55,1,3,16,0.4375,0.4375,0.0,0.6873,0.6873,0.0,185.28,189.76,0.976,38.168,36.385,4.672,7.071731,6.904578,2.364
pointpillars,nuscenes,scene-0757,56,0,3,16,0.4667,0.4516,0.0151,0.6896,0.6777,0.0119,183.02,63.21,2.895,38.768,42.602,-9.889,7.095498,2.693039,62.046
pointpillars,nuscenes,scene-0757,57,0,3,16,0.5161,0.4667,0.0495,0.6898,0.6941,-0.0043,182.22,71.81,2.538,38.068,45.367,-19.172,6.936875,3.257829,53.036
pointpillars,nuscenes,scene-0757,58,0,3,16,0.4,0.4667,-0.0667,0.7183,0.6621,0.0562,197.82,65.86,3.004,36.753,44.799,-21.892,7.270696,2.950497,59.419
pointpillars,nuscenes,scene-0757,59,0,3,17,0.5625,0.4286,0.1339,0.651,0.7126,-0.0616,184.46,53.89,3.423,38.844,50.077,-28.917,7.165318,2.698514,62.339
pointpillars,nuscenes,scene-0757,60,1,3,17,0.6,0.6,0.0,0.5916,0.5916,0.0,200.5,187.15,1.071,37.164,36.524,1.722,7.451612,6.835641,8.266
pointpillars,nuscenes,scene-0757,61,0,3,18,0.5714,0.5556,0.0159,0.6625,0.5636,0.0989,190.24,61.49,3.094,39.545,46.183,-16.786,7.522852,2.839909,62.25
pointpillars,nuscenes,scene-0757,62,0,3,18,0.5556,0.6,-0.0444,0.6201,0.5397,0.0804,180.22,58.68,3.071,39.519,48.502,-22.731,7.122074,2.846089,60.038
pointpillars,nuscenes,scene-0757,63,0,3,18,0.5263,0.5946,-0.0683,0.6833,0.5794,0.1039,173.87,58.0,2.998,38.073,49.453,-29.891,6.619761,2.86817,56.673
pointpillars,nuscenes,scene-0757,64,0,3,18,0.5946,0.6286,-0.034,0.6549,0.5551,0.0998,173.73,58.16,2.987,39.295,45.461,-15.69,6.826806,2.643789,61.273
pointpillars,nuscenes,scene-0757,65,1,3,18,0.5714,0.5714,0.0,0.6166,0.6166,0.0,167.73,169.91,0.987,37.429,37.721,-0.779,6.27811,6.409113,-2.087
pointpillars,nuscenes,scene-0757,66,0,3,17,0.6111,0.5333,0.0778,0.6242,0.6756,-0.0514,174.57,58.08,3.006,38.969,47.943,-23.028,6.802858,2.78438,59.07
pointpillars,nuscenes,scene-0757,67,0,3,17,0.6471,0.4848,0.1622,0.6012,0.6917,-0.0905,165.11,52.04,3.173,38.407,46.897,-22.107,6.341499,2.440745,61.512
pointpillars,nuscenes,scene-0757,68,0,3,17,0.7647,0.5294,0.2353,0.6228,0.6428,-0.02,165.0,50.43,3.272,39.75,46.271,-16.404,6.558813,2.333432,64.423
pointpillars,nuscenes,scene-0757,69,0,3,18,0.7222,0.5882,0.134,0.5962,0.6521,-0.0559,170.62,56.17,3.038,38.637,47.271,-22.346,6.592278,2.655232,59.722
pointpillars,nuscenes,scene-0757,70,1,3,18,0.7222,0.7222,0.0,0.6178,0.6178,0.0,171.45,180.96,0.947,38.609,37.35,3.26,6.619592,6.75881,-2.103
pointpillars,nuscenes,scene-0757,71,0,3,18,0.7317,0.6111,0.1206,0.6007,0.5869,0.0138,196.07,64.9,3.021,37.484,42.839,-14.287,7.349586,2.780468,62.168
pointpillars,nuscenes,scene-0757,72,0,3,18,0.7,0.5882,0.1118,0.6103,0.6278,-0.0175,178.2,65.28,2.73,38.425,45.109,-17.395,6.847196,2.944585,56.996
pointpillars,nuscenes,scene-0757,73,0,3,18,0.6842,0.5556,0.1287,0.6082,0.6076,0.0005,176.71,66.51,2.657,38.804,44.786,-15.415,6.857053,2.978842,56.558
pointpillars,nuscenes,scene-0757,74,0,3,17,0.6667,0.625,0.0417,0.6966,0.5923,0.1042,178.08,66.82,2.665,38.143,45.724,-19.875,6.79259,3.055085,55.023
pointpillars,nuscenes,scene-0757,75,1,3,17,0.8125,0.8125,0.0,0.5564,0.5564,0.0,175.09,180.18,0.972,38.686,37.455,3.183,6.773649,6.748452,0.372
pointpillars,nuscenes,scene-0757,76,0,3,16,0.6667,0.6316,0.0351,0.6576,0.5559,0.1017,181.68,65.74,2.763,38.24,42.635,-11.492,6.947609,2.803021,59.655
pointpillars,nuscenes,scene-0757,77,0,3,16,0.7273,0.5625,0.1648,0.5895,0.613,-0.0234,192.94,68.56,2.814,38.817,45.012,-15.959,7.489303,3.085866,58.796
pointpillars,nuscenes,scene-0757,78,0,3,16,0.5714,0.6154,-0.044,0.6863,0.5569,0.1294,176.23,66.35,2.656,37.479,44.475,-18.667,6.604742,2.951078,55.319
pointpillars,nuscenes,scene-0757,79,0,3,17,0.7027,0.5128,0.1899,0.534,0.5532,-0.0192,176.38,66.84,2.639,37.492,44.552,-18.83,6.612983,2.977868,54.969
pointpillars,nuscenes,scene-0757,80,1,3,17,0.7647,0.7647,0.0,0.5648,0.5648,0.0,183.21,183.73,0.997,37.37,36.056,3.517,6.846555,6.624408,3.245
pointpillars,nuscenes,scene-0757,81,0,3,18,0.7222,0.6857,0.0365,0.6026,0.598,0.0046,178.18,64.83,2.748,38.757,42.636,-10.008,6.90578,2.764215,59.972
pointpillars,nuscenes,scene-0757,82,0,3,18,0.6486,0.6111,0.0375,0.6149,0.5642,0.0506,177.69,65.72,2.704,37.722,44.757,-18.651,6.702933,2.941262,56.12
pointpillars,nuscenes,scene-0757,83,0,3,18,0.7179,0.5641,0.1538,0.5436,0.5894,-0.0458,191.73,68.49,2.8,38.259,44.354,-15.93,7.335577,3.037619,58.591
pointpillars,nuscenes,scene-0757,84,0,3,16,0.625,0.5161,0.1089,0.5804,0.6079,-0.0275,176.86,64.6,2.738,38.666,45.126,-16.709,6.838328,2.915037,57.372
pointpillars,nuscenes,scene-0757,85,1,3,16,0.6471,0.6471,0.0,0.6057,0.6057,0.0,177.99,183.7,0.969,36.849,38.445,-4.33,6.558971,7.062301,-7.674
pointpillars,nuscenes,scene-0757,86,0,3,14,0.7333,0.5294,0.2039,0.5631,0.5903,-0.0272,175.99,62.62,2.81,38.086,44.673,-17.295,6.702882,2.797523,58.264
pointpillars,nuscenes,scene-0757,87,0,3,14,0.5517,0.5806,-0.0289,0.638,0.5894,0.0486,176.74,65.62,2.693,36.162,43.724,-20.913,6.391296,2.869243,55.107
pointpillars,nuscenes,scene-0757,88,0,3,14,0.5517,0.5161,0.0356,0.6272,0.6113,0.016,178.37,66.1,2.698,37.148,45.18,-21.622,6.626042,2.986462,54.928
pointpillars,nuscenes,scene-0757,89,0,3,14,0.4828,0.4286,0.0542,0.5594,0.6681,-0.1088,179.44,70.68,2.539,39.33,45.246,-15.043,7.057258,3.198042,54.684
pointpillars,nuscenes,scene-0757,90,1,3,14,0.4828,0.4828,0.0,0.5891,0.5891,0.0,177.75,182.05,0.976,38.57,35.647,7.579,6.856057,6.489417,5.348
pointpillars,nuscenes,scene-0757,91,0,3,14,0.6452,0.5882,0.0569,0.6332,0.6179,0.0152,180.87,61.78,2.927,36.709,46.596,-26.931,6.639662,2.878844,56.642
pointpillars,nuscenes,scene-0757,92,0,3,14,0.6207,0.5333,0.0874,0.5577,0.6289,-0.0712,177.19,66.63,2.659,39.353,44.434,-12.912,6.972894,2.960447,57.543
pointpillars,nuscenes,scene-0757,93,0,3,14,0.7143,0.4667,0.2476,0.5596,0.664,-0.1044,176.87,66.14,2.674,38.592,47.083,-22.002,6.825718,3.113969,54.379
pointpillars,nuscenes,scene-0757,94,0,3,12,0.5714,0.4138,0.1576,0.6094,0.7321,-0.1226,179.43,66.13,2.713,38.006,46.47,-22.271,6.819558,3.073158,54.936
pointpillars,nuscenes,scene-0757,95,1,3,12,0.6667,0.6667,0.0,0.5708,0.5708,0.0,175.04,189.24,0.925,39.441,35.942,8.87,6.903624,6.801767,1.475
pointpillars,nuscenes,scene-0757,96,0,3,12,0.5833,0.6923,-0.109,0.6709,0.562,0.109,176.6,56.49,3.126,39.487,49.046,-24.207,6.973298,2.770622,60.268
pointpillars,nuscenes,scene-0757,97,0,3,12,0.6207,0.6429,-0.0222,0.5321,0.5865,-0.0544,173.37,58.84,2.947,44.58,48.169,-8.05,7.728904,2.834124,63.331
pointpillars,nuscenes,scene-0757,98,0,3,12,0.6429,0.6897,-0.0468,0.5891,0.5651,0.024,174.43,66.65,2.617,38.246,45.654,-19.369,6.67142,3.042872,54.389
pointpillars,nuscenes,scene-0796,0,1,3,22,0.5405,0.5405,0.0,0.6105,0.6105,0.0,172.6,180.44,0.957,43.852,42.479,3.131,7.568995,7.664952,-1.268
pointpillars,nuscenes,scene-0796,1,0,3,22,0.5714,0.4118,0.1597,0.5617,0.5872,-0.0256,234.56,87.02,2.696,41.165,49.038,-19.126,9.655843,4.267084,55.808
pointpillars,nuscenes,scene-0796,2,0,3,22,0.5641,0.5128,0.0513,0.586,0.5321,0.0539,229.41,88.2,2.601,41.565,53.031,-27.586,9.53535,4.677428,50.946
pointpillars,nuscenes,scene-0796,3,0,3,21,0.5714,0.5143,0.0571,0.6527,0.6309,0.0218,222.76,89.41,2.492,41.614,48.745,-17.137,9.269879,4.358187,52.985
pointpillars,nuscenes,scene-0796,4,0,3,21,0.5263,0.4865,0.0398,0.6019,0.5665,0.0354,221.76,84.89,2.612,41.844,50.703,-21.17,9.279574,4.304008,53.618
pointpillars,nuscenes,scene-0796,5,1,3,23,0.6667,0.6667,0.0,0.5636,0.5636,0.0,218.89,218.06,1.004,41.534,40.818,1.722,9.091094,8.900693,2.094
pointpillars,nuscenes,scene-0796,6,0,3,23,0.5641,0.5641,0.0,0.6161,0.587,0.0291,232.49,92.17,2.522,42.195,50.036,-18.582,9.809939,4.61193,52.987
pointpillars,nuscenes,scene-0796,7,0,3,23,0.5405,0.4737,0.0669,0.6232,0.6578,-0.0346,218.44,85.9,2.543,42.79,49.818,-16.424,9.347042,4.279474,54.216
pointpillars,nuscenes,scene-0796,8,0,3,23,0.5556,0.4848,0.0707,0.6076,0.5896,0.018,219.72,86.04,2.554,42.694,50.902,-19.225,9.380488,4.379604,53.312
pointpillars,nuscenes,scene-0796,9,0,3,23,0.6111,0.5263,0.0848,0.6452,0.6352,0.0101,218.45,87.7,2.491,41.989,50.929,-21.29,9.172347,4.466477,51.305
pointpillars,nuscenes,scene-0796,10,1,3,22,0.4865,0.4865,0.0,0.7022,0.7022,0.0,219.15,219.27,0.999,45.881,41.919,8.636,10.054999,9.191482,8.588
pointpillars,nuscenes,scene-0796,11,0,3,22,0.4571,0.375,0.0821,0.7027,0.5946,0.1081,217.46,86.08,2.526,43.262,51.852,-19.854,9.407975,4.463444,52.557
pointpillars,nuscenes,scene-0796,12,0,3,22,0.4571,0.3636,0.0935,0.6687,0.66,0.0086,216.29,84.1,2.572,42.948,51.479,-19.864,9.289358,4.329316,53.395
pointpillars,nuscenes,scene-0796,13,0,3,23,0.5294,0.303,0.2264,0.671,0.7378,-0.0668,216.39,83.64,2.587,42.613,48.906,-14.768,9.221106,4.090587,55.639
pointpillars,nuscenes,scene-0796,14,0,3,23,0.4615,0.4444,0.0171,0.5877,0.5401,0.0476,217.42,84.7,2.567,42.903,50.848,-18.516,9.328149,4.306831,53.83
pointpillars,nuscenes,scene-0796,15,1,3,24,0.4444,0.4444,0.0,0.6257,0.6257,0.0,217.32,219.06,0.992,42.24,41.356,2.093,9.17946,9.059431,1.308
pointpillars,nuscenes,scene-0796,16,0,3,24,0.2857,0.2162,0.0695,0.5107,0.4022,0.1085,213.79,83.12,2.572,42.294,50.738,-19.966,9.042128,4.217332,53.359
pointpillars,nuscenes,scene-0796,17,0,3,24,0.3529,0.1875,0.1654,0.5881,0.5958,-0.0077,221.27,84.57,2.617,42.995,49.824,-15.881,9.51372,4.213502,55.711
pointpillars,nuscenes,scene-0796,18,0,3,24,0.2857,0.1212,0.1645,0.5321,0.6548,-0.1227,216.85,84.21,2.575,41.471,51.526,-24.244,8.992963,4.338804,51.753
pointpillars,nuscenes,scene-0796,19,0,3,24,0.3889,0.359,0.0299,0.6452,0.5588,0.0863,215.25,85.55,2.516,40.888,51.464,-25.866,8.801056,4.402945,49.973
pointpillars,nuscenes,scene-0796,20,1,3,26,0.4103,0.4103,0.0,0.6388,0.6388,0.0,214.42,215.82,0.994,41.844,41.701,0.342,8.972252,8.999966,-0.309
pointpillars,nuscenes,scene-0796,21,0,3,26,0.3158,0.35,-0.0342,0.6823,0.5726,0.1097,211.95,85.3,2.485,42.028,49.627,-18.082,8.907961,4.233061,52.48
pointpillars,nuscenes,scene-0796,22,0,3,26,0.3243,0.2703,0.0541,0.6,0.6266,-0.0266,214.96,84.73,2.537,43.133,52.169,-20.948,9.271968,4.420312,52.326
pointpillars,nuscenes,scene-0796,23,0,3,26,0.3226,0.1818,0.1408,0.6662,0.6496,0.0166,216.3,260.47,0.83,41.605,36.662,11.881,8.999232,9.549092,-6.11
pointpillars,nuscenes,scene-0796,24,0,3,26,0.4242,0.303,0.1212,0.634,0.6108,0.0231,216.03,86.68,2.492,42.163,50.92,-20.769,9.108289,4.413608,51.543
pointpillars,nuscenes,scene-0796,25,1,3,28,0.3784,0.3784,0.0,0.6965,0.6965,0.0,217.47,219.42,0.991,42.721,41.15,3.678,9.29054,9.029276,2.812
pointpillars,nuscenes,scene-0796,26,0,3,28,0.3684,0.2439,0.1245,0.5525,0.5695,-0.017,224.79,90.91,2.473,43.844,54.324,-23.904,9.855786,4.938411,49.893
pointpillars,nuscenes,scene-0796,27,0,3,28,0.4762,0.3158,0.1604,0.5993,0.6465,-0.0471,221.8,90.73,2.445,42.317,49.237,-16.352,9.38588,4.467132,52.406
pointpillars,nuscenes,scene-0796,28,0,3,26,0.6,0.4211,0.1789,0.604,0.6543,-0.0503,222.53,90.72,2.453,43.436,52.953,-21.911,9.665826,4.803885,50.3
pointpillars,nuscenes,scene-0796,29,0,3,26,0.4444,0.4211,0.0234,0.6168,0.5281,0.0886,222.68,92.16,2.416,41.906,52.84,-26.093,9.331393,4.870004,47.811
pointpillars,nuscenes,scene-0796,30,1,3,23,0.5294,0.5294,0.0,0.5656,0.5656,0.0,222.21,223.26,0.995,43.358,40.936,5.587,9.634733,9.139424,5.141
pointpillars,nuscenes,scene-0796,31,0,3,23,0.4848,0.375,0.1098,0.6594,0.739,-0.0796,245.06,94.33,2.598,44.022,50.241,-14.128,10.788024,4.739363,56.068
pointpillars,nuscenes,scene-0796,32,0,3,23,0.4375,0.4118,0.0257,0.7448,0.6414,0.1034,225.47,91.16,2.473,44.109,55.09,-24.895,9.945292,5.02209,49.503
pointpillars,nuscenes,scene-0796,33,0,3,21,0.5556,0.4324,0.1231,0.6001,0.6427,-0.0425,224.8,90.26,2.491,43.628,52.886,-21.219,9.807838,4.773679,51.328
pointpillars,nuscenes,scene-0796,34,0,3,21,0.4848,0.4444,0.0404,0.6406,0.6339,0.0066,226.79,89.4,2.537,43.245,56.009,-29.515,9.80757,5.007134,48.946
pointpillars,nuscenes,scene-0796,35,1,3,21,0.5806,0.5806,0.0,0.6929,0.6929,0.0,227.05,228.43,0.994,43.768,42.394,3.139,9.937504,9.683794,2.553
pointpillars,nuscenes,scene-0796,36,0,3,21,0.5625,0.5455,0.017,0.7576,0.6432,0.1145,242.23,95.87,2.527,41.916,53.103,-26.687,10.153516,5.090887,49.861
pointpillars,nuscenes,scene-0796,37,0,3,21,0.6,0.4242,0.1758,0.6832,0.6378,0.0454,226.49,91.25,2.482,42.698,53.39,-25.041,9.670924,4.872058,49.622
pointpillars,nuscenes,scene-0796,38,0,3,20,0.5625,0.3871,0.1754,0.6747,0.6912,-0.0165,226.68,90.55,2.503,43.29,50.62,-16.932,9.812884,4.583787,53.288
pointpillars,nuscenes,scene-0796,39,0,3,20,0.4615,0.3571,0.1044,0.6983,0.6951,0.0032,230.55,89.43,2.578,43.615,51.334,-17.699,10.05552,4.590773,54.346
pointpillars,nuscenes,scene-0796,40,1,3,19,0.5333,0.5333,0.0,0.6046,0.6046,0.0,224.91,221.77,1.014,44.745,41.864,6.439,10.063712,9.284181,7.746
pointpillars,nuscenes,scene-0796,41,0,3,19,0.5517,0.4286,0.1232,0.644,0.6506,-0.0066,238.04,76.01,3.132,42.754,58.371,-36.529,10.177202,4.436939,56.403
pointpillars,nuscenes,scene-0796,42,0,3,19,0.6207,0.4828,0.1379,0.6314,0.6272,0.0042,211.53,72.46,2.919,42.916,58.338,-35.936,9.077904,4.227054,53.436
pointpillars,nuscenes,scene-0796,43,0,3,18,0.5,0.32,0.18,0.6347,0.6523,-0.0177,208.25,72.2,2.884,43.515,58.372,-34.143,9.061898,4.214491,53.492
pointpillars,nuscenes,scene-0796,44,0,3,18,0.5385,0.5,0.0385,0.6636,0.6463,0.0173,203.52,71.42,2.85,42.376,56.605,-33.577,8.624468,4.042597,53.126
pointpillars,nuscenes,scene-0796,45,1,3,19,0.48,0.48,0.0,0.7085,0.7085,0.0,204.04,206.45,0.988,43.625,40.889,6.27,8.901312,8.441407,5.167
pointpillars,nuscenes,scene-0796,46,0,3,19,0.48,0.5385,-0.0585,0.7884,0.6742,0.1142,200.11,82.61,2.422,42.991,51.943,-20.825,8.602815,4.291023,50.121
pointpillars,nuscenes,scene-0796,47,0,3,19,0.6207,0.5926,0.0281,0.6277,0.652,-0.0243,218.89,91.67,2.388,42.353,50.431,-19.074,9.270755,4.623087,50.133
pointpillars,nuscenes,scene-0796,48,0,3,20,0.5185,0.4615,0.057,0.7066,0.7134,-0.0068,216.07,91.94,2.35,42.756,50.937,-19.135,9.238158,4.682861,49.31
pointpillars,nuscenes,scene-0796,49,0,3,20,0.5185,0.4615,0.057,0.7382,0.6263,0.1119,218.27,87.18,2.504,41.691,51.895,-24.475,9.100116,4.52415,50.285
pointpillars,nuscenes,scene-0796,50,1,3,19,0.5517,0.5517,0.0,0.7341,0.7341,0.0,219.03,222.98,0.982,42.269,42.134,0.319,9.258182,9.394853,-1.476
pointpillars,nuscenes,scene-0796,51,0,3,19,0.5385,0.4667,0.0718,0.7172,0.6356,0.0816,221.22,91.66,2.414,44.501,49.782,-11.867,9.844617,4.56295,53.65
pointpillars,nuscenes,scene-0796,52,0,3,19,0.5517,0.4667,0.0851,0.678,0.6292,0.0489,217.07,90.72,2.393,42.346,47.954,-13.242,9.192146,4.350306,52.674
pointpillars,nuscenes,scene-0796,53,0,3,16,0.64,0.5217,0.1183,0.7103,0.6701,0.0402,218.71,92.36,2.368,43.676,51.302,-17.461,9.552186,4.738141,50.397
pointpillars,nuscenes,scene-0796,54,0,3,16,0.6667,0.5455,0.1212,0.7265,0.7637,-0.0372,214.45,84.1,2.55,41.616,51.978,-24.899,8.924498,4.371572,51.016
pointpillars,nuscenes,scene-0796,55,1,3,14,0.8,0.8,0.0,0.656,0.656,0.0,219.9,219.5,1.002,42.526,39.821,6.362,9.351407,8.740844,6.529
pointpillars,nuscenes,scene-0796,56,0,3,14,0.8333,0.6923,0.141,0.6317,0.6062,0.0255,223.69,87.02,2.571,42.154,50.448,-19.677,9.429283,4.389849,53.445
pointpillars,nuscenes,scene-0796,57,0,3,14,0.7826,0.7692,0.0134,0.6928,0.5826,0.1102,227.67,85.35,2.668,42.924,51.32,-19.561,9.772662,4.380094,55.18
pointpillars,nuscenes,scene-0796,58,0,3,15,0.72,0.5926,0.1274,0.7086,0.6425,0.0662,215.12,88.37,2.434,41.181,50.292,-22.124,8.858668,4.444459,49.829
pointpillars,nuscenes,scene-0796,59,0,3,15,0.8148,0.6087,0.2061,0.5817,0.5904,-0.0087,217.1,82.26,2.639,41.679,50.222,-20.496,9.048628,4.131406,54.342
pointpillars,nuscenes,scene-0796,60,1,3,14,0.72,0.72,0.0,0.6319,0.6319,0.0,213.43,213.69,0.999,42.956,41.105,4.309,9.168227,8.783821,4.193
pointpillars,nuscenes,scene-0796,61,0,3,14,0.75,0.72,0.03,0.6501,0.6456,0.0045,212.97,81.1,2.626,42.61,52.816,-23.952,9.074664,4.283123,52.801
pointpillars,nuscenes,scene-0796,62,0,3,14,0.56,0.6087,-0.0487,0.6895,0.6086,0.0809,231.91,86.16,2.692,42.429,51.705,-21.863,9.839744,4.455072,54.724
pointpillars,nuscenes,scene-0796,63,0,3,15,0.5833,0.4615,0.1218,0.7329,0.71,0.0228,210.39,81.14,2.593,45.824,49.979,-9.068,9.640937,4.055396,57.936
pointpillars,nuscenes,scene-0796,64,0,3,15,0.5455,0.3478,0.1976,0.6942,0.679,0.0152,211.69,83.98,2.521,42.059,50.331,-19.669,8.903405,4.22666,52.528
pointpillars,nuscenes,scene-0796,65,1,3,16,0.6667,0.6667,0.0,0.6774,0.6774,0.0,218.11,221.25,0.986,41.593,40.264,3.193,9.071689,8.908553,1.798
pointpillars,nuscenes,scene-0796,66,0,3,16,0.6154,0.4167,0.1987,0.6907,0.7018,-0.0111,222.06,84.23,2.636,41.08,50.835,-23.746,9.122152,4.281665,53.063
pointpillars,nuscenes,scene-0796,67,0,3,16,0.6154,0.5833,0.0321,0.7046,0.6286,0.076,216.6,85.96,2.52,42.81,52.537,-22.723,9.272344,4.516364,51.292
pointpillars,nuscenes,scene-0796,68,0,3,16,0.6154,0.3846,0.2308,0.7265,0.6237,0.1028,212.83,87.49,2.433,42.91,50.078,-16.706,9.132523,4.381312,52.025
pointpillars,nuscenes,scene-0796,69,0,3,16,0.56,0.48,0.08,0.7135,0.6549,0.0586,213.09,82.24,2.591,41.573,51.605,-24.132,8.858509,4.243746,52.094
pointpillars,nuscenes,scene-0796,70,1,3,17,0.56,0.56,0.0,0.6718,0.6718,0.0,214.75,217.31,0.988,41.367,40.327,2.514,8.883488,8.763307,1.353
pointpillars,nuscenes,scene-0796,71,0,3,17,0.4615,0.4,0.0615,0.6785,0.6156,0.0629,214.96,88.41,2.431,42.03,48.339,-15.01,9.034614,4.273819,52.695
pointpillars,nuscenes,scene-0796,72,0,3,17,0.5806,0.4138,0.1669,0.6658,0.6064,0.0594,216.5,88.67,2.442,46.394,49.893,-7.543,10.044195,4.424049,55.954
pointpillars,nuscenes,scene-0796,73,0,3,17,0.6667,0.4516,0.2151,0.6426,0.5914,0.0512,215.87,83.14,2.596,42.756,50.203,-17.418,9.229743,4.174066,54.776
pointpillars,nuscenes,scene-0796,74,0,3,17,0.5926,0.6154,-0.0228,0.7289,0.6413,0.0876,212.32,83.41,2.545,42.886,50.905,-18.697,9.105645,4.246003,53.37
pointpillars,nuscenes,scene-0796,75,1,3,15,0.6667,0.6667,0.0,0.7557,0.7557,0.0,208.61,212.58,0.981,40.792,40.013,1.908,8.50954,8.506187,0.039
pointpillars,nuscenes,scene-0796,76,0,3,15,0.56,0.5926,-0.0326,0.7397,0.6576,0.0822,209.81,88.98,2.358,41.237,47.308,-14.723,8.651714,4.209346,51.347
pointpillars,nuscenes,scene-0796,77,0,3,15,0.5,0.5385,-0.0385,0.7113,0.5448,0.1664,212.05,85.85,2.47,40.938,50.291,-22.849,8.680859,4.317687,50.262
pointpillars,nuscenes,scene-0796,78,0,3,11,0.5714,0.3636,0.2078,0.761,0.6546,0.1064,209.27,81.57,2.565,40.206,50.64,-25.949,8.413844,4.130871,50.904
pointpillars,nuscenes,scene-0796,79,0,3,11,0.5882,0.4706,0.1176,0.7818,0.6207,0.1611,216.11,81.67,2.646,40.396,49.526,-22.601,8.729834,4.044787,53.667
pointpillars,nuscenes,scene-0796,80,1,3,10,0.7368,0.7368,0.0,0.7442,0.7442,0.0,201.72,199.22,1.013,39.963,39.612,0.877,8.061457,7.891404,2.109
pointpillars,nuscenes,scene-0796,81,0,3,10,0.7059,0.6316,0.0743,0.7581,0.6735,0.0846,201.27,78.12,2.576,41.861,48.847,-16.688,8.425364,3.816131,54.707
pointpillars,nuscenes,scene-0796,82,0,3,10,0.6667,0.5556,0.1111,0.6658,0.6627,0.0032,202.7,84.87,2.389,39.998,46.794,-16.991,8.107544,3.971154,51.019
pointpillars,nuscenes,scene-0796,83,0,3,9,0.6667,0.5,0.1667,0.7446,0.6853,0.0593,219.28,79.6,2.755,41.414,49.207,-18.817,9.081392,3.916744,56.871
pointpillars,nuscenes,scene-0796,84,0,3,9,0.6667,0.5556,0.1111,0.7304,0.6928,0.0376,204.52,78.94,2.591,40.503,50.344,-24.297,8.283653,3.97404,52.026
pointpillars,nuscenes,scene-0796,85,1,3,8,0.6154,0.6154,0.0,0.7857,0.7857,0.0,200.51,202.24,0.991,40.783,38.325,6.027,8.177512,7.751079,5.215
pointpillars,nuscenes,scene-0796,86,0,3,8,0.5714,0.5714,0.0,0.7336,0.6397,0.0939,206.18,80.04,2.576,39.418,49.972,-26.774,8.127126,3.999889,50.783
pointpillars,nuscenes,scene-0796,87,0,3,8,0.5714,0.5,0.0714,0.6631,0.7225,-0.0594,202.19,81.67,2.476,42.527,48.508,-14.066,8.59843,3.961723,53.925
pointpillars,nuscenes,scene-0796,88,0,3,9,0.5333,0.5333,0.0,0.7679,0.684,0.0839,203.99,82.68,2.467,41.608,49.432,-18.807,8.487316,4.086948,51.846
pointpillars,nuscenes,scene-0796,89,0,3,9,0.4286,0.4286,0.0,0.7624,0.7487,0.0137,203.12,83.25,2.44,40.019,48.832,-22.022,8.128569,4.065519,49.985
pointpillars,nuscenes,scene-0796,90,1,3,9,0.4615,0.4615,0.0,0.691,0.691,0.0,207.26,205.32,1.009,42.742,38.766,9.304,8.858925,7.959355,10.154
pointpillars,nuscenes,scene-0796,91,0,3,9,0.4,0.2667,0.1333,0.6368,0.7412,-0.1043,204.76,84.51,2.423,40.463,48.389,-19.589,8.285112,4.089262,50.643
pointpillars,nuscenes,scene-0796,92,0,3,9,0.4286,0.4286,0.0,0.5649,0.6326,-0.0678,208.11,72.27,2.879,41.592,51.073,-22.795,8.655669,3.691291,57.354
pointpillars,nuscenes,scene-0796,93,0,3,8,0.3333,0.4,-0.0667,0.6894,0.7423,-0.0529,214.49,84.14,2.549,39.74,49.918,-25.609,8.524062,4.200157,50.726
pointpillars,nuscenes,scene-0796,94,0,3,8,0.3333,0.3333,0.0,0.7362,0.7445,-0.0083,225.55,82.75,2.726,41.231,48.715,-18.152,9.299581,4.031076,56.653
pointpillars,nuscenes,scene-0796,95,1,3,8,0.5,0.5,0.0,0.6763,0.6763,0.0,208.87,213.65,0.978,42.209,39.425,6.596,8.81615,8.423189,4.457
pointpillars,nuscenes,scene-0796,96,0,3,8,0.5,0.5,0.0,0.6582,0.6764,-0.0182,216.83,82.53,2.627,39.754,50.454,-26.915,8.620033,4.163771,51.697
pointpillars,nuscenes,scene-0796,97,0,3,8,0.3636,0.3636,0.0,0.7944,0.8066,-0.0122,215.36,77.84,2.767,41.163,51.703,-25.605,8.865038,4.024702,54.6
pointpillars,nuscenes,scene-0916,0,1,3,43,0.6923,0.6923,0.0,0.547,0.547,0.0,184.56,173.87,1.061,40.984,44.037,-7.448,7.563847,7.656668,-1.227
pointpillars,nuscenes,scene-0916,1,0,3,43,0.7179,0.6914,0.0266,0.5345,0.5076,0.0269,215.81,89.06,2.423,40.806,48.629,-19.171,8.806358,4.330878,50.821
pointpillars,nuscenes,scene-0916,2,0,3,48,0.6506,0.6207,0.0299,0.4989,0.4417,0.0572,217.53,97.13,2.24,41.521,48.145,-15.953,9.031952,4.676269,48.225
pointpillars,nuscenes,scene-0916,3,0,3,48,0.675,0.6667,0.0083,0.5153,0.5237,-0.0084,217.22,91.21,2.382,41.41,49.389,-19.268,8.995221,4.504872,49.919
pointpillars,nuscenes,scene-0916,4,0,3,48,0.6486,0.6494,-0.0007,0.552,0.5183,0.0336,226.16,84.2,2.686,40.373,52.567,-30.204,9.130688,4.42636,51.522
pointpillars,nuscenes,scene-0916,5,1,3,51,0.6829,0.6829,0.0,0.5505,0.5505,0.0,224.01,219.64,1.02,40.964,39.658,3.188,9.176328,8.710665,5.075
pointpillars,nuscenes,scene-0916,6,0,3,51,0.6809,0.7126,-0.0318,0.5351,0.5255,0.0096,221.2,100.42,2.203,40.606,48.506,-19.457,8.981916,4.871,45.769
pointpillars,nuscenes,scene-0916,7,0,3,57,0.6327,0.6735,-0.0408,0.5078,0.5236,-0.0158,222.0,93.54,2.373,40.815,49.668,-21.69,9.06082,4.64593,48.725
pointpillars,nuscenes,scene-0916,8,0,3,57,0.5854,0.5542,0.0311,0.5555,0.4945,0.061,219.02,89.55,2.446,42.052,54.167,-28.811,9.210201,4.850927,47.331
pointpillars,nuscenes,scene-0916,9,0,3,60,0.5517,0.5116,0.0401,0.6014,0.5972,0.0042,224.36,93.42,2.402,41.35,50.286,-21.61,9.277199,4.697597,49.364
pointpillars,nuscenes,scene-0916,10,1,3,60,0.617,0.617,0.0,0.53,0.53,0.0,229.42,219.1,1.047,43.234,41.349,4.36,9.918835,9.059724,8.661
pointpillars,nuscenes,scene-0916,11,0,3,60,0.6869,0.6526,0.0342,0.5685,0.5389,0.0296,220.38,100.27,2.198,41.366,47.859,-15.694,9.116517,4.798998,47.359
pointpillars,nuscenes,scene-0916,12,0,3,65,0.6916,0.6731,0.0185,0.5499,0.5528,-0.0029,222.51,92.96,2.394,42.149,52.007,-23.388,9.378744,4.834812,48.449
pointpillars,nuscenes,scene-0916,13,0,3,65,0.6214,0.56,0.0614,0.593,0.6131,-0.0201,222.65,89.87,2.477,42.951,52.161,-21.443,9.563036,4.687693,50.981
pointpillars,nuscenes,scene-0916,14,0,3,69,0.7069,0.6296,0.0773,0.5494,0.5461,0.0033,221.56,85.42,2.594,41.515,50.846,-22.474,9.198187,4.343272,52.781
pointpillars,nuscenes,scene-0916,15,1,3,69,0.625,0.625,0.0,0.5767,0.5767,0.0,231.9,218.26,1.062,40.41,40.398,0.029,9.370906,8.817157,5.909
pointpillars,nuscenes,scene-0916,16,0,3,69,0.6667,0.6422,0.0245,0.565,0.5699,-0.0049,218.62,87.35,2.503,41.899,53.835,-28.487,9.160242,4.702553,48.663
pointpillars,nuscenes,scene-0916,17,0,3,71,0.6723,0.6496,0.0227,0.603,0.5745,0.0284,216.36,89.57,2.416,42.137,51.925,-23.23,9.116646,4.650952,48.984
pointpillars,nuscenes,scene-0916,18,0,3,71,0.7258,0.661,0.0648,0.5998,0.6321,-0.0323,220.45,88.64,2.487,41.635,52.111,-25.161,9.178393,4.619074,49.674
pointpillars,nuscenes,scene-0916,19,0,3,70,0.7213,0.6496,0.0717,0.629,0.6212,0.0078,217.11,85.73,2.533,42.003,50.15,-19.396,9.11929,4.299169,52.856
pointpillars,nuscenes,scene-0916,20,1,3,70,0.704,0.704,0.0,0.6125,0.6125,0.0,237.0,219.94,1.078,41.122,48.727,-18.493,9.746123,10.717094,-9.963
pointpillars,nuscenes,scene-0916,21,0,3,70,0.6774,0.6667,0.0108,0.6093,0.5704,0.0389,214.57,91.6,2.342,42.709,52.811,-23.654,9.164124,4.837693,47.211
pointpillars,nuscenes,scene-0916,22,0,3,70,0.7213,0.7154,0.0059,0.6341,0.6056,0.0285,223.38,94.11,2.374,43.447,51.51,-18.559,9.705075,4.847479,50.052
pointpillars,nuscenes,scene-0916,23,0,3,70,0.7009,0.6721,0.0287,0.6247,0.6169,0.0078,218.21,87.98,2.48,40.793,49.783,-22.038,8.901435,4.379867,50.796
pointpillars,nuscenes,scene-0916,24,0,3,71,0.72,0.6984,0.0216,0.6285,0.6093,0.0192,221.93,91.32,2.43,41.346,48.232,-16.654,9.175732,4.404464,51.999
pointpillars,nuscenes,scene-0916,25,1,3,71,0.6774,0.6774,0.0,0.6395,0.6395,0.0,240.72,220.73,1.091,40.193,40.485,-0.726,9.675264,8.936388,7.637
pointpillars,nuscenes,scene-0916,26,0,3,71,0.7188,0.6721,0.0466,0.6106,0.626,-0.0153,217.77,86.64,2.514,53.242,50.92,4.361,11.594679,4.411495,61.952
pointpillars,nuscenes,scene-0916,27,0,3,71,0.6721,0.6333,0.0388,0.6167,0.6252,-0.0086,215.52,84.17,2.56,42.151,51.582,-22.373,9.084258,4.34184,52.205
pointpillars,nuscenes,scene-0916,28,0,3,71,0.7154,0.7213,-0.0059,0.6207,0.5957,0.0251,216.11,88.93,2.43,41.309,50.688,-22.705,8.92733,4.507764,49.506
pointpillars,nuscenes,scene-0916,29,0,3,73,0.7244,0.7143,0.0101,0.5964,0.5876,0.0088,219.87,89.31,2.462,42.115,50.596,-20.137,9.259876,4.518753,51.201
pointpillars,nuscenes,scene-0916,30,1,3,73,0.768,0.768,0.0,0.5706,0.5706,0.0,232.3,220.1,1.055,40.781,41.608,-2.03,9.473379,9.157945,3.33
pointpillars,nuscenes,scene-0916,31,0,3,73,0.7317,0.746,-0.0143,0.5795,0.5794,0.0001,215.98,87.74,2.462,40.766,47.849,-17.375,8.804443,4.197996,52.32
pointpillars,nuscenes,scene-0916,32,0,3,73,0.7059,0.7107,-0.0049,0.6121,0.5893,0.0228,217.73,88.66,2.456,40.403,48.357,-19.686,8.796769,4.287328,51.262
pointpillars,nuscenes,scene-0916,33,0,3,73,0.6833,0.6833,0.0,0.5736,0.5743,-0.0007,210.2,83.98,2.503,40.397,49.736,-23.117,8.491558,4.176655,50.814
pointpillars,nuscenes,scene-0916,34,0,3,72,0.6825,0.7087,-0.0261,0.541,0.6007,-0.0597,217.19,85.71,2.534,40.359,49.846,-23.507,8.765616,4.272119,51.263
pointpillars,nuscenes,scene-0916,35,1,3,72,0.6949,0.6949,0.0,0.5833,0.5833,0.0,223.99,217.98,1.028,41.011,40.015,2.429,9.186053,8.722423,5.047
pointpillars,nuscenes,scene-0916,36,0,3,72,0.7,0.6935,0.0065,0.6217,0.5791,0.0426,220.18,91.4,2.409,40.855,49.144,-20.289,8.995258,4.491672,50.066
pointpillars,nuscenes,scene-0916,37,0,3,71,0.7302,0.6992,0.031,0.5871,0.5898,-0.0027,219.15,95.11,2.304,41.47,49.145,-18.509,9.088214,4.674414,48.566
pointpillars,nuscenes,scene-0916,38,0,3,71,0.7188,0.704,0.0148,0.591,0.5618,0.0292,217.14,87.79,2.473,40.654,51.331,-26.262,8.827871,4.506476,48.952
pointpillars,nuscenes,scene-0916,39,0,3,72,0.7302,0.6935,0.0366,0.5651,0.5515,0.0137,221.02,87.57,2.524,41.517,49.592,-19.449,9.17609,4.342531,52.676
pointpillars,nuscenes,scene-0916,40,1,3,72,0.6897,0.6897,0.0,0.584,0.584,0.0,209.08,203.6,1.027,44.578,40.235,9.742,9.320559,8.191746,12.111
pointpillars,nuscenes,scene-0916,41,0,3,72,0.6667,0.6195,0.0472,0.5968,0.5902,0.0067,207.12,69.5,2.98,41.49,54.921,-32.373,8.593347,3.817056,55.581
pointpillars,nuscenes,scene-0916,42,0,3,72,0.6167,0.5862,0.0305,0.5845,0.5874,-0.003,203.01,71.78,2.828,41.927,53.805,-28.329,8.511456,3.862109,54.625
pointpillars,nuscenes,scene-0916,43,0,3,72,0.72,0.6435,0.0765,0.577,0.5986,-0.0216,200.33,73.85,2.713,40.821,52.596,-28.847,8.177567,3.88427,52.501
pointpillars,nuscenes,scene-0916,44,0,3,69,0.6949,0.6239,0.0711,0.5759,0.5744,0.0014,199.57,67.23,2.968,42.636,56.455,-32.411,8.50885,3.795736,55.391
pointpillars,nuscenes,scene-0916,45,1,3,69,0.6726,0.6726,0.0,0.5632,0.5632,0.0,205.49,205.96,0.998,41.896,40.186,4.083,8.609236,8.27647,3.865
pointpillars,nuscenes,scene-0916,46,0,3,69,0.6727,0.6667,0.0061,0.5906,0.5927,-0.0021,203.54,77.82,2.615,40.883,53.794,-31.579,8.321332,4.186405,49.691
pointpillars,nuscenes,scene-0916,47,0,3,67,0.6226,0.6786,-0.0559,0.6263,0.5507,0.0756,211.15,86.5,2.441,41.91,50.02,-19.352,8.84917,4.326823,51.105
pointpillars,nuscenes,scene-0916,48,0,3,67,0.6226,0.6111,0.0115,0.6283,0.5976,0.0307,213.03,86.81,2.454,40.449,49.919,-23.411,8.616727,4.333655,49.706
pointpillars,nuscenes,scene-0916,49,0,3,66,0.6226,0.6471,-0.0244,0.6551,0.6186,0.0365,211.3,79.2,2.668,40.363,48.836,-20.991,8.52893,3.867928,54.649
pointpillars,nuscenes,scene-0916,50,1,3,66,0.6111,0.6111,0.0,0.6529,0.6529,0.0,205.18,226.82,0.905,40.651,39.11,3.789,8.340819,8.870967,-6.356
pointpillars,nuscenes,scene-0916,51,0,3,66,0.5577,0.5686,-0.0109,0.7006,0.6903,0.0103,204.36,88.01,2.322,42.138,47.957,-13.808,8.61127,4.220576,50.988
pointpillars,nuscenes,scene-0916,52,0,3,64,0.5882,0.62,-0.0318,0.6738,0.6739,-0.0001,204.75,76.6,2.673,40.443,46.499,-14.976,8.280465,3.561994,56.983
pointpillars,nuscenes,scene-0916,53,0,3,64,0.6731,0.6667,0.0064,0.663,0.6643,-0.0013,213.42,82.71,2.58,41.747,47.301,-13.302,8.90957,3.912172,56.09
pointpillars,nuscenes,scene-0916,54,0,3,66,0.6355,0.6792,-0.0437,0.6865,0.6745,0.012,204.04,81.18,2.514,39.949,48.663,-21.812,8.151447,3.950425,51.537
pointpillars,nuscenes,scene-0916,55,1,3,66,0.6111,0.6111,0.0,0.6995,0.6995,0.0,215.12,226.23,0.951,40.116,39.336,1.944,8.629571,8.898946,-3.122
pointpillars,nuscenes,scene-0916,56,0,3,66,0.5981,0.6019,-0.0038,0.6817,0.7067,-0.025,223.66,81.7,2.738,40.069,51.158,-27.676,8.961709,4.17966,53.361
pointpillars,nuscenes,scene-0916,57,0,3,63,0.6542,0.6604,-0.0062,0.6725,0.6721,0.0004,206.54,82.86,2.493,39.919,51.586,-29.225,8.244856,4.27448,48.156
pointpillars,nuscenes,scene-0916,58,0,3,63,0.6355,0.6226,0.0129,0.6753,0.6961,-0.0209,208.6,86.68,2.407,40.051,46.863,-17.01,8.35444,4.061971,51.379
pointpillars,nuscenes,scene-0916,59,0,3,59,0.6602,0.7103,-0.0501,0.6698,0.6592,0.0106,209.08,85.38,2.449,42.13,49.349,-17.134,8.808678,4.213346,52.168
pointpillars,nuscenes,scene-0916,60,1,3,59,0.6667,0.6667,0.0,0.6967,0.6967,0.0,208.58,222.41,0.938,41.593,39.248,5.639,8.675525,8.72896,-0.616
pointpillars,nuscenes,scene-0916,61,0,3,59,0.7115,0.6981,0.0134,0.7001,0.7084,-0.0083,207.87,85.64,2.427,41.959,49.34,-17.593,8.722027,4.225611,51.552
pointpillars,nuscenes,scene-0916,62,0,3,59,0.6792,0.6857,-0.0065,0.6947,0.6969,-0.0022,215.23,83.18,2.587,39.957,48.249,-20.753,8.600081,4.013556,53.331
pointpillars,nuscenes,scene-0916,63,0,3,59,0.6602,0.6729,-0.0127,0.7215,0.7046,0.0169,213.66,89.22,2.395,41.975,48.009,-14.375,8.968325,4.283226,52.241
pointpillars,nuscenes,scene-0916,64,0,3,56,0.62,0.6667,-0.0467,0.7139,0.6989,0.0151,210.21,86.85,2.42,40.772,49.58,-21.601,8.570745,4.305776,49.762
pointpillars,nuscenes,scene-0916,65,1,3,56,0.6733,0.6733,0.0,0.683,0.683,0.0,214.88,222.59,0.965,40.944,40.482,1.129,8.797864,9.010856,-2.421
pointpillars,nuscenes,scene-0916,66,0,3,56,0.6729,0.6667,0.0062,0.6933,0.6738,0.0195,216.71,91.66,2.364,41.925,48.733,-16.239,9.085481,4.467056,50.833
pointpillars,nuscenes,scene-0916,67,0,3,56,0.6667,0.7184,-0.0518,0.6857,0.6613,0.0244,213.14,85.07,2.506,41.195,48.51,-17.758,8.780194,4.126534,53.002
pointpillars,nuscenes,scene-0916,68,0,3,56,0.6923,0.6535,0.0388,0.6868,0.6765,0.0103,213.1,86.3,2.469,42.448,49.761,-17.227,9.045666,4.294401,52.525
pointpillars,nuscenes,scene-0916,69,0,3,56,0.7129,0.7059,0.007,0.6766,0.6646,0.0121,215.97,88.35,2.444,40.214,49.991,-24.312,8.68493,4.416669,49.146
pointpillars,nuscenes,scene-0916,70,1,3,56,0.7216,0.7216,0.0,0.679,0.679,0.0,213.59,221.03,0.966,41.936,40.034,4.537,8.95706,8.848719,1.21
pointpillars,nuscenes,scene-0916,71,0,3,56,0.7255,0.68,0.0455,0.6913,0.7007,-0.0094,212.51,83.75,2.538,41.612,48.757,-17.17,8.843105,4.083284,53.825
pointpillars,nuscenes,scene-0916,72,0,3,54,0.7292,0.7216,0.0075,0.7126,0.7053,0.0074,215.74,85.3,2.529,42.032,49.868,-18.645,9.067896,4.253675,53.091
pointpillars,nuscenes,scene-0916,73,0,3,54,0.7059,0.7,0.0059,0.712,0.7217,-0.0097,215.7,88.55,2.436,42.596,49.972,-17.316,9.188128,4.425187,51.838
pointpillars,nuscenes,scene-0916,74,0,3,51,0.7423,0.7216,0.0206,0.6886,0.6898,-0.0012,215.91,85.08,2.538,41.034,51.002,-24.291,8.859565,4.339311,51.021
pointpillars,nuscenes,scene-0916,75,1,3,51,0.8,0.8,0.0,0.6684,0.6684,0.0,215.38,218.32,0.987,41.593,41.982,-0.934,8.958418,9.165363,-2.31
pointpillars,nuscenes,scene-0916,76,0,3,51,0.7872,0.7368,0.0504,0.7202,0.7062,0.014,211.94,85.2,2.488,41.209,49.716,-20.644,8.733735,4.23561,51.503
pointpillars,nuscenes,scene-0916,77,0,3,51,0.7912,0.7727,0.0185,0.7085,0.6906,0.0179,212.9,86.26,2.468,41.11,49.405,-20.179,8.752133,4.26182,51.305
pointpillars,nuscenes,scene-0916,78,0,3,51,0.7347,0.7677,-0.033,0.6952,0.6952,-0.0,216.98,86.0,2.523,42.234,50.529,-19.64,9.163793,4.345733,52.577
pointpillars,nuscenes,scene-0916,79,0,3,49,0.7912,0.764,0.0272,0.6982,0.7005,-0.0023,212.24,86.58,2.451,40.259,50.254,-24.825,8.54482,4.35119,49.078
pointpillars,nuscenes,scene-0916,80,1,3,49,0.8247,0.8247,0.0,0.652,0.652,0.0,211.15,214.87,0.983,40.86,40.55,0.758,8.627534,8.713169,-0.993
pointpillars,nuscenes,scene-0916,81,0,3,49,0.8043,0.8043,0.0,0.6901,0.685,0.0051,213.06,87.38,2.438,41.118,50.381,-22.528,8.760403,4.402443,49.746
pointpillars,nuscenes,scene-0916,82,0,3,49,0.8085,0.7742,0.0343,0.6962,0.67,0.0263,212.4,88.43,2.402,42.108,49.889,-18.48,8.9435,4.411771,50.671
pointpillars,nuscenes,scene-0916,83,0,3,49,0.8247,0.8085,0.0162,0.6769,0.6714,0.0055,216.37,85.74,2.524,40.158,50.606,-26.016,8.689083,4.338982,50.064
pointpillars,nuscenes,scene-0916,84,0,3,48,0.7917,0.7959,-0.0043,0.6867,0.6843,0.0024,217.23,86.82,2.502,41.81,50.416,-20.585,9.082208,4.377094,51.806
pointpillars,nuscenes,scene-0916,85,1,3,48,0.8085,0.8085,0.0,0.6899,0.6899,0.0,212.04,215.62,0.983,40.256,40.359,-0.255,8.535803,8.702329,-1.951
pointpillars,nuscenes,scene-0916,86,0,3,48,0.8043,0.8125,-0.0082,0.6741,0.6632,0.0109,215.62,90.06,2.394,42.07,50.695,-20.502,9.07125,4.565376,49.672
pointpillars,nuscenes,scene-0916,87,0,3,46,0.8046,0.7727,0.0319,0.6887,0.6757,0.0131,219.04,88.66,2.471,42.558,49.525,-16.37,9.321897,4.390748,52.899
pointpillars,nuscenes,scene-0916,88,0,3,46,0.8049,0.7442,0.0607,0.708,0.6788,0.0293,217.45,87.34,2.49,41.602,52.616,-26.475,9.046497,4.595468,49.202
pointpillars,nuscenes,scene-0916,89,0,3,43,0.8049,0.7561,0.0488,0.703,0.6681,0.0349,212.27,85.06,2.496,41.006,52.195,-27.286,8.704205,4.439493,48.996
pointpillars,nuscenes,scene-0916,90,1,3,43,0.7907,0.7907,0.0,0.6432,0.6432,0.0,216.04,217.48,0.993,41.494,41.167,0.786,8.964108,8.953017,0.124
pointpillars,nuscenes,scene-0916,91,0,3,43,0.7654,0.7654,0.0,0.6531,0.6451,0.008,219.05,86.31,2.538,41.257,52.916,-28.26,9.037167,4.567273,49.461
pointpillars,nuscenes,scene-0916,92,0,3,40,0.7805,0.7654,0.0151,0.6635,0.6706,-0.0071,223.96,83.68,2.676,41.183,51.27,-24.494,9.223129,4.290336,53.483
pointpillars,nuscenes,scene-0916,93,0,3,40,0.775,0.8052,-0.0302,0.6504,0.6305,0.0199,214.83,86.31,2.489,42.047,52.657,-25.233,9.032799,4.544631,49.687
pointpillars,nuscenes,scene-0916,94,0,3,39,0.8056,0.7397,0.0658,0.6584,0.6494,0.009,214.65,86.08,2.493,43.418,51.767,-19.23,9.31957,4.456283,52.184
pointpillars,nuscenes,scene-0916,95,1,3,39,0.8056,0.8056,0.0,0.6524,0.6524,0.0,214.62,218.81,0.981,41.23,40.801,1.041,8.848815,8.927533,-0.89
pointpillars,nuscenes,scene-0916,96,0,3,39,0.7397,0.8052,-0.0655,0.6524,0.5925,0.0599,211.83,79.95,2.649,42.285,49.186,-16.319,8.957173,3.932453,56.097
pointpillars,nuscenes,scene-0916,97,0,3,37,0.7714,0.7467,0.0248,0.6123,0.6118,0.0005,206.38,83.37,2.475,41.706,49.524,-18.745,8.607203,4.128964,52.029
pointpillars,nuscenes,scene-0916,98,0,3,37,0.8205,0.7778,0.0427,0.619,0.6292,-0.0102,211.61,83.85,2.524,42.025,48.42,-15.215,8.89304,4.059851,54.348
pointpillars,nuscenes,scene-1077,0,1,3,16,0.5833,0.5833,0.0,0.7276,0.7276,0.0,166.15,158.8,1.046,44.08,43.872,0.472,7.324013,6.966885,4.876
pointpillars,nuscenes,scene-1077,1,0,3,16,0.6429,0.6207,0.0222,0.7135,0.6629,0.0506,203.1,77.29,2.628,42.36,50.244,-18.612,8.603126,3.883503,54.859
pointpillars,nuscenes,scene-1077,2,0,3,18,0.6,0.5455,0.0545,0.6998,0.6976,0.0022,209.25,79.53,2.631,41.921,53.586,-27.826,8.772207,4.261557,51.42
pointpillars,nuscenes,scene-1077,3,0,3,18,0.6667,0.6,0.0667,0.6916,0.6996,-0.0081,205.64,78.49,2.62,41.199,51.272,-24.45,8.472231,4.024366,52.499
pointpillars,nuscenes,scene-1077,4,0,3,18,0.6486,0.5517,0.0969,0.6542,0.7073,-0.0531,207.59,83.95,2.473,41.818,49.398,-18.124,8.680984,4.146803,52.231
pointpillars,nuscenes,scene-1077,5,1,3,18,0.7273,0.7273,0.0,0.6994,0.6994,0.0,210.02,207.98,1.01,41.041,40.307,1.79,8.619672,8.383171,2.744
pointpillars,nuscenes,scene-1077,6,0,3,18,0.6667,0.6061,0.0606,0.6703,0.6433,0.027,209.97,85.69,2.45,40.747,49.494,-21.465,8.555781,4.241168,50.429
pointpillars,nuscenes,scene-1077,7,0,3,20,0.7059,0.6857,0.0202,0.6814,0.5999,0.0815,225.21,86.49,2.604,40.461,50.259,-24.215,9.112042,4.346896,52.295
pointpillars,nuscenes,scene-1077,8,0,3,20,0.6111,0.6471,-0.0359,0.6726,0.6532,0.0195,209.51,79.9,2.622,41.927,49.766,-18.698,8.784159,3.976365,54.733
pointpillars,nuscenes,scene-1077,9,0,3,20,0.7429,0.5714,0.1714,0.715,0.671,0.044,209.43,84.4,2.481,41.452,49.288,-18.902,8.681296,4.159999,52.081
pointpillars,nuscenes,scene-1077,10,1,3,21,0.7059,0.7059,0.0,0.6524,0.6524,0.0,201.98,203.49,0.993,42.748,40.074,6.255,8.634254,8.154609,5.555
pointpillars,nuscenes,scene-1077,11,0,3,21,0.6875,0.5946,0.0929,0.6717,0.6019,0.0698,207.21,84.75,2.445,41.07,50.095,-21.976,8.510068,4.245759,50.109
pointpillars,nuscenes,scene-1077,12,0,3,21,0.5294,0.5714,-0.042,0.703,0.6107,0.0923,203.64,80.49,2.53,43.092,48.768,-13.172,8.775363,3.925488,55.267
pointpillars,nuscenes,scene-1077,13,0,3,21,0.6452,0.5455,0.0997,0.6514,0.5947,0.0567,205.55,80.64,2.549,41.421,49.176,-18.72,8.514011,3.965656,53.422
pointpillars,nuscenes,scene-1077,14,0,3,21,0.6875,0.4865,0.201,0.5844,0.5809,0.0035,201.66,78.14,2.581,41.745,52.935,-26.806,8.418415,4.136535,50.863
pointpillars,nuscenes,scene-1077,15,1,3,22,0.6286,0.6286,0.0,0.608,0.608,0.0,199.44,209.23,0.953,41.247,40.097,2.787,8.226311,8.389582,-1.985
pointpillars,nuscenes,scene-1077,16,0,3,22,0.5263,0.3889,0.1374,0.643,0.655,-0.0121,201.64,77.31,2.608,39.92,51.612,-29.287,8.049357,3.990332,50.427
pointpillars,nuscenes,scene-1077,17,0,3,22,0.5882,0.4571,0.1311,0.6171,0.6502,-0.0331,208.43,79.59,2.619,40.633,51.433,-26.577,8.469222,4.093413,51.667
pointpillars,nuscenes,scene-1077,18,0,3,22,0.5556,0.3158,0.2398,0.5855,0.5292,0.0563,203.15,82.21,2.471,41.843,47.562,-13.668,8.50035,3.909996,54.002
pointpillars,nuscenes,scene-1077,19,0,3,22,0.5294,0.2941,0.2353,0.6471,0.5518,0.0952,202.26,79.9,2.532,40.592,49.231,-21.282,8.210328,3.933406,52.092
pointpillars,nuscenes,scene-1077,20,1,3,22,0.5625,0.5625,0.0,0.7058,0.7058,0.0,201.21,205.38,0.98,41.691,40.281,3.383,8.388907,8.272916,1.383
pointpillars,nuscenes,scene-1077,21,0,3,22,0.6471,0.5714,0.0756,0.6842,0.6679,0.0164,203.44,75.8,2.684,41.739,48.775,-16.856,8.491365,3.697088,56.461
pointpillars,nuscenes,scene-1077,22,0,3,22,0.6667,0.5294,0.1373,0.6714,0.6194,0.052,207.65,80.29,2.586,42.367,49.549,-16.952,8.797552,3.978457,54.778
pointpillars,nuscenes,scene-1077,23,0,3,22,0.6286,0.5405,0.088,0.6634,0.6336,0.0298,215.8,83.93,2.571,41.333,47.422,-14.731,8.91952,3.980312,55.375
pointpillars,nuscenes,scene-1077,24,0,3,22,0.5455,0.4571,0.0883,0.6597,0.6002,0.0595,204.08,78.98,2.584,41.389,51.587,-24.639,8.446622,4.074515,51.762
pointpillars,nuscenes,scene-1077,25,1,3,23,0.5455,0.5455,0.0,0.6713,0.6713,0.0,210.65,217.31,0.969,41.722,40.459,3.028,8.788842,8.792055,-0.037
pointpillars,nuscenes,scene-1077,26,0,3,23,0.5946,0.4571,0.1375,0.6483,0.6404,0.0079,212.46,84.45,2.516,41.787,49.917,-19.455,8.877892,4.215656,52.515
pointpillars,nuscenes,scene-1077,27,0,3,21,0.6061,0.5882,0.0178,0.6343,0.6579,-0.0236,213.19,83.28,2.56,41.737,52.302,-25.314,8.898028,4.355742,51.048
pointpillars,nuscenes,scene-1077,28,0,3,21,0.6,0.3784,0.2216,0.6902,0.633,0.0572,211.41,81.78,2.585,41.556,52.256,-25.748,8.785205,4.273713,51.353
pointpillars,nuscenes,scene-1077,29,0,3,21,0.6875,0.5556,0.1319,0.6911,0.6655,0.0256,209.97,81.76,2.568,42.465,50.583,-19.117,8.916499,4.135828,53.616
pointpillars,nuscenes,scene-1077,30,1,3,20,0.6452,0.6452,0.0,0.701,0.701,0.0,207.14,210.44,0.984,42.469,40.138,5.49,8.797028,8.446506,3.985
pointpillars,nuscenes,scene-1077,31,0,3,20,0.6471,0.5946,0.0525,0.6953,0.649,0.0463,211.15,79.41,2.659,42.097,52.625,-25.008,8.889006,4.179002,52.987
pointpillars,nuscenes,scene-1077,32,0,3,19,0.6897,0.5143,0.1754,0.7126,0.6171,0.0955,208.04,80.08,2.598,41.942,49.111,-17.092,8.725607,3.93267,54.93
pointpillars,nuscenes,scene-1077,33,0,3,19,0.7333,0.6471,0.0863,0.6862,0.5974,0.0887,209.3,79.36,2.637,41.554,51.001,-22.734,8.697448,4.04764,53.462
pointpillars,nuscenes,scene-1077,34,0,3,19,0.6667,0.4516,0.2151,0.6251,0.5968,0.0283,213.59,84.24,2.535,42.159,50.362,-19.456,9.004946,4.242635,52.886
pointpillars,nuscenes,scene-1077,35,1,3,19,0.7273,0.7273,0.0,0.6362,0.6362,0.0,208.52,213.7,0.976,42.144,41.449,1.65,8.787906,8.857638,-0.793
pointpillars,nuscenes,scene-1077,36,0,3,19,0.6,0.5625,0.0375,0.6369,0.5793,0.0576,214.95,81.68,2.632,42.214,50.997,-20.807,9.073781,4.165333,54.095
pointpillars,nuscenes,scene-1077,37,0,3,21,0.5625,0.5,0.0625,0.6927,0.648,0.0447,215.51,84.31,2.556,40.988,52.21,-27.379,8.833363,4.401584,50.171
pointpillars,nuscenes,scene-1077,38,0,3,21,0.5806,0.4571,0.1235,0.6086,0.6235,-0.0148,218.41,86.61,2.522,42.321,50.749,-19.913,9.243491,4.39545,52.448
pointpillars,nuscenes,scene-1077,39,0,3,21,0.5333,0.4375,0.0958,0.6818,0.6183,0.0635,239.26,84.04,2.847,41.959,48.601,-15.831,10.038932,4.08428,59.316
pointpillars,nuscenes,scene-1077,40,1,3,21,0.5625,0.5625,0.0,0.6177,0.6177,0.0,215.82,221.35,0.975,41.587,40.533,2.535,8.975219,8.971963,0.036
pointpillars,nuscenes,scene-1077,41,0,3,21,0.5161,0.3636,0.1525,0.6167,0.6594,-0.0427,217.56,84.93,2.562,41.769,50.986,-22.068,9.087143,4.33021,52.348
pointpillars,nuscenes,scene-1077,42,0,3,20,0.5333,0.303,0.2303,0.6031,0.6519,-0.0488,216.74,86.53,2.505,41.665,50.951,-22.288,9.030324,4.409033,51.175
pointpillars,nuscenes,scene-1077,43,0,3,20,0.4828,0.3448,0.1379,0.6919,0.6233,0.0686,222.53,81.03,2.746,42.836,53.252,-24.318,9.532374,4.315213,54.731
pointpillars,nuscenes,scene-1077,44,0,3,20,0.4828,0.3704,0.1124,0.6694,0.6156,0.0539,240.28,85.83,2.799,40.317,52.29,-29.697,9.687447,4.488168,53.67
pointpillars,nuscenes,scene-1077,45,1,3,19,0.5185,0.5185,0.0,0.6593,0.6593,0.0,214.74,221.43,0.97,41.5,40.4,2.651,8.911707,8.945809,-0.383
pointpillars,nuscenes,scene-1077,46,0,3,19,0.5185,0.5,0.0185,0.7221,0.6139,0.1082,223.52,84.42,2.648,42.037,52.323,-24.467,9.396109,4.417182,52.989
pointpillars,nuscenes,scene-1077,47,0,3,20,0.4828,0.4,0.0828,0.6871,0.5654,0.1216,225.12,95.62,2.354,41.012,50.139,-22.253,9.232755,4.794398,48.072
pointpillars,nuscenes,scene-1077,48,0,3,20,0.5517,0.2857,0.266,0.6757,0.5831,0.0926,221.02,87.05,2.539,43.358,47.404,-9.332,9.583091,4.126274,56.942
pointpillars,nuscenes,scene-1077,49,0,3,20,0.4286,0.3448,0.0837,0.693,0.6307,0.0623,236.35,86.97,2.718,41.487,51.638,-24.466,9.80567,4.490786,54.202
pointpillars,nuscenes,scene-1077,50,1,3,21,0.3333,0.3333,0.0,0.7276,0.7276,0.0,214.0,219.58,0.975,41.333,40.064,3.069,8.845354,8.797365,0.543
pointpillars,nuscenes,scene-1077,51,0,3,21,0.4138,0.4,0.0138,0.7253,0.7351,-0.0098,216.63,85.06,2.547,41.279,49.435,-19.758,8.942185,4.205121,52.974
pointpillars,nuscenes,scene-1077,52,0,3,20,0.3846,0.4286,-0.044,0.6731,0.6383,0.0348,215.53,84.55,2.549,40.83,47.159,-15.501,8.800269,3.987127,54.693
pointpillars,nuscenes,scene-1077,53,0,3,20,0.4286,0.3333,0.0952,0.6983,0.7108,-0.0125,211.5,84.98,2.489,42.046,50.62,-20.394,8.892852,4.301951,51.625
pointpillars,nuscenes,scene-1077,54,0,3,20,0.4667,0.4,0.0667,0.649,0.6139,0.0351,217.3,84.08,2.584,41.727,49.877,-19.533,9.067118,4.193715,53.748
pointpillars,nuscenes,scene-1077,55,1,3,20,0.5806,0.5806,0.0,0.6196,0.6196,0.0,212.4,215.99,0.983,41.703,40.47,2.956,8.857478,8.741172,1.313
pointpillars,nuscenes,scene-1077,56,0,3,20,0.6471,0.5455,0.1016,0.572,0.5534,0.0186,212.13,78.85,2.69,42.12,51.898,-23.215,8.934754,4.092269,54.198
pointpillars,nuscenes,scene-1077,57,0,3,21,0.5455,0.3889,0.1566,0.6232,0.5824,0.0409,215.31,80.82,2.664,41.471,52.138,-25.721,8.929198,4.213635,52.811
pointpillars,nuscenes,scene-1077,58,0,3,21,0.5294,0.5,0.0294,0.6586,0.6354,0.0231,214.07,89.07,2.403,42.048,50.603,-20.346,9.001155,4.507243,49.926
pointpillars,nuscenes,scene-1077,59,0,3,21,0.5714,0.5143,0.0571,0.6311,0.5866,0.0445,218.21,90.99,2.398,40.907,50.778,-24.129,8.926233,4.620218,48.24
pointpillars,nuscenes,scene-1077,60,1,3,20,0.6061,0.6061,0.0,0.6131,0.6131,0.0,214.85,216.22,0.994,42.92,39.532,7.893,9.221164,8.547539,7.305
pointpillars,nuscenes,scene-1077,61,0,3,20,0.6,0.4516,0.1484,0.6621,0.6724,-0.0103,215.71,88.24,2.445,42.958,50.205,-16.869,9.266479,4.429889,52.194
pointpillars,nuscenes,scene-1077,62,0,3,19,0.5806,0.4242,0.1564,0.6774,0.6156,0.0618,214.43,89.45,2.397,41.44,51.048,-23.186,8.885791,4.566067,48.614
pointpillars,nuscenes,scene-1077,63,0,3,19,0.5625,0.4,0.1625,0.6798,0.6607,0.0191,213.59,89.26,2.393,41.656,49.132,-17.945,8.897259,4.3853,50.712
pointpillars,nuscenes,scene-1077,64,0,3,19,0.6207,0.3529,0.2677,0.6615,0.6715,-0.0099,223.8,87.54,2.557,42.77,50.862,-18.921,9.57184,4.452312,53.485
pointpillars,nuscenes,scene-1077,65,1,3,21,0.5625,0.5625,0.0,0.6727,0.6727,0.0,214.44,212.88,1.007,45.784,40.47,11.607,9.818067,8.615216,12.251
pointpillars,nuscenes,scene-1077,66,0,3,21,0.5333,0.4375,0.0958,0.5965,0.5885,0.0081,209.74,84.15,2.492,42.186,52.274,-23.912,8.84811,4.398961,50.284
pointpillars,nuscenes,scene-1077,67,0,3,25,0.5,0.2941,0.2059,0.5796,0.6785,-0.0989,212.05,82.19,2.58,41.693,52.583,-26.118,8.840925,4.321843,51.115
pointpillars,nuscenes,scene-1077,68,0,3,25,0.5,0.4118,0.0882,0.5308,0.5959,-0.0651,207.97,81.31,2.558,42.111,50.146,-19.08,8.757973,4.077103,53.447
pointpillars,nuscenes,scene-1077,69,0,3,25,0.5,0.3429,0.1571,0.5712,0.5548,0.0163,218.97,82.09,2.667,42.597,48.746,-14.436,9.327581,4.001705,57.098
pointpillars,nuscenes,scene-1077,70,1,3,27,0.5789,0.5789,0.0,0.5203,0.5203,0.0,228.97,221.71,1.033,41.348,41.267,0.194,9.467468,9.149268,3.361
pointpillars,nuscenes,scene-1077,71,0,3,27,0.65,0.5854,0.0646,0.4581,0.4505,0.0077,222.84,88.5,2.518,42.841,50.069,-16.871,9.546518,4.431128,53.584
pointpillars,nuscenes,scene-1077,72,0,3,26,0.6316,0.5128,0.1188,0.5138,0.5287,-0.015,209.99,81.5,2.577,42.932,53.329,-24.219,9.015387,4.346203,51.791
pointpillars,nuscenes,scene-1077,73,0,3,26,0.619,0.5778,0.0413,0.5572,0.5621,-0.0049,210.7,77.11,2.732,42.65,55.444,-29.998,8.98624,4.275527,52.421
pointpillars,nuscenes,scene-1077,74,0,3,26,0.6957,0.6522,0.0435,0.4532,0.4387,0.0145,209.76,77.86,2.694,44.18,54.277,-22.852,9.267047,4.225739,54.4
pointpillars,nuscenes,scene-1077,75,1,3,26,0.7111,0.7111,0.0,0.547,0.547,0.0,214.76,215.32,0.997,42.437,41.234,2.836,9.113642,8.878566,2.579
pointpillars,nuscenes,scene-1077,76,0,3,26,0.7273,0.72,0.0073,0.5434,0.5058,0.0377,214.45,77.52,2.766,42.768,53.879,-25.979,9.171564,4.176781,54.459
pointpillars,nuscenes,scene-1077,77,0,3,28,0.6957,0.6047,0.091,0.533,0.5281,0.0049,216.63,82.1,2.639,43.091,50.201,-16.499,9.334869,4.121492,55.848
pointpillars,nuscenes,scene-1077,78,0,3,28,0.6538,0.5769,0.0769,0.5929,0.5695,0.0234,215.6,77.2,2.793,42.308,50.846,-20.182,9.121605,3.925404,56.966
pointpillars,nuscenes,scene-1077,79,0,3,28,0.68,0.6122,0.0678,0.5749,0.5751,-0.0002,216.42,82.52,2.622,42.237,52.673,-24.71,9.140708,4.34679,52.446
pointpillars,nuscenes,scene-1077,80,1,3,27,0.717,0.717,0.0,0.5794,0.5794,0.0,216.21,237.26,0.911,43.263,42.785,1.105,9.354085,10.151233,-8.522
pointpillars,nuscenes,scene-1077,81,0,3,27,0.7843,0.6545,0.1298,0.5161,0.4987,0.0173,216.79,78.1,2.776,43.005,55.655,-29.416,9.323052,4.346668,53.377
pointpillars,nuscenes,scene-1077,82,0,3,28,0.7843,0.6316,0.1527,0.5497,0.5247,0.025,222.3,80.02,2.778,43.032,53.161,-23.539,9.565776,4.254086,55.528
pointpillars,nuscenes,scene-1077,83,0,3,28,0.7059,0.6415,0.0644,0.5948,0.5803,0.0145,229.08,80.25,2.854,44.066,52.793,-19.805,10.094779,4.236892,58.029
pointpillars,nuscenes,scene-1077,84,0,3,28,0.6939,0.6,0.0939,0.6059,0.577,0.0289,221.64,79.11,2.802,44.366,56.031,-26.291,9.833217,4.432584,54.922
pointpillars,nuscenes,scene-1077,85,1,3,29,0.6923,0.6923,0.0,0.5462,0.5462,0.0,219.98,226.41,0.972,43.21,43.367,-0.363,9.505462,9.818585,-3.294
pointpillars,nuscenes,scene-1077,86,0,3,29,0.75,0.6154,0.1346,0.4758,0.4415,0.0343,223.58,87.07,2.568,43.965,52.854,-20.219,9.82965,4.601779,53.185
pointpillars,nuscenes,scene-1077,87,0,3,31,0.68,0.549,0.131,0.5249,0.5198,0.0051,216.45,78.01,2.775,43.627,52.049,-19.304,9.443228,4.060307,57.003
pointpillars,nuscenes,scene-1077,88,0,3,31,0.7308,0.6,0.1308,0.4538,0.5009,-0.047,217.49,82.81,2.626,44.332,57.293,-29.236,9.641666,4.744253,50.794
pointpillars,nuscenes,scene-1077,89,0,3,31,0.7407,0.5,0.2407,0.488,0.4923,-0.0043,221.48,79.86,2.773,44.422,49.591,-11.635,9.838491,3.960204,59.748
pointpillars,nuscenes,scene-1077,90,1,3,31,0.6122,0.6122,0.0,0.5239,0.5239,0.0,221.92,220.99,1.004,43.391,43.063,0.755,9.62943,9.516584,1.172
pointpillars,nuscenes,scene-1077,91,0,3,31,0.6154,0.5532,0.0622,0.4645,0.3954,0.0691,226.56,75.18,3.014,43.233,56.325,-30.281,9.794803,4.234274,56.77
pointpillars,nuscenes,scene-1077,92,0,3,29,0.5366,0.56,-0.0234,0.5002,0.4394,0.0608,217.58,81.43,2.672,44.389,55.105,-24.141,9.658134,4.487161,53.54
pointpillars,nuscenes,scene-1077,93,0,3,29,0.381,0.4,-0.019,0.6326,0.4804,0.1522,224.55,79.67,2.819,42.786,54.891,-28.292,9.607714,4.373185,54.483
pointpillars,nuscenes,scene-1077,94,0,3,29,0.4783,0.3556,0.1227,0.5305,0.541,-0.0105,215.54,77.78,2.771,43.166,55.437,-28.429,9.304081,4.312101,53.654
pointpillars,nuscenes,scene-1077,95,1,3,22,0.5294,0.5294,0.0,0.618,0.618,0.0,216.18,215.12,1.005,43.042,42.907,0.313,9.304813,9.230195,0.802
pointpillars,nuscenes,scene-1077,96,0,3,22,0.5789,0.3429,0.2361,0.5098,0.5285,-0.0187,234.69,84.91,2.764,41.623,53.202,-27.819,9.768469,4.517589,53.753
pointpillars,nuscenes,scene-1077,97,0,3,19,0.3529,0.3333,0.0196,0.5319,0.5305,0.0015,217.62,81.48,2.671,42.642,52.632,-23.427,9.279974,4.288462,53.788
pointpillars,nuscenes,scene-1077,98,0,3,19,0.3226,0.25,0.0726,0.5939,0.6591,-0.0651,219.12,82.53,2.655,42.011,54.4,-29.49,9.205437,4.489603,51.229
pointpillars,nuscenes,scene-1077,99,0,3,19,0.2,0.2,0.0,0.7238,0.7144,0.0094,216.66,78.55,2.758,42.177,57.169,-35.545,9.138236,4.490487,50.86
pointpillars,nuscenes,scene-1094,0,1,3,52,0.8039,0.8039,0.0,0.5984,0.5984,0.0,160.75,153.12,1.05,41.718,43.31,-3.817,6.706059,6.631638,1.11
pointpillars,nuscenes,scene-1094,1,0,3,52,0.8155,0.75,0.0655,0.5765,0.5034,0.0731,196.22,65.0,3.019,40.283,47.191,-17.15,7.904334,3.067313,61.195
pointpillars,nuscenes,scene-1094,2,0,3,53,0.699,0.7692,-0.0702,0.5711,0.4877,0.0834,192.36,67.34,2.857,39.43,49.81,-26.327,7.584604,3.354192,55.776
pointpillars,nuscenes,scene-1094,3,0,3,53,0.6667,0.7327,-0.066,0.5621,0.5089,0.0532,190.9,70.51,2.707,38.623,47.539,-23.085,7.373136,3.351884,54.539
pointpillars,nuscenes,scene-1094,4,0,3,53,0.6939,0.6458,0.048,0.535,0.5199,0.0151,191.94,70.09,2.738,39.748,49.431,-24.361,7.629061,3.464613,54.587
pointpillars,nuscenes,scene-1094,5,1,3,57,0.6392,0.6392,0.0,0.5578,0.5578,0.0,192.92,195.38,0.987,39.238,40.519,-3.265,7.569772,7.916778,-4.584
pointpillars,nuscenes,scene-1094,6,0,3,57,0.6667,0.6327,0.034,0.5892,0.5226,0.0666,209.45,68.38,3.063,39.391,48.495,-23.113,8.250597,3.316165,59.807
pointpillars,nuscenes,scene-1094,7,0,3,58,0.6667,0.6415,0.0252,0.6147,0.5374,0.0773,195.89,73.24,2.675,40.299,48.602,-20.601,7.894346,3.559373,54.912
pointpillars,nuscenes,scene-1094,8,0,3,58,0.7568,0.6731,0.0837,0.5581,0.518,0.04,199.04,71.24,2.794,42.18,49.544,-17.459,8.395616,3.529389,57.962
pointpillars,nuscenes,scene-1094,9,0,3,58,0.7273,0.6535,0.0738,0.556,0.4547,0.1013,198.85,74.56,2.667,39.949,46.035,-15.236,7.943748,3.432241,56.793
pointpillars,nuscenes,scene-1094,10,1,3,59,0.7387,0.7387,0.0,0.5409,0.5409,0.0,198.49,205.13,0.968,40.247,42.156,-4.742,7.988498,8.647337,-8.247
pointpillars,nuscenes,scene-1094,11,0,3,59,0.7339,0.6535,0.0805,0.5519,0.4946,0.0573,200.09,82.22,2.434,42.019,47.262,-12.477,8.407799,3.885733,53.784
pointpillars,nuscenes,scene-1094,12,0,3,59,0.7273,0.7103,0.017,0.5504,0.4838,0.0666,203.49,84.09,2.42,39.9,50.405,-26.331,8.119165,4.238371,47.798
pointpillars,nuscenes,scene-1094,13,0,3,59,0.7544,0.7156,0.0388,0.5499,0.4673,0.0826,212.76,81.59,2.608,39.087,51.745,-32.385,8.316232,4.222018,49.232
pointpillars,nuscenes,scene-1094,14,0,3,59,0.7863,0.7477,0.0387,0.5608,0.4975,0.0633,215.06,84.39,2.548,41.025,47.999,-16.999,8.822779,4.050667,54.089
pointpillars,nuscenes,scene-1094,15,1,3,61,0.7636,0.7636,0.0,0.538,0.538,0.0,208.52,216.87,0.961,39.992,40.587,-1.49,8.338869,8.802189,-5.556
pointpillars,nuscenes,scene-1094,16,0,3,61,0.729,0.7455,-0.0165,0.5358,0.4839,0.0519,214.4,84.1,2.549,39.488,46.9,-18.772,8.466307,3.944269,53.412
pointpillars,nuscenes,scene-1094,17,0,3,61,0.789,0.7664,0.0226,0.5492,0.458,0.0912,219.53,85.18,2.577,40.285,48.257,-19.787,8.843708,4.110311,53.523
pointpillars,nuscenes,scene-1094,18,0,3,61,0.7238,0.6909,0.0329,0.5703,0.4696,0.1007,216.93,91.46,2.372,40.264,49.764,-23.595,8.734409,4.551407,47.891
pointpillars,nuscenes,scene-1094,19,0,3,61,0.75,0.729,0.021,0.5957,0.5188,0.077,210.6,86.84,2.425,40.095,46.08,-14.925,8.444206,4.00176,52.609
pointpillars,nuscenes,scene-1094,20,1,3,61,0.8108,0.8108,0.0,0.5712,0.5712,0.0,213.79,218.33,0.979,40.959,41.027,-0.166,8.756589,8.957423,-2.294
pointpillars,nuscenes,scene-1094,21,0,3,61,0.85,0.7963,0.0537,0.5689,0.5221,0.0468,214.3,86.89,2.466,40.436,48.413,-19.726,8.665521,4.206637,51.455
pointpillars,nuscenes,scene-1094,22,0,3,60,0.7692,0.7797,-0.0104,0.5685,0.4777,0.0907,216.12,89.58,2.413,41.601,48.256,-15.999,8.990811,4.322905,51.919
pointpillars,nuscenes,scene-1094,23,0,3,60,0.8174,0.7339,0.0834,0.5747,0.4726,0.1021,220.44,90.64,2.432,42.094,45.798,-8.799,9.27916,4.151101,55.264
pointpillars,nuscenes,scene-1094,24,0,3,60,0.7368,0.6852,0.0517,0.5625,0.5052,0.0573,216.09,90.83,2.379,40.732,48.143,-18.193,8.801974,4.372927,50.319
pointpillars,nuscenes,scene-1094,25,1,3,61,0.7667,0.7667,0.0,0.5616,0.5616,0.0,215.28,216.61,0.994,41.796,41.345,1.08,8.997786,8.955712,0.468
pointpillars,nuscenes,scene-1094,26,0,3,61,0.6972,0.6606,0.0367,0.5702,0.5145,0.0557,215.24,87.0,2.474,42.016,49.771,-18.458,9.043502,4.330267,52.117
pointpillars,nuscenes,scene-1094,27,0,3,62,0.7679,0.6078,0.16,0.5535,0.539,0.0146,217.67,85.39,2.549,44.277,50.439,-13.918,9.637576,4.307218,55.308
pointpillars,nuscenes,scene-1094,28,0,3,62,0.7826,0.6923,0.0903,0.5416,0.5064,0.0352,216.16,87.98,2.457,41.912,49.741,-18.678,9.059884,4.376118,51.698
pointpillars,nuscenes,scene-1094,29,0,3,62,0.8103,0.6415,0.1688,0.55,0.4862,0.0638,221.83,93.92,2.362,41.559,49.617,-19.387,9.219295,4.660175,49.452
pointpillars,nuscenes,scene-1094,30,1,3,64,0.7143,0.7143,0.0,0.5764,0.5764,0.0,219.09,225.57,0.971,42.198,41.702,1.177,9.24539,9.406708,-1.745
pointpillars,nuscenes,scene-1094,31,0,3,64,0.8034,0.6916,0.1118,0.5239,0.4886,0.0353,218.64,90.27,2.422,41.735,48.989,-17.379,9.125062,4.422006,51.54
pointpillars,nuscenes,scene-1094,32,0,3,64,0.7719,0.6796,0.0923,0.5109,0.4736,0.0374,219.8,89.6,2.453,42.32,48.637,-14.926,9.302092,4.357676,53.154
pointpillars,nuscenes,scene-1094,33,0,3,64,0.7568,0.699,0.0577,0.5298,0.4753,0.0545,226.96,89.68,2.531,42.176,50.75,-20.33,9.572071,4.551104,52.454
pointpillars,nuscenes,scene-1094,34,0,3,64,0.7586,0.7027,0.0559,0.4976,0.4554,0.0422,228.59,88.93,2.57,41.427,50.358,-21.558,9.469973,4.478566,52.708
pointpillars,nuscenes,scene-1094,35,1,3,64,0.7333,0.7333,0.0,0.5035,0.5035,0.0,216.94,221.6,0.979,41.48,40.732,1.802,8.99863,9.026195,-0.306
pointpillars,nuscenes,scene-1094,36,0,3,64,0.8,0.7387,0.0613,0.4996,0.477,0.0226,225.43,93.58,2.409,41.476,50.228,-21.103,9.34996,4.700115,49.731
pointpillars,nuscenes,scene-1094,37,0,3,64,0.7797,0.7103,0.0694,0.5599,0.4629,0.097,221.75,93.24,2.378,42.15,48.136,-14.201,9.346657,4.4881,51.982
pointpillars,nuscenes,scene-1094,38,0,3,64,0.7091,0.6909,0.0182,0.534,0.5054,0.0286,221.73,95.43,2.323,40.901,51.002,-24.697,9.068992,4.867334,46.33
pointpillars,nuscenes,scene-1094,39,0,3,64,0.7458,0.7018,0.044,0.5149,0.4715,0.0434,220.28,93.89,2.346,42.971,50.475,-17.463,9.465806,4.739114,49.934
pointpillars,nuscenes,scene-1094,40,1,3,61,0.6847,0.6847,0.0,0.5591,0.5591,0.0,218.17,223.97,0.974,41.818,41.44,0.904,9.123197,9.281184,-1.732
pointpillars,nuscenes,scene-1094,41,0,3,61,0.7611,0.6286,0.1325,0.5659,0.5416,0.0242,229.97,97.57,2.357,40.964,49.978,-22.007,9.420526,4.876285,48.238
pointpillars,nuscenes,scene-1094,42,0,3,58,0.7407,0.7477,-0.0069,0.5884,0.5268,0.0616,213.53,86.75,2.461,42.043,50.941,-21.165,8.977313,4.419329,50.772
pointpillars,nuscenes,scene-1094,43,0,3,58,0.6903,0.717,-0.0267,0.5865,0.5259,0.0606,220.86,91.3,2.419,42.03,50.179,-19.388,9.282692,4.581411,50.646
pointpillars,nuscenes,scene-1094,44,0,3,58,0.7143,0.6355,0.0788,0.6217,0.4954,0.1263,217.16,90.75,2.393,41.707,48.746,-16.875,9.057294,4.423432,51.162
pointpillars,nuscenes,scene-1094,45,1,3,55,0.7308,0.7308,0.0,0.5678,0.5678,0.0,212.04,217.14,0.976,41.374,40.153,2.95,8.772809,8.719063,0.613
pointpillars,nuscenes,scene-1094,46,0,3,55,0.7475,0.7475,0.0,0.5308,0.476,0.0548,233.29,86.57,2.695,40.109,50.152,-25.04,9.356877,4.341543,53.601
pointpillars,nuscenes,scene-1094,47,0,3,56,0.6869,0.6105,0.0763,0.5759,0.5366,0.0393,214.45,93.03,2.305,42.426,49.018,-15.538,9.098404,4.56016,49.88
pointpillars,nuscenes,scene-1094,48,0,3,56,0.6939,0.6452,0.0487,0.5735,0.5241,0.0494,208.94,87.3,2.393,39.973,50.714,-26.87,8.351999,4.427434,46.99
pointpillars,nuscenes,scene-1094,49,0,3,56,0.625,0.6042,0.0208,0.6021,0.5009,0.1012,212.58,85.7,2.481,40.907,49.209,-20.295,8.695871,4.217089,51.505
pointpillars,nuscenes,scene-1094,50,1,3,50,0.5814,0.5814,0.0,0.5778,0.5778,0.0,207.83,217.52,0.955,39.976,38.69,3.217,8.308477,8.415811,-1.292
pointpillars,nuscenes,scene-1094,51,0,3,50,0.5063,0.5316,-0.0253,0.6521,0.6162,0.0359,226.92,81.76,2.775,40.465,49.779,-23.018,9.182212,4.069905,55.676
pointpillars,nuscenes,scene-1094,52,0,3,47,0.4789,0.4384,0.0405,0.7027,0.6842,0.0185,204.02,78.16,2.61,41.781,49.258,-17.896,8.524126,3.850106,54.833
pointpillars,nuscenes,scene-1094,53,0,3,47,0.5067,0.4156,0.0911,0.6777,0.6534,0.0243,212.36,85.74,2.477,40.074,46.211,-15.314,8.510172,3.96209,53.443
pointpillars,nuscenes,scene-1094,54,0,3,47,0.4722,0.4615,0.0107,0.7375,0.7135,0.024,210.75,84.65,2.49,39.995,47.218,-18.06,8.428736,3.997024,52.579
pointpillars,nuscenes,scene-1094,55,1,3,36,0.5,0.5,0.0,0.7034,0.7034,0.0,213.87,214.57,0.997,41.102,40.275,2.01,8.790278,8.641829,1.689
pointpillars,nuscenes,scene-1094,56,0,3,36,0.5,0.4516,0.0484,0.6963,0.7257,-0.0294,224.41,82.17,2.731,39.862,48.132,-20.747,8.945647,3.954856,55.79
pointpillars,nuscenes,scene-1094,57,0,3,34,0.5,0.4839,0.0161,0.7287,0.7226,0.0062,207.37,83.35,2.488,40.897,50.569,-23.651,8.480846,4.214836,50.302
pointpillars,nuscenes,scene-1094,58,0,3,34,0.5484,0.5085,0.0399,0.7113,0.7275,-0.0162,208.76,83.17,2.51,40.536,49.398,-21.862,8.462398,4.108659,51.448
pointpillars,nuscenes,scene-1094,59,0,3,34,0.5614,0.5246,0.0368,0.6899,0.692,-0.0021,213.04,83.21,2.56,40.312,50.041,-24.133,8.587972,4.163716,51.517
pointpillars,nuscenes,scene-1094,60,1,3,35,0.678,0.678,0.0,0.6965,0.6965,0.0,217.33,215.29,1.009,40.909,40.638,0.663,8.890642,8.748685,1.597
pointpillars,nuscenes,scene-1094,61,0,3,35,0.5937,0.4912,0.1025,0.7408,0.7759,-0.0351,215.54,81.1,2.658,42.023,48.145,-14.569,9.057436,3.904547,56.891
pointpillars,nuscenes,scene-1094,62,0,3,31,0.6984,0.6032,0.0952,0.6979,0.6848,0.0131,214.03,83.55,2.562,41.564,50.423,-21.315,8.896015,4.212967,52.642
pointpillars,nuscenes,scene-1094,63,0,3,31,0.6875,0.6154,0.0721,0.7026,0.686,0.0166,217.71,87.31,2.493,43.06,50.506,-17.293,9.374648,4.409918,52.959
pointpillars,nuscenes,scene-1094,64,0,3,31,0.7385,0.625,0.1135,0.6392,0.6378,0.0013,214.73,83.72,2.565,42.565,48.627,-14.242,9.140036,4.071305,55.456
pointpillars,nuscenes,scene-1094,65,1,3,29,0.7541,0.7541,0.0,0.6718,0.6718,0.0,226.33,217.43,1.041,41.795,41.659,0.325,9.459679,9.058081,4.245
pointpillars,nuscenes,scene-1094,66,0,3,29,0.7119,0.6316,0.0803,0.653,0.6385,0.0145,215.43,83.2,2.589,42.732,50.644,-18.514,9.205928,4.213809,54.227
pointpillars,nuscenes,scene-1094,67,0,3,28,0.5937,0.6102,-0.0164,0.7029,0.6433,0.0596,230.23,86.39,2.665,42.341,51.128,-20.753,9.748242,4.416794,54.691
pointpillars,nuscenes,scene-1094,68,0,3,28,0.6552,0.5517,0.1034,0.623,0.6601,-0.0371,216.38,87.7,2.467,41.764,51.629,-23.621,9.037123,4.52805,49.895
pointpillars,nuscenes,scene-1094,69,0,3,28,0.6667,0.5965,0.0702,0.6455,0.6409,0.0046,220.04,87.51,2.515,42.635,50.812,-19.177,9.381435,4.446377,52.605
pointpillars,nuscenes,scene-1094,70,1,3,27,0.6182,0.6182,0.0,0.6751,0.6751,0.0,217.93,215.82,1.01,41.167,41.369,-0.49,8.971551,8.928164,0.484
pointpillars,nuscenes,scene-1094,71,0,3,27,0.6545,0.5,0.1545,0.668,0.6834,-0.0154,215.08,86.84,2.477,42.199,50.739,-20.239,9.076068,4.406114,51.453
pointpillars,nuscenes,scene-1094,72,0,3,27,0.7037,0.6429,0.0608,0.6561,0.6507,0.0054,215.95,85.23,2.534,41.752,50.286,-20.44,9.016195,4.285795,52.466
pointpillars,nuscenes,scene-1094,73,0,3,27,0.6792,0.5882,0.091,0.6709,0.6556,0.0153,213.22,92.23,2.312,41.783,48.151,-15.242,8.908895,4.440758,50.154
pointpillars,nuscenes,scene-1094,74,0,3,27,0.7059,0.6,0.1059,0.6629,0.6315,0.0314,217.63,86.88,2.505,43.532,47.046,-8.072,9.474036,4.087169,56.859
pointpillars,nuscenes,scene-1094,75,1,3,26,0.6,0.6,0.0,0.6663,0.6663,0.0,219.22,227.42,0.964,43.141,41.63,3.501,9.457247,9.467533,-0.109
pointpillars,nuscenes,scene-1094,76,0,3,26,0.5833,0.5283,0.055,0.7013,0.6575,0.0438,224.6,89.03,2.523,41.512,51.02,-22.906,9.323423,4.542173,51.282
pointpillars,nuscenes,scene-1094,77,0,3,22,0.7442,0.6522,0.092,0.679,0.6337,0.0454,219.29,88.37,2.482,43.277,50.302,-16.232,9.490225,4.444999,53.162
pointpillars,nuscenes,scene-1094,78,0,3,22,0.6818,0.6512,0.0307,0.6896,0.6662,0.0234,225.0,94.17,2.389,42.199,47.973,-13.683,9.494542,4.517642,52.419
pointpillars,nuscenes,scene-1094,79,0,3,22,0.7317,0.5854,0.1463,0.6913,0.6754,0.0159,219.45,88.53,2.479,42.742,50.91,-19.11,9.379658,4.506818,51.951
pointpillars,nuscenes,scene-1094,80,1,3,23,0.6522,0.6522,0.0,0.6681,0.6681,0.0,227.76,229.28,0.993,42.164,43.081,-2.174,9.603104,9.877442,-2.857
pointpillars,nuscenes,scene-1094,81,0,3,23,0.6087,0.5532,0.0555,0.637,0.6417,-0.0046,225.28,86.31,2.61,42.581,47.772,-12.191,9.592759,4.123075,57.019
pointpillars,nuscenes,scene-1094,82,0,3,19,0.6341,0.6,0.0341,0.6528,0.6591,-0.0063,221.39,87.46,2.531,41.844,50.628,-20.994,9.263669,4.427779,52.203
pointpillars,nuscenes,scene-1094,83,0,3,19,0.6286,0.5789,0.0496,0.6813,0.6109,0.0704,224.25,89.93,2.494,42.179,47.018,-11.473,9.458684,4.228162,55.299
pointpillars,nuscenes,scene-1094,84,0,3,19,0.6316,0.6061,0.0255,0.7047,0.7002,0.0044,221.44,91.17,2.429,42.754,50.237,-17.504,9.467345,4.579983,51.623
pointpillars,nuscenes,scene-1094,85,1,3,16,0.5556,0.5556,0.0,0.6602,0.6602,0.0,216.15,222.73,0.97,42.826,41.709,2.608,9.257103,9.289777,-0.353
pointpillars,nuscenes,scene-1094,86,0,3,16,0.5455,0.45,0.0955,0.6977,0.6027,0.095,213.4,91.61,2.329,41.433,49.494,-19.456,8.841794,4.5342,48.719
pointpillars,nuscenes,scene-1094,87,0,3,15,0.5,0.4138,0.0862,0.7014,0.6015,0.0999,230.31,90.13,2.555,41.671,48.426,-16.209,9.597519,4.364448,54.525
pointpillars,nuscenes,scene-1094,88,0,3,15,0.5714,0.5185,0.0529,0.6606,0.6467,0.0138,212.99,86.34,2.467,41.164,48.79,-18.526,8.767383,4.212712,51.95
pointpillars,nuscenes,scene-1094,89,0,3,15,0.5926,0.2857,0.3069,0.6641,0.6388,0.0252,221.11,84.3,2.623,41.82,49.658,-18.744,9.246849,4.18635,54.727
pointpillars,nuscenes,scene-1094,90,1,3,16,0.5806,0.5806,0.0,0.6306,0.6306,0.0,212.7,215.17,0.989,42.059,41.646,0.983,8.946014,8.960848,-0.166
pointpillars,nuscenes,scene-1094,91,0,3,16,0.6452,0.5333,0.1118,0.6344,0.5835,0.0509,215.02,84.48,2.545,42.819,47.363,-10.612,9.206825,4.001296,56.54
pointpillars,nuscenes,scene-1094,92,0,3,15,0.625,0.3846,0.2404,0.6277,0.6273,0.0004,238.76,85.52,2.792,41.095,50.076,-21.857,9.811901,4.282373,56.355
pointpillars,nuscenes,scene-1094,93,0,3,15,0.5333,0.48,0.0533,0.636,0.6016,0.0344,216.77,87.28,2.484,41.472,49.173,-18.568,8.989848,4.291583,52.262
pointpillars,nuscenes,scene-1094,94,0,3,15,0.7143,0.5185,0.1958,0.5838,0.542,0.0418,219.39,83.35,2.632,42.7,50.689,-18.71,9.367868,4.225096,54.898
pointpillars,nuscenes,scene-1094,95,1,3,14,0.7407,0.7407,0.0,0.5898,0.5898,0.0,215.77,218.51,0.987,42.713,42.164,1.286,9.216442,9.21314,0.036
pointpillars,nuscenes,scene-1094,96,0,3,14,0.6207,0.5833,0.0374,0.6346,0.5197,0.1149,219.69,83.37,2.635,42.185,51.468,-22.007,9.267488,4.291115,53.697
pointpillars,nuscenes,scene-1100,0,1,3,24,0.8511,0.8511,0.0,0.5893,0.5893,0.0,165.79,163.78,1.012,40.435,41.729,-3.2,6.703615,6.834224,-1.948
pointpillars,nuscenes,scene-1100,1,0,3,24,0.8511,0.8085,0.0426,0.5944,0.588,0.0064,198.15,61.41,3.227,41.187,43.264,-5.044,8.161027,2.656956,67.443
pointpillars,nuscenes,scene-1100,2,0,3,25,0.8085,0.8182,-0.0097,0.5779,0.5601,0.0178,199.11,72.27,2.755,40.951,45.19,-10.354,8.153519,3.265755,59.947
pointpillars,nuscenes,scene-1100,3,0,3,25,0.7917,0.766,0.0257,0.5892,0.5732,0.016,199.08,70.26,2.833,39.287,45.703,-16.33,7.821094,3.211266,58.941
pointpillars,nuscenes,scene-1100,4,0,3,25,0.7692,0.76,0.0092,0.5916,0.6095,-0.018,200.45,71.51,2.803,40.887,48.521,-18.672,8.195703,3.469868,57.662
pointpillars,nuscenes,scene-1100,5,1,3,25,0.76,0.76,0.0,0.6054,0.6054,0.0,203.31,206.93,0.983,40.744,41.867,-2.758,8.283573,8.663553,-4.587
pointpillars,nuscenes,scene-1100,6,0,3,25,0.7843,0.76,0.0243,0.6232,0.5897,0.0335,200.82,67.47,2.976,39.417,45.161,-14.572,7.915807,3.047183,61.505
pointpillars,nuscenes,scene-1100,7,0,3,24,0.8333,0.7917,0.0417,0.6301,0.6274,0.0027,216.98,69.72,3.112,38.359,44.172,-15.152,8.323254,3.079427,63.002
pointpillars,nuscenes,scene-1100,8,0,3,24,0.8163,0.8333,-0.017,0.5911,0.6034,-0.0123,202.14,69.22,2.92,40.256,47.229,-17.32,8.137274,3.26918,59.825
pointpillars,nuscenes,scene-1100,9,0,3,24,0.7556,0.7755,-0.02,0.6207,0.5557,0.065,200.46,72.36,2.77,41.048,46.488,-13.253,8.22845,3.363672,59.121
pointpillars,nuscenes,scene-1100,10,1,3,24,0.8085,0.8085,0.0,0.5797,0.5797,0.0,198.58,202.73,0.98,39.501,40.116,-1.558,7.843974,8.132656,-3.68
pointpillars,nuscenes,scene-1100,11,0,3,24,0.7347,0.7111,0.0236,0.6337,0.5894,0.0443,200.64,65.96,3.042,39.667,44.412,-11.962,7.958621,2.929352,63.193
pointpillars,nuscenes,scene-1100,12,0,3,24,0.7755,0.7917,-0.0162,0.6658,0.5946,0.0712,199.61,71.53,2.79,40.904,48.448,-18.441,8.164717,3.465554,57.555
pointpillars,nuscenes,scene-1100,13,0,3,24,0.7843,0.7083,0.076,0.6382,0.6382,-0.0,200.21,71.9,2.785,40.267,45.414,-12.782,8.061925,3.265088,59.5
pointpillars,nuscenes,scene-1100,14,0,3,24,0.8,0.7451,0.0549,0.6123,0.6216,-0.0093,201.03,71.94,2.795,40.045,44.416,-10.916,8.050379,3.195122,60.311
pointpillars,nuscenes,scene-1100,15,1,3,24,0.7451,0.7451,0.0,0.6446,0.6446,0.0,204.42,205.12,0.997,39.838,37.908,4.845,8.14367,7.775794,4.517
pointpillars,nuscenes,scene-1100,16,0,3,24,0.7059,0.7037,0.0022,0.6156,0.6012,0.0144,204.89,67.42,3.039,41.296,44.799,-8.481,8.461229,3.020347,64.304
pointpillars,nuscenes,scene-1100,17,0,3,25,0.76,0.68,0.08,0.6415,0.6039,0.0377,203.2,73.85,2.752,39.817,48.813,-22.594,8.090728,3.604703,55.446
pointpillars,nuscenes,scene-1100,18,0,3,25,0.7826,0.7234,0.0592,0.6439,0.597,0.0469,205.93,73.66,2.796,42.911,44.055,-2.666,8.836483,3.24513,63.276
pointpillars,nuscenes,scene-1100,19,0,3,25,0.7451,0.6809,0.0642,0.6119,0.5942,0.0177,198.83,69.83,2.847,39.775,45.6,-14.644,7.908391,3.184208,59.736
pointpillars,nuscenes,scene-1100,20,1,3,26,0.7925,0.7925,0.0,0.6172,0.6172,0.0,204.02,206.88,0.986,41.458,40.618,2.025,8.458149,8.403195,0.65
pointpillars,nuscenes,scene-1100,21,0,3,26,0.8077,0.6792,0.1284,0.6127,0.5784,0.0343,201.83,68.92,2.929,39.156,44.68,-14.106,7.903044,3.079176,61.038
pointpillars,nuscenes,scene-1100,22,0,3,26,0.8333,0.625,0.2083,0.624,0.5926,0.0314,201.86,72.74,2.775,41.041,47.183,-14.964,8.284505,3.432202,58.571
pointpillars,nuscenes,scene-1100,23,0,3,26,0.8333,0.6792,0.1541,0.669,0.6367,0.0322,204.26,78.16,2.613,41.699,44.819,-7.482,8.517426,3.50318,58.87
pointpillars,nuscenes,scene-1100,24,0,3,26,0.6792,0.6038,0.0755,0.638,0.6278,0.0101,222.64,78.23,2.846,39.326,50.306,-27.92,8.755718,3.935341,55.054
pointpillars,nuscenes,scene-1100,25,1,3,25,0.84,0.84,0.0,0.6121,0.6121,0.0,205.58,208.52,0.986,41.05,40.546,1.228,8.438955,8.454638,-0.186
pointpillars,nuscenes,scene-1100,26,0,3,25,0.7843,0.68,0.1043,0.6228,0.5898,0.0329,206.24,77.43,2.664,40.272,49.299,-22.415,8.305858,3.817188,54.042
pointpillars,nuscenes,scene-1100,27,0,3,25,0.7917,0.6792,0.1124,0.5518,0.5281,0.0237,206.01,75.86,2.716,42.184,48.853,-15.808,8.690357,3.705824,57.357
pointpillars,nuscenes,scene-1100,28,0,3,25,0.7917,0.7826,0.0091,0.534,0.4956,0.0383,200.78,72.3,2.777,41.391,47.464,-14.673,8.310591,3.431865,58.705
pointpillars,nuscenes,scene-1100,29,0,3,25,0.7234,0.6531,0.0703,0.5487,0.5207,0.028,206.37,70.88,2.912,40.564,45.257,-11.571,8.371314,3.207868,61.68
pointpillars,nuscenes,scene-1100,30,1,3,25,0.7917,0.7917,0.0,0.5354,0.5354,0.0,203.2,204.27,0.995,41.265,38.839,5.88,8.385041,7.933716,5.382
pointpillars,nuscenes,scene-1100,31,0,3,25,0.7556,0.7111,0.0444,0.515,0.4721,0.0429,202.99,66.95,3.032,39.992,45.66,-14.173,8.117995,3.056688,62.347
pointpillars,nuscenes,scene-1100,32,0,3,25,0.72,0.6522,0.0678,0.5789,0.5199,0.059,200.44,70.98,2.824,39.82,45.872,-15.198,7.981501,3.255981,59.206
pointpillars,nuscenes,scene-1100,33,0,3,25,0.8,0.6939,0.1061,0.5716,0.5182,0.0533,202.16,71.01,2.847,40.846,46.453,-13.728,8.257419,3.298685,60.052
pointpillars,nuscenes,scene-1100,34,0,3,25,0.7111,0.6667,0.0444,0.6294,0.592,0.0374,202.84,72.94,2.781,41.294,45.271,-9.63,8.3763,3.301986,60.579
pointpillars,nuscenes,scene-1100,35,1,3,24,0.7391,0.7391,0.0,0.6134,0.6134,0.0,220.45,205.89,1.071,42.254,41.581,1.593,9.31513,8.561297,8.093
pointpillars,nuscenes,scene-1100,36,0,3,24,0.7391,0.7234,0.0157,0.5951,0.5593,0.0358,203.77,66.36,3.071,41.23,44.517,-7.97,8.401584,2.954024,64.84
pointpillars,nuscenes,scene-1100,37,0,3,24,0.7826,0.7347,0.0479,0.599,0.5399,0.0591,205.07,72.19,2.841,40.71,46.594,-14.452,8.34859,3.363574,59.711
pointpillars,nuscenes,scene-1100,38,0,3,24,0.7826,0.7234,0.0592,0.5575,0.5364,0.0211,203.89,71.37,2.857,40.565,46.815,-15.407,8.270758,3.340995,59.605
pointpillars,nuscenes,scene-1100,39,0,3,24,0.7727,0.65,0.1227,0.5355,0.514,0.0215,201.73,72.31,2.79,39.393,44.132,-12.031,7.946691,3.191052,59.844
pointpillars,nuscenes,scene-1100,40,1,3,23,0.7727,0.7727,0.0,0.5241,0.5241,0.0,207.42,207.11,1.002,41.123,39.696,3.471,8.529944,8.22143,3.617
pointpillars,nuscenes,scene-1100,41,0,3,23,0.7907,0.6977,0.093,0.5255,0.4924,0.0332,205.1,77.36,2.651,40.919,47.403,-15.846,8.3925,3.667163,56.304
pointpillars,nuscenes,scene-1100,42,0,3,23,0.6667,0.6512,0.0155,0.648,0.5715,0.0766,204.44,77.87,2.625,40.032,47.197,-17.898,8.183906,3.675081,55.094
pointpillars,nuscenes,scene-1100,43,0,3,23,0.7391,0.6383,0.1008,0.6143,0.5951,0.0192,203.74,77.55,2.627,38.871,48.226,-24.067,7.919658,3.739914,52.777
pointpillars,nuscenes,scene-1100,44,0,3,23,0.7826,0.6667,0.1159,0.5537,0.5576,-0.0039,206.64,77.56,2.664,42.11,47.266,-12.244,8.701771,3.665802,57.873
pointpillars,nuscenes,scene-1100,45,1,3,23,0.6667,0.6667,0.0,0.5959,0.5959,0.0,203.68,212.42,0.959,41.13,39.207,4.676,8.377324,8.328308,0.585
pointpillars,nuscenes,scene-1100,46,0,3,23,0.7442,0.65,0.0942,0.5449,0.6058,-0.0609,204.28,73.23,2.79,41.001,45.44,-10.827,8.375497,3.32739,60.272
pointpillars,nuscenes,scene-1100,47,0,3,23,0.7442,0.6341,0.11,0.6013,0.5694,0.0319,204.29,72.54,2.816,41.089,49.603,-20.72,8.394333,3.598246,57.135
pointpillars,nuscenes,scene-1100,48,0,3,23,0.7143,0.619,0.0952,0.5885,0.598,-0.0095,200.62,72.64,2.762,41.549,48.623,-17.026,8.335448,3.532193,57.624
pointpillars,nuscenes,scene-1100,49,0,3,23,0.619,0.55,0.069,0.5775,0.5235,0.054,199.39,69.06,2.887,42.161,45.106,-6.983,8.406741,3.114925,62.947
pointpillars,nuscenes,scene-1100,50,1,3,23,0.6818,0.6818,0.0,0.5874,0.5874,0.0,204.58,208.31,0.982,41.6,38.579,7.262,8.510495,8.036419,5.57
pointpillars,nuscenes,scene-1100,51,0,3,23,0.6087,0.6667,-0.058,0.5757,0.5856,-0.0099,225.32,80.38,2.803,39.173,47.171,-20.418,8.826325,3.791412,57.044
pointpillars,nuscenes,scene-1100,52,0,3,23,0.7442,0.6522,0.092,0.5632,0.5443,0.0189,206.22,79.07,2.608,39.398,48.937,-24.212,8.124509,3.869632,52.371
pointpillars,nuscenes,scene-1100,53,0,3,23,0.65,0.75,-0.1,0.5969,0.5,0.0969,205.47,77.52,2.651,40.968,48.874,-19.298,8.4178,3.788736,54.991
pointpillars,nuscenes,scene-1100,54,0,3,23,0.6977,0.619,0.0786,0.5725,0.5108,0.0618,208.96,78.07,2.677,41.993,48.225,-14.839,8.774912,3.764916,57.095
pointpillars,nuscenes,scene-1100,55,1,3,23,0.6818,0.6818,0.0,0.5888,0.5888,0.0,209.94,210.43,0.998,40.477,41.782,-3.223,8.497782,8.791971,-3.462
pointpillars,nuscenes,scene-1100,56,0,3,23,0.7391,0.6364,0.1028,0.4828,0.4878,-0.0051,211.17,77.47,2.726,41.41,48.427,-16.944,8.744742,3.751867,57.096
pointpillars,nuscenes,scene-1100,57,0,3,24,0.7111,0.5909,0.1202,0.5408,0.5359,0.0049,211.13,84.33,2.503,40.333,49.073,-21.669,8.515559,4.138527,51.4
pointpillars,nuscenes,scene-1100,58,0,3,24,0.7234,0.6222,0.1012,0.5301,0.4803,0.0498,211.84,79.63,2.66,40.149,48.338,-20.396,8.505057,3.848981,54.745
pointpillars,nuscenes,scene-1100,59,0,3,24,0.7273,0.6818,0.0455,0.5591,0.4841,0.075,207.03,77.91,2.657,40.934,47.984,-17.223,8.474354,3.738561,55.884
pointpillars,nuscenes,scene-1100,60,1,3,24,0.6364,0.6364,0.0,0.5434,0.5434,0.0,205.49,207.33,0.991,41.542,41.103,1.058,8.536584,8.521832,0.173
pointpillars,nuscenes,scene-1100,61,0,3,24,0.6977,0.6512,0.0465,0.5365,0.5204,0.0161,211.42,73.55,2.875,40.551,48.396,-19.345,8.573413,3.559372,58.484
pointpillars,nuscenes,scene-1100,62,0,3,24,0.7442,0.6829,0.0613,0.5383,0.5491,-0.0108,208.75,76.0,2.747,39.845,49.866,-25.151,8.317551,3.789639,54.438
pointpillars,nuscenes,scene-1100,63,0,3,24,0.7143,0.6047,0.1096,0.5268,0.5272,-0.0004,205.79,75.76,2.716,40.748,44.136,-8.314,8.385594,3.343709,60.126
pointpillars,nuscenes,scene-1100,64,0,3,24,0.7391,0.6522,0.087,0.5261,0.5198,0.0063,202.34,71.22,2.841,40.782,46.041,-12.895,8.251775,3.279168,60.261
pointpillars,nuscenes,scene-1100,65,1,3,23,0.8095,0.8095,0.0,0.5481,0.5481,0.0,201.95,206.89,0.976,39.515,40.132,-1.563,7.98011,8.303056,-4.047
pointpillars,nuscenes,scene-1100,66,0,3,23,0.7143,0.6829,0.0314,0.5335,0.5225,0.011,210.4,74.93,2.808,40.692,43.771,-7.567,8.561481,3.279718,61.692
pointpillars,nuscenes,scene-1100,67,0,3,24,0.7391,0.7805,-0.0414,0.5483,0.4988,0.0495,223.9,75.2,2.978,39.918,46.607,-16.756,8.937693,3.504679,60.788
pointpillars,nuscenes,scene-1100,68,0,3,24,0.7442,0.75,-0.0058,0.5277,0.459,0.0687,202.52,77.97,2.597,40.096,45.967,-14.644,8.120014,3.584025,55.862
pointpillars,nuscenes,scene-1100,69,0,3,24,0.7556,0.6818,0.0737,0.5316,0.5332,-0.0017,213.3,71.92,2.966,41.374,45.581,-10.168,8.825339,3.27841,62.852
pointpillars,nuscenes,scene-1100,70,1,3,25,0.6818,0.6818,0.0,0.5732,0.5732,0.0,202.31,208.29,0.971,41.228,39.411,4.408,8.34083,8.208772,1.583
pointpillars,nuscenes,scene-1100,71,0,3,25,0.6512,0.619,0.0321,0.5725,0.5305,0.042,206.52,67.81,3.046,39.248,45.615,-16.221,8.105462,3.09313,61.839
pointpillars,nuscenes,scene-1100,72,0,3,25,0.7143,0.7442,-0.0299,0.5637,0.4586,0.1052,210.17,71.94,2.921,39.702,46.287,-16.587,8.344074,3.330052,60.091
pointpillars,nuscenes,scene-1100,73,0,3,25,0.7619,0.6829,0.079,0.555,0.5176,0.0374,206.82,74.12,2.79,40.986,45.575,-11.197,8.476733,3.378204,60.147
pointpillars,nuscenes,scene-1100,74,0,3,25,0.7442,0.6829,0.0613,0.5342,0.5393,-0.005,206.1,70.59,2.919,41.352,43.777,-5.864,8.52255,3.0904,63.739
pointpillars,nuscenes,scene-1100,75,1,3,24,0.8293,0.8293,0.0,0.468,0.468,0.0,204.75,210.47,0.973,39.164,39.342,-0.455,8.01873,8.280403,-3.263
pointpillars,nuscenes,scene-1100,76,0,3,24,0.7442,0.7442,0.0,0.4983,0.4586,0.0397,204.04,64.76,3.151,39.77,44.196,-11.13,8.114816,2.862137,64.729
pointpillars,nuscenes,scene-1100,77,0,3,24,0.7907,0.7907,0.0,0.5323,0.4585,0.0739,191.51,58.13,3.295,41.259,52.829,-28.044,7.901237,3.070794,61.135
pointpillars,nuscenes,scene-1100,78,0,3,24,0.8095,0.7317,0.0778,0.4867,0.4927,-0.006,213.69,54.38,3.93,40.462,50.08,-23.77,8.646493,2.723277,68.504
pointpillars,nuscenes,scene-1100,79,0,3,24,0.7805,0.75,0.0305,0.5008,0.4839,0.0169,196.64,55.1,3.569,40.814,49.687,-21.74,8.025529,2.737534,65.89
pointpillars,nuscenes,scene-1100,80,1,3,25,0.7111,0.7111,0.0,0.5217,0.5217,0.0,190.63,193.86,0.983,40.781,41.32,-1.323,7.773909,8.010429,-3.042
pointpillars,nuscenes,scene-1100,81,0,3,25,0.6977,0.6957,0.002,0.5,0.4981,0.0019,195.5,55.49,3.523,41.074,50.003,-21.738,8.030213,2.774773,65.446
pointpillars,nuscenes,scene-1100,82,0,3,24,0.7,0.7143,-0.0143,0.5504,0.4988,0.0516,193.05,56.28,3.43,40.685,51.092,-25.579,7.854414,2.875594,63.389
pointpillars,nuscenes,scene-1100,83,0,3,24,0.6818,0.6667,0.0152,0.553,0.4961,0.0569,188.99,55.64,3.396,39.704,49.431,-24.499,7.503681,2.750502,63.345
pointpillars,nuscenes,scene-1100,84,0,3,24,0.7442,0.6522,0.092,0.5366,0.528,0.0086,196.93,56.73,3.471,41.59,52.007,-25.048,8.190222,2.950447,63.976
pointpillars,nuscenes,scene-1100,85,1,3,23,0.7442,0.7442,0.0,0.5581,0.5581,0.0,193.17,195.66,0.987,44.104,39.795,9.769,8.519628,7.786298,8.608
pointpillars,nuscenes,scene-1100,86,0,3,23,0.6977,0.6512,0.0465,0.5461,0.5362,0.0099,192.78,53.77,3.585,40.397,43.857,-8.563,7.787816,2.358074,69.721
pointpillars,nuscenes,scene-1100,87,0,3,22,0.75,0.6341,0.1159,0.526,0.5414,-0.0154,199.38,53.6,3.719,42.18,49.449,-17.233,8.409657,2.650616,68.481
pointpillars,nuscenes,scene-1100,88,0,3,22,0.8,0.6818,0.1182,0.5452,0.5295,0.0157,195.89,51.83,3.78,41.509,54.419,-31.101,8.131408,2.820577,65.313
pointpillars,nuscenes,scene-1100,89,0,3,22,0.7143,0.7143,0.0,0.5654,0.5693,-0.0039,197.48,56.63,3.487,43.366,49.753,-14.726,8.563816,2.817452,67.101
pointpillars,nuscenes,scene-1100,90,1,3,22,0.8182,0.8182,0.0,0.56,0.56,0.0,202.72,193.93,1.045,42.286,39.93,5.573,8.572375,7.743517,9.669
pointpillars,nuscenes,scene-1100,91,0,3,22,0.7907,0.7317,0.059,0.5618,0.5524,0.0094,191.21,53.64,3.564,41.659,46.697,-12.092,7.965731,2.505044,68.552
pointpillars,nuscenes,scene-1100,92,0,3,22,0.8095,0.7143,0.0952,0.566,0.5705,-0.0044,193.06,56.68,3.406,42.766,49.916,-16.719,8.256378,2.82927,65.732
pointpillars,nuscenes,scene-1100,93,0,3,22,0.7907,0.7619,0.0288,0.5373,0.5164,0.0208,190.69,52.84,3.609,41.065,52.534,-27.931,7.830559,2.775893,64.551
pointpillars,nuscenes,scene-1100,94,0,3,22,0.7692,0.7778,-0.0085,0.5286,0.4964,0.0322,189.7,57.68,3.289,40.744,51.01,-25.197,7.72903,2.942099,61.934
pointpillars,nuscenes,scene-1100,95,1,3,21,0.7895,0.7895,0.0,0.5852,0.5852,0.0,194.55,190.68,1.02,42.837,39.236,8.406,8.333787,7.481501,10.227
pointpillars,nuscenes,scene-1100,96,0,3,21,0.75,0.7895,-0.0395,0.5365,0.5566,-0.0201,207.3,50.49,4.106,41.59,48.099,-15.651,8.621512,2.428607,71.831
pvrcnn,kitti_raw,2011_09_26_drive_0001_sync,0,1,3,4,0.8,0.8,0.0,0.7742,0.7769,-0.0027,232.132,229.057,1.0134,44.231,46.161,-4.363,10.267466,10.573481,-2.98
pvrcnn,kitti_raw,2011_09_26_drive_0001_sync,1,0,3,4,0.8889,0.8889,0.0,0.8183,0.8103,0.008,230.429,210.062,1.097,48.776,51.4,-5.379,11.239473,10.797169,3.935
pvrcnn,kitti_raw,2011_09_26_drive_0001_sync,2,0,3,4,0.8889,0.8889,0.0,0.8287,0.827,0.0017,227.319,201.548,1.1279,43.322,44.8,-3.411,9.847913,9.029309,8.312
pvrcnn,kitti_raw,2011_09_26_drive_0001_sync,3,0,3,4,1.0,1.0,0.0,0.8388,0.8475,-0.0087,225.301,202.412,1.1131,44.151,46.235,-4.719,9.947351,9.358493,5.92
pvrcnn,kitti_raw,2011_09_26_drive_0001_sync,4,0,3,4,0.8889,1.0,-0.1111,0.8555,0.8552,0.0003,230.744,203.872,1.1318,43.666,46.102,-5.579,10.075625,9.398918,6.716
pvrcnn,kitti_raw,2011_09_26_drive_0001_sync,5,1,3,4,0.75,0.8889,-0.1389,0.8481,0.7543,0.0938,226.816,196.82,1.1524,42.964,46.261,-7.676,9.744844,9.105127,6.565
pvrcnn,kitti_raw,2011_09_26_drive_0001_sync,6,0,3,4,0.8,0.8,0.0,0.8002,0.8035,-0.0033,224.105,202.74,1.1054,43.839,45.109,-2.896,9.824575,9.145366,6.913
pvrcnn,kitti_raw,2011_09_26_drive_0001_sync,7,0,3,4,0.8,0.7273,0.0727,0.8719,0.8503,0.0215,225.089,205.392,1.0959,43.45,45.176,-3.971,9.780226,9.278766,5.127
pvrcnn,kitti_raw,2011_09_26_drive_0001_sync,8,0,3,4,0.7273,0.6667,0.0606,0.8398,0.8417,-0.0019,223.685,209.755,1.0664,43.448,46.244,-6.435,9.71872,9.699973,0.193
pvrcnn,kitti_raw,2011_09_26_drive_0001_sync,9,0,3,4,0.7273,0.6667,0.0606,0.8907,0.8826,0.0081,225.671,202.553,1.1141,42.605,45.72,-7.311,9.614801,9.260818,3.682
pvrcnn,kitti_raw,2011_09_26_drive_0001_sync,10,1,3,4,0.5714,0.6667,-0.0952,0.8771,0.8733,0.0038,221.139,195.931,1.1287,43.426,45.367,-4.469,9.603261,8.888787,7.44
pvrcnn,kitti_raw,2011_09_26_drive_0001_sync,11,0,3,4,0.6154,0.6154,0.0,0.8279,0.8474,-0.0195,209.754,195.525,1.0728,43.481,47.26,-8.691,9.120323,9.240536,-1.318
pvrcnn,kitti_raw,2011_09_26_drive_0001_sync,12,0,3,4,0.6154,0.5714,0.044,0.8848,0.8809,0.0039,212.098,197.33,1.0748,43.889,46.321,-5.541,9.308888,9.140614,1.808
pvrcnn,kitti_raw,2011_09_26_drive_0001_sync,13,0,3,4,0.6667,0.6667,0.0,0.875,0.871,0.004,227.923,209.362,1.0887,43.908,44.907,-2.276,10.007592,9.401878,6.053
pvrcnn,kitti_raw,2011_09_26_drive_0001_sync,14,0,3,4,0.6667,0.6667,0.0,0.8806,0.8874,-0.0067,223.798,209.218,1.0697,43.819,45.048,-2.805,9.806625,9.42484,3.893
pvrcnn,kitti_raw,2011_09_26_drive_0001_sync,15,1,3,4,0.6667,0.6667,0.0,0.8814,0.8802,0.0012,221.599,202.276,1.0955,43.476,45.183,-3.927,9.634128,9.139426,5.135
pvrcnn,kitti_raw,2011_09_26_drive_0001_sync,16,0,3,4,0.6667,0.6667,0.0,0.8604,0.8647,-0.0043,221.53,211.974,1.0451,42.697,44.108,-3.304,9.458739,9.349758,1.152
pvrcnn,kitti_raw,2011_09_26_drive_0001_sync,17,0,3,4,0.6667,0.6667,0.0,0.8891,0.8921,-0.003,224.427,210.504,1.0661,43.58,44.456,-2.01,9.780497,9.358109,4.319
pvrcnn,kitti_raw,2011_09_26_drive_0001_sync,18,0,3,5,0.7143,0.7143,0.0,0.8836,0.88,0.0037,221.32,208.501,1.0615,42.87,44.786,-4.47,9.487975,9.337972,1.581
pvrcnn,kitti_raw,2011_09_26_drive_0001_sync,19,0,3,5,0.7143,0.7143,0.0,0.8528,0.8563,-0.0034,223.414,209.215,1.0679,43.134,44.447,-3.043,9.63676,9.298956,3.505
pvrcnn,kitti_raw,2011_09_26_drive_0001_sync,20,1,3,6,0.8571,0.8,0.0571,0.8746,0.8643,0.0103,225.317,204.104,1.1039,42.194,45.084,-6.847,9.507121,9.201721,3.212
pvrcnn,kitti_raw,2011_09_26_drive_0001_sync,21,0,3,5,0.7143,0.7143,0.0,0.8707,0.8753,-0.0046,224.105,216.883,1.0333,42.537,45.535,-7.048,9.532812,9.875796,-3.598
pvrcnn,kitti_raw,2011_09_26_drive_0001_sync,22,0,3,5,0.8333,0.8333,0.0,0.8732,0.8702,0.003,224.963,208.708,1.0779,43.861,43.844,0.039,9.867113,9.150577,7.262
pvrcnn,kitti_raw,2011_09_26_drive_0001_sync,23,0,3,5,0.7692,0.7692,0.0,0.8825,0.8838,-0.0013,225.381,210.897,1.0687,43.003,45.587,-6.009,9.692037,9.614164,0.803
pvrcnn,kitti_raw,2011_09_26_drive_0001_sync,24,0,3,5,0.7143,0.7143,0.0,0.8921,0.8948,-0.0027,218.088,197.801,1.1026,44.02,44.809,-1.794,9.600143,8.863341,7.675
pvrcnn,kitti_raw,2011_09_26_drive_0001_sync,25,1,3,5,0.7692,0.7692,0.0,0.8765,0.8835,-0.0071,217.529,192.157,1.132,43.802,45.215,-3.226,9.528149,8.688364,8.814
pvrcnn,kitti_raw,2011_09_26_drive_0001_sync,26,0,3,5,0.6667,0.6667,0.0,0.8513,0.8573,-0.006,230.802,195.569,1.1802,42.488,46.921,-10.433,9.80633,9.176264,6.425
pvrcnn,kitti_raw,2011_09_26_drive_0001_sync,27,0,3,4,0.6667,0.6667,0.0,0.874,0.8774,-0.0034,219.744,196.127,1.1204,43.441,46.743,-7.602,9.545842,9.167619,3.962
pvrcnn,kitti_raw,2011_09_26_drive_0001_sync,28,0,3,4,0.6667,0.6667,0.0,0.8999,0.8911,0.0088,218.559,196.619,1.1116,44.577,45.51,-2.094,9.742698,8.94818,8.155
pvrcnn,kitti_raw,2011_09_26_drive_0001_sync,29,0,3,5,0.7692,0.7692,0.0,0.8884,0.8761,0.0123,217.578,195.742,1.1116,43.448,46.649,-7.366,9.453415,9.131114,3.409
pvrcnn,kitti_raw,2011_09_26_drive_0001_sync,30,1,3,5,0.7692,0.7692,0.0,0.8796,0.8763,0.0033,218.6,203.492,1.0742,43.334,45.26,-4.445,9.472816,9.210098,2.773
pvrcnn,kitti_raw,2011_09_26_drive_0001_sync,31,0,3,5,0.8333,0.7692,0.0641,0.8961,0.8861,0.01,220.224,196.736,1.1194,44.034,44.876,-1.912,9.697285,8.82871,8.957
pvrcnn,kitti_raw,2011_09_26_drive_0001_sync,32,0,3,5,0.8333,0.8333,0.0,0.8883,0.8855,0.0028,220.175,196.649,1.1196,43.278,45.207,-4.457,9.528712,8.889802,6.705
pvrcnn,kitti_raw,2011_09_26_drive_0001_sync,33,0,3,5,0.7692,0.7692,0.0,0.8622,0.8533,0.0089,219.719,199.751,1.1,43.325,45.201,-4.329,9.519429,9.028904,5.153
pvrcnn,kitti_raw,2011_09_26_drive_0001_sync,34,0,3,4,0.6667,0.6667,0.0,0.8386,0.8473,-0.0087,211.918,194.267,1.0909,44.239,46.074,-4.147,9.375125,8.950656,4.528
pvrcnn,kitti_raw,2011_09_26_drive_0001_sync,35,1,3,4,0.7273,0.7273,0.0,0.8541,0.8543,-0.0003,219.905,187.363,1.1737,43.206,46.076,-6.641,9.501294,8.632899,9.14
pvrcnn,kitti_raw,2011_09_26_drive_0001_sync,36,0,3,4,0.8,0.8,0.0,0.8779,0.8648,0.0132,207.635,191.927,1.0818,43.313,47.168,-8.898,8.993371,9.052752,-0.66
pvrcnn,kitti_raw,2011_09_26_drive_0001_sync,37,0,3,3,0.5,0.6,-0.1,0.8628,0.8611,0.0017,207.127,193.353,1.0712,44.111,47.406,-7.47,9.13656,9.166062,-0.323
pvrcnn,kitti_raw,2011_09_26_drive_0001_sync,38,0,3,3,0.6667,0.6667,0.0,0.8586,0.872,-0.0134,206.657,192.327,1.0745,44.392,46.094,-3.835,9.173828,8.865159,3.365
pvrcnn,kitti_raw,2011_09_26_drive_0001_sync,39,0,3,3,0.6,0.6,0.0,0.8399,0.832,0.0079,206.588,194.395,1.0627,44.026,45.806,-4.042,9.095283,8.904468,2.098
pvrcnn,kitti_raw,2011_09_26_drive_0001_sync,40,1,3,3,0.6,0.6,0.0,0.8824,0.8769,0.0055,207.648,191.211,1.086,43.912,47.811,-8.878,9.118249,9.141916,-0.26
pvrcnn,kitti_raw,2011_09_26_drive_0001_sync,41,0,3,4,0.7273,0.7273,0.0,0.8778,0.8784,-0.0006,208.283,193.95,1.0739,44.585,47.427,-6.375,9.286252,9.198463,0.945
pvrcnn,kitti_raw,2011_09_26_drive_0001_sync,42,0,3,3,0.6667,0.6667,0.0,0.8601,0.8614,-0.0013,208.629,193.169,1.08,44.601,47.267,-5.977,9.305133,9.130588,1.876
pvrcnn,kitti_raw,2011_09_26_drive_0001_sync,43,0,3,3,0.75,0.6667,0.0833,0.8608,0.8856,-0.0249,207.654,195.18,1.0639,44.189,46.553,-5.35,9.176024,9.086194,0.979
pvrcnn,kitti_raw,2011_09_26_drive_0001_sync,44,0,3,3,0.6667,0.6667,0.0,0.888,0.8876,0.0005,211.137,210.446,1.0033,44.689,45.85,-2.598,9.435536,9.649031,-2.263
pvrcnn,kitti_raw,2011_09_26_drive_0001_sync,45,1,3,3,0.75,0.75,0.0,0.8702,0.8755,-0.0053,208.402,187.345,1.1124,44.984,46.755,-3.938,9.374701,8.759352,6.564
pvrcnn,kitti_raw,2011_09_26_drive_0001_sync,46,0,3,3,0.6,0.75,-0.15,0.8789,0.882,-0.0031,208.207,193.295,1.0771,43.519,45.327,-4.154,9.060939,8.761447,3.305
pvrcnn,kitti_raw,2011_09_26_drive_0001_sync,47,0,3,3,0.8571,0.8571,0.0,0.8685,0.8764,-0.0079,207.583,194.511,1.0672,44.086,45.315,-2.786,9.151622,8.814211,3.687
pvrcnn,kitti_raw,2011_09_26_drive_0001_sync,48,0,3,3,0.75,0.75,0.0,0.8703,0.8822,-0.0119,209.205,193.561,1.0808,44.06,47.261,-7.264,9.21762,9.14786,0.757
pvrcnn,kitti_raw,2011_09_26_drive_0001_sync,49,0,3,3,0.8571,0.75,0.1071,0.8618,0.8652,-0.0034,217.273,195.099,1.1137,43.752,45.359,-3.675,9.506053,8.849564,6.906
pvrcnn,kitti_raw,2011_09_26_drive_0001_sync,50,1,3,3,0.75,1.0,-0.25,0.8451,0.8648,-0.0197,209.018,188.567,1.1085,43.692,47.374,-8.426,9.13247,8.93318,2.182
pvrcnn,kitti_raw,2011_09_26_drive_0001_sync,51,0,3,2,0.8,0.8,0.0,0.881,0.8799,0.0011,209.182,194.567,1.0751,43.649,47.741,-9.373,9.130673,9.288746,-1.731
pvrcnn,kitti_raw,2011_09_26_drive_0001_sync,52,0,3,2,0.8,0.8,0.0,0.8706,0.8802,-0.0096,208.848,194.841,1.0719,43.81,46.017,-5.039,9.14962,8.966074,2.006
pvrcnn,kitti_raw,2011_09_26_drive_0001_sync,53,0,3,2,0.8,0.8,0.0,0.837,0.8563,-0.0194,208.89,194.884,1.0719,43.035,46.467,-7.975,8.989627,9.055751,-0.736
pvrcnn,kitti_raw,2011_09_26_drive_0001_sync,54,0,3,2,0.6667,0.5714,0.0952,0.8333,0.8569,-0.0236,213.562,194.216,1.0996,45.014,46.082,-2.372,9.613385,8.949888,6.902
pvrcnn,kitti_raw,2011_09_26_drive_0001_sync,55,1,3,1,0.2857,0.4,-0.1143,0.855,0.856,-0.001,208.962,187.08,1.117,45.206,48.228,-6.685,9.446279,9.022435,4.487
pvrcnn,kitti_raw,2011_09_26_drive_0001_sync,56,0,3,1,0.4,0.5,-0.1,0.8278,0.8278,-0.0001,208.546,194.333,1.0731,44.125,45.54,-3.209,9.201998,8.849982,3.825
pvrcnn,kitti_raw,2011_09_26_drive_0001_sync,57,0,3,1,0.4,0.4,0.0,0.8528,0.8393,0.0135,208.964,195.028,1.0715,44.664,47.272,-5.838,9.33323,9.219378,1.22
pvrcnn,kitti_raw,2011_09_26_drive_0001_sync,58,0,3,1,0.5,0.5,0.0,0.8732,0.8678,0.0054,210.479,213.46,0.986,43.471,45.332,-4.281,9.149765,9.676625,-5.758
pvrcnn,kitti_raw,2011_09_26_drive_0001_sync,59,0,3,1,0.6667,0.6667,0.0,0.8241,0.8213,0.0028,211.445,193.119,1.0949,43.838,46.746,-6.633,9.269351,9.02749,2.609
pvrcnn,kitti_raw,2011_09_26_drive_0001_sync,60,1,3,1,0.6667,0.6667,0.0,0.8109,0.8204,-0.0095,210.755,189.5,1.1122,44.64,47.125,-5.568,9.408042,8.930249,5.079
pvrcnn,kitti_raw,2011_09_26_drive_0001_sync,61,0,3,1,0.5,0.6667,-0.1667,0.8662,0.829,0.0371,211.057,195.666,1.0787,44.074,44.929,-1.939,9.302203,8.791128,5.494
pvrcnn,kitti_raw,2011_09_26_drive_0001_sync,62,0,3,1,0.6667,0.5,0.1667,0.8304,0.8268,0.0036,211.172,197.549,1.069,44.91,47.501,-5.769,9.483838,9.383799,1.055
pvrcnn,kitti_raw,2011_09_26_drive_0001_sync,63,0,3,1,0.6667,0.6667,0.0,0.8359,0.8359,-0.0,214.15,199.621,1.0728,44.222,47.014,-6.313,9.470072,9.38487,0.9
pvrcnn,kitti_raw,2011_09_26_drive_0001_sync,64,0,3,1,0.6667,0.6667,0.0,0.8289,0.8319,-0.003,211.546,197.504,1.0711,44.543,46.304,-3.954,9.422818,9.145192,2.946
pvrcnn,kitti_raw,2011_09_26_drive_0001_sync,65,1,3,1,1.0,1.0,0.0,0.8209,0.8343,-0.0134,210.93,192.188,1.0975,45.242,46.504,-2.788,9.542973,8.937466,6.345
pvrcnn,kitti_raw,2011_09_26_drive_0001_sync,66,0,3,1,0.6667,0.6667,0.0,0.8086,0.8143,-0.0057,211.274,197.503,1.0697,44.132,46.809,-6.067,9.323863,9.244995,0.846
pvrcnn,kitti_raw,2011_09_26_drive_0001_sync,67,0,3,1,0.5,0.6667,-0.1667,0.8357,0.8271,0.0087,209.529,197.347,1.0617,43.435,47.454,-9.254,9.100896,9.364982,-2.902
pvrcnn,kitti_raw,2011_09_26_drive_0001_sync,68,0,3,1,0.6667,0.6667,0.0,0.824,0.8178,0.0063,214.105,198.272,1.0799,42.94,46.449,-8.173,9.193577,9.209604,-0.174
pvrcnn,kitti_raw,2011_09_26_drive_0001_sync,69,0,3,1,1.0,1.0,0.0,0.7981,0.8097,-0.0116,211.912,198.119,1.0696,44.069,44.699,-1.431,9.338648,8.855803,5.17
pvrcnn,kitti_raw,2011_09_26_drive_0001_sync,70,1,3,1,1.0,1.0,0.0,0.8335,0.8256,0.0079,210.84,189.78,1.111,43.725,47.913,-9.579,9.218934,9.092961,1.366
pvrcnn,kitti_raw,2011_09_26_drive_0001_sync,71,0,3,1,0.6667,0.6667,0.0,0.8161,0.8166,-0.0005,210.141,195.824,1.0731,43.781,47.718,-8.992,9.200236,9.344342,-1.566
pvrcnn,kitti_raw,2011_09_26_drive_0001_sync,72,0,3,1,0.5,0.6667,-0.1667,0.8246,0.8107,0.0139,211.091,197.908,1.0666,44.802,46.061,-2.81,9.457353,9.115855,3.611
pvrcnn,kitti_raw,2011_09_26_drive_0001_sync,73,0,3,1,0.6667,0.6667,0.0,0.8128,0.8184,-0.0055,210.302,196.153,1.0721,43.248,46.937,-8.528,9.095207,9.206797,-1.227
pvrcnn,kitti_raw,2011_09_26_drive_0001_sync,74,0,3,1,0.6667,0.6667,0.0,0.8498,0.8412,0.0086,209.046,195.113,1.0714,43.949,45.958,-4.571,9.187414,8.967092,2.398
pvrcnn,kitti_raw,2011_09_26_drive_0001_sync,75,1,3,1,0.6667,0.6667,0.0,0.8458,0.8399,0.0058,210.446,189.377,1.1113,44.458,46.792,-5.25,9.356074,8.861412,5.287
pvrcnn,kitti_raw,2011_09_26_drive_0001_sync,76,0,3,0,0.0,0.0,0.0,0.0,0.0,0.0,210.878,195.894,1.0765,44.601,46.744,-4.805,9.405358,9.156878,2.642
pvrcnn,kitti_raw,2011_09_26_drive_0001_sync,77,0,3,0,0.0,0.0,0.0,0.0,0.0,0.0,213.937,195.783,1.0927,43.231,46.885,-8.451,9.24879,9.179296,0.751
pvrcnn,kitti_raw,2011_09_26_drive_0001_sync,78,0,3,0,0.0,0.0,0.0,0.0,0.0,0.0,209.305,196.18,1.0669,43.438,46.629,-7.346,9.091779,9.147613,-0.614
pvrcnn,kitti_raw,2011_09_26_drive_0001_sync,79,0,3,0,0.0,0.0,0.0,0.0,0.0,0.0,209.695,192.773,1.0878,44.767,46.138,-3.063,9.387391,8.894176,5.254
pvrcnn,kitti_raw,2011_09_26_drive_0001_sync,80,1,3,0,0.0,0.0,0.0,0.0,0.0,0.0,209.892,188.158,1.1155,43.827,46.41,-5.895,9.198935,8.732487,5.071
pvrcnn,kitti_raw,2011_09_26_drive_0001_sync,81,0,3,0,0.0,0.0,0.0,0.0,0.0,0.0,209.577,193.951,1.0806,43.525,46.823,-7.577,9.121833,9.081308,0.444
pvrcnn,kitti_raw,2011_09_26_drive_0001_sync,82,0,3,0,0.0,0.0,0.0,0.0,0.0,0.0,214.067,194.046,1.1032,44.628,44.956,-0.733,9.5535,8.72345,8.688
pvrcnn,kitti_raw,2011_09_26_drive_0001_sync,83,0,3,0,0.0,0.0,0.0,0.0,0.0,0.0,209.622,195.288,1.0734,43.131,46.664,-8.191,9.041226,9.112849,-0.792
pvrcnn,kitti_raw,2011_09_26_drive_0001_sync,84,0,3,0,0.0,0.0,0.0,0.0,0.0,0.0,209.295,194.64,1.0753,43.993,47.584,-8.161,9.20759,9.261693,-0.588
pvrcnn,kitti_raw,2011_09_26_drive_0001_sync,85,1,3,0,0.0,0.0,0.0,0.0,0.0,0.0,209.347,189.165,1.1067,43.601,49.159,-12.749,9.127624,9.299247,-1.88
pvrcnn,kitti_raw,2011_09_26_drive_0001_sync,86,0,3,0,0.0,0.0,0.0,0.0,0.0,0.0,214.707,216.424,0.9921,43.856,43.847,0.019,9.416101,9.489577,-0.78
pvrcnn,kitti_raw,2011_09_26_drive_0001_sync,87,0,3,0,0.0,0.0,0.0,0.0,0.0,0.0,209.773,193.973,1.0815,44.197,47.605,-7.712,9.271276,9.234107,0.401
pvrcnn,kitti_raw,2011_09_26_drive_0001_sync,88,0,3,0,0.0,0.0,0.0,0.0,0.0,0.0,209.605,193.317,1.0843,44.044,48.192,-9.417,9.231821,9.316248,-0.915
pvrcnn,kitti_raw,2011_09_26_drive_0001_sync,89,0,3,0,0.0,0.0,0.0,0.0,0.0,0.0,208.996,193.371,1.0808,44.381,46.02,-3.692,9.275476,8.898899,4.06
pvrcnn,kitti_raw,2011_09_26_drive_0001_sync,90,1,3,0,0.0,0.0,0.0,0.0,0.0,0.0,208.88,188.841,1.1061,44.378,45.953,-3.547,9.269785,8.677712,6.387
pvrcnn,kitti_raw,2011_09_26_drive_0001_sync,91,0,3,1,0.4,0.5,-0.1,0.7172,0.7253,-0.0082,213.316,192.537,1.1079,44.394,45.693,-2.926,9.469993,8.797619,7.1
pvrcnn,kitti_raw,2011_09_26_drive_0001_sync,92,0,3,1,0.25,0.25,0.0,0.7413,0.6719,0.0695,208.033,192.503,1.0807,43.659,46.712,-6.994,9.082462,8.992202,0.994
pvrcnn,kitti_raw,2011_09_26_drive_0001_sync,93,0,3,1,0.4,0.6667,-0.2667,0.8031,0.8108,-0.0077,208.698,191.776,1.0882,43.673,45.684,-4.604,9.114466,8.761074,3.877
pvrcnn,kitti_raw,2011_09_26_drive_0001_sync,94,0,3,1,0.25,0.2857,-0.0357,0.8102,0.7834,0.0269,208.71,193.053,1.0811,43.541,45.668,-4.887,9.087373,8.816439,2.981
pvrcnn,kitti_raw,2011_09_26_drive_0001_sync,95,1,3,1,0.2222,0.1667,0.0556,0.774,0.8225,-0.0485,209.152,186.662,1.1205,43.589,46.957,-7.728,9.116621,8.765061,3.856
pvrcnn,kitti_raw,2011_09_26_drive_0001_sync,96,0,3,1,0.2857,0.2222,0.0635,0.7792,0.7896,-0.0103,209.861,192.301,1.0913,44.505,44.477,0.062,9.339792,8.552976,8.424
pvrcnn,kitti_raw,2011_09_26_drive_0001_sync,97,0,3,1,0.25,0.2222,0.0278,0.752,0.7582,-0.0061,208.341,193.154,1.0786,44.724,45.672,-2.12,9.317767,8.821663,5.324
pvrcnn,kitti_raw,2011_09_26_drive_0001_sync,98,0,3,1,0.25,0.25,0.0,0.7823,0.7632,0.0191,211.708,205.465,1.0304,44.204,45.042,-1.894,9.358433,9.254492,1.111
pvrcnn,kitti_raw,2011_09_26_drive_0001_sync,99,0,3,1,0.2,0.2,0.0,0.7648,0.7495,0.0153,218.792,205.416,1.0651,43.172,45.583,-5.585,9.445599,9.363391,0.87
pvrcnn,kitti_raw,2011_09_26_drive_0001_sync,100,1,3,1,0.2222,0.2,0.0222,0.7699,0.6951,0.0749,219.278,214.925,1.0203,43.759,42.985,1.769,9.595363,9.238526,3.719
pvrcnn,kitti_raw,2011_09_26_drive_0001_sync,101,0,3,2,0.4,0.3636,0.0364,0.7234,0.6966,0.0268,218.549,205.062,1.0658,43.374,43.848,-1.094,9.479274,8.99162,5.144
pvrcnn,kitti_raw,2011_09_26_drive_0001_sync,102,0,3,2,0.3333,0.3333,0.0,0.7886,0.7525,0.0361,219.346,204.474,1.0727,43.604,45.894,-5.252,9.564403,9.384163,1.884
pvrcnn,kitti_raw,2011_09_26_drive_0001_sync,103,0,3,2,0.4,0.3636,0.0364,0.7305,0.756,-0.0255,219.52,205.169,1.0699,42.266,45.294,-7.166,9.27815,9.29301,-0.16
pvrcnn,kitti_raw,2011_09_26_drive_0001_sync,104,0,3,2,0.4,0.4,0.0,0.7291,0.7095,0.0196,220.604,206.653,1.0675,43.195,45.371,-5.036,9.529073,9.376053,1.606
pvrcnn,kitti_raw,2011_09_26_drive_0001_sync,105,1,3,2,0.4444,0.4,0.0444,0.781,0.7687,0.0123,223.411,199.684,1.1188,42.911,44.34,-3.33,9.586891,8.85406,7.644
pvrcnn,kitti_raw,2011_09_26_drive_0001_sync,106,0,3,2,0.3636,0.3636,0.0,0.8069,0.8099,-0.003,220.378,206.169,1.0689,44.121,45.228,-2.508,9.723284,9.324576,4.101
pvrcnn,kitti_raw,2011_09_26_drive_0001_sync,107,0,3,2,0.4,0.4444,-0.0444,0.8039,0.8177,-0.0137,205.386,196.466,1.0454,44.515,46.589,-4.659,9.142789,9.153178,-0.114
pvrcnn,kitti_raw,2011_09_26_drive_0009_sync,0,1,3,5,0.8333,0.8333,0.0,0.8152,0.8138,0.0015,203.416,202.612,1.004,44.057,44.061,-0.009,8.961918,8.927286,0.386
pvrcnn,kitti_raw,2011_09_26_drive_0009_sync,1,0,3,5,0.6667,0.7143,-0.0476,0.8271,0.8253,0.0018,201.379,184.252,1.093,43.479,45.152,-3.848,8.755858,8.319448,4.984
pvrcnn,kitti_raw,2011_09_26_drive_0009_sync,2,0,3,5,0.7143,0.7143,0.0,0.7905,0.7848,0.0057,199.41,185.311,1.0761,44.925,46.102,-2.621,8.958411,8.543262,4.634
pvrcnn,kitti_raw,2011_09_26_drive_0009_sync,3,0,3,5,0.7692,0.7692,0.0,0.8046,0.7983,0.0063,196.647,183.768,1.0701,43.584,46.668,-7.076,8.570669,8.576044,-0.063
pvrcnn,kitti_raw,2011_09_26_drive_0009_sync,4,0,3,5,0.7143,0.7143,0.0,0.8101,0.8065,0.0036,194.931,180.347,1.0809,44.991,46.736,-3.879,8.77024,8.428795,3.893
pvrcnn,kitti_raw,2011_09_26_drive_0009_sync,5,1,3,5,0.7692,0.7692,0.0,0.809,0.8036,0.0054,197.422,178.387,1.1067,43.821,48.103,-9.772,8.651311,8.581025,0.812
pvrcnn,kitti_raw,2011_09_26_drive_0009_sync,6,0,3,6,0.8,0.8,0.0,0.7888,0.7777,0.0111,199.333,186.754,1.0674,43.277,45.318,-4.718,8.626466,8.463401,1.89
pvrcnn,kitti_raw,2011_09_26_drive_0009_sync,7,0,3,6,0.5263,0.5882,-0.0619,0.8307,0.8214,0.0093,202.721,190.346,1.065,44.25,46.037,-4.038,8.97041,8.762915,2.313
pvrcnn,kitti_raw,2011_09_26_drive_0009_sync,8,0,3,6,0.6316,0.6316,0.0,0.7746,0.7694,0.0052,202.538,189.552,1.0685,42.681,44.732,-4.804,8.644601,8.47901,1.916
pvrcnn,kitti_raw,2011_09_26_drive_0009_sync,9,0,3,6,0.7059,0.7059,0.0,0.7585,0.7613,-0.0028,201.1,191.497,1.0501,44.454,45.877,-3.202,8.939641,8.785324,1.726
pvrcnn,kitti_raw,2011_09_26_drive_0009_sync,10,1,3,6,0.5556,0.5556,0.0,0.8247,0.8313,-0.0066,199.884,182.293,1.0965,45.453,45.769,-0.693,9.085442,8.343308,8.168
pvrcnn,kitti_raw,2011_09_26_drive_0009_sync,11,0,3,6,0.6316,0.6,0.0316,0.7734,0.784,-0.0106,200.456,186.171,1.0767,43.784,44.876,-2.494,8.776741,8.354571,4.81
pvrcnn,kitti_raw,2011_09_26_drive_0009_sync,12,0,3,5,0.5,0.5263,-0.0263,0.7721,0.771,0.0011,202.31,189.022,1.0703,43.446,46.525,-7.087,8.789461,8.794192,-0.054
pvrcnn,kitti_raw,2011_09_26_drive_0009_sync,13,0,3,5,0.5882,0.5556,0.0327,0.7761,0.7778,-0.0017,203.002,191.212,1.0617,43.621,45.188,-3.591,8.855215,8.640459,2.425
pvrcnn,kitti_raw,2011_09_26_drive_0009_sync,14,0,3,5,0.5263,0.5263,0.0,0.7543,0.7575,-0.0032,203.844,192.056,1.0614,44.927,45.001,-0.164,9.158049,8.642657,5.628
pvrcnn,kitti_raw,2011_09_26_drive_0009_sync,15,1,3,6,0.4348,0.4348,0.0,0.805,0.7852,0.0198,200.3,184.439,1.086,44.427,45.803,-3.098,8.898724,8.447924,5.066
pvrcnn,kitti_raw,2011_09_26_drive_0009_sync,16,0,3,5,0.4444,0.4444,0.0,0.816,0.809,0.007,201.472,189.817,1.0614,43.146,45.927,-6.445,8.692746,8.717712,-0.287
pvrcnn,kitti_raw,2011_09_26_drive_0009_sync,17,0,3,5,0.5263,0.5263,0.0,0.7827,0.7733,0.0094,204.277,191.524,1.0666,45.019,46.392,-3.05,9.196301,8.885129,3.384
pvrcnn,kitti_raw,2011_09_26_drive_0009_sync,18,0,3,4,0.381,0.381,0.0,0.7764,0.7971,-0.0207,207.909,195.651,1.0627,44.042,44.941,-2.042,9.156655,8.792698,3.975
pvrcnn,kitti_raw,2011_09_26_drive_0009_sync,19,0,3,3,0.3529,0.3333,0.0196,0.7798,0.7672,0.0126,223.194,197.935,1.1276,44.062,44.351,-0.655,9.834372,8.778558,10.736
pvrcnn,kitti_raw,2011_09_26_drive_0009_sync,20,1,3,3,0.3529,0.3529,0.0,0.8264,0.8096,0.0168,211.919,194.32,1.0906,42.685,44.804,-4.963,9.04578,8.706214,3.754
pvrcnn,kitti_raw,2011_09_26_drive_0009_sync,21,0,3,3,0.3158,0.3,0.0158,0.7994,0.8135,-0.0141,214.367,202.5,1.0586,43.266,44.914,-3.81,9.27473,9.095153,1.936
pvrcnn,kitti_raw,2011_09_26_drive_0009_sync,22,0,3,2,0.1739,0.1739,0.0,0.8275,0.8205,0.007,217.804,206.757,1.0534,43.842,45.687,-4.208,9.548905,9.446016,1.077
pvrcnn,kitti_raw,2011_09_26_drive_0009_sync,23,0,3,2,0.2222,0.2222,0.0,0.865,0.8383,0.0266,220.355,220.628,0.9988,43.085,43.934,-1.972,9.493917,9.693087,-2.098
pvrcnn,kitti_raw,2011_09_26_drive_0009_sync,24,0,3,2,0.1905,0.2105,-0.0201,0.8634,0.8589,0.0045,222.705,211.533,1.0528,42.917,44.565,-3.839,9.557886,9.426929,1.37
pvrcnn,kitti_raw,2011_09_26_drive_0009_sync,25,1,3,2,0.2,0.1818,0.0182,0.8681,0.8433,0.0248,223.307,206.536,1.0812,43.223,46.121,-6.705,9.651908,9.525587,1.309
pvrcnn,kitti_raw,2011_09_26_drive_0009_sync,26,0,3,2,0.1667,0.1739,-0.0072,0.8466,0.8449,0.0017,224.782,213.886,1.0509,44.203,47.404,-7.242,9.936082,10.139087,-2.043
pvrcnn,kitti_raw,2011_09_26_drive_0009_sync,27,0,3,2,0.2,0.1905,0.0095,0.8133,0.8227,-0.0093,222.295,213.522,1.0411,42.999,46.168,-7.37,9.558493,9.857952,-3.133
pvrcnn,kitti_raw,2011_09_26_drive_0009_sync,28,0,3,2,0.2,0.2,0.0,0.8685,0.8749,-0.0064,226.171,211.827,1.0677,43.699,43.752,-0.121,9.88346,9.267891,6.228
pvrcnn,kitti_raw,2011_09_26_drive_0009_sync,29,0,3,2,0.2105,0.2105,0.0,0.8843,0.8896,-0.0052,220.832,211.694,1.0432,43.007,44.77,-4.1,9.497334,9.47765,0.207
pvrcnn,kitti_raw,2011_09_26_drive_0009_sync,30,1,3,4,0.2609,0.25,0.0109,0.8058,0.809,-0.0032,220.496,206.195,1.0694,43.69,45.46,-4.051,9.63345,9.373585,2.698
pvrcnn,kitti_raw,2011_09_26_drive_0009_sync,31,0,3,5,0.3333,0.3478,-0.0145,0.8605,0.8614,-0.0009,221.301,210.757,1.05,43.775,43.785,-0.022,9.687532,9.228029,4.743
pvrcnn,kitti_raw,2011_09_26_drive_0009_sync,32,0,3,5,0.3077,0.4,-0.0923,0.8454,0.8212,0.0243,222.03,207.937,1.0678,44.456,44.369,0.196,9.87056,9.225943,6.531
pvrcnn,kitti_raw,2011_09_26_drive_0009_sync,33,0,3,5,0.3478,0.4348,-0.087,0.8481,0.834,0.0141,218.027,206.905,1.0538,43.411,45.089,-3.866,9.464696,9.329102,1.433
pvrcnn,kitti_raw,2011_09_26_drive_0009_sync,34,0,3,5,0.4545,0.4167,0.0379,0.84,0.8477,-0.0077,217.473,206.092,1.0552,44.664,44.184,1.074,9.71323,9.106046,6.251
pvrcnn,kitti_raw,2011_09_26_drive_0009_sync,35,1,3,6,0.4615,0.4444,0.0171,0.8361,0.831,0.0051,217.26,199.562,1.0887,43.589,44.807,-2.796,9.470069,8.94188,5.577
pvrcnn,kitti_raw,2011_09_26_drive_0009_sync,36,0,3,6,0.4615,0.48,-0.0185,0.7965,0.8134,-0.0169,216.062,207.609,1.0407,43.996,44.804,-1.837,9.505872,9.301784,2.147
pvrcnn,kitti_raw,2011_09_26_drive_0009_sync,37,0,3,6,0.4286,0.48,-0.0514,0.8023,0.8041,-0.0018,214.44,205.188,1.0451,43.337,44.539,-2.773,9.293195,9.138883,1.66
pvrcnn,kitti_raw,2011_09_26_drive_0009_sync,38,0,3,6,0.4615,0.4615,0.0,0.822,0.8238,-0.0018,213.985,205.859,1.0395,43.054,45.25,-5.099,9.213012,9.315048,-1.108
pvrcnn,kitti_raw,2011_09_26_drive_0009_sync,39,0,3,7,0.5,0.4138,0.0862,0.8124,0.823,-0.0106,212.787,203.003,1.0482,45.286,45.727,-0.973,9.636308,9.282665,3.67
pvrcnn,kitti_raw,2011_09_26_drive_0009_sync,40,1,3,7,0.4667,0.5,-0.0333,0.8069,0.8051,0.0018,212.387,196.299,1.082,43.279,44.779,-3.465,9.191913,8.790038,4.372
pvrcnn,kitti_raw,2011_09_26_drive_0009_sync,41,0,3,6,0.3571,0.3704,-0.0132,0.8282,0.8213,0.0068,213.467,200.713,1.0635,43.755,45.655,-4.343,9.340269,9.163666,1.891
pvrcnn,kitti_raw,2011_09_26_drive_0009_sync,42,0,3,6,0.4615,0.3704,0.0912,0.8004,0.8283,-0.0279,210.256,200.079,1.0509,44.921,44.519,0.895,9.444822,8.907205,5.692
pvrcnn,kitti_raw,2011_09_26_drive_0009_sync,43,0,3,6,0.48,0.48,0.0,0.7909,0.785,0.0059,209.72,198.535,1.0563,43.844,44.218,-0.853,9.194915,8.778761,4.526
pvrcnn,kitti_raw,2011_09_26_drive_0009_sync,44,0,3,6,0.48,0.5,-0.02,0.7727,0.7852,-0.0125,208.454,198.911,1.048,44.224,44.285,-0.139,9.218604,8.808798,4.445
pvrcnn,kitti_raw,2011_09_26_drive_0009_sync,45,1,3,6,0.5217,0.5217,0.0,0.7655,0.7846,-0.0191,209.217,192.585,1.0864,43.266,45.474,-5.105,9.051914,8.757669,3.251
pvrcnn,kitti_raw,2011_09_26_drive_0009_sync,46,0,3,4,0.4,0.4211,-0.0211,0.7829,0.79,-0.0072,213.539,200.356,1.0658,42.719,45.934,-7.525,9.122227,9.203095,-0.886
pvrcnn,kitti_raw,2011_09_26_drive_0009_sync,47,0,3,5,0.5,0.5,0.0,0.825,0.7931,0.0319,211.847,200.575,1.0562,43.858,44.71,-1.943,9.291099,8.967649,3.481
pvrcnn,kitti_raw,2011_09_26_drive_0009_sync,48,0,3,5,0.5,0.5,0.0,0.8277,0.8125,0.0152,214.219,202.686,1.0569,43.301,44.963,-3.839,9.275892,9.113389,1.752
pvrcnn,kitti_raw,2011_09_26_drive_0009_sync,49,0,3,5,0.5263,0.5263,0.0,0.8555,0.855,0.0006,214.915,204.718,1.0498,43.923,45.154,-2.802,9.439639,9.243753,2.075
pvrcnn,kitti_raw,2011_09_26_drive_0009_sync,50,1,3,5,0.5263,0.5882,-0.0619,0.8339,0.8207,0.0132,214.087,202.015,1.0598,44.848,44.383,1.037,9.601459,8.966133,6.617
pvrcnn,kitti_raw,2011_09_26_drive_0009_sync,51,0,3,5,0.5882,0.625,-0.0368,0.8571,0.8609,-0.0037,214.036,202.447,1.0572,43.285,47.023,-8.636,9.264613,9.519726,-2.754
pvrcnn,kitti_raw,2011_09_26_drive_0009_sync,52,0,3,5,0.5263,0.5556,-0.0292,0.7974,0.8039,-0.0064,211.995,202.178,1.0486,44.601,45.805,-2.7,9.45514,9.260721,2.056
pvrcnn,kitti_raw,2011_09_26_drive_0009_sync,53,0,3,6,0.6667,0.6316,0.0351,0.8491,0.8475,0.0016,211.236,200.158,1.0553,45.733,44.954,1.704,9.660485,8.997825,6.859
pvrcnn,kitti_raw,2011_09_26_drive_0009_sync,54,0,3,6,0.6667,0.7059,-0.0392,0.8321,0.8338,-0.0017,211.389,199.585,1.0591,42.632,45.205,-6.036,9.011952,9.022311,-0.115
pvrcnn,kitti_raw,2011_09_26_drive_0009_sync,55,1,3,6,0.6316,0.6667,-0.0351,0.8195,0.8279,-0.0084,214.32,194.026,1.1046,44.38,46.756,-5.354,9.511516,9.071933,4.622
pvrcnn,kitti_raw,2011_09_26_drive_0009_sync,56,0,3,5,0.5882,0.5882,0.0,0.8339,0.8382,-0.0043,213.803,200.881,1.0643,44.536,44.494,0.095,9.522002,8.938054,6.133
pvrcnn,kitti_raw,2011_09_26_drive_0009_sync,57,0,3,5,0.6667,0.6667,0.0,0.864,0.8528,0.0112,214.95,206.021,1.0433,44.819,44.539,0.627,9.633947,9.175905,4.754
pvrcnn,kitti_raw,2011_09_26_drive_0009_sync,58,0,3,5,0.7143,0.7692,-0.0549,0.8326,0.8334,-0.0008,213.528,205.518,1.039,44.673,44.152,1.166,9.539003,9.074116,4.874
pvrcnn,kitti_raw,2011_09_26_drive_0009_sync,59,0,3,5,0.5,0.5263,-0.0263,0.8111,0.8225,-0.0115,214.962,207.403,1.0364,44.076,44.429,-0.801,9.474729,9.21478,2.744
pvrcnn,kitti_raw,2011_09_26_drive_0009_sync,60,1,3,5,0.5882,0.6667,-0.0784,0.8438,0.8488,-0.005,214.119,197.381,1.0848,43.226,46.521,-7.624,9.255437,9.18238,0.789
pvrcnn,kitti_raw,2011_09_26_drive_0009_sync,61,0,3,4,0.5,0.4444,0.0556,0.8556,0.8601,-0.0045,214.806,204.974,1.048,42.874,45.838,-6.915,9.209531,9.395626,-2.021
pvrcnn,kitti_raw,2011_09_26_drive_0009_sync,62,0,3,3,0.375,0.3333,0.0417,0.8367,0.8164,0.0203,217.222,204.799,1.0607,44.796,44.576,0.492,9.730753,9.129128,6.183
pvrcnn,kitti_raw,2011_09_26_drive_0009_sync,63,0,3,3,0.3158,0.3333,-0.0175,0.8595,0.8657,-0.0063,217.165,205.459,1.057,44.213,44.692,-1.085,9.601411,9.182428,4.364
pvrcnn,kitti_raw,2011_09_26_drive_0009_sync,64,0,3,5,0.5263,0.5263,0.0,0.8243,0.8197,0.0046,222.383,205.242,1.0835,43.616,45.338,-3.949,9.699384,9.305299,4.063
pvrcnn,kitti_raw,2011_09_26_drive_0009_sync,65,1,3,6,0.5455,0.5455,0.0,0.8345,0.8462,-0.0116,215.336,198.579,1.0844,44.848,44.497,0.784,9.65746,8.836132,8.505
pvrcnn,kitti_raw,2011_09_26_drive_0009_sync,66,0,3,6,0.5455,0.5217,0.0237,0.8232,0.8316,-0.0085,213.888,204.431,1.0463,44.188,45.292,-2.498,9.451262,9.258997,2.034
pvrcnn,kitti_raw,2011_09_26_drive_0009_sync,67,0,3,6,0.5,0.48,0.02,0.8397,0.8356,0.0041,213.176,201.833,1.0562,44.682,44.667,0.034,9.525048,9.015208,5.353
pvrcnn,kitti_raw,2011_09_26_drive_0009_sync,68,0,3,6,0.48,0.5217,-0.0417,0.8454,0.8326,0.0128,212.68,206.982,1.0275,43.448,44.206,-1.744,9.240432,9.149732,0.982
pvrcnn,kitti_raw,2011_09_26_drive_0009_sync,69,0,3,6,0.5,0.5,0.0,0.8352,0.8335,0.0017,215.467,203.555,1.0585,43.471,45.367,-4.362,9.366606,9.234746,1.408
pvrcnn,kitti_raw,2011_09_26_drive_0009_sync,70,1,3,6,0.6,0.6,0.0,0.855,0.8592,-0.0043,218.072,196.267,1.1111,43.681,45.968,-5.236,9.525524,9.021946,5.287
pvrcnn,kitti_raw,2011_09_26_drive_0009_sync,71,0,3,6,0.5455,0.5714,-0.026,0.8607,0.8681,-0.0074,217.568,205.38,1.0593,44.612,44.416,0.439,9.706169,9.122237,6.016
pvrcnn,kitti_raw,2011_09_26_drive_0009_sync,72,0,3,6,0.6,0.6,0.0,0.8677,0.8741,-0.0064,217.242,204.219,1.0638,44.543,44.261,0.634,9.676683,9.038938,6.591
pvrcnn,kitti_raw,2011_09_26_drive_0009_sync,73,0,3,6,0.5714,0.5714,0.0,0.8668,0.8634,0.0034,220.8,203.764,1.0836,44.215,44.98,-1.73,9.762742,9.165352,6.119
pvrcnn,kitti_raw,2011_09_26_drive_0009_sync,74,0,3,6,0.5714,0.5714,0.0,0.853,0.844,0.0091,214.047,202.523,1.0569,43.641,45.732,-4.792,9.341263,9.26184,0.85
pvrcnn,kitti_raw,2011_09_26_drive_0009_sync,75,1,3,5,0.5556,0.5263,0.0292,0.8533,0.8514,0.0019,215.262,197.224,1.0915,42.713,45.685,-6.957,9.194575,9.010217,2.005
pvrcnn,kitti_raw,2011_09_26_drive_0009_sync,76,0,3,5,0.5,0.5,0.0,0.8585,0.8614,-0.003,215.586,202.914,1.0625,44.058,44.126,-0.156,9.498232,8.953824,5.732
pvrcnn,kitti_raw,2011_09_26_drive_0009_sync,77,0,3,5,0.5882,0.5556,0.0327,0.8669,0.8683,-0.0014,215.126,202.611,1.0618,44.337,45.608,-2.867,9.538069,9.240789,3.117
pvrcnn,kitti_raw,2011_09_26_drive_0009_sync,78,0,3,6,0.48,0.5,-0.02,0.861,0.8618,-0.0008,212.608,201.69,1.0541,44.799,44.97,-0.381,9.524596,9.069933,4.774
pvrcnn,kitti_raw,2011_09_26_drive_0009_sync,79,0,3,6,0.4615,0.4444,0.0171,0.858,0.8613,-0.0033,211.807,200.091,1.0586,43.32,45.651,-5.379,9.175565,9.1343,0.45
pvrcnn,kitti_raw,2011_09_26_drive_0009_sync,80,1,3,6,0.4615,0.4444,0.0171,0.833,0.8383,-0.0054,211.869,194.109,1.0915,43.941,46.044,-4.788,9.309627,8.937604,3.996
pvrcnn,kitti_raw,2011_09_26_drive_0009_sync,81,0,3,5,0.3571,0.3448,0.0123,0.8419,0.8417,0.0001,210.954,201.12,1.0489,43.221,45.3,-4.811,9.117622,9.110813,0.075
pvrcnn,kitti_raw,2011_09_26_drive_0009_sync,82,0,3,5,0.3704,0.3704,0.0,0.8338,0.8438,-0.01,212.566,199.018,1.0681,44.306,45.072,-1.728,9.41799,8.970105,4.756
pvrcnn,kitti_raw,2011_09_26_drive_0009_sync,83,0,3,5,0.4167,0.3846,0.0321,0.8144,0.8231,-0.0087,210.206,201.162,1.045,44.565,44.694,-0.289,9.367883,8.990753,4.026
pvrcnn,kitti_raw,2011_09_26_drive_0009_sync,84,0,3,5,0.4167,0.4,0.0167,0.8379,0.828,0.0099,210.691,200.57,1.0505,44.022,45.063,-2.365,9.274992,9.038324,2.552
pvrcnn,kitti_raw,2011_09_26_drive_0009_sync,85,1,3,5,0.4,0.3571,0.0429,0.8077,0.815,-0.0073,212.93,183.429,1.1608,44.39,46.143,-3.949,9.451919,8.463953,10.453
pvrcnn,kitti_raw,2011_09_26_drive_0009_sync,86,0,3,4,0.3333,0.3333,0.0,0.7858,0.7825,0.0033,199.462,202.498,0.985,44.78,45.697,-2.047,8.932015,9.253571,-3.6
pvrcnn,kitti_raw,2011_09_26_drive_0009_sync,87,0,3,5,0.4,0.3846,0.0154,0.793,0.7827,0.0103,194.727,184.751,1.054,45.287,47.583,-5.071,8.818584,8.791071,0.312
pvrcnn,kitti_raw,2011_09_26_drive_0009_sync,88,0,3,5,0.3333,0.3333,0.0,0.8042,0.8007,0.0034,200.205,184.918,1.0827,44.168,47.286,-7.061,8.842574,8.744052,1.114
pvrcnn,kitti_raw,2011_09_26_drive_0009_sync,89,0,3,4,0.2759,0.2857,-0.0099,0.7808,0.7575,0.0233,199.118,188.57,1.0559,45.368,46.589,-2.69,9.033637,8.785241,2.75
pvrcnn,kitti_raw,2011_09_26_drive_0009_sync,90,1,3,4,0.2963,0.32,-0.0237,0.7913,0.7705,0.0208,202.307,184.568,1.0961,45.169,47.097,-4.269,9.13806,8.692651,4.874
pvrcnn,kitti_raw,2011_09_26_drive_0009_sync,91,0,3,3,0.1429,0.1333,0.0095,0.8044,0.8227,-0.0183,206.18,194.577,1.0596,45.607,45.6,0.014,9.403139,8.872714,5.641
pvrcnn,kitti_raw,2011_09_26_drive_0009_sync,92,0,3,3,0.1538,0.1538,0.0,0.8096,0.8322,-0.0226,202.8,194.26,1.044,44.223,46.531,-5.221,8.96835,9.039196,-0.79
pvrcnn,kitti_raw,2011_09_26_drive_0009_sync,93,0,3,3,0.2222,0.25,-0.0278,0.7338,0.7419,-0.0081,204.541,207.361,0.9864,43.98,46.403,-5.508,8.99577,9.622121,-6.963
pvrcnn,kitti_raw,2011_09_26_drive_0009_sync,94,0,3,3,0.2727,0.2727,0.0,0.7389,0.7496,-0.0107,221.157,204.844,1.0796,43.772,45.424,-3.773,9.680513,9.304763,3.882
pvrcnn,kitti_raw,2011_09_26_drive_0009_sync,95,1,3,4,0.3636,0.32,0.0436,0.7892,0.7942,-0.005,216.57,198.305,1.0921,42.991,46.771,-8.793,9.310533,9.274948,0.382
pvrcnn,kitti_raw,2011_09_26_drive_0009_sync,96,0,3,3,0.2727,0.24,0.0327,0.8552,0.8615,-0.0063,218.835,204.98,1.0676,42.794,44.806,-4.701,9.364736,9.184219,1.928
pvrcnn,kitti_raw,2011_09_26_drive_0009_sync,97,0,3,3,0.2308,0.24,-0.0092,0.8365,0.8265,0.01,213.659,201.195,1.0619,43.574,44.836,-2.897,9.309921,9.020822,3.105
pvrcnn,kitti_raw,2011_09_26_drive_0009_sync,98,0,3,3,0.24,0.24,0.0,0.8396,0.8508,-0.0112,213.71,201.801,1.059,43.231,45.371,-4.951,9.23884,9.155935,0.897
pvrcnn,kitti_raw,2011_09_26_drive_0009_sync,99,0,3,3,0.2222,0.2308,-0.0085,0.8503,0.8353,0.0149,213.183,202.092,1.0549,42.956,46.387,-7.988,9.157494,9.374492,-2.37
pvrcnn,kitti_raw,2011_09_26_drive_0009_sync,100,1,3,5,0.3846,0.3704,0.0142,0.8591,0.8562,0.0029,208.607,198.88,1.0489,44.158,46.371,-5.012,9.211665,9.222268,-0.115
pvrcnn,kitti_raw,2011_09_26_drive_0009_sync,101,0,3,4,0.2667,0.2759,-0.0092,0.854,0.8744,-0.0203,209.394,199.548,1.0493,43.921,44.846,-2.107,9.19681,8.949021,2.694
pvrcnn,kitti_raw,2011_09_26_drive_0009_sync,102,0,3,5,0.3448,0.3448,0.0,0.872,0.8897,-0.0176,210.672,202.593,1.0399,44.033,45.284,-2.841,9.276583,9.174206,1.104
pvrcnn,kitti_raw,2011_09_26_drive_0009_sync,103,0,3,6,0.4,0.4,0.0,0.8671,0.8593,0.0078,212.929,198.015,1.0753,43.86,44.313,-1.033,9.338973,8.774526,6.044
pvrcnn,kitti_raw,2011_09_26_drive_0009_sync,104,0,3,6,0.4138,0.4286,-0.0148,0.8636,0.8699,-0.0063,209.779,199.207,1.0531,44.416,44.705,-0.649,9.317598,8.905471,4.423
pvrcnn,kitti_raw,2011_09_26_drive_0009_sync,105,1,3,6,0.4138,0.4138,0.0,0.8705,0.8667,0.0038,211.526,191.919,1.1022,44.163,45.353,-2.694,9.341674,8.704101,6.825
pvrcnn,kitti_raw,2011_09_26_drive_0009_sync,106,0,3,5,0.3571,0.3571,0.0,0.8776,0.8777,-0.0001,208.563,196.55,1.0611,43.816,44.564,-1.707,9.138449,8.759097,4.151
pvrcnn,kitti_raw,2011_09_26_drive_0009_sync,107,0,3,5,0.3226,0.3704,-0.0478,0.8849,0.8875,-0.0026,208.448,196.053,1.0632,44.936,44.816,0.266,9.366709,8.786365,6.196
pvrcnn,kitti_raw,2011_09_26_drive_0009_sync,108,0,3,5,0.3846,0.3704,0.0142,0.8684,0.8657,0.0027,205.974,195.921,1.0513,44.601,44.526,0.167,9.186578,8.723643,5.039
pvrcnn,kitti_raw,2011_09_26_drive_0009_sync,109,0,3,8,0.5161,0.5333,-0.0172,0.8241,0.8203,0.0038,204.766,197.005,1.0394,43.962,44.838,-1.993,9.001905,8.833356,1.872
pvrcnn,kitti_raw,2011_09_26_drive_0009_sync,110,1,3,8,0.4,0.4,0.0,0.8181,0.8203,-0.0023,203.345,187.118,1.0867,43.191,47.457,-9.878,8.782688,8.880122,-1.109
pvrcnn,kitti_raw,2011_09_26_drive_0009_sync,111,0,3,6,0.3226,0.3125,0.0101,0.8484,0.8588,-0.0104,200.856,190.851,1.0524,44.752,44.913,-0.359,8.988766,8.5717,4.64
pvrcnn,kitti_raw,2011_09_26_drive_0009_sync,112,0,3,6,0.48,0.48,0.0,0.8293,0.8305,-0.0013,199.642,188.26,1.0605,45.349,45.236,0.248,9.053558,8.516177,5.936
pvrcnn,kitti_raw,2011_09_26_drive_0009_sync,113,0,3,7,0.375,0.4138,-0.0388,0.8546,0.8502,0.0044,198.012,188.153,1.0524,43.316,46.121,-6.476,8.577033,8.677763,-1.174
pvrcnn,kitti_raw,2011_09_26_drive_0009_sync,114,0,3,8,0.5161,0.5161,0.0,0.8109,0.8147,-0.0039,197.903,189.712,1.0432,44.942,47.187,-4.993,8.894257,8.951864,-0.648
pvrcnn,kitti_raw,2011_09_26_drive_0009_sync,115,1,3,9,0.5625,0.5625,0.0,0.8198,0.8181,0.0017,193.59,180.133,1.0747,43.523,45.666,-4.922,8.425661,8.22588,2.371
pvrcnn,kitti_raw,2011_09_26_drive_0009_sync,116,0,3,9,0.6207,0.6429,-0.0222,0.8229,0.8313,-0.0084,192.82,183.431,1.0512,44.74,46.27,-3.42,8.626833,8.487423,1.616
pvrcnn,kitti_raw,2011_09_26_drive_0009_sync,117,0,3,9,0.5625,0.5333,0.0292,0.8411,0.8704,-0.0293,192.257,182.843,1.0515,46.15,45.363,1.705,8.872687,8.294305,6.519
pvrcnn,kitti_raw,2011_09_26_drive_0009_sync,118,0,3,9,0.6,0.5806,0.0194,0.8532,0.8607,-0.0075,197.617,187.007,1.0567,44.06,44.622,-1.276,8.706977,8.344593,4.162
pvrcnn,kitti_raw,2011_09_26_drive_0009_sync,119,0,3,8,0.5,0.5,0.0,0.866,0.874,-0.0081,200.991,194.946,1.031,45.21,44.298,2.018,9.086815,8.635715,4.964
pvrcnn,kitti_raw,2011_09_26_drive_0091_sync,0,1,3,1,0.2857,0.2857,0.0,0.8119,0.812,-0.0001,199.997,201.286,0.9936,44.529,44.341,0.422,8.905711,8.925254,-0.219
pvrcnn,kitti_raw,2011_09_26_drive_0091_sync,1,0,3,1,0.4,0.2857,0.1143,0.7958,0.7875,0.0083,202.081,189.199,1.0681,43.787,45.573,-4.08,8.848468,8.622416,2.555
pvrcnn,kitti_raw,2011_09_26_drive_0091_sync,2,0,3,1,0.4,0.4,0.0,0.8318,0.8012,0.0307,203.624,189.879,1.0724,44.115,44.989,-1.982,8.982794,8.542484,4.902
pvrcnn,kitti_raw,2011_09_26_drive_0091_sync,3,0,3,1,0.5,0.4,0.1,0.8419,0.8187,0.0233,208.971,191.744,1.0898,44.352,44.628,-0.62,9.26836,8.557079,7.674
pvrcnn,kitti_raw,2011_09_26_drive_0091_sync,4,0,3,1,0.5,0.5,0.0,0.8357,0.8172,0.0185,207.207,193.711,1.0697,44.526,46.466,-4.356,9.226122,9.000962,2.44
pvrcnn,kitti_raw,2011_09_26_drive_0091_sync,5,1,3,1,0.4,0.5,-0.1,0.8283,0.8052,0.0232,208.056,189.46,1.0982,43.74,47.872,-9.445,9.100438,9.069764,0.337
pvrcnn,kitti_raw,2011_09_26_drive_0091_sync,6,0,3,1,0.5,0.4,0.1,0.7704,0.6837,0.0867,208.885,195.169,1.0703,44.876,44.918,-0.095,9.373852,8.76661,6.478
pvrcnn,kitti_raw,2011_09_26_drive_0091_sync,7,0,3,0,0.0,0.0,0.0,0.0,0.0,0.0,210.52,200.567,1.0496,44.544,44.978,-0.973,9.377479,9.021108,3.8
pvrcnn,kitti_raw,2011_09_26_drive_0091_sync,8,0,3,0,0.0,0.0,0.0,0.0,0.0,0.0,213.231,199.504,1.0688,43.618,44.653,-2.373,9.300733,8.908454,4.218
pvrcnn,kitti_raw,2011_09_26_drive_0091_sync,9,0,3,0,0.0,0.0,0.0,0.0,0.0,0.0,214.261,202.189,1.0597,43.637,46.364,-6.249,9.349761,9.374319,-0.263
pvrcnn,kitti_raw,2011_09_26_drive_0091_sync,10,1,3,0,0.0,0.0,0.0,0.0,0.0,0.0,215.248,196.77,1.0939,43.142,44.649,-3.493,9.286333,8.785639,5.392
pvrcnn,kitti_raw,2011_09_26_drive_0091_sync,11,0,3,0,0.0,0.0,0.0,0.0,0.0,0.0,216.377,202.672,1.0676,44.453,45.559,-2.489,9.618528,9.233543,4.003
pvrcnn,kitti_raw,2011_09_26_drive_0091_sync,12,0,3,0,0.0,0.0,0.0,0.0,0.0,0.0,217.679,205.764,1.0579,43.911,44.491,-1.322,9.558418,9.154665,4.224
pvrcnn,kitti_raw,2011_09_26_drive_0091_sync,13,0,3,0,0.0,0.0,0.0,0.0,0.0,0.0,217.118,205.05,1.0589,43.618,44.759,-2.618,9.470149,9.177933,3.086
pvrcnn,kitti_raw,2011_09_26_drive_0091_sync,14,0,3,0,0.0,0.0,0.0,0.0,0.0,0.0,216.943,205.521,1.0556,44.495,44.846,-0.79,9.652854,9.216876,4.517
pvrcnn,kitti_raw,2011_09_26_drive_0091_sync,15,1,3,0,0.0,0.0,0.0,0.0,0.0,0.0,217.263,199.265,1.0903,44.375,46.115,-3.922,9.64108,9.189211,4.687
pvrcnn,kitti_raw,2011_09_26_drive_0091_sync,16,0,3,0,0.0,0.0,0.0,0.0,0.0,0.0,218.3,208.833,1.0453,43.52,45.742,-5.106,9.5005,9.552528,-0.548
pvrcnn,kitti_raw,2011_09_26_drive_0091_sync,17,0,3,0,0.0,0.0,0.0,0.0,0.0,0.0,221.278,205.394,1.0773,44.344,45.5,-2.608,9.812293,9.34545,4.758
pvrcnn,kitti_raw,2011_09_26_drive_0091_sync,18,0,3,0,0.0,0.0,0.0,0.0,0.0,0.0,219.282,206.385,1.0625,43.243,44.504,-2.918,9.482302,9.18502,3.135
pvrcnn,kitti_raw,2011_09_26_drive_0091_sync,19,0,3,0,0.0,0.0,0.0,0.0,0.0,0.0,215.777,204.285,1.0563,45.206,43.971,2.732,9.754434,8.98259,7.913
pvrcnn,kitti_raw,2011_09_26_drive_0091_sync,20,1,3,0,0.0,0.0,0.0,0.0,0.0,0.0,216.891,198.559,1.0923,43.376,45.197,-4.199,9.40777,8.974248,4.608
pvrcnn,kitti_raw,2011_09_26_drive_0091_sync,21,0,3,0,0.0,0.0,0.0,0.0,0.0,0.0,218.824,205.342,1.0657,43.793,44.546,-1.718,9.583078,9.147133,4.549
pvrcnn,kitti_raw,2011_09_26_drive_0091_sync,22,0,3,0,0.0,0.0,0.0,0.0,0.0,0.0,216.933,205.681,1.0547,43.482,43.774,-0.673,9.432572,9.00354,4.548
pvrcnn,kitti_raw,2011_09_26_drive_0091_sync,23,0,3,0,0.0,0.0,0.0,0.0,0.0,0.0,217.069,205.387,1.0569,44.07,45.305,-2.803,9.566266,9.305118,2.73
pvrcnn,kitti_raw,2011_09_26_drive_0091_sync,24,0,3,0,0.0,0.0,0.0,0.0,0.0,0.0,218.187,206.17,1.0583,44.599,45.438,-1.882,9.73096,9.368055,3.729
pvrcnn,kitti_raw,2011_09_26_drive_0091_sync,25,1,3,0,0.0,0.0,0.0,0.0,0.0,0.0,216.57,201.835,1.073,44.579,46.096,-3.405,9.654402,9.30389,3.631
pvrcnn,kitti_raw,2011_09_26_drive_0091_sync,26,0,3,0,0.0,0.0,0.0,0.0,0.0,0.0,216.884,205.212,1.0569,43.998,45.22,-2.776,9.54257,9.279661,2.755
pvrcnn,kitti_raw,2011_09_26_drive_0091_sync,27,0,3,0,0.0,0.0,0.0,0.0,0.0,0.0,218.187,205.463,1.0619,43.978,43.655,0.733,9.595339,8.969583,6.521
pvrcnn,kitti_raw,2011_09_26_drive_0091_sync,28,0,3,0,0.0,0.0,0.0,0.0,0.0,0.0,217.392,205.193,1.0595,44.41,44.396,0.031,9.654354,9.109734,5.641
pvrcnn,kitti_raw,2011_09_26_drive_0091_sync,29,0,3,0,0.0,0.0,0.0,0.0,0.0,0.0,218.265,206.316,1.0579,42.594,45.899,-7.76,9.296807,9.469771,-1.86
pvrcnn,kitti_raw,2011_09_26_drive_0091_sync,30,1,3,0,0.0,0.0,0.0,0.0,0.0,0.0,221.975,201.245,1.103,43.285,46.055,-6.401,9.608088,9.268406,3.535
pvrcnn,kitti_raw,2011_09_26_drive_0091_sync,31,0,3,0,0.0,0.0,0.0,0.0,0.0,0.0,219.147,207.585,1.0557,43.093,44.718,-3.77,9.443744,9.282799,1.704
pvrcnn,kitti_raw,2011_09_26_drive_0091_sync,32,0,3,0,0.0,0.0,0.0,0.0,0.0,0.0,219.171,205.841,1.0648,44.47,43.742,1.637,9.746453,9.003878,7.619
pvrcnn,kitti_raw,2011_09_26_drive_0091_sync,33,0,3,0,0.0,0.0,0.0,0.0,0.0,0.0,219.035,206.508,1.0607,43.14,44.851,-3.966,9.449101,9.26198,1.98
pvrcnn,kitti_raw,2011_09_26_drive_0091_sync,34,0,3,0,0.0,0.0,0.0,0.0,0.0,0.0,219.321,213.049,1.0294,43.923,45.352,-3.254,9.63324,9.662221,-0.301
pvrcnn,kitti_raw,2011_09_26_drive_0091_sync,35,1,3,0,0.0,0.0,0.0,0.0,0.0,0.0,218.481,197.942,1.1038,44.468,44.775,-0.689,9.715444,8.862799,8.776
pvrcnn,kitti_raw,2011_09_26_drive_0091_sync,36,0,3,0,0.0,0.0,0.0,0.0,0.0,0.0,218.165,206.314,1.0574,42.801,45.688,-6.744,9.33772,9.426006,-0.945
pvrcnn,kitti_raw,2011_09_26_drive_0091_sync,37,0,3,0,0.0,0.0,0.0,0.0,0.0,0.0,220.623,209.037,1.0554,42.915,45.216,-5.363,9.468036,9.451894,0.17
pvrcnn,kitti_raw,2011_09_26_drive_0091_sync,38,0,3,0,0.0,0.0,0.0,0.0,0.0,0.0,220.111,208.483,1.0558,43.756,45.186,-3.27,9.631079,9.420589,2.186
pvrcnn,kitti_raw,2011_09_26_drive_0091_sync,39,0,3,0,0.0,0.0,0.0,0.0,0.0,0.0,224.201,208.372,1.076,42.906,44.664,-4.097,9.619653,9.306781,3.252
pvrcnn,kitti_raw,2011_09_26_drive_0091_sync,40,1,3,0,0.0,0.0,0.0,0.0,0.0,0.0,218.722,198.816,1.1001,44.303,45.553,-2.821,9.690113,9.056678,6.537
pvrcnn,kitti_raw,2011_09_26_drive_0091_sync,41,0,3,0,0.0,0.0,0.0,0.0,0.0,0.0,218.794,204.815,1.0683,44.64,45.18,-1.211,9.766912,9.253571,5.256
pvrcnn,kitti_raw,2011_09_26_drive_0091_sync,42,0,3,0,0.0,0.0,0.0,0.0,0.0,0.0,219.089,209.877,1.0439,44.677,44.19,1.09,9.788228,9.274518,5.248
pvrcnn,kitti_raw,2011_09_26_drive_0091_sync,43,0,3,0,0.0,0.0,0.0,0.0,0.0,0.0,220.125,230.298,0.9558,44.065,43.789,0.627,9.69985,10.084522,-3.966
pvrcnn,kitti_raw,2011_09_26_drive_0091_sync,44,0,3,0,0.0,0.0,0.0,0.0,0.0,0.0,218.701,207.069,1.0562,43.362,45.412,-4.729,9.483254,9.403501,0.841
pvrcnn,kitti_raw,2011_09_26_drive_0091_sync,45,1,3,0,0.0,0.0,0.0,0.0,0.0,0.0,219.033,200.87,1.0904,42.905,45.657,-6.414,9.39759,9.171091,2.41
pvrcnn,kitti_raw,2011_09_26_drive_0091_sync,46,0,3,0,0.0,0.0,0.0,0.0,0.0,0.0,220.379,210.444,1.0472,44.343,45.043,-1.578,9.772305,9.479004,3.001
pvrcnn,kitti_raw,2011_09_26_drive_0091_sync,47,0,3,0,0.0,0.0,0.0,0.0,0.0,0.0,222.921,207.889,1.0723,44.235,45.959,-3.898,9.860863,9.554415,3.108
pvrcnn,kitti_raw,2011_09_26_drive_0091_sync,48,0,3,0,0.0,0.0,0.0,0.0,0.0,0.0,224.141,208.384,1.0756,43.971,44.787,-1.857,9.855676,9.332976,5.304
pvrcnn,kitti_raw,2011_09_26_drive_0091_sync,49,0,3,0,0.0,0.0,0.0,0.0,0.0,0.0,220.377,205.481,1.0725,43.18,46.201,-6.998,9.515854,9.49351,0.235
pvrcnn,kitti_raw,2011_09_26_drive_0091_sync,50,1,3,0,0.0,0.0,0.0,0.0,0.0,0.0,220.757,202.586,1.0897,43.436,47.215,-8.701,9.588708,9.565035,0.247
pvrcnn,kitti_raw,2011_09_26_drive_0091_sync,51,0,3,0,0.0,0.0,0.0,0.0,0.0,0.0,219.662,208.273,1.0547,43.952,45.089,-2.587,9.654604,9.390883,2.732
pvrcnn,kitti_raw,2011_09_26_drive_0091_sync,52,0,3,0,0.0,0.0,0.0,0.0,0.0,0.0,222.361,207.661,1.0708,44.418,45.897,-3.33,9.87686,9.531056,3.501
pvrcnn,kitti_raw,2011_09_26_drive_0091_sync,53,0,3,0,0.0,0.0,0.0,0.0,0.0,0.0,219.957,206.898,1.0631,45.019,46.064,-2.322,9.902205,9.530542,3.753
pvrcnn,kitti_raw,2011_09_26_drive_0091_sync,54,0,3,0,0.0,0.0,0.0,0.0,0.0,0.0,219.216,209.632,1.0457,43.498,44.191,-1.594,9.53549,9.263936,2.848
pvrcnn,kitti_raw,2011_09_26_drive_0091_sync,55,1,3,0,0.0,0.0,0.0,0.0,0.0,0.0,219.653,200.966,1.093,43.138,46.792,-8.47,9.475485,9.403594,0.759
pvrcnn,kitti_raw,2011_09_26_drive_0091_sync,56,0,3,0,0.0,0.0,0.0,0.0,0.0,0.0,219.63,209.921,1.0462,42.791,46.285,-8.167,9.39809,9.716219,-3.385
pvrcnn,kitti_raw,2011_09_26_drive_0091_sync,57,0,3,0,0.0,0.0,0.0,0.0,0.0,0.0,220.559,208.304,1.0588,43.111,46.473,-7.798,9.508622,9.680579,-1.808
pvrcnn,kitti_raw,2011_09_26_drive_0091_sync,58,0,3,0,0.0,0.0,0.0,0.0,0.0,0.0,220.457,207.466,1.0626,43.184,46.596,-7.9,9.520253,9.667031,-1.542
pvrcnn,kitti_raw,2011_09_26_drive_0091_sync,59,0,3,0,0.0,0.0,0.0,0.0,0.0,0.0,220.943,211.135,1.0465,43.138,45.656,-5.837,9.531096,9.639633,-1.139
pvrcnn,kitti_raw,2011_09_26_drive_0091_sync,60,1,3,0,0.0,0.0,0.0,0.0,0.0,0.0,221.596,202.501,1.0943,43.78,44.877,-2.507,9.701396,9.087688,6.326
pvrcnn,kitti_raw,2011_09_26_drive_0091_sync,61,0,3,0,0.0,0.0,0.0,0.0,0.0,0.0,231.421,208.864,1.108,42.909,44.784,-4.37,9.93001,9.353812,5.803
pvrcnn,kitti_raw,2011_09_26_drive_0091_sync,62,0,3,0,0.0,0.0,0.0,0.0,0.0,0.0,219.654,211.321,1.0394,44.071,45.145,-2.435,9.680448,9.540003,1.451
pvrcnn,kitti_raw,2011_09_26_drive_0091_sync,63,0,3,0,0.0,0.0,0.0,0.0,0.0,0.0,222.02,209.059,1.062,44.493,45.399,-2.036,9.878408,9.491138,3.92
pvrcnn,kitti_raw,2011_09_26_drive_0091_sync,64,0,3,0,0.0,0.0,0.0,0.0,0.0,0.0,221.22,207.316,1.0671,43.351,44.982,-3.762,9.590108,9.325439,2.76
pvrcnn,kitti_raw,2011_09_26_drive_0091_sync,65,1,3,0,0.0,0.0,0.0,0.0,0.0,0.0,220.426,202.031,1.0911,44.506,45.628,-2.52,9.81027,9.218175,6.035
pvrcnn,kitti_raw,2011_09_26_drive_0091_sync,66,0,3,0,0.0,0.0,0.0,0.0,0.0,0.0,219.052,206.771,1.0594,43.538,45.453,-4.399,9.53713,9.398419,1.454
pvrcnn,kitti_raw,2011_09_26_drive_0091_sync,67,0,3,0,0.0,0.0,0.0,0.0,0.0,0.0,219.368,207.717,1.0561,43.632,44.764,-2.594,9.57158,9.298308,2.855
pvrcnn,kitti_raw,2011_09_26_drive_0091_sync,68,0,3,0,0.0,0.0,0.0,0.0,0.0,0.0,219.812,206.829,1.0628,43.367,45.416,-4.725,9.532596,9.393373,1.461
pvrcnn,kitti_raw,2011_09_26_drive_0091_sync,69,0,3,0,0.0,0.0,0.0,0.0,0.0,0.0,220.428,208.856,1.0554,43.38,44.925,-3.561,9.562213,9.382825,1.876
pvrcnn,kitti_raw,2011_09_26_drive_0091_sync,70,1,3,0,0.0,0.0,0.0,0.0,0.0,0.0,228.619,204.037,1.1205,43.096,45.205,-4.892,9.852607,9.223397,6.386
pvrcnn,kitti_raw,2011_09_26_drive_0091_sync,71,0,3,0,0.0,0.0,0.0,0.0,0.0,0.0,221.489,208.994,1.0598,44.073,46.992,-6.623,9.761623,9.821004,-0.608
pvrcnn,kitti_raw,2011_09_26_drive_0091_sync,72,0,3,0,0.0,0.0,0.0,0.0,0.0,0.0,221.039,207.883,1.0633,44.463,44.402,0.137,9.828041,9.230423,6.081
pvrcnn,kitti_raw,2011_09_26_drive_0091_sync,73,0,3,0,0.0,0.0,0.0,0.0,0.0,0.0,221.112,207.082,1.0678,43.396,43.984,-1.356,9.595357,9.108319,5.076
pvrcnn,kitti_raw,2011_09_26_drive_0091_sync,74,0,3,0,0.0,0.0,0.0,0.0,0.0,0.0,222.482,209.02,1.0644,43.835,45.245,-3.216,9.752577,9.457109,3.03
pvrcnn,kitti_raw,2011_09_26_drive_0091_sync,75,1,3,0,0.0,0.0,0.0,0.0,0.0,0.0,220.625,200.734,1.0991,44.553,45.331,-1.747,9.829424,9.099454,7.426
pvrcnn,kitti_raw,2011_09_26_drive_0091_sync,76,0,3,0,0.0,0.0,0.0,0.0,0.0,0.0,219.69,207.504,1.0587,44.582,45.079,-1.115,9.794232,9.3541,4.494
pvrcnn,kitti_raw,2011_09_26_drive_0091_sync,77,0,3,0,0.0,0.0,0.0,0.0,0.0,0.0,221.454,207.825,1.0656,44.058,44.229,-0.388,9.75684,9.191893,5.79
pvrcnn,kitti_raw,2011_09_26_drive_0091_sync,78,0,3,0,0.0,0.0,0.0,0.0,0.0,0.0,222.117,207.348,1.0712,43.819,45.562,-3.977,9.733061,9.447253,2.936
pvrcnn,kitti_raw,2011_09_26_drive_0091_sync,79,0,3,0,0.0,0.0,0.0,0.0,0.0,0.0,221.239,209.667,1.0552,43.97,45.913,-4.42,9.727775,9.626476,1.041
pvrcnn,kitti_raw,2011_09_26_drive_0091_sync,80,1,3,0,0.0,0.0,0.0,0.0,0.0,0.0,221.735,202.584,1.0945,43.275,44.593,-3.045,9.595642,9.033832,5.855
pvrcnn,kitti_raw,2011_09_26_drive_0091_sync,81,0,3,0,0.0,0.0,0.0,0.0,0.0,0.0,221.151,208.325,1.0616,44.574,44.932,-0.802,9.857644,9.360393,5.044
pvrcnn,kitti_raw,2011_09_26_drive_0091_sync,82,0,3,0,0.0,0.0,0.0,0.0,0.0,0.0,221.19,208.412,1.0613,43.193,44.368,-2.72,9.553896,9.246844,3.214
pvrcnn,kitti_raw,2011_09_26_drive_0091_sync,83,0,3,0,0.0,0.0,0.0,0.0,0.0,0.0,231.734,209.135,1.1081,42.981,45.144,-5.032,9.96016,9.441116,5.211
pvrcnn,kitti_raw,2011_09_26_drive_0091_sync,84,0,3,0,0.0,0.0,0.0,0.0,0.0,0.0,221.503,209.693,1.0563,43.211,46.281,-7.106,9.571346,9.704889,-1.395
pvrcnn,kitti_raw,2011_09_26_drive_0091_sync,85,1,3,0,0.0,0.0,0.0,0.0,0.0,0.0,222.07,203.46,1.0915,44.308,46.401,-4.724,9.839479,9.440835,4.051
pvrcnn,kitti_raw,2011_09_26_drive_0091_sync,86,0,3,0,0.0,0.0,0.0,0.0,0.0,0.0,220.866,208.716,1.0582,43.426,43.86,-0.999,9.591263,9.154204,4.557
pvrcnn,kitti_raw,2011_09_26_drive_0091_sync,87,0,3,0,0.0,0.0,0.0,0.0,0.0,0.0,221.577,225.281,0.9836,43.504,44.258,-1.734,9.639472,9.970494,-3.434
pvrcnn,kitti_raw,2011_09_26_drive_0091_sync,88,0,3,0,0.0,0.0,0.0,0.0,0.0,0.0,220.865,208.085,1.0614,43.103,45.924,-6.547,9.519866,9.556143,-0.381
pvrcnn,kitti_raw,2011_09_26_drive_0091_sync,89,0,3,0,0.0,0.0,0.0,0.0,0.0,0.0,220.403,205.309,1.0735,43.179,46.415,-7.496,9.516696,9.529443,-0.134
pvrcnn,kitti_raw,2011_09_26_drive_0091_sync,90,1,3,0,0.0,0.0,0.0,0.0,0.0,0.0,220.136,201.597,1.092,44.228,46.613,-5.393,9.736096,9.397051,3.482
pvrcnn,kitti_raw,2011_09_26_drive_0091_sync,91,0,3,0,0.0,0.0,0.0,0.0,0.0,0.0,220.018,208.382,1.0558,43.555,44.62,-2.444,9.582876,9.297916,2.974
pvrcnn,kitti_raw,2011_09_26_drive_0091_sync,92,0,3,0,0.0,0.0,0.0,0.0,0.0,0.0,226.905,207.984,1.091,43.654,45.646,-4.564,9.905301,9.49371,4.155
pvrcnn,kitti_raw,2011_09_26_drive_0091_sync,93,0,3,0,0.0,0.0,0.0,0.0,0.0,0.0,220.076,207.712,1.0595,44.363,45.391,-2.317,9.763177,9.428192,3.431
pvrcnn,kitti_raw,2011_09_26_drive_0091_sync,94,0,3,0,0.0,0.0,0.0,0.0,0.0,0.0,219.865,206.444,1.065,44.417,45.667,-2.815,9.765768,9.427776,3.461
pvrcnn,kitti_raw,2011_09_26_drive_0091_sync,95,1,3,0,0.0,0.0,0.0,0.0,0.0,0.0,219.763,204.288,1.0758,42.596,46.285,-8.662,9.360965,9.455556,-1.01
pvrcnn,kitti_raw,2011_09_26_drive_0091_sync,96,0,3,0,0.0,0.0,0.0,0.0,0.0,0.0,222.586,207.636,1.072,44.5,45.139,-1.434,9.905175,9.372402,5.379
pvrcnn,kitti_raw,2011_09_26_drive_0091_sync,97,0,3,0,0.0,0.0,0.0,0.0,0.0,0.0,219.456,207.162,1.0593,44.147,46.768,-5.939,9.68825,9.688632,-0.004
pvrcnn,kitti_raw,2011_09_26_drive_0091_sync,98,0,3,0,0.0,0.0,0.0,0.0,0.0,0.0,219.327,205.13,1.0692,44.745,44.918,-0.386,9.813871,9.214052,6.112
pvrcnn,kitti_raw,2011_09_26_drive_0091_sync,99,0,3,0,0.0,0.0,0.0,0.0,0.0,0.0,218.634,205.692,1.0629,42.879,43.982,-2.571,9.374852,9.04664,3.501
pvrcnn,kitti_raw,2011_09_26_drive_0091_sync,100,1,3,0,0.0,0.0,0.0,0.0,0.0,0.0,218.216,198.813,1.0976,44.943,45.198,-0.566,9.807336,8.98591,8.376
pvrcnn,kitti_raw,2011_09_26_drive_0091_sync,101,0,3,0,0.0,0.0,0.0,0.0,0.0,0.0,218.441,207.312,1.0537,43.434,44.772,-3.08,9.487859,9.281822,2.172
pvrcnn,kitti_raw,2011_09_26_drive_0091_sync,102,0,3,0,0.0,0.0,0.0,0.0,0.0,0.0,217.158,204.004,1.0645,43.613,45.364,-4.014,9.470949,9.254452,2.286
pvrcnn,kitti_raw,2011_09_26_drive_0091_sync,103,0,3,0,0.0,0.0,0.0,0.0,0.0,0.0,216.226,203.41,1.063,43.655,44.637,-2.251,9.43931,9.079711,3.81
pvrcnn,kitti_raw,2011_09_26_drive_0091_sync,104,0,3,0,0.0,0.0,0.0,0.0,0.0,0.0,216.519,203.677,1.0631,43.507,44.113,-1.393,9.41999,8.984687,4.621
pvrcnn,kitti_raw,2011_09_26_drive_0091_sync,105,1,3,0,0.0,0.0,0.0,0.0,0.0,0.0,221.436,198.172,1.1174,43.033,45.324,-5.325,9.528998,8.981976,5.741
pvrcnn,kitti_raw,2011_09_26_drive_0091_sync,106,0,3,0,0.0,0.0,0.0,0.0,0.0,0.0,216.961,204.334,1.0618,43.07,45.014,-4.514,9.344515,9.197916,1.569
pvrcnn,kitti_raw,2011_09_26_drive_0091_sync,107,0,3,0,0.0,0.0,0.0,0.0,0.0,0.0,217.992,202.972,1.074,43.931,46.903,-6.766,9.576569,9.520043,0.59
pvrcnn,kitti_raw,2011_09_26_drive_0091_sync,108,0,3,0,0.0,0.0,0.0,0.0,0.0,0.0,216.161,201.958,1.0703,44.534,44.521,0.029,9.626491,8.991385,6.597
pvrcnn,kitti_raw,2011_09_26_drive_0091_sync,109,0,3,0,0.0,0.0,0.0,0.0,0.0,0.0,215.181,199.363,1.0793,43.449,46.257,-6.464,9.349306,9.2219,1.363
pvrcnn,kitti_raw,2011_09_26_drive_0091_sync,110,1,3,0,0.0,0.0,0.0,0.0,0.0,0.0,215.544,200.015,1.0776,44.204,45.363,-2.621,9.527918,9.073228,4.772
pvrcnn,kitti_raw,2011_09_26_drive_0091_sync,111,0,3,0,0.0,0.0,0.0,0.0,0.0,0.0,214.199,199.607,1.0731,44.194,46.096,-4.303,9.466272,9.201016,2.802
pvrcnn,kitti_raw,2011_09_26_drive_0091_sync,112,0,3,0,0.0,0.0,0.0,0.0,0.0,0.0,214.067,199.451,1.0733,43.35,45.252,-4.389,9.279798,9.025665,2.739
pvrcnn,kitti_raw,2011_09_26_drive_0091_sync,113,0,3,0,0.0,0.0,0.0,0.0,0.0,0.0,214.375,201.48,1.064,43.814,46.409,-5.922,9.392703,9.350485,0.449
pvrcnn,kitti_raw,2011_09_26_drive_0091_sync,114,0,3,0,0.0,0.0,0.0,0.0,0.0,0.0,217.134,200.975,1.0804,43.049,45.366,-5.383,9.347378,9.117432,2.46
pvrcnn,kitti_raw,2011_09_26_drive_0091_sync,115,1,3,0,0.0,0.0,0.0,0.0,0.0,0.0,215.282,195.192,1.1029,44.08,45.434,-3.071,9.48966,8.868282,6.548
pvrcnn,kitti_raw,2011_09_26_drive_0091_sync,116,0,3,0,0.0,0.0,0.0,0.0,0.0,0.0,213.792,200.538,1.0661,43.739,45.498,-4.022,9.351015,9.124057,2.427
pvrcnn,kitti_raw,2011_09_26_drive_0091_sync,117,0,3,0,0.0,0.0,0.0,0.0,0.0,0.0,212.978,198.287,1.0741,43.06,46.196,-7.284,9.170727,9.160047,0.116
pvrcnn,kitti_raw,2011_09_26_drive_0091_sync,118,0,3,0,0.0,0.0,0.0,0.0,0.0,0.0,212.141,197.403,1.0747,43.657,46.79,-7.177,9.26143,9.236535,0.269
pvrcnn,kitti_raw,2011_09_26_drive_0091_sync,119,0,3,0,0.0,0.0,0.0,0.0,0.0,0.0,218.437,199.351,1.0957,43.816,43.856,-0.091,9.571106,8.742768,8.655
