max_ia_risk,max_copy_risk,min_speedup,t_l,t_h,speedup,ia_risk,copy_risk,delta_miou_ia,delta_accuracy_ia,delta_miou_copy,delta_accuracy_copy
0.1,0.2,,0.79,0.85,1.6475170040813885,0.09379710299528378,0.15599242992835216,0.0010049999999999994,-0.02787,0.0052309692671394774,0.005369976359338061
0.1,0.25,,0.79,0.85,1.6475170040813885,0.09379710299528378,0.15599242992835216,0.0010049999999999994,-0.02787,0.0052309692671394774,0.005369976359338061
0.1,0.3,,0.79,0.85,1.6475170040813885,0.09379710299528378,0.15599242992835216,0.0010049999999999994,-0.02787,0.0052309692671394774,0.005369976359338061
0.1,0.35,,0.79,0.85,1.6475170040813885,0.09379710299528378,0.15599242992835216,0.0010049999999999994,-0.02787,0.0052309692671394774,0.005369976359338061
0.1,0.4,,0.79,0.85,1.6475170040813885,0.09379710299528378,0.15599242992835216,0.0010049999999999994,-0.02787,0.0052309692671394774,0.005369976359338061
0.1,0.45,,0.79,0.85,1.6475170040813885,0.09379710299528378,0.15599242992835216,0.0010049999999999994,-0.02787,0.0052309692671394774,0.005369976359338061
0.1,0.5,,0.79,0.85,1.6475170040813885,0.09379710299528378,0.15599242992835216,0.0010049999999999994,-0.02787,0.0052309692671394774,0.005369976359338061
0.1,0.55,,0.79,0.85,1.6475170040813885,0.09379710299528378,0.15599242992835216,0.0010049999999999994,-0.02787,0.0052309692671394774,0.005369976359338061
0.1,0.6,,0.79,0.85,1.6475170040813885,0.09379710299528378,0.15599242992835216,0.0010049999999999994,-0.02787,0.0052309692671394774,0.005369976359338061
0.1,0.65,,0.79,0.85,1.6475170040813885,0.09379710299528378,0.15599242992835216,0.0010049999999999994,-0.02787,0.0052309692671394774,0.005369976359338061
0.1,0.7,,0.79,0.85,1.6475170040813885,0.09379710299528378,0.15599242992835216,0.0010049999999999994,-0.02787,0.0052309692671394774,0.005369976359338061
0.1,0.75,,0.79,0.85,1.6475170040813885,0.09379710299528378,0.15599242992835216,0.0010049999999999994,-0.02787,0.0052309692671394774,0.005369976359338061
0.1,0.8,,0.79,0.85,1.6475170040813885,0.09379710299528378,0.15599242992835216,0.0010049999999999994,-0.02787,0.0052309692671394774,0.005369976359338061
0.1,0.85,,0.79,0.85,1.6475170040813885,0.09379710299528378,0.15599242992835216,0.0010049999999999994,-0.02787,0.0052309692671394774,0.005369976359338061
0.1,0.9,,0.79,0.85,1.6475170040813885,0.09379710299528378,0.15599242992835216,0.0010049999999999994,-0.02787,0.0052309692671394774,0.005369976359338061
0.1,0.95,,0.79,0.85,1.6475170040813885,0.09379710299528378,0.15599242992835216,0.0010049999999999994,-0.02787,0.0052309692671394774,0.005369976359338061
0.1,1.0,,0.79,0.85,1.6475170040813885,0.09379710299528378,0.15599242992835216,0.0010049999999999994,-0.02787,0.0052309692671394774,0.005369976359338061
0.15,0.1,,0.0,0.93,1.4744915239406087,0.11097910305352626,0.0933017145900213,6.381909547738633e-05,0.0020633165829145737,-8.444444444444502e-06,0.000978222222222224
0.15,0.15,,0.0,0.86,1.7938141231163836,0.11844594511408443,0.14764036595241886,0.0019095541401273875,0.003953503184713375,0.0049121212121212105,0.00516489898989899
0.15,0.2,,0.0,0.01,3.9497751746896492,0.12762814293680266,0.18091330571058525,0.005477500000000001,0.0083325,0.003161064087061669,0.002696614268440144
0.15,0.2,2.0,0.0,0.01,3.9497751746896492,0.12762814293680266,0.18091330571058525,0.005477500000000001,0.0083325,0.003161064087061669,0.002696614268440144
0.15,0.25,,0.0,0.01,3.9497751746896492,0.12762814293680266,0.18091330571058525,0.005477500000000001,0.0083325,0.003161064087061669,0.002696614268440144
0.15,0.25,2.0,0.0,0.01,3.9497751746896492,0.12762814293680266,0.18091330571058525,0.005477500000000001,0.0083325,0.003161064087061669,0.002696614268440144
0.15,0.3,,0.0,0.01,3.9497751746896492,0.12762814293680266,0.18091330571058525,0.005477500000000001,0.0083325,0.003161064087061669,0.002696614268440144
0.15,0.3,2.0,0.0,0.01,3.9497751746896492,0.12762814293680266,0.18091330571058525,0.005477500000000001,0.0083325,0.003161064087061669,0.002696614268440144
0.15,0.35,,0.0,0.01,3.9497751746896492,0.12762814293680266,0.18091330571058525,0.005477500000000001,0.0083325,0.003161064087061669,0.002696614268440144
0.15,0.35,2.0,0.0,0.01,3.9497751746896492,0.12762814293680266,0.18091330571058525,0.005477500000000001,0.0083325,0.003161064087061669,0.002696614268440144
0.15,0.4,,0.0,0.01,3.9497751746896492,0.12762814293680266,0.18091330571058525,0.005477500000000001,0.0083325,0.003161064087061669,0.002696614268440144
0.15,0.4,2.0,0.0,0.01,3.9497751746896492,0.12762814293680266,0.18091330571058525,0.005477500000000001,0.0083325,0.003161064087061669,0.002696614268440144
0.15,0.45,,0.0,0.01,3.9497751746896492,0.12762814293680266,0.18091330571058525,0.005477500000000001,0.0083325,0.003161064087061669,0.002696614268440144
0.15,0.45,2.0,0.0,0.01,3.9497751746896492,0.12762814293680266,0.18091330571058525,0.005477500000000001,0.0083325,0.003161064087061669,0.002696614268440144
0.15,0.5,,0.0,0.01,3.9497751746896492,0.12762814293680266,0.18091330571058525,0.005477500000000001,0.0083325,0.003161064087061669,0.002696614268440144
0.15,0.5,2.0,0.0,0.01,3.9497751746896492,0.12762814293680266,0.18091330571058525,0.005477500000000001,0.0083325,0.003161064087061669,0.002696614268440144
0.15,0.55,,0.0,0.01,3.9497751746896492,0.12762814293680266,0.18091330571058525,0.005477500000000001,0.0083325,0.003161064087061669,0.002696614268440144
0.15,0.55,2.0,0.0,0.01,3.9497751746896492,0.12762814293680266,0.18091330571058525,0.005477500000000001,0.0083325,0.003161064087061669,0.002696614268440144
0.15,0.6,,0.0,0.01,3.9497751746896492,0.12762814293680266,0.18091330571058525,0.005477500000000001,0.0083325,0.003161064087061669,0.002696614268440144
0.15,0.6,2.0,0.0,0.01,3.9497751746896492,0.12762814293680266,0.18091330571058525,0.005477500000000001,0.0083325,0.003161064087061669,0.002696614268440144
0.15,0.65,,0.0,0.01,3.9497751746896492,0.12762814293680266,0.18091330571058525,0.005477500000000001,0.0083325,0.003161064087061669,0.002696614268440144
0.15,0.65,2.0,0.0,0.01,3.9497751746896492,0.12762814293680266,0.18091330571058525,0.005477500000000001,0.0083325,0.003161064087061669,0.002696614268440144
0.15,0.7,,0.0,0.01,3.9497751746896492,0.12762814293680266,0.18091330571058525,0.005477500000000001,0.0083325,0.003161064087061669,0.002696614268440144
0.15,0.7,2.0,0.0,0.01,3.9497751746896492,0.12762814293680266,0.18091330571058525,0.005477500000000001,0.0083325,0.003161064087061669,0.002696614268440144
0.15,0.75,,0.0,0.01,3.9497751746896492,0.12762814293680266,0.18091330571058525,0.005477500000000001,0.0083325,0.003161064087061669,0.002696614268440144
0.15,0.75,2.0,0.0,0.01,3.9497751746896492,0.12762814293680266,0.18091330571058525,0.005477500000000001,0.0083325,0.003161064087061669,0.002696614268440144
0.15,0.8,,0.0,0.01,3.9497751746896492,0.12762814293680266,0.18091330571058525,0.005477500000000001,0.0083325,0.003161064087061669,0.002696614268440144
0.15,0.8,2.0,0.0,0.01,3.9497751746896492,0.12762814293680266,0.18091330571058525,0.005477500000000001,0.0083325,0.003161064087061669,0.002696614268440144
0.15,0.85,,0.0,0.01,3.9497751746896492,0.12762814293680266,0.18091330571058525,0.005477500000000001,0.0083325,0.003161064087061669,0.002696614268440144
0.15,0.85,2.0,0.0,0.01,3.9497751746896492,0.12762814293680266,0.18091330571058525,0.005477500000000001,0.0083325,0.003161064087061669,0.002696614268440144
0.15,0.9,,0.0,0.01,3.9497751746896492,0.12762814293680266,0.18091330571058525,0.005477500000000001,0.0083325,0.003161064087061669,0.002696614268440144
0.15,0.9,2.0,0.0,0.01,3.9497751746896492,0.12762814293680266,0.18091330571058525,0.005477500000000001,0.0083325,0.003161064087061669,0.002696614268440144
0.15,0.95,,0.0,0.01,3.9497751746896492,0.12762814293680266,0.18091330571058525,0.005477500000000001,0.0083325,0.003161064087061669,0.002696614268440144
0.15,0.95,2.0,0.0,0.01,3.9497751746896492,0.12762814293680266,0.18091330571058525,0.005477500000000001,0.0083325,0.003161064087061669,0.002696614268440144
0.15,1.0,,0.0,0.01,3.9497751746896492,0.12762814293680266,0.18091330571058525,0.005477500000000001,0.0083325,0.003161064087061669,0.002696614268440144
0.15,1.0,2.0,0.0,0.01,3.9497751746896492,0.12762814293680266,0.18091330571058525,0.005477500000000001,0.0083325,0.003161064087061669,0.002696614268440144
0.2,0.1,,0.0,0.93,1.4744915239406087,0.11097910305352626,0.0933017145900213,6.381909547738633e-05,0.0020633165829145737,-8.444444444444502e-06,0.000978222222222224
0.2,0.15,,0.0,0.86,1.7938141231163836,0.11844594511408443,0.14764036595241886,0.0019095541401273875,0.003953503184713375,0.0049121212121212105,0.00516489898989899
0.2,0.2,,0.0,0.01,3.9497751746896492,0.12762814293680266,0.18091330571058525,0.005477500000000001,0.0083325,0.003161064087061669,0.002696614268440144
0.2,0.2,2.0,0.0,0.01,3.9497751746896492,0.12762814293680266,0.18091330571058525,0.005477500000000001,0.0083325,0.003161064087061669,0.002696614268440144
0.2,0.25,,0.0,0.01,3.9497751746896492,0.12762814293680266,0.18091330571058525,0.005477500000000001,0.0083325,0.003161064087061669,0.002696614268440144
0.2,0.25,2.0,0.0,0.01,3.9497751746896492,0.12762814293680266,0.18091330571058525,0.005477500000000001,0.0083325,0.003161064087061669,0.002696614268440144
0.2,0.3,,0.0,0.01,3.9497751746896492,0.12762814293680266,0.18091330571058525,0.005477500000000001,0.0083325,0.003161064087061669,0.002696614268440144
0.2,0.3,2.0,0.0,0.01,3.9497751746896492,0.12762814293680266,0.18091330571058525,0.005477500000000001,0.0083325,0.003161064087061669,0.002696614268440144
0.2,0.35,,0.0,0.01,3.9497751746896492,0.12762814293680266,0.18091330571058525,0.005477500000000001,0.0083325,0.003161064087061669,0.002696614268440144
0.2,0.35,2.0,0.0,0.01,3.9497751746896492,0.12762814293680266,0.18091330571058525,0.005477500000000001,0.0083325,0.003161064087061669,0.002696614268440144
0.2,0.4,,0.0,0.01,3.9497751746896492,0.12762814293680266,0.18091330571058525,0.005477500000000001,0.0083325,0.003161064087061669,0.002696614268440144
0.2,0.4,2.0,0.0,0.01,3.9497751746896492,0.12762814293680266,0.18091330571058525,0.005477500000000001,0.0083325,0.003161064087061669,0.002696614268440144
0.2,0.45,,0.0,0.01,3.9497751746896492,0.12762814293680266,0.18091330571058525,0.005477500000000001,0.0083325,0.003161064087061669,0.002696614268440144
0.2,0.45,2.0,0.0,0.01,3.9497751746896492,0.12762814293680266,0.18091330571058525,0.005477500000000001,0.0083325,0.003161064087061669,0.002696614268440144
0.2,0.5,,0.0,0.01,3.9497751746896492,0.12762814293680266,0.18091330571058525,0.005477500000000001,0.0083325,0.003161064087061669,0.002696614268440144
0.2,0.5,2.0,0.0,0.01,3.9497751746896492,0.12762814293680266,0.18091330571058525,0.005477500000000001,0.0083325,0.003161064087061669,0.002696614268440144
0.2,0.55,,0.0,0.01,3.9497751746896492,0.12762814293680266,0.18091330571058525,0.005477500000000001,0.0083325,0.003161064087061669,0.002696614268440144
0.2,0.55,2.0,0.0,0.01,3.9497751746896492,0.12762814293680266,0.18091330571058525,0.005477500000000001,0.0083325,0.003161064087061669,0.002696614268440144
0.2,0.6,,0.0,0.01,3.9497751746896492,0.12762814293680266,0.18091330571058525,0.005477500000000001,0.0083325,0.003161064087061669,0.002696614268440144
0.2,0.6,2.0,0.0,0.01,3.9497751746896492,0.12762814293680266,0.18091330571058525,0.005477500000000001,0.0083325,0.003161064087061669,0.002696614268440144
0.2,0.65,,0.0,0.01,3.9497751746896492,0.12762814293680266,0.18091330571058525,0.005477500000000001,0.0083325,0.003161064087061669,0.002696614268440144
0.2,0.65,2.0,0.0,0.01,3.9497751746896492,0.12762814293680266,0.18091330571058525,0.005477500000000001,0.0083325,0.003161064087061669,0.002696614268440144
0.2,0.7,,0.0,0.01,3.9497751746896492,0.12762814293680266,0.18091330571058525,0.005477500000000001,0.0083325,0.003161064087061669,0.002696614268440144
0.2,0.7,2.0,0.0,0.01,3.9497751746896492,0.12762814293680266,0.18091330571058525,0.005477500000000001,0.0083325,0.003161064087061669,0.002696614268440144
0.2,0.75,,0.0,0.01,3.9497751746896492,0.12762814293680266,0.18091330571058525,0.005477500000000001,0.0083325,0.003161064087061669,0.002696614268440144
0.2,0.75,2.0,0.0,0.01,3.9497751746896492,0.12762814293680266,0.18091330571058525,0.005477500000000001,0.0083325,0.003161064087061669,0.002696614268440144
0.2,0.8,,0.0,0.01,3.9497751746896492,0.12762814293680266,0.18091330571058525,0.005477500000000001,0.0083325,0.003161064087061669,0.002696614268440144
0.2,0.8,2.0,0.0,0.01,3.9497751746896492,0.12762814293680266,0.18091330571058525,0.005477500000000001,0.0083325,0.003161064087061669,0.002696614268440144
0.2,0.85,,0.0,0.01,3.9497751746896492,0.12762814293680266,0.18091330571058525,0.005477500000000001,0.0083325,0.003161064087061669,0.002696614268440144
0.2,0.85,2.0,0.0,0.01,3.9497751746896492,0.12762814293680266,0.18091330571058525,0.005477500000000001,0.0083325,0.003161064087061669,0.002696614268440144
0.2,0.9,,0.0,0.01,3.9497751746896492,0.12762814293680266,0.18091330571058525,0.005477500000000001,0.0083325,0.003161064087061669,0.002696614268440144
0.2,0.9,2.0,0.0,0.01,3.9497751746896492,0.12762814293680266,0.18091330571058525,0.005477500000000001,0.0083325,0.003161064087061669,0.002696614268440144
0.2,0.95,,0.0,0.01,3.9497751746896492,0.12762814293680266,0.18091330571058525,0.005477500000000001,0.0083325,0.003161064087061669,0.002696614268440144
0.2,0.95,2.0,0.0,0.01,3.9497751746896492,0.12762814293680266,0.18091330571058525,0.005477500000000001,0.0083325,0.003161064087061669,0.002696614268440144
0.2,1.0,,0.0,0.01,3.9497751746896492,0.12762814293680266,0.18091330571058525,0.005477500000000001,0.0083325,0.003161064087061669,0.002696614268440144
0.2,1.0,2.0,0.0,0.01,3.9497751746896492,0.12762814293680266,0.18091330571058525,0.005477500000000001,0.0083325,0.003161064087061669,0.002696614268440144
0.25,0.1,,0.0,0.93,1.4744915239406087,0.11097910305352626,0.0933017145900213,6.381909547738633e-05,0.0020633165829145737,-8.444444444444502e-06,0.000978222222222224
0.25,0.15,,0.0,0.86,1.7938141231163836,0.11844594511408443,0.14764036595241886,0.0019095541401273875,0.003953503184713375,0.0049121212121212105,0.00516489898989899
0.25,0.2,,0.0,0.01,3.9497751746896492,0.12762814293680266,0.18091330571058525,0.005477500000000001,0.0083325,0.003161064087061669,0.002696614268440144
0.25,0.2,2.0,0.0,0.01,3.9497751746896492,0.12762814293680266,0.18091330571058525,0.005477500000000001,0.0083325,0.003161064087061669,0.002696614268440144
0.25,0.25,,0.0,0.01,3.9497751746896492,0.12762814293680266,0.18091330571058525,0.005477500000000001,0.0083325,0.003161064087061669,0.002696614268440144
0.25,0.25,2.0,0.0,0.01,3.9497751746896492,0.12762814293680266,0.18091330571058525,0.005477500000000001,0.0083325,0.003161064087061669,0.002696614268440144
0.25,0.3,,0.0,0.01,3.9497751746896492,0.12762814293680266,0.18091330571058525,0.005477500000000001,0.0083325,0.003161064087061669,0.002696614268440144
0.25,0.3,2.0,0.0,0.01,3.9497751746896492,0.12762814293680266,0.18091330571058525,0.005477500000000001,0.0083325,0.003161064087061669,0.002696614268440144
0.25,0.35,,0.0,0.01,3.9497751746896492,0.12762814293680266,0.18091330571058525,0.005477500000000001,0.0083325,0.003161064087061669,0.002696614268440144
0.25,0.35,2.0,0.0,0.01,3.9497751746896492,0.12762814293680266,0.18091330571058525,0.005477500000000001,0.0083325,0.003161064087061669,0.002696614268440144
0.25,0.4,,0.0,0.01,3.9497751746896492,0.12762814293680266,0.18091330571058525,0.005477500000000001,0.0083325,0.003161064087061669,0.002696614268440144
0.25,0.4,2.0,0.0,0.01,3.9497751746896492,0.12762814293680266,0.18091330571058525,0.005477500000000001,0.0083325,0.003161064087061669,0.002696614268440144
0.25,0.45,,0.0,0.01,3.9497751746896492,0.12762814293680266,0.18091330571058525,0.005477500000000001,0.0083325,0.003161064087061669,0.002696614268440144
0.25,0.45,2.0,0.0,0.01,3.9497751746896492,0.12762814293680266,0.18091330571058525,0.005477500000000001,0.0083325,0.003161064087061669,0.002696614268440144
0.25,0.5,,0.0,0.01,3.9497751746896492,0.12762814293680266,0.18091330571058525,0.005477500000000001,0.0083325,0.003161064087061669,0.002696614268440144
0.25,0.5,2.0,0.0,0.01,3.9497751746896492,0.12762814293680266,0.18091330571058525,0.005477500000000001,0.0083325,0.003161064087061669,0.002696614268440144
0.25,0.55,,0.0,0.01,3.9497751746896492,0.12762814293680266,0.18091330571058525,0.005477500000000001,0.0083325,0.003161064087061669,0.002696614268440144
0.25,0.55,2.0,0.0,0.01,3.9497751746896492,0.12762814293680266,0.18091330571058525,0.005477500000000001,0.0083325,0.003161064087061669,0.002696614268440144
0.25,0.6,,0.0,0.01,3.9497751746896492,0.12762814293680266,0.18091330571058525,0.005477500000000001,0.0083325,0.003161064087061669,0.002696614268440144
0.25,0.6,2.0,0.0,0.01,3.9497751746896492,0.12762814293680266,0.18091330571058525,0.005477500000000001,0.0083325,0.003161064087061669,0.002696614268440144
0.25,0.65,,0.0,0.01,3.9497751746896492,0.12762814293680266,0.18091330571058525,0.005477500000000001,0.0083325,0.003161064087061669,0.002696614268440144
0.25,0.65,2.0,0.0,0.01,3.9497751746896492,0.12762814293680266,0.18091330571058525,0.005477500000000001,0.0083325,0.003161064087061669,0.002696614268440144
0.25,0.7,,0.0,0.01,3.9497751746896492,0.12762814293680266,0.18091330571058525,0.005477500000000001,0.0083325,0.003161064087061669,0.002696614268440144
0.25,0.7,2.0,0.0,0.01,3.9497751746896492,0.12762814293680266,0.18091330571058525,0.005477500000000001,0.0083325,0.003161064087061669,0.002696614268440144
0.25,0.75,,0.0,0.01,3.9497751746896492,0.12762814293680266,0.18091330571058525,0.005477500000000001,0.0083325,0.003161064087061669,0.002696614268440144
0.25,0.75,2.0,0.0,0.01,3.9497751746896492,0.12762814293680266,0.18091330571058525,0.005477500000000001,0.0083325,0.003161064087061669,0.002696614268440144
0.25,0.8,,0.0,0.01,3.9497751746896492,0.12762814293680266,0.18091330571058525,0.005477500000000001,0.0083325,0.003161064087061669,0.002696614268440144
0.25,0.8,2.0,0.0,0.01,3.9497751746896492,0.12762814293680266,0.18091330571058525,0.005477500000000001,0.0083325,0.003161064087061669,0.002696614268440144
0.25,0.85,,0.0,0.01,3.9497751746896492,0.12762814293680266,0.18091330571058525,0.005477500000000001,0.0083325,0.003161064087061669,0.002696614268440144
0.25,0.85,2.0,0.0,0.01,3.9497751746896492,0.12762814293680266,0.18091330571058525,0.005477500000000001,0.0083325,0.003161064087061669,0.002696614268440144
0.25,0.9,,0.0,0.01,3.9497751746896492,0.12762814293680266,0.18091330571058525,0.005477500000000001,0.0083325,0.003161064087061669,0.002696614268440144
0.25,0.9,2.0,0.0,0.01,3.9497751746896492,0.12762814293680266,0.18091330571058525,0.005477500000000001,0.0083325,0.003161064087061669,0.002696614268440144
0.25,0.95,,0.0,0.01,3.9497751746896492,0.12762814293680266,0.18091330571058525,0.005477500000000001,0.0083325,0.003161064087061669,0.002696614268440144
0.25,0.95,2.0,0.0,0.01,3.9497751746896492,0.12762814293680266,0.18091330571058525,0.005477500000000001,0.0083325,0.003161064087061669,0.002696614268440144
0.25,1.0,,0.0,0.01,3.9497751746896492,0.12762814293680266,0.18091330571058525,0.005477500000000001,0.0083325,0.003161064087061669,0.002696614268440144
0.25,1.0,2.0,0.0,0.01,3.9497751746896492,0.12762814293680266,0.18091330571058525,0.005477500000000001,0.0083325,0.003161064087061669,0.002696614268440144
0.3,0.1,,0.0,0.93,1.4744915239406087,0.11097910305352626,0.0933017145900213,6.381909547738633e-05,0.0020633165829145737,-8.444444444444502e-06,0.000978222222222224
0.3,0.15,,0.0,0.86,1.7938141231163836,0.11844594511408443,0.14764036595241886,0.0019095541401273875,0.003953503184713375,0.0049121212121212105,0.00516489898989899
0.3,0.2,,0.0,0.01,3.9497751746896492,0.12762814293680266,0.18091330571058525,0.005477500000000001,0.0083325,0.003161064087061669,0.002696614268440144
0.3,0.2,2.0,0.0,0.01,3.9497751746896492,0.12762814293680266,0.18091330571058525,0.005477500000000001,0.0083325,0.003161064087061669,0.002696614268440144
0.3,0.25,,0.0,0.01,3.9497751746896492,0.12762814293680266,0.18091330571058525,0.005477500000000001,0.0083325,0.003161064087061669,0.002696614268440144
0.3,0.25,2.0,0.0,0.01,3.9497751746896492,0.12762814293680266,0.18091330571058525,0.005477500000000001,0.0083325,0.003161064087061669,0.002696614268440144
0.3,0.3,,0.0,0.01,3.9497751746896492,0.12762814293680266,0.18091330571058525,0.005477500000000001,0.0083325,0.003161064087061669,0.002696614268440144
0.3,0.3,2.0,0.0,0.01,3.9497751746896492,0.12762814293680266,0.18091330571058525,0.005477500000000001,0.0083325,0.003161064087061669,0.002696614268440144
0.3,0.35,,0.0,0.01,3.9497751746896492,0.12762814293680266,0.18091330571058525,0.005477500000000001,0.0083325,0.003161064087061669,0.002696614268440144
0.3,0.35,2.0,0.0,0.01,3.9497751746896492,0.12762814293680266,0.18091330571058525,0.005477500000000001,0.0083325,0.003161064087061669,0.002696614268440144
0.3,0.4,,0.0,0.01,3.9497751746896492,0.12762814293680266,0.18091330571058525,0.005477500000000001,0.0083325,0.003161064087061669,0.002696614268440144
0.3,0.4,2.0,0.0,0.01,3.9497751746896492,0.12762814293680266,0.18091330571058525,0.005477500000000001,0.0083325,0.003161064087061669,0.002696614268440144
0.3,0.45,,0.0,0.01,3.9497751746896492,0.12762814293680266,0.18091330571058525,0.005477500000000001,0.0083325,0.003161064087061669,0.002696614268440144
0.3,0.45,2.0,0.0,0.01,3.9497751746896492,0.12762814293680266,0.18091330571058525,0.005477500000000001,0.0083325,0.003161064087061669,0.002696614268440144
0.3,0.5,,0.0,0.01,3.9497751746896492,0.12762814293680266,0.18091330571058525,0.005477500000000001,0.0083325,0.003161064087061669,0.002696614268440144
0.3,0.5,2.0,0.0,0.01,3.9497751746896492,0.12762814293680266,0.18091330571058525,0.005477500000000001,0.0083325,0.003161064087061669,0.002696614268440144
0.3,0.55,,0.0,0.01,3.9497751746896492,0.12762814293680266,0.18091330571058525,0.005477500000000001,0.0083325,0.003161064087061669,0.002696614268440144
0.3,0.55,2.0,0.0,0.01,3.9497751746896492,0.12762814293680266,0.18091330571058525,0.005477500000000001,0.0083325,0.003161064087061669,0.002696614268440144
0.3,0.6,,0.0,0.01,3.9497751746896492,0.12762814293680266,0.18091330571058525,0.005477500000000001,0.0083325,0.003161064087061669,0.002696614268440144
0.3,0.6,2.0,0.0,0.01,3.9497751746896492,0.12762814293680266,0.18091330571058525,0.005477500000000001,0.0083325,0.003161064087061669,0.002696614268440144
0.3,0.65,,0.0,0.01,3.9497751746896492,0.12762814293680266,0.18091330571058525,0.005477500000000001,0.0083325,0.003161064087061669,0.002696614268440144
0.3,0.65,2.0,0.0,0.01,3.9497751746896492,0.12762814293680266,0.18091330571058525,0.005477500000000001,0.0083325,0.003161064087061669,0.002696614268440144
0.3,0.7,,0.0,0.01,3.9497751746896492,0.12762814293680266,0.18091330571058525,0.005477500000000001,0.0083325,0.003161064087061669,0.002696614268440144
0.3,0.7,2.0,0.0,0.01,3.9497751746896492,0.12762814293680266,0.18091330571058525,0.005477500000000001,0.0083325,0.003161064087061669,0.002696614268440144
0.3,0.75,,0.0,0.01,3.9497751746896492,0.12762814293680266,0.18091330571058525,0.005477500000000001,0.0083325,0.003161064087061669,0.002696614268440144
0.3,0.75,2.0,0.0,0.01,3.9497751746896492,0.12762814293680266,0.18091330571058525,0.005477500000000001,0.0083325,0.003161064087061669,0.002696614268440144
0.3,0.8,,0.0,0.01,3.9497751746896492,0.12762814293680266,0.18091330571058525,0.005477500000000001,0.0083325,0.003161064087061669,0.002696614268440144
0.3,0.8,2.0,0.0,0.01,3.9497751746896492,0.12762814293680266,0.18091330571058525,0.005477500000000001,0.0083325,0.003161064087061669,0.002696614268440144
0.3,0.85,,0.0,0.01,3.9497751746896492,0.12762814293680266,0.18091330571058525,0.005477500000000001,0.0083325,0.003161064087061669,0.002696614268440144
0.3,0.85,2.0,0.0,0.01,3.9497751746896492,0.12762814293680266,0.18091330571058525,0.005477500000000001,0.0083325,0.003161064087061669,0.002696614268440144
0.3,0.9,,0.0,0.01,3.9497751746896492,0.12762814293680266,0.18091330571058525,0.005477500000000001,0.0083325,0.003161064087061669,0.002696614268440144
0.3,0.9,2.0,0.0,0.01,3.9497751746896492,0.12762814293680266,0.18091330571058525,0.005477500000000001,0.0083325,0.003161064087061669,0.002696614268440144
0.3,0.95,,0.0,0.01,3.9497751746896492,0.12762814293680266,0.18091330571058525,0.005477500000000001,0.0083325,0.003161064087061669,0.002696614268440144
0.3,0.95,2.0,0.0,0.01,3.9497751746896492,0.12762814293680266,0.18091330571058525,0.005477500000000001,0.0083325,0.003161064087061669,0.002696614268440144
0.3,1.0,,0.0,0.01,3.9497751746896492,0.12762814293680266,0.18091330571058525,0.005477500000000001,0.0083325,0.003161064087061669,0.002696614268440144
0.3,1.0,2.0,0.0,0.01,3.9497751746896492,0.12762814293680266,0.18091330571058525,0.005477500000000001,0.0083325,0.003161064087061669,0.002696614268440144
0.35,0.1,,0.0,0.93,1.4744915239406087,0.11097910305352626,0.0933017145900213,6.381909547738633e-05,0.0020633165829145737,-8.444444444444502e-06,0.000978222222222224
0.35,0.15,,0.0,0.86,1.7938141231163836,0.11844594511408443,0.14764036595241886,0.0019095541401273875,0.003953503184713375,0.0049121212121212105,0.00516489898989899
0.35,0.2,,0.0,0.01,3.9497751746896492,0.12762814293680266,0.18091330571058525,0.005477500000000001,0.0083325,0.003161064087061669,0.002696614268440144
0.35,0.2,2.0,0.0,0.01,3.9497751746896492,0.12762814293680266,0.18091330571058525,0.005477500000000001,0.0083325,0.003161064087061669,0.002696614268440144
0.35,0.25,,0.0,0.01,3.9497751746896492,0.12762814293680266,0.18091330571058525,0.005477500000000001,0.0083325,0.003161064087061669,0.002696614268440144
0.35,0.25,2.0,0.0,0.01,3.9497751746896492,0.12762814293680266,0.18091330571058525,0.005477500000000001,0.0083325,0.003161064087061669,0.002696614268440144
0.35,0.3,,0.0,0.01,3.9497751746896492,0.12762814293680266,0.18091330571058525,0.005477500000000001,0.0083325,0.003161064087061669,0.002696614268440144
0.35,0.3,2.0,0.0,0.01,3.9497751746896492,0.12762814293680266,0.18091330571058525,0.005477500000000001,0.0083325,0.003161064087061669,0.002696614268440144
0.35,0.35,,0.0,0.01,3.9497751746896492,0.12762814293680266,0.18091330571058525,0.005477500000000001,0.0083325,0.003161064087061669,0.002696614268440144
0.35,0.35,2.0,0.0,0.01,3.9497751746896492,0.12762814293680266,0.18091330571058525,0.005477500000000001,0.0083325,0.003161064087061669,0.002696614268440144
0.35,0.4,,0.0,0.01,3.9497751746896492,0.12762814293680266,0.18091330571058525,0.005477500000000001,0.0083325,0.003161064087061669,0.002696614268440144
0.35,0.4,2.0,0.0,0.01,3.9497751746896492,0.12762814293680266,0.18091330571058525,0.005477500000000001,0.0083325,0.003161064087061669,0.002696614268440144
0.35,0.45,,0.0,0.01,3.9497751746896492,0.12762814293680266,0.18091330571058525,0.005477500000000001,0.0083325,0.003161064087061669,0.002696614268440144
0.35,0.45,2.0,0.0,0.01,3.9497751746896492,0.12762814293680266,0.18091330571058525,0.005477500000000001,0.0083325,0.003161064087061669,0.002696614268440144
0.35,0.5,,0.0,0.01,3.9497751746896492,0.12762814293680266,0.18091330571058525,0.005477500000000001,0.0083325,0.003161064087061669,0.002696614268440144
0.35,0.5,2.0,0.0,0.01,3.9497751746896492,0.12762814293680266,0.18091330571058525,0.005477500000000001,0.0083325,0.003161064087061669,0.002696614268440144
0.35,0.55,,0.0,0.01,3.9497751746896492,0.12762814293680266,0.18091330571058525,0.005477500000000001,0.0083325,0.003161064087061669,0.002696614268440144
0.35,0.55,2.0,0.0,0.01,3.9497751746896492,0.12762814293680266,0.18091330571058525,0.005477500000000001,0.0083325,0.003161064087061669,0.002696614268440144
0.35,0.6,,0.0,0.01,3.9497751746896492,0.12762814293680266,0.18091330571058525,0.005477500000000001,0.0083325,0.003161064087061669,0.002696614268440144
0.35,0.6,2.0,0.0,0.01,3.9497751746896492,0.12762814293680266,0.18091330571058525,0.005477500000000001,0.0083325,0.003161064087061669,0.002696614268440144
0.35,0.65,,0.0,0.01,3.9497751746896492,0.12762814293680266,0.18091330571058525,0.005477500000000001,0.0083325,0.003161064087061669,0.002696614268440144
0.35,0.65,2.0,0.0,0.01,3.9497751746896492,0.12762814293680266,0.18091330571058525,0.005477500000000001,0.0083325,0.003161064087061669,0.002696614268440144
0.35,0.7,,0.0,0.01,3.9497751746896492,0.12762814293680266,0.18091330571058525,0.005477500000000001,0.0083325,0.003161064087061669,0.002696614268440144
0.35,0.7,2.0,0.0,0.01,3.9497751746896492,0.12762814293680266,0.18091330571058525,0.005477500000000001,0.0083325,0.003161064087061669,0.002696614268440144
0.35,0.75,,0.0,0.01,3.9497751746896492,0.12762814293680266,0.18091330571058525,0.005477500000000001,0.0083325,0.003161064087061669,0.002696614268440144
0.35,0.75,2.0,0.0,0.01,3.9497751746896492,0.12762814293680266,0.18091330571058525,0.005477500000000001,0.0083325,0.003161064087061669,0.002696614268440144
0.35,0.8,,0.0,0.01,3.9497751746896492,0.12762814293680266,0.18091330571058525,0.005477500000000001,0.0083325,0.003161064087061669,0.002696614268440144
0.35,0.8,2.0,0.0,0.01,3.9497751746896492,0.12762814293680266,0.18091330571058525,0.005477500000000001,0.0083325,0.003161064087061669,0.002696614268440144
0.35,0.85,,0.0,0.01,3.9497751746896492,0.12762814293680266,0.18091330571058525,0.005477500000000001,0.0083325,0.003161064087061669,0.002696614268440144
0.35,0.85,2.0,0.0,0.01,3.9497751746896492,0.12762814293680266,0.18091330571058525,0.005477500000000001,0.0083325,0.003161064087061669,0.002696614268440144
0.35,0.9,,0.0,0.01,3.9497751746896492,0.12762814293680266,0.18091330571058525,0.005477500000000001,0.0083325,0.003161064087061669,0.002696614268440144
0.35,0.9,2.0,0.0,0.01,3.9497751746896492,0.12762814293680266,0.18091330571058525,0.005477500000000001,0.0083325,0.003161064087061669,0.002696614268440144
0.35,0.95,,0.0,0.01,3.9497751746896492,0.12762814293680266,0.18091330571058525,0.005477500000000001,0.0083325,0.003161064087061669,0.002696614268440144
0.35,0.95,2.0,0.0,0.01,3.9497751746896492,0.12762814293680266,0.18091330571058525,0.005477500000000001,0.0083325,0.003161064087061669,0.002696614268440144
0.35,1.0,,0.0,0.01,3.9497751746896492,0.12762814293680266,0.18091330571058525,0.005477500000000001,0.0083325,0.003161064087061669,0.002696614268440144
0.35,1.0,2.0,0.0,0.01,3.9497751746896492,0.12762814293680266,0.18091330571058525,0.005477500000000001,0.0083325,0.003161064087061669,0.002696614268440144
0.4,0.1,,0.0,0.93,1.4744915239406087,0.11097910305352626,0.0933017145900213,6.381909547738633e-05,0.0020633165829145737,-8.444444444444502e-06,0.000978222222222224
0.4,0.15,,0.0,0.86,1.7938141231163836,0.11844594511408443,0.14764036595241886,0.0019095541401273875,0.003953503184713375,0.0049121212121212105,0.00516489898989899
0.4,0.2,,0.0,0.01,3.9497751746896492,0.12762814293680266,0.18091330571058525,0.005477500000000001,0.0083325,0.003161064087061669,0.002696614268440144
0.4,0.2,2.0,0.0,0.01,3.9497751746896492,0.12762814293680266,0.18091330571058525,0.005477500000000001,0.0083325,0.003161064087061669,0.002696614268440144
0.4,0.25,,0.0,0.01,3.9497751746896492,0.12762814293680266,0.18091330571058525,0.005477500000000001,0.0083325,0.003161064087061669,0.002696614268440144
0.4,0.25,2.0,0.0,0.01,3.9497751746896492,0.12762814293680266,0.18091330571058525,0.005477500000000001,0.0083325,0.003161064087061669,0.002696614268440144
0.4,0.3,,0.0,0.01,3.9497751746896492,0.12762814293680266,0.18091330571058525,0.005477500000000001,0.0083325,0.003161064087061669,0.002696614268440144
0.4,0.3,2.0,0.0,0.01,3.9497751746896492,0.12762814293680266,0.18091330571058525,0.005477500000000001,0.0083325,0.003161064087061669,0.002696614268440144
0.4,0.35,,0.0,0.01,3.9497751746896492,0.12762814293680266,0.18091330571058525,0.005477500000000001,0.0083325,0.003161064087061669,0.002696614268440144
0.4,0.35,2.0,0.0,0.01,3.9497751746896492,0.12762814293680266,0.18091330571058525,0.005477500000000001,0.0083325,0.003161064087061669,0.002696614268440144
0.4,0.4,,0.0,0.01,3.9497751746896492,0.12762814293680266,0.18091330571058525,0.005477500000000001,0.0083325,0.003161064087061669,0.002696614268440144
0.4,0.4,2.0,0.0,0.01,3.9497751746896492,0.12762814293680266,0.18091330571058525,0.005477500000000001,0.0083325,0.003161064087061669,0.002696614268440144
0.4,0.45,,0.0,0.01,3.9497751746896492,0.12762814293680266,0.18091330571058525,0.005477500000000001,0.0083325,0.003161064087061669,0.002696614268440144
0.4,0.45,2.0,0.0,0.01,3.9497751746896492,0.12762814293680266,0.18091330571058525,0.005477500000000001,0.0083325,0.003161064087061669,0.002696614268440144
0.4,0.5,,0.0,0.01,3.9497751746896492,0.12762814293680266,0.18091330571058525,0.005477500000000001,0.0083325,0.003161064087061669,0.002696614268440144
0.4,0.5,2.0,0.0,0.01,3.9497751746896492,0.12762814293680266,0.18091330571058525,0.005477500000000001,0.0083325,0.003161064087061669,0.002696614268440144
0.4,0.55,,0.0,0.01,3.9497751746896492,0.12762814293680266,0.18091330571058525,0.005477500000000001,0.0083325,0.003161064087061669,0.002696614268440144
0.4,0.55,2.0,0.0,0.01,3.9497751746896492,0.12762814293680266,0.18091330571058525,0.005477500000000001,0.0083325,0.003161064087061669,0.002696614268440144
0.4,0.6,,0.0,0.01,3.9497751746896492,0.12762814293680266,0.18091330571058525,0.005477500000000001,0.0083325,0.003161064087061669,0.002696614268440144
0.4,0.6,2.0,0.0,0.01,3.9497751746896492,0.12762814293680266,0.18091330571058525,0.005477500000000001,0.0083325,0.003161064087061669,0.002696614268440144
0.4,0.65,,0.0,0.01,3.9497751746896492,0.12762814293680266,0.18091330571058525,0.005477500000000001,0.0083325,0.003161064087061669,0.002696614268440144
0.4,0.65,2.0,0.0,0.01,3.9497751746896492,0.12762814293680266,0.18091330571058525,0.005477500000000001,0.0083325,0.003161064087061669,0.002696614268440144
0.4,0.7,,0.0,0.01,3.9497751746896492,0.12762814293680266,0.18091330571058525,0.005477500000000001,0.0083325,0.003161064087061669,0.002696614268440144
0.4,0.7,2.0,0.0,0.01,3.9497751746896492,0.12762814293680266,0.18091330571058525,0.005477500000000001,0.0083325,0.003161064087061669,0.002696614268440144
0.4,0.75,,0.0,0.01,3.9497751746896492,0.12762814293680266,0.18091330571058525,0.005477500000000001,0.0083325,0.003161064087061669,0.002696614268440144
0.4,0.75,2.0,0.0,0.01,3.9497751746896492,0.12762814293680266,0.18091330571058525,0.005477500000000001,0.0083325,0.003161064087061669,0.002696614268440144
0.4,0.8,,0.0,0.01,3.9497751746896492,0.12762814293680266,0.18091330571058525,0.005477500000000001,0.0083325,0.003161064087061669,0.002696614268440144
0.4,0.8,2.0,0.0,0.01,3.9497751746896492,0.12762814293680266,0.18091330571058525,0.005477500000000001,0.0083325,0.003161064087061669,0.002696614268440144
0.4,0.85,,0.0,0.01,3.9497751746896492,0.12762814293680266,0.18091330571058525,0.005477500000000001,0.0083325,0.003161064087061669,0.002696614268440144
0.4,0.85,2.0,0.0,0.01,3.9497751746896492,0.12762814293680266,0.18091330571058525,0.005477500000000001,0.0083325,0.003161064087061669,0.002696614268440144
0.4,0.9,,0.0,0.01,3.9497751746896492,0.12762814293680266,0.18091330571058525,0.005477500000000001,0.0083325,0.003161064087061669,0.002696614268440144
0.4,0.9,2.0,0.0,0.01,3.9497751746896492,0.12762814293680266,0.18091330571058525,0.005477500000000001,0.0083325,0.003161064087061669,0.002696614268440144
0.4,0.95,,0.0,0.01,3.9497751746896492,0.12762814293680266,0.18091330571058525,0.005477500000000001,0.0083325,0.003161064087061669,0.002696614268440144
0.4,0.95,2.0,0.0,0.01,3.9497751746896492,0.12762814293680266,0.18091330571058525,0.005477500000000001,0.0083325,0.003161064087061669,0.002696614268440144
0.4,1.0,,0.0,0.01,3.9497751746896492,0.12762814293680266,0.18091330571058525,0.005477500000000001,0.0083325,0.003161064087061669,0.002696614268440144
0.4,1.0,2.0,0.0,0.01,3.9497751746896492,0.12762814293680266,0.18091330571058525,0.005477500000000001,0.0083325,0.003161064087061669,0.002696614268440144
0.45,0.1,,0.0,0.93,1.4744915239406087,0.11097910305352626,0.0933017145900213,6.381909547738633e-05,0.0020633165829145737,-8.444444444444502e-06,0.000978222222222224
0.45,0.15,,0.0,0.86,1.7938141231163836,0.11844594511408443,0.14764036595241886,0.0019095541401273875,0.003953503184713375,0.0049121212121212105,0.00516489898989899
0.45,0.2,,0.0,0.01,3.9497751746896492,0.12762814293680266,0.18091330571058525,0.005477500000000001,0.0083325,0.003161064087061669,0.002696614268440144
0.45,0.2,2.0,0.0,0.01,3.9497751746896492,0.12762814293680266,0.18091330571058525,0.005477500000000001,0.0083325,0.003161064087061669,0.002696614268440144
0.45,0.25,,0.0,0.01,3.9497751746896492,0.12762814293680266,0.18091330571058525,0.005477500000000001,0.0083325,0.003161064087061669,0.002696614268440144
0.45,0.25,2.0,0.0,0.01,3.9497751746896492,0.12762814293680266,0.18091330571058525,0.005477500000000001,0.0083325,0.003161064087061669,0.002696614268440144
0.45,0.3,,0.0,0.01,3.9497751746896492,0.12762814293680266,0.18091330571058525,0.005477500000000001,0.0083325,0.003161064087061669,0.002696614268440144
0.45,0.3,2.0,0.0,0.01,3.9497751746896492,0.12762814293680266,0.18091330571058525,0.005477500000000001,0.0083325,0.003161064087061669,0.002696614268440144
0.45,0.35,,0.0,0.01,3.9497751746896492,0.12762814293680266,0.18091330571058525,0.005477500000000001,0.0083325,0.003161064087061669,0.002696614268440144
0.45,0.35,2.0,0.0,0.01,3.9497751746896492,0.12762814293680266,0.18091330571058525,0.005477500000000001,0.0083325,0.003161064087061669,0.002696614268440144
0.45,0.4,,0.0,0.01,3.9497751746896492,0.12762814293680266,0.18091330571058525,0.005477500000000001,0.0083325,0.003161064087061669,0.002696614268440144
0.45,0.4,2.0,0.0,0.01,3.9497751746896492,0.12762814293680266,0.18091330571058525,0.005477500000000001,0.0083325,0.003161064087061669,0.002696614268440144
0.45,0.45,,0.0,0.01,3.9497751746896492,0.12762814293680266,0.18091330571058525,0.005477500000000001,0.0083325,0.003161064087061669,0.002696614268440144
0.45,0.45,2.0,0.0,0.01,3.9497751746896492,0.12762814293680266,0.18091330571058525,0.005477500000000001,0.0083325,0.003161064087061669,0.002696614268440144
0.45,0.5,,0.0,0.01,3.9497751746896492,0.12762814293680266,0.18091330571058525,0.005477500000000001,0.0083325,0.003161064087061669,0.002696614268440144
0.45,0.5,2.0,0.0,0.01,3.9497751746896492,0.12762814293680266,0.18091330571058525,0.005477500000000001,0.0083325,0.003161064087061669,0.002696614268440144
0.45,0.55,,0.0,0.01,3.9497751746896492,0.12762814293680266,0.18091330571058525,0.005477500000000001,0.0083325,0.003161064087061669,0.002696614268440144
0.45,0.55,2.0,0.0,0.01,3.9497751746896492,0.12762814293680266,0.18091330571058525,0.005477500000000001,0.0083325,0.003161064087061669,0.002696614268440144
0.45,0.6,,0.0,0.01,3.9497751746896492,0.12762814293680266,0.18091330571058525,0.005477500000000001,0.0083325,0.003161064087061669,0.002696614268440144
0.45,0.6,2.0,0.0,0.01,3.9497751746896492,0.12762814293680266,0.18091330571058525,0.005477500000000001,0.0083325,0.003161064087061669,0.002696614268440144
0.45,0.65,,0.0,0.01,3.9497751746896492,0.12762814293680266,0.18091330571058525,0.005477500000000001,0.0083325,0.003161064087061669,0.002696614268440144
0.45,0.65,2.0,0.0,0.01,3.9497751746896492,0.12762814293680266,0.18091330571058525,0.005477500000000001,0.0083325,0.003161064087061669,0.002696614268440144
0.45,0.7,,0.0,0.01,3.9497751746896492,0.12762814293680266,0.18091330571058525,0.005477500000000001,0.0083325,0.003161064087061669,0.002696614268440144
0.45,0.7,2.0,0.0,0.01,3.9497751746896492,0.12762814293680266,0.18091330571058525,0.005477500000000001,0.0083325,0.003161064087061669,0.002696614268440144
0.45,0.75,,0.0,0.01,3.9497751746896492,0.12762814293680266,0.18091330571058525,0.005477500000000001,0.0083325,0.003161064087061669,0.002696614268440144
0.45,0.75,2.0,0.0,0.01,3.9497751746896492,0.12762814293680266,0.18091330571058525,0.005477500000000001,0.0083325,0.003161064087061669,0.002696614268440144
0.45,0.8,,0.0,0.01,3.9497751746896492,0.12762814293680266,0.18091330571058525,0.005477500000000001,0.0083325,0.003161064087061669,0.002696614268440144
0.45,0.8,2.0,0.0,0.01,3.9497751746896492,0.12762814293680266,0.18091330571058525,0.005477500000000001,0.0083325,0.003161064087061669,0.002696614268440144
0.45,0.85,,0.0,0.01,3.9497751746896492,0.12762814293680266,0.18091330571058525,0.005477500000000001,0.0083325,0.003161064087061669,0.002696614268440144
0.45,0.85,2.0,0.0,0.01,3.9497751746896492,0.12762814293680266,0.18091330571058525,0.005477500000000001,0.0083325,0.003161064087061669,0.002696614268440144
0.45,0.9,,0.0,0.01,3.9497751746896492,0.12762814293680266,0.18091330571058525,0.005477500000000001,0.0083325,0.003161064087061669,0.002696614268440144
0.45,0.9,2.0,0.0,0.01,3.9497751746896492,0.12762814293680266,0.18091330571058525,0.005477500000000001,0.0083325,0.003161064087061669,0.002696614268440144
0.45,0.95,,0.0,0.01,3.9497751746896492,0.12762814293680266,0.18091330571058525,0.005477500000000001,0.0083325,0.003161064087061669,0.002696614268440144
0.45,0.95,2.0,0.0,0.01,3.9497751746896492,0.12762814293680266,0.18091330571058525,0.005477500000000001,0.0083325,0.003161064087061669,0.002696614268440144
0.45,1.0,,0.0,0.01,3.9497751746896492,0.12762814293680266,0.18091330571058525,0.005477500000000001,0.0083325,0.003161064087061669,0.002696614268440144
0.45,1.0,2.0,0.0,0.01,3.9497751746896492,0.12762814293680266,0.18091330571058525,0.005477500000000001,0.0083325,0.003161064087061669,0.002696614268440144
0.5,0.1,,0.0,0.93,1.4744915239406087,0.11097910305352626,0.0933017145900213,6.381909547738633e-05,0.0020633165829145737,-8.444444444444502e-06,0.000978222222222224
0.5,0.15,,0.0,0.86,1.7938141231163836,0.11844594511408443,0.14764036595241886,0.0019095541401273875,0.003953503184713375,0.0049121212121212105,0.00516489898989899
0.5,0.2,,0.0,0.01,3.9497751746896492,0.12762814293680266,0.18091330571058525,0.005477500000000001,0.0083325,0.003161064087061669,0.002696614268440144
0.5,0.2,2.0,0.0,0.01,3.9497751746896492,0.12762814293680266,0.18091330571058525,0.005477500000000001,0.0083325,0.003161064087061669,0.002696614268440144
0.5,0.25,,0.0,0.01,3.9497751746896492,0.12762814293680266,0.18091330571058525,0.005477500000000001,0.0083325,0.003161064087061669,0.002696614268440144
0.5,0.25,2.0,0.0,0.01,3.9497751746896492,0.12762814293680266,0.18091330571058525,0.005477500000000001,0.0083325,0.003161064087061669,0.002696614268440144
0.5,0.3,,0.0,0.01,3.9497751746896492,0.12762814293680266,0.18091330571058525,0.005477500000000001,0.0083325,0.003161064087061669,0.002696614268440144
0.5,0.3,2.0,0.0,0.01,3.9497751746896492,0.12762814293680266,0.18091330571058525,0.005477500000000001,0.0083325,0.003161064087061669,0.002696614268440144
0.5,0.35,,0.0,0.01,3.9497751746896492,0.12762814293680266,0.18091330571058525,0.005477500000000001,0.0083325,0.003161064087061669,0.002696614268440144
0.5,0.35,2.0,0.0,0.01,3.9497751746896492,0.12762814293680266,0.18091330571058525,0.005477500000000001,0.0083325,0.003161064087061669,0.002696614268440144
0.5,0.4,,0.0,0.01,3.9497751746896492,0.12762814293680266,0.18091330571058525,0.005477500000000001,0.0083325,0.003161064087061669,0.002696614268440144
0.5,0.4,2.0,0.0,0.01,3.9497751746896492,0.12762814293680266,0.18091330571058525,0.005477500000000001,0.0083325,0.003161064087061669,0.002696614268440144
0.5,0.45,,0.0,0.01,3.9497751746896492,0.12762814293680266,0.18091330571058525,0.005477500000000001,0.0083325,0.003161064087061669,0.002696614268440144
0.5,0.45,2.0,0.0,0.01,3.9497751746896492,0.12762814293680266,0.18091330571058525,0.005477500000000001,0.0083325,0.003161064087061669,0.002696614268440144
0.5,0.5,,0.0,0.01,3.9497751746896492,0.12762814293680266,0.18091330571058525,0.005477500000000001,0.0083325,0.003161064087061669,0.002696614268440144
0.5,0.5,2.0,0.0,0.01,3.9497751746896492,0.12762814293680266,0.18091330571058525,0.005477500000000001,0.0083325,0.003161064087061669,0.002696614268440144
0.5,0.55,,0.0,0.01,3.9497751746896492,0.12762814293680266,0.18091330571058525,0.005477500000000001,0.0083325,0.003161064087061669,0.002696614268440144
0.5,0.55,2.0,0.0,0.01,3.9497751746896492,0.12762814293680266,0.18091330571058525,0.005477500000000001,0.0083325,0.003161064087061669,0.002696614268440144
0.5,0.6,,0.0,0.01,3.9497751746896492,0.12762814293680266,0.18091330571058525,0.005477500000000001,0.0083325,0.003161064087061669,0.002696614268440144
0.5,0.6,2.0,0.0,0.01,3.9497751746896492,0.12762814293680266,0.18091330571058525,0.005477500000000001,0.0083325,0.003161064087061669,0.002696614268440144
0.5,0.65,,0.0,0.01,3.9497751746896492,0.12762814293680266,0.18091330571058525,0.005477500000000001,0.0083325,0.003161064087061669,0.002696614268440144
0.5,0.65,2.0,0.0,0.01,3.9497751746896492,0.12762814293680266,0.18091330571058525,0.005477500000000001,0.0083325,0.003161064087061669,0.002696614268440144
0.5,0.7,,0.0,0.01,3.9497751746896492,0.12762814293680266,0.18091330571058525,0.005477500000000001,0.0083325,0.003161064087061669,0.002696614268440144
0.5,0.7,2.0,0.0,0.01,3.9497751746896492,0.12762814293680266,0.18091330571058525,0.005477500000000001,0.0083325,0.003161064087061669,0.002696614268440144
0.5,0.75,,0.0,0.01,3.9497751746896492,0.12762814293680266,0.18091330571058525,0.005477500000000001,0.0083325,0.003161064087061669,0.002696614268440144
0.5,0.75,2.0,0.0,0.01,3.9497751746896492,0.12762814293680266,0.18091330571058525,0.005477500000000001,0.0083325,0.003161064087061669,0.002696614268440144
0.5,0.8,,0.0,0.01,3.9497751746896492,0.12762814293680266,0.18091330571058525,0.005477500000000001,0.0083325,0.003161064087061669,0.002696614268440144
0.5,0.8,2.0,0.0,0.01,3.9497751746896492,0.12762814293680266,0.18091330571058525,0.005477500000000001,0.0083325,0.003161064087061669,0.002696614268440144
0.5,0.85,,0.0,0.01,3.9497751746896492,0.12762814293680266,0.18091330571058525,0.005477500000000001,0.0083325,0.003161064087061669,0.002696614268440144
0.5,0.85,2.0,0.0,0.01,3.9497751746896492,0.12762814293680266,0.18091330571058525,0.005477500000000001,0.0083325,0.003161064087061669,0.002696614268440144
0.5,0.9,,0.0,0.01,3.9497751746896492,0.12762814293680266,0.18091330571058525,0.005477500000000001,0.0083325,0.003161064087061669,0.002696614268440144
0.5,0.9,2.0,0.0,0.01,3.9497751746896492,0.12762814293680266,0.18091330571058525,0.005477500000000001,0.0083325,0.003161064087061669,0.002696614268440144
0.5,0.95,,0.0,0.01,3.9497751746896492,0.12762814293680266,0.18091330571058525,0.005477500000000001,0.0083325,0.003161064087061669,0.002696614268440144
0.5,0.95,2.0,0.0,0.01,3.9497751746896492,0.12762814293680266,0.18091330571058525,0.005477500000000001,0.0083325,0.003161064087061669,0.002696614268440144
0.5,1.0,,0.0,0.01,3.9497751746896492,0.12762814293680266,0.18091330571058525,0.005477500000000001,0.0083325,0.003161064087061669,0.002696614268440144
0.5,1.0,2.0,0.0,0.01,3.9497751746896492,0.12762814293680266,0.18091330571058525,0.005477500000000001,0.0083325,0.003161064087061669,0.002696614268440144
0.55,0.1,,0.0,0.93,1.4744915239406087,0.11097910305352626,0.0933017145900213,6.381909547738633e-05,0.0020633165829145737,-8.444444444444502e-06,0.000978222222222224
0.55,0.15,,0.0,0.86,1.7938141231163836,0.11844594511408443,0.14764036595241886,0.0019095541401273875,0.003953503184713375,0.0049121212121212105,0.00516489898989899
0.55,0.2,,0.0,0.01,3.9497751746896492,0.12762814293680266,0.18091330571058525,0.005477500000000001,0.0083325,0.003161064087061669,0.002696614268440144
0.55,0.2,2.0,0.0,0.01,3.9497751746896492,0.12762814293680266,0.18091330571058525,0.005477500000000001,0.0083325,0.003161064087061669,0.002696614268440144
0.55,0.25,,0.0,0.01,3.9497751746896492,0.12762814293680266,0.18091330571058525,0.005477500000000001,0.0083325,0.003161064087061669,0.002696614268440144
0.55,0.25,2.0,0.0,0.01,3.9497751746896492,0.12762814293680266,0.18091330571058525,0.005477500000000001,0.0083325,0.003161064087061669,0.002696614268440144
0.55,0.3,,0.0,0.01,3.9497751746896492,0.12762814293680266,0.18091330571058525,0.005477500000000001,0.0083325,0.003161064087061669,0.002696614268440144
0.55,0.3,2.0,0.0,0.01,3.9497751746896492,0.12762814293680266,0.18091330571058525,0.005477500000000001,0.0083325,0.003161064087061669,0.002696614268440144
0.55,0.35,,0.0,0.01,3.9497751746896492,0.12762814293680266,0.18091330571058525,0.005477500000000001,0.0083325,0.003161064087061669,0.002696614268440144
0.55,0.35,2.0,0.0,0.01,3.9497751746896492,0.12762814293680266,0.18091330571058525,0.005477500000000001,0.0083325,0.003161064087061669,0.002696614268440144
0.55,0.4,,0.0,0.01,3.9497751746896492,0.12762814293680266,0.18091330571058525,0.005477500000000001,0.0083325,0.003161064087061669,0.002696614268440144
0.55,0.4,2.0,0.0,0.01,3.9497751746896492,0.12762814293680266,0.18091330571058525,0.005477500000000001,0.0083325,0.003161064087061669,0.002696614268440144
0.55,0.45,,0.0,0.01,3.9497751746896492,0.12762814293680266,0.18091330571058525,0.005477500000000001,0.0083325,0.003161064087061669,0.002696614268440144
0.55,0.45,2.0,0.0,0.01,3.9497751746896492,0.12762814293680266,0.18091330571058525,0.005477500000000001,0.0083325,0.003161064087061669,0.002696614268440144
0.55,0.5,,0.0,0.01,3.9497751746896492,0.12762814293680266,0.18091330571058525,0.005477500000000001,0.0083325,0.003161064087061669,0.002696614268440144
0.55,0.5,2.0,0.0,0.01,3.9497751746896492,0.12762814293680266,0.18091330571058525,0.005477500000000001,0.0083325,0.003161064087061669,0.002696614268440144
0.55,0.55,,0.0,0.01,3.9497751746896492,0.12762814293680266,0.18091330571058525,0.005477500000000001,0.0083325,0.003161064087061669,0.002696614268440144
0.55,0.55,2.0,0.0,0.01,3.9497751746896492,0.12762814293680266,0.18091330571058525,0.005477500000000001,0.0083325,0.003161064087061669,0.002696614268440144
0.55,0.6,,0.0,0.01,3.9497751746896492,0.12762814293680266,0.18091330571058525,0.005477500000000001,0.0083325,0.003161064087061669,0.002696614268440144
0.55,0.6,2.0,0.0,0.01,3.9497751746896492,0.12762814293680266,0.18091330571058525,0.005477500000000001,0.0083325,0.003161064087061669,0.002696614268440144
0.55,0.65,,0.0,0.01,3.9497751746896492,0.12762814293680266,0.18091330571058525,0.005477500000000001,0.0083325,0.003161064087061669,0.002696614268440144
0.55,0.65,2.0,0.0,0.01,3.9497751746896492,0.12762814293680266,0.18091330571058525,0.005477500000000001,0.0083325,0.003161064087061669,0.002696614268440144
0.55,0.7,,0.0,0.01,3.9497751746896492,0.12762814293680266,0.18091330571058525,0.005477500000000001,0.0083325,0.003161064087061669,0.002696614268440144
0.55,0.7,2.0,0.0,0.01,3.9497751746896492,0.12762814293680266,0.18091330571058525,0.005477500000000001,0.0083325,0.003161064087061669,0.002696614268440144
0.55,0.75,,0.0,0.01,3.9497751746896492,0.12762814293680266,0.18091330571058525,0.005477500000000001,0.0083325,0.003161064087061669,0.002696614268440144
0.55,0.75,2.0,0.0,0.01,3.9497751746896492,0.12762814293680266,0.18091330571058525,0.005477500000000001,0.0083325,0.003161064087061669,0.002696614268440144
0.55,0.8,,0.0,0.01,3.9497751746896492,0.12762814293680266,0.18091330571058525,0.005477500000000001,0.0083325,0.003161064087061669,0.002696614268440144
0.55,0.8,2.0,0.0,0.01,3.9497751746896492,0.12762814293680266,0.18091330571058525,0.005477500000000001,0.0083325,0.003161064087061669,0.002696614268440144
0.55,0.85,,0.0,0.01,3.9497751746896492,0.12762814293680266,0.18091330571058525,0.005477500000000001,0.0083325,0.003161064087061669,0.002696614268440144
0.55,0.85,2.0,0.0,0.01,3.9497751746896492,0.12762814293680266,0.18091330571058525,0.005477500000000001,0.0083325,0.003161064087061669,0.002696614268440144
0.55,0.9,,0.0,0.01,3.9497751746896492,0.12762814293680266,0.18091330571058525,0.005477500000000001,0.0083325,0.003161064087061669,0.002696614268440144
0.55,0.9,2.0,0.0,0.01,3.9497751746896492,0.12762814293680266,0.18091330571058525,0.005477500000000001,0.0083325,0.003161064087061669,0.002696614268440144
0.55,0.95,,0.0,0.01,3.9497751746896492,0.12762814293680266,0.18091330571058525,0.005477500000000001,0.0083325,0.003161064087061669,0.002696614268440144
0.55,0.95,2.0,0.0,0.01,3.9497751746896492,0.12762814293680266,0.18091330571058525,0.005477500000000001,0.0083325,0.003161064087061669,0.002696614268440144
0.55,1.0,,0.0,0.01,3.9497751746896492,0.12762814293680266,0.18091330571058525,0.005477500000000001,0.0083325,0.003161064087061669,0.002696614268440144
0.55,1.0,2.0,0.0,0.01,3.9497751746896492,0.12762814293680266,0.18091330571058525,0.005477500000000001,0.0083325,0.003161064087061669,0.002696614268440144
0.6,0.1,,0.0,0.93,1.4744915239406087,0.11097910305352626,0.0933017145900213,6.381909547738633e-05,0.0020633165829145737,-8.444444444444502e-06,0.000978222222222224
0.6,0.15,,0.0,0.86,1.7938141231163836,0.11844594511408443,0.14764036595241886,0.0019095541401273875,0.003953503184713375,0.0049121212121212105,0.00516489898989899
0.6,0.2,,0.0,0.01,3.9497751746896492,0.12762814293680266,0.18091330571058525,0.005477500000000001,0.0083325,0.003161064087061669,0.002696614268440144
0.6,0.2,2.0,0.0,0.01,3.9497751746896492,0.12762814293680266,0.18091330571058525,0.005477500000000001,0.0083325,0.003161064087061669,0.002696614268440144
0.6,0.25,,0.0,0.01,3.9497751746896492,0.12762814293680266,0.18091330571058525,0.005477500000000001,0.0083325,0.003161064087061669,0.002696614268440144
0.6,0.25,2.0,0.0,0.01,3.9497751746896492,0.12762814293680266,0.18091330571058525,0.005477500000000001,0.0083325,0.003161064087061669,0.002696614268440144
0.6,0.3,,0.0,0.01,3.9497751746896492,0.12762814293680266,0.18091330571058525,0.005477500000000001,0.0083325,0.003161064087061669,0.002696614268440144
0.6,0.3,2.0,0.0,0.01,3.9497751746896492,0.12762814293680266,0.18091330571058525,0.005477500000000001,0.0083325,0.003161064087061669,0.002696614268440144
0.6,0.35,,0.0,0.01,3.9497751746896492,0.12762814293680266,0.18091330571058525,0.005477500000000001,0.0083325,0.003161064087061669,0.002696614268440144
0.6,0.35,2.0,0.0,0.01,3.9497751746896492,0.12762814293680266,0.18091330571058525,0.005477500000000001,0.0083325,0.003161064087061669,0.002696614268440144
0.6,0.4,,0.0,0.01,3.9497751746896492,0.12762814293680266,0.18091330571058525,0.005477500000000001,0.0083325,0.003161064087061669,0.002696614268440144
0.6,0.4,2.0,0.0,0.01,3.9497751746896492,0.12762814293680266,0.18091330571058525,0.005477500000000001,0.0083325,0.003161064087061669,0.002696614268440144
0.6,0.45,,0.0,0.01,3.9497751746896492,0.12762814293680266,0.18091330571058525,0.005477500000000001,0.0083325,0.003161064087061669,0.002696614268440144
0.6,0.45,2.0,0.0,0.01,3.9497751746896492,0.12762814293680266,0.18091330571058525,0.005477500000000001,0.0083325,0.003161064087061669,0.002696614268440144
0.6,0.5,,0.0,0.01,3.9497751746896492,0.12762814293680266,0.18091330571058525,0.005477500000000001,0.0083325,0.003161064087061669,0.002696614268440144
0.6,0.5,2.0,0.0,0.01,3.9497751746896492,0.12762814293680266,0.18091330571058525,0.005477500000000001,0.0083325,0.003161064087061669,0.002696614268440144
0.6,0.55,,0.0,0.01,3.9497751746896492,0.12762814293680266,0.18091330571058525,0.005477500000000001,0.0083325,0.003161064087061669,0.002696614268440144
0.6,0.55,2.0,0.0,0.01,3.9497751746896492,0.12762814293680266,0.18091330571058525,0.005477500000000001,0.0083325,0.003161064087061669,0.002696614268440144
0.6,0.6,,0.0,0.01,3.9497751746896492,0.12762814293680266,0.18091330571058525,0.005477500000000001,0.0083325,0.003161064087061669,0.002696614268440144
0.6,0.6,2.0,0.0,0.01,3.9497751746896492,0.12762814293680266,0.18091330571058525,0.005477500000000001,0.0083325,0.003161064087061669,0.002696614268440144
0.6,0.65,,0.0,0.01,3.9497751746896492,0.12762814293680266,0.18091330571058525,0.005477500000000001,0.0083325,0.003161064087061669,0.002696614268440144
0.6,0.65,2.0,0.0,0.01,3.9497751746896492,0.12762814293680266,0.18091330571058525,0.005477500000000001,0.0083325,0.003161064087061669,0.002696614268440144
0.6,0.7,,0.0,0.01,3.9497751746896492,0.12762814293680266,0.18091330571058525,0.005477500000000001,0.0083325,0.003161064087061669,0.002696614268440144
0.6,0.7,2.0,0.0,0.01,3.9497751746896492,0.12762814293680266,0.18091330571058525,0.005477500000000001,0.0083325,0.003161064087061669,0.002696614268440144
0.6,0.75,,0.0,0.01,3.9497751746896492,0.12762814293680266,0.18091330571058525,0.005477500000000001,0.0083325,0.003161064087061669,0.002696614268440144
0.6,0.75,2.0,0.0,0.01,3.9497751746896492,0.12762814293680266,0.18091330571058525,0.005477500000000001,0.0083325,0.003161064087061669,0.002696614268440144
0.6,0.8,,0.0,0.01,3.9497751746896492,0.12762814293680266,0.18091330571058525,0.005477500000000001,0.0083325,0.003161064087061669,0.002696614268440144
0.6,0.8,2.0,0.0,0.01,3.9497751746896492,0.12762814293680266,0.18091330571058525,0.005477500000000001,0.0083325,0.003161064087061669,0.002696614268440144
0.6,0.85,,0.0,0.01,3.9497751746896492,0.12762814293680266,0.18091330571058525,0.005477500000000001,0.0083325,0.003161064087061669,0.002696614268440144
0.6,0.85,2.0,0.0,0.01,3.9497751746896492,0.12762814293680266,0.18091330571058525,0.005477500000000001,0.0083325,0.003161064087061669,0.002696614268440144
0.6,0.9,,0.0,0.01,3.9497751746896492,0.12762814293680266,0.18091330571058525,0.005477500000000001,0.0083325,0.003161064087061669,0.002696614268440144
0.6,0.9,2.0,0.0,0.01,3.9497751746896492,0.12762814293680266,0.18091330571058525,0.005477500000000001,0.0083325,0.003161064087061669,0.002696614268440144
0.6,0.95,,0.0,0.01,3.9497751746896492,0.12762814293680266,0.18091330571058525,0.005477500000000001,0.0083325,0.003161064087061669,0.002696614268440144
0.6,0.95,2.0,0.0,0.01,3.9497751746896492,0.12762814293680266,0.18091330571058525,0.005477500000000001,0.0083325,0.003161064087061669,0.002696614268440144
0.6,1.0,,0.0,0.01,3.9497751746896492,0.12762814293680266,0.18091330571058525,0.005477500000000001,0.0083325,0.003161064087061669,0.002696614268440144
0.6,1.0,2.0,0.0,0.01,3.9497751746896492,0.12762814293680266,0.18091330571058525,0.005477500000000001,0.0083325,0.003161064087061669,0.002696614268440144
0.65,0.1,,0.0,0.93,1.4744915239406087,0.11097910305352626,0.0933017145900213,6.381909547738633e-05,0.0020633165829145737,-8.444444444444502e-06,0.000978222222222224
0.65,0.15,,0.0,0.86,1.7938141231163836,0.11844594511408443,0.14764036595241886,0.0019095541401273875,0.003953503184713375,0.0049121212121212105,0.00516489898989899
0.65,0.2,,0.0,0.01,3.9497751746896492,0.12762814293680266,0.18091330571058525,0.005477500000000001,0.0083325,0.003161064087061669,0.002696614268440144
0.65,0.2,2.0,0.0,0.01,3.9497751746896492,0.12762814293680266,0.18091330571058525,0.005477500000000001,0.0083325,0.003161064087061669,0.002696614268440144
0.65,0.25,,0.0,0.01,3.9497751746896492,0.12762814293680266,0.18091330571058525,0.005477500000000001,0.0083325,0.003161064087061669,0.002696614268440144
0.65,0.25,2.0,0.0,0.01,3.9497751746896492,0.12762814293680266,0.18091330571058525,0.005477500000000001,0.0083325,0.003161064087061669,0.002696614268440144
0.65,0.3,,0.0,0.01,3.9497751746896492,0.12762814293680266,0.18091330571058525,0.005477500000000001,0.0083325,0.003161064087061669,0.002696614268440144
0.65,0.3,2.0,0.0,0.01,3.9497751746896492,0.12762814293680266,0.18091330571058525,0.005477500000000001,0.0083325,0.003161064087061669,0.002696614268440144
0.65,0.35,,0.0,0.01,3.9497751746896492,0.12762814293680266,0.18091330571058525,0.005477500000000001,0.0083325,0.003161064087061669,0.002696614268440144
0.65,0.35,2.0,0.0,0.01,3.9497751746896492,0.12762814293680266,0.18091330571058525,0.005477500000000001,0.0083325,0.003161064087061669,0.002696614268440144
0.65,0.4,,0.0,0.01,3.9497751746896492,0.12762814293680266,0.18091330571058525,0.005477500000000001,0.0083325,0.003161064087061669,0.002696614268440144
0.65,0.4,2.0,0.0,0.01,3.9497751746896492,0.12762814293680266,0.18091330571058525,0.005477500000000001,0.0083325,0.003161064087061669,0.002696614268440144
0.65,0.45,,0.0,0.01,3.9497751746896492,0.12762814293680266,0.18091330571058525,0.005477500000000001,0.0083325,0.003161064087061669,0.002696614268440144
0.65,0.45,2.0,0.0,0.01,3.9497751746896492,0.12762814293680266,0.18091330571058525,0.005477500000000001,0.0083325,0.003161064087061669,0.002696614268440144
0.65,0.5,,0.0,0.01,3.9497751746896492,0.12762814293680266,0.18091330571058525,0.005477500000000001,0.0083325,0.003161064087061669,0.002696614268440144
0.65,0.5,2.0,0.0,0.01,3.9497751746896492,0.12762814293680266,0.18091330571058525,0.005477500000000001,0.0083325,0.003161064087061669,0.002696614268440144
0.65,0.55,,0.0,0.01,3.9497751746896492,0.12762814293680266,0.18091330571058525,0.005477500000000001,0.0083325,0.003161064087061669,0.002696614268440144
0.65,0.55,2.0,0.0,0.01,3.9497751746896492,0.12762814293680266,0.18091330571058525,0.005477500000000001,0.0083325,0.003161064087061669,0.002696614268440144
0.65,0.6,,0.0,0.01,3.9497751746896492,0.12762814293680266,0.18091330571058525,0.005477500000000001,0.0083325,0.003161064087061669,0.002696614268440144
0.65,0.6,2.0,0.0,0.01,3.9497751746896492,0.12762814293680266,0.18091330571058525,0.005477500000000001,0.0083325,0.003161064087061669,0.002696614268440144
0.65,0.65,,0.0,0.01,3.9497751746896492,0.12762814293680266,0.18091330571058525,0.005477500000000001,0.0083325,0.003161064087061669,0.002696614268440144
0.65,0.65,2.0,0.0,0.01,3.9497751746896492,0.12762814293680266,0.18091330571058525,0.005477500000000001,0.0083325,0.003161064087061669,0.002696614268440144
0.65,0.7,,0.0,0.01,3.9497751746896492,0.12762814293680266,0.18091330571058525,0.005477500000000001,0.0083325,0.003161064087061669,0.002696614268440144
0.65,0.7,2.0,0.0,0.01,3.9497751746896492,0.12762814293680266,0.18091330571058525,0.005477500000000001,0.0083325,0.003161064087061669,0.002696614268440144
0.65,0.75,,0.0,0.01,3.9497751746896492,0.12762814293680266,0.18091330571058525,0.005477500000000001,0.0083325,0.003161064087061669,0.002696614268440144
0.65,0.75,2.0,0.0,0.01,3.9497751746896492,0.12762814293680266,0.18091330571058525,0.005477500000000001,0.0083325,0.003161064087061669,0.002696614268440144
0.65,0.8,,0.0,0.01,3.9497751746896492,0.12762814293680266,0.18091330571058525,0.005477500000000001,0.0083325,0.003161064087061669,0.002696614268440144
0.65,0.8,2.0,0.0,0.01,3.9497751746896492,0.12762814293680266,0.18091330571058525,0.005477500000000001,0.0083325,0.003161064087061669,0.002696614268440144
0.65,0.85,,0.0,0.01,3.9497751746896492,0.12762814293680266,0.18091330571058525,0.005477500000000001,0.0083325,0.003161064087061669,0.002696614268440144
0.65,0.85,2.0,0.0,0.01,3.9497751746896492,0.12762814293680266,0.18091330571058525,0.005477500000000001,0.0083325,0.003161064087061669,0.002696614268440144
0.65,0.9,,0.0,0.01,3.9497751746896492,0.12762814293680266,0.18091330571058525,0.005477500000000001,0.0083325,0.003161064087061669,0.002696614268440144
0.65,0.9,2.0,0.0,0.01,3.9497751746896492,0.12762814293680266,0.18091330571058525,0.005477500000000001,0.0083325,0.003161064087061669,0.002696614268440144
0.65,0.95,,0.0,0.01,3.9497751746896492,0.12762814293680266,0.18091330571058525,0.005477500000000001,0.0083325,0.003161064087061669,0.002696614268440144
0.65,0.95,2.0,0.0,0.01,3.9497751746896492,0.12762814293680266,0.18091330571058525,0.005477500000000001,0.0083325,0.003161064087061669,0.002696614268440144
0.65,1.0,,0.0,0.01,3.9497751746896492,0.12762814293680266,0.18091330571058525,0.005477500000000001,0.0083325,0.003161064087061669,0.002696614268440144
0.65,1.0,2.0,0.0,0.01,3.9497751746896492,0.12762814293680266,0.18091330571058525,0.005477500000000001,0.0083325,0.003161064087061669,0.002696614268440144
0.7,0.1,,0.0,0.93,1.4744915239406087,0.11097910305352626,0.0933017145900213,6.381909547738633e-05,0.0020633165829145737,-8.444444444444502e-06,0.000978222222222224
0.7,0.15,,0.0,0.86,1.7938141231163836,0.11844594511408443,0.14764036595241886,0.0019095541401273875,0.003953503184713375,0.0049121212121212105,0.00516489898989899
0.7,0.2,,0.0,0.01,3.9497751746896492,0.12762814293680266,0.18091330571058525,0.005477500000000001,0.0083325,0.003161064087061669,0.002696614268440144
0.7,0.2,2.0,0.0,0.01,3.9497751746896492,0.12762814293680266,0.18091330571058525,0.005477500000000001,0.0083325,0.003161064087061669,0.002696614268440144
0.7,0.25,,0.0,0.01,3.9497751746896492,0.12762814293680266,0.18091330571058525,0.005477500000000001,0.0083325,0.003161064087061669,0.002696614268440144
0.7,0.25,2.0,0.0,0.01,3.9497751746896492,0.12762814293680266,0.18091330571058525,0.005477500000000001,0.0083325,0.003161064087061669,0.002696614268440144
0.7,0.3,,0.0,0.01,3.9497751746896492,0.12762814293680266,0.18091330571058525,0.005477500000000001,0.0083325,0.003161064087061669,0.002696614268440144
0.7,0.3,2.0,0.0,0.01,3.9497751746896492,0.12762814293680266,0.18091330571058525,0.005477500000000001,0.0083325,0.003161064087061669,0.002696614268440144
0.7,0.35,,0.0,0.01,3.9497751746896492,0.12762814293680266,0.18091330571058525,0.005477500000000001,0.0083325,0.003161064087061669,0.002696614268440144
0.7,0.35,2.0,0.0,0.01,3.9497751746896492,0.12762814293680266,0.18091330571058525,0.005477500000000001,0.0083325,0.003161064087061669,0.002696614268440144
0.7,0.4,,0.0,0.01,3.9497751746896492,0.12762814293680266,0.18091330571058525,0.005477500000000001,0.0083325,0.003161064087061669,0.002696614268440144
0.7,0.4,2.0,0.0,0.01,3.9497751746896492,0.12762814293680266,0.18091330571058525,0.005477500000000001,0.0083325,0.003161064087061669,0.002696614268440144
0.7,0.45,,0.0,0.01,3.9497751746896492,0.12762814293680266,0.18091330571058525,0.005477500000000001,0.0083325,0.003161064087061669,0.002696614268440144
0.7,0.45,2.0,0.0,0.01,3.9497751746896492,0.12762814293680266,0.18091330571058525,0.005477500000000001,0.0083325,0.003161064087061669,0.002696614268440144
0.7,0.5,,0.0,0.01,3.9497751746896492,0.12762814293680266,0.18091330571058525,0.005477500000000001,0.0083325,0.003161064087061669,0.002696614268440144
0.7,0.5,2.0,0.0,0.01,3.9497751746896492,0.12762814293680266,0.18091330571058525,0.005477500000000001,0.0083325,0.003161064087061669,0.002696614268440144
0.7,0.55,,0.0,0.01,3.9497751746896492,0.12762814293680266,0.18091330571058525,0.005477500000000001,0.0083325,0.003161064087061669,0.002696614268440144
0.7,0.55,2.0,0.0,0.01,3.9497751746896492,0.12762814293680266,0.18091330571058525,0.005477500000000001,0.0083325,0.003161064087061669,0.002696614268440144
0.7,0.6,,0.0,0.01,3.9497751746896492,0.12762814293680266,0.18091330571058525,0.005477500000000001,0.0083325,0.003161064087061669,0.002696614268440144
0.7,0.6,2.0,0.0,0.01,3.9497751746896492,0.12762814293680266,0.18091330571058525,0.005477500000000001,0.0083325,0.003161064087061669,0.002696614268440144
0.7,0.65,,0.0,0.01,3.9497751746896492,0.12762814293680266,0.18091330571058525,0.005477500000000001,0.0083325,0.003161064087061669,0.002696614268440144
0.7,0.65,2.0,0.0,0.01,3.9497751746896492,0.12762814293680266,0.18091330571058525,0.005477500000000001,0.0083325,0.003161064087061669,0.002696614268440144
0.7,0.7,,0.0,0.01,3.9497751746896492,0.12762814293680266,0.18091330571058525,0.005477500000000001,0.0083325,0.003161064087061669,0.002696614268440144
0.7,0.7,2.0,0.0,0.01,3.9497751746896492,0.12762814293680266,0.18091330571058525,0.005477500000000001,0.0083325,0.003161064087061669,0.002696614268440144
0.7,0.75,,0.0,0.01,3.9497751746896492,0.12762814293680266,0.18091330571058525,0.005477500000000001,0.0083325,0.003161064087061669,0.002696614268440144
0.7,0.75,2.0,0.0,0.01,3.9497751746896492,0.12762814293680266,0.18091330571058525,0.005477500000000001,0.0083325,0.003161064087061669,0.002696614268440144
0.7,0.8,,0.0,0.01,3.9497751746896492,0.12762814293680266,0.18091330571058525,0.005477500000000001,0.0083325,0.003161064087061669,0.002696614268440144
0.7,0.8,2.0,0.0,0.01,3.9497751746896492,0.12762814293680266,0.18091330571058525,0.005477500000000001,0.0083325,0.003161064087061669,0.002696614268440144
0.7,0.85,,0.0,0.01,3.9497751746896492,0.12762814293680266,0.18091330571058525,0.005477500000000001,0.0083325,0.003161064087061669,0.002696614268440144
0.7,0.85,2.0,0.0,0.01,3.9497751746896492,0.12762814293680266,0.18091330571058525,0.005477500000000001,0.0083325,0.003161064087061669,0.002696614268440144
0.7,0.9,,0.0,0.01,3.9497751746896492,0.12762814293680266,0.18091330571058525,0.005477500000000001,0.0083325,0.003161064087061669,0.002696614268440144
0.7,0.9,2.0,0.0,0.01,3.9497751746896492,0.12762814293680266,0.18091330571058525,0.005477500000000001,0.0083325,0.003161064087061669,0.002696614268440144
0.7,0.95,,0.0,0.01,3.9497751746896492,0.12762814293680266,0.18091330571058525,0.005477500000000001,0.0083325,0.003161064087061669,0.002696614268440144
0.7,0.95,2.0,0.0,0.01,3.9497751746896492,0.12762814293680266,0.18091330571058525,0.005477500000000001,0.0083325,0.003161064087061669,0.002696614268440144
0.7,1.0,,0.0,0.01,3.9497751746896492,0.12762814293680266,0.18091330571058525,0.005477500000000001,0.0083325,0.003161064087061669,0.002696614268440144
0.7,1.0,2.0,0.0,0.01,3.9497751746896492,0.12762814293680266,0.18091330571058525,0.005477500000000001,0.0083325,0.003161064087061669,0.002696614268440144
0.75,0.1,,0.0,0.93,1.4744915239406087,0.11097910305352626,0.0933017145900213,6.381909547738633e-05,0.0020633165829145737,-8.444444444444502e-06,0.000978222222222224
0.75,0.15,,0.0,0.86,1.7938141231163836,0.11844594511408443,0.14764036595241886,0.0019095541401273875,0.003953503184713375,0.0049121212121212105,0.00516489898989899
0.75,0.2,,0.0,0.01,3.9497751746896492,0.12762814293680266,0.18091330571058525,0.005477500000000001,0.0083325,0.003161064087061669,0.002696614268440144
0.75,0.2,2.0,0.0,0.01,3.9497751746896492,0.12762814293680266,0.18091330571058525,0.005477500000000001,0.0083325,0.003161064087061669,0.002696614268440144
0.75,0.25,,0.0,0.01,3.9497751746896492,0.12762814293680266,0.18091330571058525,0.005477500000000001,0.0083325,0.003161064087061669,0.002696614268440144
0.75,0.25,2.0,0.0,0.01,3.9497751746896492,0.12762814293680266,0.18091330571058525,0.005477500000000001,0.0083325,0.003161064087061669,0.002696614268440144
0.75,0.3,,0.0,0.01,3.9497751746896492,0.12762814293680266,0.18091330571058525,0.005477500000000001,0.0083325,0.003161064087061669,0.002696614268440144
0.75,0.3,2.0,0.0,0.01,3.9497751746896492,0.12762814293680266,0.18091330571058525,0.005477500000000001,0.0083325,0.003161064087061669,0.002696614268440144
0.75,0.35,,0.0,0.01,3.9497751746896492,0.12762814293680266,0.18091330571058525,0.005477500000000001,0.0083325,0.003161064087061669,0.002696614268440144
0.75,0.35,2.0,0.0,0.01,3.9497751746896492,0.12762814293680266,0.18091330571058525,0.005477500000000001,0.0083325,0.003161064087061669,0.002696614268440144
0.75,0.4,,0.0,0.01,3.9497751746896492,0.12762814293680266,0.18091330571058525,0.005477500000000001,0.0083325,0.003161064087061669,0.002696614268440144
0.75,0.4,2.0,0.0,0.01,3.9497751746896492,0.12762814293680266,0.18091330571058525,0.005477500000000001,0.0083325,0.003161064087061669,0.002696614268440144
0.75,0.45,,0.0,0.01,3.9497751746896492,0.12762814293680266,0.18091330571058525,0.005477500000000001,0.0083325,0.003161064087061669,0.002696614268440144
0.75,0.45,2.0,0.0,0.01,3.9497751746896492,0.12762814293680266,0.18091330571058525,0.005477500000000001,0.0083325,0.003161064087061669,0.002696614268440144
0.75,0.5,,0.0,0.01,3.9497751746896492,0.12762814293680266,0.18091330571058525,0.005477500000000001,0.0083325,0.003161064087061669,0.002696614268440144
0.75,0.5,2.0,0.0,0.01,3.9497751746896492,0.12762814293680266,0.18091330571058525,0.005477500000000001,0.0083325,0.003161064087061669,0.002696614268440144
0.75,0.55,,0.0,0.01,3.9497751746896492,0.12762814293680266,0.18091330571058525,0.005477500000000001,0.0083325,0.003161064087061669,0.002696614268440144
0.75,0.55,2.0,0.0,0.01,3.9497751746896492,0.12762814293680266,0.18091330571058525,0.005477500000000001,0.0083325,0.003161064087061669,0.002696614268440144
0.75,0.6,,0.0,0.01,3.9497751746896492,0.12762814293680266,0.18091330571058525,0.005477500000000001,0.0083325,0.003161064087061669,0.002696614268440144
0.75,0.6,2.0,0.0,0.01,3.9497751746896492,0.12762814293680266,0.18091330571058525,0.005477500000000001,0.0083325,0.003161064087061669,0.002696614268440144
0.75,0.65,,0.0,0.01,3.9497751746896492,0.12762814293680266,0.18091330571058525,0.005477500000000001,0.0083325,0.003161064087061669,0.002696614268440144
0.75,0.65,2.0,0.0,0.01,3.9497751746896492,0.12762814293680266,0.18091330571058525,0.005477500000000001,0.0083325,0.003161064087061669,0.002696614268440144
0.75,0.7,,0.0,0.01,3.9497751746896492,0.12762814293680266,0.18091330571058525,0.005477500000000001,0.0083325,0.003161064087061669,0.002696614268440144
0.75,0.7,2.0,0.0,0.01,3.9497751746896492,0.12762814293680266,0.18091330571058525,0.005477500000000001,0.0083325,0.003161064087061669,0.002696614268440144
0.75,0.75,,0.0,0.01,3.9497751746896492,0.12762814293680266,0.18091330571058525,0.005477500000000001,0.0083325,0.003161064087061669,0.002696614268440144
0.75,0.75,2.0,0.0,0.01,3.9497751746896492,0.12762814293680266,0.18091330571058525,0.005477500000000001,0.0083325,0.003161064087061669,0.002696614268440144
0.75,0.8,,0.0,0.01,3.9497751746896492,0.12762814293680266,0.18091330571058525,0.005477500000000001,0.0083325,0.003161064087061669,0.002696614268440144
0.75,0.8,2.0,0.0,0.01,3.9497751746896492,0.12762814293680266,0.18091330571058525,0.005477500000000001,0.0083325,0.003161064087061669,0.002696614268440144
0.75,0.85,,0.0,0.01,3.9497751746896492,0.12762814293680266,0.18091330571058525,0.005477500000000001,0.0083325,0.003161064087061669,0.002696614268440144
0.75,0.85,2.0,0.0,0.01,3.9497751746896492,0.12762814293680266,0.18091330571058525,0.005477500000000001,0.0083325,0.003161064087061669,0.002696614268440144
0.75,0.9,,0.0,0.01,3.9497751746896492,0.12762814293680266,0.18091330571058525,0.005477500000000001,0.0083325,0.003161064087061669,0.002696614268440144
0.75,0.9,2.0,0.0,0.01,3.9497751746896492,0.12762814293680266,0.18091330571058525,0.005477500000000001,0.0083325,0.003161064087061669,0.002696614268440144
0.75,0.95,,0.0,0.01,3.9497751746896492,0.12762814293680266,0.18091330571058525,0.005477500000000001,0.0083325,0.003161064087061669,0.002696614268440144
0.75,0.95,2.0,0.0,0.01,3.9497751746896492,0.12762814293680266,0.18091330571058525,0.005477500000000001,0.0083325,0.003161064087061669,0.002696614268440144
0.75,1.0,,0.0,0.01,3.9497751746896492,0.12762814293680266,0.18091330571058525,0.005477500000000001,0.0083325,0.003161064087061669,0.002696614268440144
0.75,1.0,2.0,0.0,0.01,3.9497751746896492,0.12762814293680266,0.18091330571058525,0.005477500000000001,0.0083325,0.003161064087061669,0.002696614268440144
0.8,0.1,,0.0,0.93,1.4744915239406087,0.11097910305352626,0.0933017145900213,6.381909547738633e-05,0.0020633165829145737,-8.444444444444502e-06,0.000978222222222224
0.8,0.15,,0.0,0.86,1.7938141231163836,0.11844594511408443,0.14764036595241886,0.0019095541401273875,0.003953503184713375,0.0049121212121212105,0.00516489898989899
0.8,0.2,,0.0,0.01,3.9497751746896492,0.12762814293680266,0.18091330571058525,0.005477500000000001,0.0083325,0.003161064087061669,0.002696614268440144
0.8,0.2,2.0,0.0,0.01,3.9497751746896492,0.12762814293680266,0.18091330571058525,0.005477500000000001,0.0083325,0.003161064087061669,0.002696614268440144
0.8,0.25,,0.0,0.01,3.9497751746896492,0.12762814293680266,0.18091330571058525,0.005477500000000001,0.0083325,0.003161064087061669,0.002696614268440144
0.8,0.25,2.0,0.0,0.01,3.9497751746896492,0.12762814293680266,0.18091330571058525,0.005477500000000001,0.0083325,0.003161064087061669,0.002696614268440144
0.8,0.3,,0.0,0.01,3.9497751746896492,0.12762814293680266,0.18091330571058525,0.005477500000000001,0.0083325,0.003161064087061669,0.002696614268440144
0.8,0.3,2.0,0.0,0.01,3.9497751746896492,0.12762814293680266,0.18091330571058525,0.005477500000000001,0.0083325,0.003161064087061669,0.002696614268440144
0.8,0.35,,0.0,0.01,3.9497751746896492,0.12762814293680266,0.18091330571058525,0.005477500000000001,0.0083325,0.003161064087061669,0.002696614268440144
0.8,0.35,2.0,0.0,0.01,3.9497751746896492,0.12762814293680266,0.18091330571058525,0.005477500000000001,0.0083325,0.003161064087061669,0.002696614268440144
0.8,0.4,,0.0,0.01,3.9497751746896492,0.12762814293680266,0.18091330571058525,0.005477500000000001,0.0083325,0.003161064087061669,0.002696614268440144
0.8,0.4,2.0,0.0,0.01,3.9497751746896492,0.12762814293680266,0.18091330571058525,0.005477500000000001,0.0083325,0.003161064087061669,0.002696614268440144
0.8,0.45,,0.0,0.01,3.9497751746896492,0.12762814293680266,0.18091330571058525,0.005477500000000001,0.0083325,0.003161064087061669,0.002696614268440144
0.8,0.45,2.0,0.0,0.01,3.9497751746896492,0.12762814293680266,0.18091330571058525,0.005477500000000001,0.0083325,0.003161064087061669,0.002696614268440144
0.8,0.5,,0.0,0.01,3.9497751746896492,0.12762814293680266,0.18091330571058525,0.005477500000000001,0.0083325,0.003161064087061669,0.002696614268440144
0.8,0.5,2.0,0.0,0.01,3.9497751746896492,0.12762814293680266,0.18091330571058525,0.005477500000000001,0.0083325,0.003161064087061669,0.002696614268440144
0.8,0.55,,0.0,0.01,3.9497751746896492,0.12762814293680266,0.18091330571058525,0.005477500000000001,0.0083325,0.003161064087061669,0.002696614268440144
0.8,0.55,2.0,0.0,0.01,3.9497751746896492,0.12762814293680266,0.18091330571058525,0.005477500000000001,0.0083325,0.003161064087061669,0.002696614268440144
0.8,0.6,,0.0,0.01,3.9497751746896492,0.12762814293680266,0.18091330571058525,0.005477500000000001,0.0083325,0.003161064087061669,0.002696614268440144
0.8,0.6,2.0,0.0,0.01,3.9497751746896492,0.12762814293680266,0.18091330571058525,0.005477500000000001,0.0083325,0.003161064087061669,0.002696614268440144
0.8,0.65,,0.0,0.01,3.9497751746896492,0.12762814293680266,0.18091330571058525,0.005477500000000001,0.0083325,0.003161064087061669,0.002696614268440144
0.8,0.65,2.0,0.0,0.01,3.9497751746896492,0.12762814293680266,0.18091330571058525,0.005477500000000001,0.0083325,0.003161064087061669,0.002696614268440144
0.8,0.7,,0.0,0.01,3.9497751746896492,0.12762814293680266,0.18091330571058525,0.005477500000000001,0.0083325,0.003161064087061669,0.002696614268440144
0.8,0.7,2.0,0.0,0.01,3.9497751746896492,0.12762814293680266,0.18091330571058525,0.005477500000000001,0.0083325,0.003161064087061669,0.002696614268440144
0.8,0.75,,0.0,0.01,3.9497751746896492,0.12762814293680266,0.18091330571058525,0.005477500000000001,0.0083325,0.003161064087061669,0.002696614268440144
0.8,0.75,2.0,0.0,0.01,3.9497751746896492,0.12762814293680266,0.18091330571058525,0.005477500000000001,0.0083325,0.003161064087061669,0.002696614268440144
0.8,0.8,,0.0,0.01,3.9497751746896492,0.12762814293680266,0.18091330571058525,0.005477500000000001,0.0083325,0.003161064087061669,0.002696614268440144
0.8,0.8,2.0,0.0,0.01,3.9497751746896492,0.12762814293680266,0.18091330571058525,0.005477500000000001,0.0083325,0.003161064087061669,0.002696614268440144
0.8,0.85,,0.0,0.01,3.9497751746896492,0.12762814293680266,0.18091330571058525,0.005477500000000001,0.0083325,0.003161064087061669,0.002696614268440144
0.8,0.85,2.0,0.0,0.01,3.9497751746896492,0.12762814293680266,0.18091330571058525,0.005477500000000001,0.0083325,0.003161064087061669,0.002696614268440144
0.8,0.9,,0.0,0.01,3.9497751746896492,0.12762814293680266,0.18091330571058525,0.005477500000000001,0.0083325,0.003161064087061669,0.002696614268440144
0.8,0.9,2.0,0.0,0.01,3.9497751746896492,0.12762814293680266,0.18091330571058525,0.005477500000000001,0.0083325,0.003161064087061669,0.002696614268440144
0.8,0.95,,0.0,0.01,3.9497751746896492,0.12762814293680266,0.18091330571058525,0.005477500000000001,0.0083325,0.003161064087061669,0.002696614268440144
0.8,0.95,2.0,0.0,0.01,3.9497751746896492,0.12762814293680266,0.18091330571058525,0.005477500000000001,0.0083325,0.003161064087061669,0.002696614268440144
0.8,1.0,,0.0,0.01,3.9497751746896492,0.12762814293680266,0.18091330571058525,0.005477500000000001,0.0083325,0.003161064087061669,0.002696614268440144
0.8,1.0,2.0,0.0,0.01,3.9497751746896492,0.12762814293680266,0.18091330571058525,0.005477500000000001,0.0083325,0.003161064087061669,0.002696614268440144
0.85,0.1,,0.0,0.93,1.4744915239406087,0.11097910305352626,0.0933017145900213,6.381909547738633e-05,0.0020633165829145737,-8.444444444444502e-06,0.000978222222222224
0.85,0.15,,0.0,0.86,1.7938141231163836,0.11844594511408443,0.14764036595241886,0.0019095541401273875,0.003953503184713375,0.0049121212121212105,0.00516489898989899
0.85,0.2,,0.0,0.01,3.9497751746896492,0.12762814293680266,0.18091330571058525,0.005477500000000001,0.0083325,0.003161064087061669,0.002696614268440144
0.85,0.2,2.0,0.0,0.01,3.9497751746896492,0.12762814293680266,0.18091330571058525,0.005477500000000001,0.0083325,0.003161064087061669,0.002696614268440144
0.85,0.25,,0.0,0.01,3.9497751746896492,0.12762814293680266,0.18091330571058525,0.005477500000000001,0.0083325,0.003161064087061669,0.002696614268440144
0.85,0.25,2.0,0.0,0.01,3.9497751746896492,0.12762814293680266,0.18091330571058525,0.005477500000000001,0.0083325,0.003161064087061669,0.002696614268440144
0.85,0.3,,0.0,0.01,3.9497751746896492,0.12762814293680266,0.18091330571058525,0.005477500000000001,0.0083325,0.003161064087061669,0.002696614268440144
0.85,0.3,2.0,0.0,0.01,3.9497751746896492,0.12762814293680266,0.18091330571058525,0.005477500000000001,0.0083325,0.003161064087061669,0.002696614268440144
0.85,0.35,,0.0,0.01,3.9497751746896492,0.12762814293680266,0.18091330571058525,0.005477500000000001,0.0083325,0.003161064087061669,0.002696614268440144
0.85,0.35,2.0,0.0,0.01,3.9497751746896492,0.12762814293680266,0.18091330571058525,0.005477500000000001,0.0083325,0.003161064087061669,0.002696614268440144
0.85,0.4,,0.0,0.01,3.9497751746896492,0.12762814293680266,0.18091330571058525,0.005477500000000001,0.0083325,0.003161064087061669,0.002696614268440144
0.85,0.4,2.0,0.0,0.01,3.9497751746896492,0.12762814293680266,0.18091330571058525,0.005477500000000001,0.0083325,0.003161064087061669,0.002696614268440144
0.85,0.45,,0.0,0.01,3.9497751746896492,0.12762814293680266,0.18091330571058525,0.005477500000000001,0.0083325,0.003161064087061669,0.002696614268440144
0.85,0.45,2.0,0.0,0.01,3.9497751746896492,0.12762814293680266,0.18091330571058525,0.005477500000000001,0.0083325,0.003161064087061669,0.002696614268440144
0.85,0.5,,0.0,0.01,3.9497751746896492,0.12762814293680266,0.18091330571058525,0.005477500000000001,0.0083325,0.003161064087061669,0.002696614268440144
0.85,0.5,2.0,0.0,0.01,3.9497751746896492,0.12762814293680266,0.18091330571058525,0.005477500000000001,0.0083325,0.003161064087061669,0.002696614268440144
0.85,0.55,,0.0,0.01,3.9497751746896492,0.12762814293680266,0.18091330571058525,0.005477500000000001,0.0083325,0.003161064087061669,0.002696614268440144
0.85,0.55,2.0,0.0,0.01,3.9497751746896492,0.12762814293680266,0.18091330571058525,0.005477500000000001,0.0083325,0.003161064087061669,0.002696614268440144
0.85,0.6,,0.0,0.01,3.9497751746896492,0.12762814293680266,0.18091330571058525,0.005477500000000001,0.0083325,0.003161064087061669,0.002696614268440144
0.85,0.6,2.0,0.0,0.01,3.9497751746896492,0.12762814293680266,0.18091330571058525,0.005477500000000001,0.0083325,0.003161064087061669,0.002696614268440144
0.85,0.65,,0.0,0.01,3.9497751746896492,0.12762814293680266,0.18091330571058525,0.005477500000000001,0.0083325,0.003161064087061669,0.002696614268440144
0.85,0.65,2.0,0.0,0.01,3.9497751746896492,0.12762814293680266,0.18091330571058525,0.005477500000000001,0.0083325,0.003161064087061669,0.002696614268440144
0.85,0.7,,0.0,0.01,3.9497751746896492,0.12762814293680266,0.18091330571058525,0.005477500000000001,0.0083325,0.003161064087061669,0.002696614268440144
0.85,0.7,2.0,0.0,0.01,3.9497751746896492,0.12762814293680266,0.18091330571058525,0.005477500000000001,0.0083325,0.003161064087061669,0.002696614268440144
0.85,0.75,,0.0,0.01,3.9497751746896492,0.12762814293680266,0.18091330571058525,0.005477500000000001,0.0083325,0.003161064087061669,0.002696614268440144
0.85,0.75,2.0,0.0,0.01,3.9497751746896492,0.12762814293680266,0.18091330571058525,0.005477500000000001,0.0083325,0.003161064087061669,0.002696614268440144
0.85,0.8,,0.0,0.01,3.9497751746896492,0.12762814293680266,0.18091330571058525,0.005477500000000001,0.0083325,0.003161064087061669,0.002696614268440144
0.85,0.8,2.0,0.0,0.01,3.9497751746896492,0.12762814293680266,0.18091330571058525,0.005477500000000001,0.0083325,0.003161064087061669,0.002696614268440144
0.85,0.85,,0.0,0.01,3.9497751746896492,0.12762814293680266,0.18091330571058525,0.005477500000000001,0.0083325,0.003161064087061669,0.002696614268440144
0.85,0.85,2.0,0.0,0.01,3.9497751746896492,0.12762814293680266,0.18091330571058525,0.005477500000000001,0.0083325,0.003161064087061669,0.002696614268440144
0.85,0.9,,0.0,0.01,3.9497751746896492,0.12762814293680266,0.18091330571058525,0.005477500000000001,0.0083325,0.003161064087061669,0.002696614268440144
0.85,0.9,2.0,0.0,0.01,3.9497751746896492,0.12762814293680266,0.18091330571058525,0.005477500000000001,0.0083325,0.003161064087061669,0.002696614268440144
0.85,0.95,,0.0,0.01,3.9497751746896492,0.12762814293680266,0.18091330571058525,0.005477500000000001,0.0083325,0.003161064087061669,0.002696614268440144
0.85,0.95,2.0,0.0,0.01,3.9497751746896492,0.12762814293680266,0.18091330571058525,0.005477500000000001,0.0083325,0.003161064087061669,0.002696614268440144
0.85,1.0,,0.0,0.01,3.9497751746896492,0.12762814293680266,0.18091330571058525,0.005477500000000001,0.0083325,0.003161064087061669,0.002696614268440144
0.85,1.0,2.0,0.0,0.01,3.9497751746896492,0.12762814293680266,0.18091330571058525,0.005477500000000001,0.0083325,0.003161064087061669,0.002696614268440144
0.9,0.1,,0.0,0.93,1.4744915239406087,0.11097910305352626,0.0933017145900213,6.381909547738633e-05,0.0020633165829145737,-8.444444444444502e-06,0.000978222222222224
0.9,0.15,,0.0,0.86,1.7938141231163836,0.11844594511408443,0.14764036595241886,0.0019095541401273875,0.003953503184713375,0.0049121212121212105,0.00516489898989899
0.9,0.2,,0.0,0.01,3.9497751746896492,0.12762814293680266,0.18091330571058525,0.005477500000000001,0.0083325,0.003161064087061669,0.002696614268440144
0.9,0.2,2.0,0.0,0.01,3.9497751746896492,0.12762814293680266,0.18091330571058525,0.005477500000000001,0.0083325,0.003161064087061669,0.002696614268440144
0.9,0.25,,0.0,0.01,3.9497751746896492,0.12762814293680266,0.18091330571058525,0.005477500000000001,0.0083325,0.003161064087061669,0.002696614268440144
0.9,0.25,2.0,0.0,0.01,3.9497751746896492,0.12762814293680266,0.18091330571058525,0.005477500000000001,0.0083325,0.003161064087061669,0.002696614268440144
0.9,0.3,,0.0,0.01,3.9497751746896492,0.12762814293680266,0.18091330571058525,0.005477500000000001,0.0083325,0.003161064087061669,0.002696614268440144
0.9,0.3,2.0,0.0,0.01,3.9497751746896492,0.12762814293680266,0.18091330571058525,0.005477500000000001,0.0083325,0.003161064087061669,0.002696614268440144
0.9,0.35,,0.0,0.01,3.9497751746896492,0.12762814293680266,0.18091330571058525,0.005477500000000001,0.0083325,0.003161064087061669,0.002696614268440144
0.9,0.35,2.0,0.0,0.01,3.9497751746896492,0.12762814293680266,0.18091330571058525,0.005477500000000001,0.0083325,0.003161064087061669,0.002696614268440144
0.9,0.4,,0.0,0.01,3.9497751746896492,0.12762814293680266,0.18091330571058525,0.005477500000000001,0.0083325,0.003161064087061669,0.002696614268440144
0.9,0.4,2.0,0.0,0.01,3.9497751746896492,0.12762814293680266,0.18091330571058525,0.005477500000000001,0.0083325,0.003161064087061669,0.002696614268440144
0.9,0.45,,0.0,0.01,3.9497751746896492,0.12762814293680266,0.18091330571058525,0.005477500000000001,0.0083325,0.003161064087061669,0.002696614268440144
0.9,0.45,2.0,0.0,0.01,3.9497751746896492,0.12762814293680266,0.18091330571058525,0.005477500000000001,0.0083325,0.003161064087061669,0.002696614268440144
0.9,0.5,,0.0,0.01,3.9497751746896492,0.12762814293680266,0.18091330571058525,0.005477500000000001,0.0083325,0.003161064087061669,0.002696614268440144
0.9,0.5,2.0,0.0,0.01,3.9497751746896492,0.12762814293680266,0.18091330571058525,0.005477500000000001,0.0083325,0.003161064087061669,0.002696614268440144
0.9,0.55,,0.0,0.01,3.9497751746896492,0.12762814293680266,0.18091330571058525,0.005477500000000001,0.0083325,0.003161064087061669,0.002696614268440144
0.9,0.55,2.0,0.0,0.01,3.9497751746896492,0.12762814293680266,0.18091330571058525,0.005477500000000001,0.0083325,0.003161064087061669,0.002696614268440144
0.9,0.6,,0.0,0.01,3.9497751746896492,0.12762814293680266,0.18091330571058525,0.005477500000000001,0.0083325,0.003161064087061669,0.002696614268440144
0.9,0.6,2.0,0.0,0.01,3.9497751746896492,0.12762814293680266,0.18091330571058525,0.005477500000000001,0.0083325,0.003161064087061669,0.002696614268440144
0.9,0.65,,0.0,0.01,3.9497751746896492,0.12762814293680266,0.18091330571058525,0.005477500000000001,0.0083325,0.003161064087061669,0.002696614268440144
0.9,0.65,2.0,0.0,0.01,3.9497751746896492,0.12762814293680266,0.18091330571058525,0.005477500000000001,0.0083325,0.003161064087061669,0.002696614268440144
0.9,0.7,,0.0,0.01,3.9497751746896492,0.12762814293680266,0.18091330571058525,0.005477500000000001,0.0083325,0.003161064087061669,0.002696614268440144
0.9,0.7,2.0,0.0,0.01,3.9497751746896492,0.12762814293680266,0.18091330571058525,0.005477500000000001,0.0083325,0.003161064087061669,0.002696614268440144
0.9,0.75,,0.0,0.01,3.9497751746896492,0.12762814293680266,0.18091330571058525,0.005477500000000001,0.0083325,0.003161064087061669,0.002696614268440144
0.9,0.75,2.0,0.0,0.01,3.9497751746896492,0.12762814293680266,0.18091330571058525,0.005477500000000001,0.0083325,0.003161064087061669,0.002696614268440144
0.9,0.8,,0.0,0.01,3.9497751746896492,0.12762814293680266,0.18091330571058525,0.005477500000000001,0.0083325,0.003161064087061669,0.002696614268440144
0.9,0.8,2.0,0.0,0.01,3.9497751746896492,0.12762814293680266,0.18091330571058525,0.005477500000000001,0.0083325,0.003161064087061669,0.002696614268440144
0.9,0.85,,0.0,0.01,3.9497751746896492,0.12762814293680266,0.18091330571058525,0.005477500000000001,0.0083325,0.003161064087061669,0.002696614268440144
0.9,0.85,2.0,0.0,0.01,3.9497751746896492,0.12762814293680266,0.18091330571058525,0.005477500000000001,0.0083325,0.003161064087061669,0.002696614268440144
0.9,0.9,,0.0,0.01,3.9497751746896492,0.12762814293680266,0.18091330571058525,0.005477500000000001,0.0083325,0.003161064087061669,0.002696614268440144
0.9,0.9,2.0,0.0,0.01,3.9497751746896492,0.12762814293680266,0.18091330571058525,0.005477500000000001,0.0083325,0.003161064087061669,0.002696614268440144
0.9,0.95,,0.0,0.01,3.9497751746896492,0.12762814293680266,0.18091330571058525,0.005477500000000001,0.0083325,0.003161064087061669,0.002696614268440144
0.9,0.95,2.0,0.0,0.01,3.9497751746896492,0.12762814293680266,0.18091330571058525,0.005477500000000001,0.0083325,0.003161064087061669,0.002696614268440144
0.9,1.0,,0.0,0.01,3.9497751746896492,0.12762814293680266,0.18091330571058525,0.005477500000000001,0.0083325,0.003161064087061669,0.002696614268440144
0.9,1.0,2.0,0.0,0.01,3.9497751746896492,0.12762814293680266,0.18091330571058525,0.005477500000000001,0.0083325,0.003161064087061669,0.002696614268440144
0.95,0.1,,0.0,0.93,1.4744915239406087,0.11097910305352626,0.0933017145900213,6.381909547738633e-05,0.0020633165829145737,-8.444444444444502e-06,0.000978222222222224
0.95,0.15,,0.0,0.86,1.7938141231163836,0.11844594511408443,0.14764036595241886,0.0019095541401273875,0.003953503184713375,0.0049121212121212105,0.00516489898989899
0.95,0.2,,0.0,0.01,3.9497751746896492,0.12762814293680266,0.18091330571058525,0.005477500000000001,0.0083325,0.003161064087061669,0.002696614268440144
0.95,0.2,2.0,0.0,0.01,3.9497751746896492,0.12762814293680266,0.18091330571058525,0.005477500000000001,0.0083325,0.003161064087061669,0.002696614268440144
0.95,0.25,,0.0,0.01,3.9497751746896492,0.12762814293680266,0.18091330571058525,0.005477500000000001,0.0083325,0.003161064087061669,0.002696614268440144
0.95,0.25,2.0,0.0,0.01,3.9497751746896492,0.12762814293680266,0.18091330571058525,0.005477500000000001,0.0083325,0.003161064087061669,0.002696614268440144
0.95,0.3,,0.0,0.01,3.9497751746896492,0.12762814293680266,0.18091330571058525,0.005477500000000001,0.0083325,0.003161064087061669,0.002696614268440144
0.95,0.3,2.0,0.0,0.01,3.9497751746896492,0.12762814293680266,0.18091330571058525,0.005477500000000001,0.0083325,0.003161064087061669,0.002696614268440144
0.95,0.35,,0.0,0.01,3.9497751746896492,0.12762814293680266,0.18091330571058525,0.005477500000000001,0.0083325,0.003161064087061669,0.002696614268440144
0.95,0.35,2.0,0.0,0.01,3.9497751746896492,0.12762814293680266,0.18091330571058525,0.005477500000000001,0.0083325,0.003161064087061669,0.002696614268440144
0.95,0.4,,0.0,0.01,3.9497751746896492,0.12762814293680266,0.18091330571058525,0.005477500000000001,0.0083325,0.003161064087061669,0.002696614268440144
0.95,0.4,2.0,0.0,0.01,3.9497751746896492,0.12762814293680266,0.18091330571058525,0.005477500000000001,0.0083325,0.003161064087061669,0.002696614268440144
0.95,0.45,,0.0,0.01,3.9497751746896492,0.12762814293680266,0.18091330571058525,0.005477500000000001,0.0083325,0.003161064087061669,0.002696614268440144
0.95,0.45,2.0,0.0,0.01,3.9497751746896492,0.12762814293680266,0.18091330571058525,0.005477500000000001,0.0083325,0.003161064087061669,0.002696614268440144
0.95,0.5,,0.0,0.01,3.9497751746896492,0.12762814293680266,0.18091330571058525,0.005477500000000001,0.0083325,0.003161064087061669,0.002696614268440144
0.95,0.5,2.0,0.0,0.01,3.9497751746896492,0.12762814293680266,0.18091330571058525,0.005477500000000001,0.0083325,0.003161064087061669,0.002696614268440144
0.95,0.55,,0.0,0.01,3.9497751746896492,0.12762814293680266,0.18091330571058525,0.005477500000000001,0.0083325,0.003161064087061669,0.002696614268440144
0.95,0.55,2.0,0.0,0.01,3.9497751746896492,0.12762814293680266,0.18091330571058525,0.005477500000000001,0.0083325,0.003161064087061669,0.002696614268440144
0.95,0.6,,0.0,0.01,3.9497751746896492,0.12762814293680266,0.18091330571058525,0.005477500000000001,0.0083325,0.003161064087061669,0.002696614268440144
0.95,0.6,2.0,0.0,0.01,3.9497751746896492,0.12762814293680266,0.18091330571058525,0.005477500000000001,0.0083325,0.003161064087061669,0.002696614268440144
0.95,0.65,,0.0,0.01,3.9497751746896492,0.12762814293680266,0.18091330571058525,0.005477500000000001,0.0083325,0.003161064087061669,0.002696614268440144
0.95,0.65,2.0,0.0,0.01,3.9497751746896492,0.12762814293680266,0.18091330571058525,0.005477500000000001,0.0083325,0.003161064087061669,0.002696614268440144
0.95,0.7,,0.0,0.01,3.9497751746896492,0.12762814293680266,0.18091330571058525,0.005477500000000001,0.0083325,0.003161064087061669,0.002696614268440144
0.95,0.7,2.0,0.0,0.01,3.9497751746896492,0.12762814293680266,0.18091330571058525,0.005477500000000001,0.0083325,0.003161064087061669,0.002696614268440144
0.95,0.75,,0.0,0.01,3.9497751746896492,0.12762814293680266,0.18091330571058525,0.005477500000000001,0.0083325,0.003161064087061669,0.002696614268440144
0.95,0.75,2.0,0.0,0.01,3.9497751746896492,0.12762814293680266,0.18091330571058525,0.005477500000000001,0.0083325,0.003161064087061669,0.002696614268440144
0.95,0.8,,0.0,0.01,3.9497751746896492,0.12762814293680266,0.18091330571058525,0.005477500000000001,0.0083325,0.003161064087061669,0.002696614268440144
0.95,0.8,2.0,0.0,0.01,3.9497751746896492,0.12762814293680266,0.18091330571058525,0.005477500000000001,0.0083325,0.003161064087061669,0.002696614268440144
0.95,0.85,,0.0,0.01,3.9497751746896492,0.12762814293680266,0.18091330571058525,0.005477500000000001,0.0083325,0.003161064087061669,0.002696614268440144
0.95,0.85,2.0,0.0,0.01,3.9497751746896492,0.12762814293680266,0.18091330571058525,0.005477500000000001,0.0083325,0.003161064087061669,0.002696614268440144
0.95,0.9,,0.0,0.01,3.9497751746896492,0.12762814293680266,0.18091330571058525,0.005477500000000001,0.0083325,0.003161064087061669,0.002696614268440144
0.95,0.9,2.0,0.0,0.01,3.9497751746896492,0.12762814293680266,0.18091330571058525,0.005477500000000001,0.0083325,0.003161064087061669,0.002696614268440144
0.95,0.95,,0.0,0.01,3.9497751746896492,0.12762814293680266,0.18091330571058525,0.005477500000000001,0.0083325,0.003161064087061669,0.002696614268440144
0.95,0.95,2.0,0.0,0.01,3.9497751746896492,0.12762814293680266,0.18091330571058525,0.005477500000000001,0.0083325,0.003161064087061669,0.002696614268440144
0.95,1.0,,0.0,0.01,3.9497751746896492,0.12762814293680266,0.18091330571058525,0.005477500000000001,0.0083325,0.003161064087061669,0.002696614268440144
0.95,1.0,2.0,0.0,0.01,3.9497751746896492,0.12762814293680266,0.18091330571058525,0.005477500000000001,0.0083325,0.003161064087061669,0.002696614268440144
1.0,0.1,,0.0,0.93,1.4744915239406087,0.11097910305352626,0.0933017145900213,6.381909547738633e-05,0.0020633165829145737,-8.444444444444502e-06,0.000978222222222224
1.0,0.15,,0.0,0.86,1.7938141231163836,0.11844594511408443,0.14764036595241886,0.0019095541401273875,0.003953503184713375,0.0049121212121212105,0.00516489898989899
1.0,0.2,,0.0,0.0,6.631,1.0,0.1670038140941555,,,0.001661831275720164,0.001334053497942387
1.0,0.2,2.0,0.0,0.0,6.631,1.0,0.1670038140941555,,,0.001661831275720164,0.001334053497942387
1.0,0.2,4.0,0.0,0.0,6.631,1.0,0.1670038140941555,,,0.001661831275720164,0.001334053497942387
1.0,0.2,6.0,0.0,0.0,6.631,1.0,0.1670038140941555,,,0.001661831275720164,0.001334053497942387
1.0,0.25,,0.0,0.0,6.631,1.0,0.1670038140941555,,,0.001661831275720164,0.001334053497942387
1.0,0.25,2.0,0.0,0.0,6.631,1.0,0.1670038140941555,,,0.001661831275720164,0.001334053497942387
1.0,0.25,4.0,0.0,0.0,6.631,1.0,0.1670038140941555,,,0.001661831275720164,0.001334053497942387
1.0,0.25,6.0,0.0,0.0,6.631,1.0,0.1670038140941555,,,0.001661831275720164,0.001334053497942387
1.0,0.3,,0.0,0.0,6.631,1.0,0.1670038140941555,,,0.001661831275720164,0.001334053497942387
1.0,0.3,2.0,0.0,0.0,6.631,1.0,0.1670038140941555,,,0.001661831275720164,0.001334053497942387
1.0,0.3,4.0,0.0,0.0,6.631,1.0,0.1670038140941555,,,0.001661831275720164,0.001334053497942387
1.0,0.3,6.0,0.0,0.0,6.631,1.0,0.1670038140941555,,,0.001661831275720164,0.001334053497942387
1.0,0.35,,0.0,0.0,6.631,1.0,0.1670038140941555,,,0.001661831275720164,0.001334053497942387
1.0,0.35,2.0,0.0,0.0,6.631,1.0,0.1670038140941555,,,0.001661831275720164,0.001334053497942387
1.0,0.35,4.0,0.0,0.0,6.631,1.0,0.1670038140941555,,,0.001661831275720164,0.001334053497942387
1.0,0.35,6.0,0.0,0.0,6.631,1.0,0.1670038140941555,,,0.001661831275720164,0.001334053497942387
1.0,0.4,,0.0,0.0,6.631,1.0,0.1670038140941555,,,0.001661831275720164,0.001334053497942387
1.0,0.4,2.0,0.0,0.0,6.631,1.0,0.1670038140941555,,,0.001661831275720164,0.001334053497942387
1.0,0.4,4.0,0.0,0.0,6.631,1.0,0.1670038140941555,,,0.001661831275720164,0.001334053497942387
1.0,0.4,6.0,0.0,0.0,6.631,1.0,0.1670038140941555,,,0.001661831275720164,0.001334053497942387
1.0,0.45,,0.0,0.0,6.631,1.0,0.1670038140941555,,,0.001661831275720164,0.001334053497942387
1.0,0.45,2.0,0.0,0.0,6.631,1.0,0.1670038140941555,,,0.001661831275720164,0.001334053497942387
1.0,0.45,4.0,0.0,0.0,6.631,1.0,0.1670038140941555,,,0.001661831275720164,0.001334053497942387
1.0,0.45,6.0,0.0,0.0,6.631,1.0,0.1670038140941555,,,0.001661831275720164,0.001334053497942387
1.0,0.5,,0.0,0.0,6.631,1.0,0.1670038140941555,,,0.001661831275720164,0.001334053497942387
1.0,0.5,2.0,0.0,0.0,6.631,1.0,0.1670038140941555,,,0.001661831275720164,0.001334053497942387
1.0,0.5,4.0,0.0,0.0,6.631,1.0,0.1670038140941555,,,0.001661831275720164,0.001334053497942387
1.0,0.5,6.0,0.0,0.0,6.631,1.0,0.1670038140941555,,,0.001661831275720164,0.001334053497942387
1.0,0.55,,0.0,0.0,6.631,1.0,0.1670038140941555,,,0.001661831275720164,0.001334053497942387
1.0,0.55,2.0,0.0,0.0,6.631,1.0,0.1670038140941555,,,0.001661831275720164,0.001334053497942387
1.0,0.55,4.0,0.0,0.0,6.631,1.0,0.1670038140941555,,,0.001661831275720164,0.001334053497942387
1.0,0.55,6.0,0.0,0.0,6.631,1.0,0.1670038140941555,,,0.001661831275720164,0.001334053497942387
1.0,0.6,,0.0,0.0,6.631,1.0,0.1670038140941555,,,0.001661831275720164,0.001334053497942387
1.0,0.6,2.0,0.0,0.0,6.631,1.0,0.1670038140941555,,,0.001661831275720164,0.001334053497942387
1.0,0.6,4.0,0.0,0.0,6.631,1.0,0.1670038140941555,,,0.001661831275720164,0.001334053497942387
1.0,0.6,6.0,0.0,0.0,6.631,1.0,0.1670038140941555,,,0.001661831275720164,0.001334053497942387
1.0,0.65,,0.0,0.0,6.631,1.0,0.1670038140941555,,,0.001661831275720164,0.001334053497942387
1.0,0.65,2.0,0.0,0.0,6.631,1.0,0.1670038140941555,,,0.001661831275720164,0.001334053497942387
1.0,0.65,4.0,0.0,0.0,6.631,1.0,0.1670038140941555,,,0.001661831275720164,0.001334053497942387
1.0,0.65,6.0,0.0,0.0,6.631,1.0,0.1670038140941555,,,0.001661831275720164,0.001334053497942387
1.0,0.7,,0.0,0.0,6.631,1.0,0.1670038140941555,,,0.001661831275720164,0.001334053497942387
1.0,0.7,2.0,0.0,0.0,6.631,1.0,0.1670038140941555,,,0.001661831275720164,0.001334053497942387
1.0,0.7,4.0,0.0,0.0,6.631,1.0,0.1670038140941555,,,0.001661831275720164,0.001334053497942387
1.0,0.7,6.0,0.0,0.0,6.631,1.0,0.1670038140941555,,,0.001661831275720164,0.001334053497942387
1.0,0.75,,0.0,0.0,6.631,1.0,0.1670038140941555,,,0.001661831275720164,0.001334053497942387
1.0,0.75,2.0,0.0,0.0,6.631,1.0,0.1670038140941555,,,0.001661831275720164,0.001334053497942387
1.0,0.75,4.0,0.0,0.0,6.631,1.0,0.1670038140941555,,,0.001661831275720164,0.001334053497942387
1.0,0.75,6.0,0.0,0.0,6.631,1.0,0.1670038140941555,,,0.001661831275720164,0.001334053497942387
1.0,0.8,,0.0,0.0,6.631,1.0,0.1670038140941555,,,0.001661831275720164,0.001334053497942387
1.0,0.8,2.0,0.0,0.0,6.631,1.0,0.1670038140941555,,,0.001661831275720164,0.001334053497942387
1.0,0.8,4.0,0.0,0.0,6.631,1.0,0.1670038140941555,,,0.001661831275720164,0.001334053497942387
1.0,0.8,6.0,0.0,0.0,6.631,1.0,0.1670038140941555,,,0.001661831275720164,0.001334053497942387
1.0,0.85,,0.0,0.0,6.631,1.0,0.1670038140941555,,,0.001661831275720164,0.001334053497942387
1.0,0.85,2.0,0.0,0.0,6.631,1.0,0.1670038140941555,,,0.001661831275720164,0.001334053497942387
1.0,0.85,4.0,0.0,0.0,6.631,1.0,0.1670038140941555,,,0.001661831275720164,0.001334053497942387
1.0,0.85,6.0,0.0,0.0,6.631,1.0,0.1670038140941555,,,0.001661831275720164,0.001334053497942387
1.0,0.9,,0.0,0.0,6.631,1.0,0.1670038140941555,,,0.001661831275720164,0.001334053497942387
1.0,0.9,2.0,0.0,0.0,6.631,1.0,0.1670038140941555,,,0.001661831275720164,0.001334053497942387
1.0,0.9,4.0,0.0,0.0,6.631,1.0,0.1670038140941555,,,0.001661831275720164,0.001334053497942387
1.0,0.9,6.0,0.0,0.0,6.631,1.0,0.1670038140941555,,,0.001661831275720164,0.001334053497942387
1.0,0.95,,0.0,0.0,6.631,1.0,0.1670038140941555,,,0.001661831275720164,0.001334053497942387
1.0,0.95,2.0,0.0,0.0,6.631,1.0,0.1670038140941555,,,0.001661831275720164,0.001334053497942387
1.0,0.95,4.0,0.0,0.0,6.631,1.0,0.1670038140941555,,,0.001661831275720164,0.001334053497942387
1.0,0.95,6.0,0.0,0.0,6.631,1.0,0.1670038140941555,,,0.001661831275720164,0.001334053497942387
1.0,1.0,,0.0,0.0,6.631,1.0,0.1670038140941555,,,0.001661831275720164,0.001334053497942387
1.0,1.0,2.0,0.0,0.0,6.631,1.0,0.1670038140941555,,,0.001661831275720164,0.001334053497942387
1.0,1.0,4.0,0.0,0.0,6.631,1.0,0.1670038140941555,,,0.001661831275720164,0.001334053497942387
1.0,1.0,6.0,0.0,0.0,6.631,1.0,0.1670038140941555,,,0.001661831275720164,0.001334053497942387
