max_ia_risk,max_copy_risk,min_speedup,t_l,t_h,speedup,ia_risk,copy_risk,delta_miou_ia,delta_accuracy_ia,delta_miou_copy,delta_accuracy_copy
0.1,0.1,,0.0,0.67,1.8346647488162813,0.03604147949762497,0.09819850237254144,0.0025383561643835617,-0.003436301369863014,-0.00017424593967517492,-0.0017252900232018573
0.1,0.15,,0.0,0.48,5.979462360969362,0.09611330469884567,0.1081488439987541,0.0039435897435897435,-0.008692307692307694,6.527942925089173e-05,0.0007431629013079667
0.1,0.15,2.0,0.0,0.48,5.979462360969362,0.09611330469884567,0.1081488439987541,0.0039435897435897435,-0.008692307692307694,6.527942925089173e-05,0.0007431629013079667
0.1,0.15,4.0,0.0,0.48,5.979462360969362,0.09611330469884567,0.1081488439987541,0.0039435897435897435,-0.008692307692307694,6.527942925089173e-05,0.0007431629013079667
0.1,0.2,,0.0,0.48,5.979462360969362,0.09611330469884567,0.1081488439987541,0.0039435897435897435,-0.008692307692307694,6.527942925089173e-05,0.0007431629013079667
0.1,0.2,2.0,0.0,0.48,5.979462360969362,0.09611330469884567,0.1081488439987541,0.0039435897435897435,-0.008692307692307694,6.527942925089173e-05,0.0007431629013079667
0.1,0.2,4.0,0.0,0.48,5.979462360969362,0.09611330469884567,0.1081488439987541,0.0039435897435897435,-0.008692307692307694,6.527942925089173e-05,0.0007431629013079667
0.1,0.25,,0.0,0.48,5.979462360969362,0.09611330469884567,0.1081488439987541,0.0039435897435897435,-0.008692307692307694,6.527942925089173e-05,0.0007431629013079667
0.1,0.25,2.0,0.0,0.48,5.979462360969362,0.09611330469884567,0.1081488439987541,0.0039435897435897435,-0.008692307692307694,6.527942925089173e-05,0.0007431629013079667
0.1,0.25,4.0,0.0,0.48,5.979462360969362,0.09611330469884567,0.1081488439987541,0.0039435897435897435,-0.008692307692307694,6.527942925089173e-05,0.0007431629013079667
0.1,0.3,,0.0,0.48,5.979462360969362,0.09611330469884567,0.1081488439987541,0.0039435897435897435,-0.008692307692307694,6.527942925089173e-05,0.0007431629013079667
0.1,0.3,2.0,0.0,0.48,5.979462360969362,0.09611330469884567,0.1081488439987541,0.0039435897435897435,-0.008692307692307694,6.527942925089173e-05,0.0007431629013079667
0.1,0.3,4.0,0.0,0.48,5.979462360969362,0.09611330469884567,0.1081488439987541,0.0039435897435897435,-0.008692307692307694,6.527942925089173e-05,0.0007431629013079667
0.1,0.35,,0.0,0.48,5.979462360969362,0.09611330469884567,0.1081488439987541,0.0039435897435897435,-0.008692307692307694,6.527942925089173e-05,0.0007431629013079667
0.1,0.35,2.0,0.0,0.48,5.979462360969362,0.09611330469884567,0.1081488439987541,0.0039435897435897435,-0.008692307692307694,6.527942925089173e-05,0.0007431629013079667
0.1,0.35,4.0,0.0,0.48,5.979462360969362,0.09611330469884567,0.1081488439987541,0.0039435897435897435,-0.008692307692307694,6.527942925089173e-05,0.0007431629013079667
0.1,0.4,,0.0,0.48,5.979462360969362,0.09611330469884567,0.1081488439987541,0.0039435897435897435,-0.008692307692307694,6.527942925089173e-05,0.0007431629013079667
0.1,0.4,2.0,0.0,0.48,5.979462360969362,0.09611330469884567,0.1081488439987541,0.0039435897435897435,-0.008692307692307694,6.527942925089173e-05,0.0007431629013079667
0.1,0.4,4.0,0.0,0.48,5.979462360969362,0.09611330469884567,0.1081488439987541,0.0039435897435897435,-0.008692307692307694,6.527942925089173e-05,0.0007431629013079667
0.1,0.45,,0.0,0.48,5.979462360969362,0.09611330469884567,0.1081488439987541,0.0039435897435897435,-0.008692307692307694,6.527942925089173e-05,0.0007431629013079667
0.1,0.45,2.0,0.0,0.48,5.979462360969362,0.09611330469884567,0.1081488439987541,0.0039435897435897435,-0.008692307692307694,6.527942925089173e-05,0.0007431629013079667
0.1,0.45,4.0,0.0,0.48,5.979462360969362,0.09611330469884567,0.1081488439987541,0.0039435897435897435,-0.008692307692307694,6.527942925089173e-05,0.0007431629013079667
0.1,0.5,,0.0,0.48,5.979462360969362,0.09611330469884567,0.1081488439987541,0.0039435897435897435,-0.008692307692307694,6.527942925089173e-05,0.0007431629013079667
0.1,0.5,2.0,0.0,0.48,5.979462360969362,0.09611330469884567,0.1081488439987541,0.0039435897435897435,-0.008692307692307694,6.527942925089173e-05,0.0007431629013079667
0.1,0.5,4.0,0.0,0.48,5.979462360969362,0.09611330469884567,0.1081488439987541,0.0039435897435897435,-0.008692307692307694,6.527942925089173e-05,0.0007431629013079667
0.1,0.55,,0.0,0.48,5.979462360969362,0.09611330469884567,0.1081488439987541,0.0039435897435897435,-0.008692307692307694,6.527942925089173e-05,0.0007431629013079667
0.1,0.55,2.0,0.0,0.48,5.979462360969362,0.09611330469884567,0.1081488439987541,0.0039435897435897435,-0.008692307692307694,6.527942925089173e-05,0.0007431629013079667
0.1,0.55,4.0,0.0,0.48,5.979462360969362,0.09611330469884567,0.1081488439987541,0.0039435897435897435,-0.008692307692307694,6.527942925089173e-05,0.0007431629013079667
0.1,0.6,,0.0,0.48,5.979462360969362,0.09611330469884567,0.1081488439987541,0.0039435897435897435,-0.008692307692307694,6.527942925089173e-05,0.0007431629013079667
0.1,0.6,2.0,0.0,0.48,5.979462360969362,0.09611330469884567,0.1081488439987541,0.0039435897435897435,-0.008692307692307694,6.527942925089173e-05,0.0007431629013079667
0.1,0.6,4.0,0.0,0.48,5.979462360969362,0.09611330469884567,0.1081488439987541,0.0039435897435897435,-0.008692307692307694,6.527942925089173e-05,0.0007431629013079667
0.1,0.65,,0.0,0.48,5.979462360969362,0.09611330469884567,0.1081488439987541,0.0039435897435897435,-0.008692307692307694,6.527942925089173e-05,0.0007431629013079667
0.1,0.65,2.0,0.0,0.48,5.979462360969362,0.09611330469884567,0.1081488439987541,0.0039435897435897435,-0.008692307692307694,6.527942925089173e-05,0.0007431629013079667
0.1,0.65,4.0,0.0,0.48,5.979462360969362,0.09611330469884567,0.1081488439987541,0.0039435897435897435,-0.008692307692307694,6.527942925089173e-05,0.0007431629013079667
0.1,0.7,,0.0,0.48,5.979462360969362,0.09611330469884567,0.1081488439987541,0.0039435897435897435,-0.008692307692307694,6.527942925089173e-05,0.0007431629013079667
0.1,0.7,2.0,0.0,0.48,5.979462360969362,0.09611330469884567,0.1081488439987541,0.0039435897435897435,-0.008692307692307694,6.527942925089173e-05,0.0007431629013079667
0.1,0.7,4.0,0.0,0.48,5.979462360969362,0.09611330469884567,0.1081488439987541,0.0039435897435897435,-0.008692307692307694,6.527942925089173e-05,0.0007431629013079667
0.1,0.75,,0.0,0.48,5.979462360969362,0.09611330469884567,0.1081488439987541,0.0039435897435897435,-0.008692307692307694,6.527942925089173e-05,0.0007431629013079667
0.1,0.75,2.0,0.0,0.48,5.979462360969362,0.09611330469884567,0.1081488439987541,0.0039435897435897435,-0.008692307692307694,6.527942925089173e-05,0.0007431629013079667
0.1,0.75,4.0,0.0,0.48,5.979462360969362,0.09611330469884567,0.1081488439987541,0.0039435897435897435,-0.008692307692307694,6.527942925089173e-05,0.0007431629013079667
0.1,0.8,,0.0,0.48,5.979462360969362,0.09611330469884567,0.1081488439987541,0.0039435897435897435,-0.008692307692307694,6.527942925089173e-05,0.0007431629013079667
0.1,0.8,2.0,0.0,0.48,5.979462360969362,0.09611330469884567,0.1081488439987541,0.0039435897435897435,-0.008692307692307694,6.527942925089173e-05,0.0007431629013079667
0.1,0.8,4.0,0.0,0.48,5.979462360969362,0.09611330469884567,0.1081488439987541,0.0039435897435897435,-0.008692307692307694,6.527942925089173e-05,0.0007431629013079667
0.1,0.85,,0.0,0.48,5.979462360969362,0.09611330469884567,0.1081488439987541,0.0039435897435897435,-0.008692307692307694,6.527942925089173e-05,0.0007431629013079667
0.1,0.85,2.0,0.0,0.48,5.979462360969362,0.09611330469884567,0.1081488439987541,0.0039435897435897435,-0.008692307692307694,6.527942925089173e-05,0.0007431629013079667
0.1,0.85,4.0,0.0,0.48,5.979462360969362,0.09611330469884567,0.1081488439987541,0.0039435897435897435,-0.008692307692307694,6.527942925089173e-05,0.0007431629013079667
0.1,0.9,,0.0,0.48,5.979462360969362,0.09611330469884567,0.1081488439987541,0.0039435897435897435,-0.008692307692307694,6.527942925089173e-05,0.0007431629013079667
0.1,0.9,2.0,0.0,0.48,5.979462360969362,0.09611330469884567,0.1081488439987541,0.0039435897435897435,-0.008692307692307694,6.527942925089173e-05,0.0007431629013079667
0.1,0.9,4.0,0.0,0.48,5.979462360969362,0.09611330469884567,0.1081488439987541,0.0039435897435897435,-0.008692307692307694,6.527942925089173e-05,0.0007431629013079667
0.1,0.95,,0.0,0.48,5.979462360969362,0.09611330469884567,0.1081488439987541,0.0039435897435897435,-0.008692307692307694,6.527942925089173e-05,0.0007431629013079667
0.1,0.95,2.0,0.0,0.48,5.979462360969362,0.09611330469884567,0.1081488439987541,0.0039435897435897435,-0.008692307692307694,6.527942925089173e-05,0.0007431629013079667
0.1,0.95,4.0,0.0,0.48,5.979462360969362,0.09611330469884567,0.1081488439987541,0.0039435897435897435,-0.008692307692307694,6.527942925089173e-05,0.0007431629013079667
0.1,1.0,,0.0,0.48,5.979462360969362,0.09611330469884567,0.1081488439987541,0.0039435897435897435,-0.008692307692307694,6.527942925089173e-05,0.0007431629013079667
0.1,1.0,2.0,0.0,0.48,5.979462360969362,0.09611330469884567,0.1081488439987541,0.0039435897435897435,-0.008692307692307694,6.527942925089173e-05,0.0007431629013079667
0.1,1.0,4.0,0.0,0.48,5.979462360969362,0.09611330469884567,0.1081488439987541,0.0039435897435897435,-0.008692307692307694,6.527942925089173e-05,0.0007431629013079667
0.15,0.1,,0.0,0.67,1.8346647488162813,0.03604147949762497,0.09819850237254144,0.0025383561643835617,-0.003436301369863014,-0.00017424593967517492,-0.0017252900232018573
0.15,0.15,,0.0,0.41,10.28761447178402,0.13403567663993465,0.11423939472980797,0.0020062500000000002,-0.02763125,0.0016275899672846235,0.0012594329334787346
0.15,0.15,2.0,0.0,0.41,10.28761447178402,0.13403567663993465,0.11423939472980797,0.0020062500000000002,-0.02763125,0.0016275899672846235,0.0012594329334787346
0.15,0.15,4.0,0.0,0.41,10.28761447178402,0.13403567663993465,0.11423939472980797,0.0020062500000000002,-0.02763125,0.0016275899672846235,0.0012594329334787346
0.15,0.15,6.0,0.0,0.41,10.28761447178402,0.13403567663993465,0.11423939472980797,0.0020062500000000002,-0.02763125,0.0016275899672846235,0.0012594329334787346
0.15,0.15,8.0,0.0,0.41,10.28761447178402,0.13403567663993465,0.11423939472980797,0.0020062500000000002,-0.02763125,0.0016275899672846235,0.0012594329334787346
0.15,0.15,10.0,0.0,0.41,10.28761447178402,0.13403567663993465,0.11423939472980797,0.0020062500000000002,-0.02763125,0.0016275899672846235,0.0012594329334787346
0.15,0.2,,0.0,0.41,10.28761447178402,0.13403567663993465,0.11423939472980797,0.0020062500000000002,-0.02763125,0.0016275899672846235,0.0012594329334787346
0.15,0.2,2.0,0.0,0.41,10.28761447178402,0.13403567663993465,0.11423939472980797,0.0020062500000000002,-0.02763125,0.0016275899672846235,0.0012594329334787346
0.15,0.2,4.0,0.0,0.41,10.28761447178402,0.13403567663993465,0.11423939472980797,0.0020062500000000002,-0.02763125,0.0016275899672846235,0.0012594329334787346
0.15,0.2,6.0,0.0,0.41,10.28761447178402,0.13403567663993465,0.11423939472980797,0.0020062500000000002,-0.02763125,0.0016275899672846235,0.0012594329334787346
0.15,0.2,8.0,0.0,0.41,10.28761447178402,0.13403567663993465,0.11423939472980797,0.0020062500000000002,-0.02763125,0.0016275899672846235,0.0012594329334787346
0.15,0.2,10.0,0.0,0.41,10.28761447178402,0.13403567663993465,0.11423939472980797,0.0020062500000000002,-0.02763125,0.0016275899672846235,0.0012594329334787346
0.15,0.25,,0.0,0.41,10.28761447178402,0.13403567663993465,0.11423939472980797,0.0020062500000000002,-0.02763125,0.0016275899672846235,0.0012594329334787346
0.15,0.25,2.0,0.0,0.41,10.28761447178402,0.13403567663993465,0.11423939472980797,0.0020062500000000002,-0.02763125,0.0016275899672846235,0.0012594329334787346
0.15,0.25,4.0,0.0,0.41,10.28761447178402,0.13403567663993465,0.11423939472980797,0.0020062500000000002,-0.02763125,0.0016275899672846235,0.0012594329334787346
0.15,0.25,6.0,0.0,0.41,10.28761447178402,0.13403567663993465,0.11423939472980797,0.0020062500000000002,-0.02763125,0.0016275899672846235,0.0012594329334787346
0.15,0.25,8.0,0.0,0.41,10.28761447178402,0.13403567663993465,0.11423939472980797,0.0020062500000000002,-0.02763125,0.0016275899672846235,0.0012594329334787346
0.15,0.25,10.0,0.0,0.41,10.28761447178402,0.13403567663993465,0.11423939472980797,0.0020062500000000002,-0.02763125,0.0016275899672846235,0.0012594329334787346
0.15,0.3,,0.0,0.41,10.28761447178402,0.13403567663993465,0.11423939472980797,0.0020062500000000002,-0.02763125,0.0016275899672846235,0.0012594329334787346
0.15,0.3,2.0,0.0,0.41,10.28761447178402,0.13403567663993465,0.11423939472980797,0.0020062500000000002,-0.02763125,0.0016275899672846235,0.0012594329334787346
0.15,0.3,4.0,0.0,0.41,10.28761447178402,0.13403567663993465,0.11423939472980797,0.0020062500000000002,-0.02763125,0.0016275899672846235,0.0012594329334787346
0.15,0.3,6.0,0.0,0.41,10.28761447178402,0.13403567663993465,0.11423939472980797,0.0020062500000000002,-0.02763125,0.0016275899672846235,0.0012594329334787346
0.15,0.3,8.0,0.0,0.41,10.28761447178402,0.13403567663993465,0.11423939472980797,0.0020062500000000002,-0.02763125,0.0016275899672846235,0.0012594329334787346
0.15,0.3,10.0,0.0,0.41,10.28761447178402,0.13403567663993465,0.11423939472980797,0.0020062500000000002,-0.02763125,0.0016275899672846235,0.0012594329334787346
0.15,0.35,,0.0,0.41,10.28761447178402,0.13403567663993465,0.11423939472980797,0.0020062500000000002,-0.02763125,0.0016275899672846235,0.0012594329334787346
0.15,0.35,2.0,0.0,0.41,10.28761447178402,0.13403567663993465,0.11423939472980797,0.0020062500000000002,-0.02763125,0.0016275899672846235,0.0012594329334787346
0.15,0.35,4.0,0.0,0.41,10.28761447178402,0.13403567663993465,0.11423939472980797,0.0020062500000000002,-0.02763125,0.0016275899672846235,0.0012594329334787346
0.15,0.35,6.0,0.0,0.41,10.28761447178402,0.13403567663993465,0.11423939472980797,0.0020062500000000002,-0.02763125,0.0016275899672846235,0.0012594329334787346
0.15,0.35,8.0,0.0,0.41,10.28761447178402,0.13403567663993465,0.11423939472980797,0.0020062500000000002,-0.02763125,0.0016275899672846235,0.0012594329334787346
0.15,0.35,10.0,0.0,0.41,10.28761447178402,0.13403567663993465,0.11423939472980797,0.0020062500000000002,-0.02763125,0.0016275899672846235,0.0012594329334787346
0.15,0.4,,0.0,0.41,10.28761447178402,0.13403567663993465,0.11423939472980797,0.0020062500000000002,-0.02763125,0.0016275899672846235,0.0012594329334787346
0.15,0.4,2.0,0.0,0.41,10.28761447178402,0.13403567663993465,0.11423939472980797,0.0020062500000000002,-0.02763125,0.0016275899672846235,0.0012594329334787346
0.15,0.4,4.0,0.0,0.41,10.28761447178402,0.13403567663993465,0.11423939472980797,0.0020062500000000002,-0.02763125,0.0016275899672846235,0.0012594329334787346
0.15,0.4,6.0,0.0,0.41,10.28761447178402,0.13403567663993465,0.11423939472980797,0.0020062500000000002,-0.02763125,0.0016275899672846235,0.0012594329334787346
0.15,0.4,8.0,0.0,0.41,10.28761447178402,0.13403567663993465,0.11423939472980797,0.0020062500000000002,-0.02763125,0.0016275899672846235,0.0012594329334787346
0.15,0.4,10.0,0.0,0.41,10.28761447178402,0.13403567663993465,0.11423939472980797,0.0020062500000000002,-0.02763125,0.0016275899672846235,0.0012594329334787346
0.15,0.45,,0.0,0.41,10.28761447178402,0.13403567663993465,0.11423939472980797,0.0020062500000000002,-0.02763125,0.0016275899672846235,0.0012594329334787346
0.15,0.45,2.0,0.0,0.41,10.28761447178402,0.13403567663993465,0.11423939472980797,0.0020062500000000002,-0.02763125,0.0016275899672846235,0.0012594329334787346
0.15,0.45,4.0,0.0,0.41,10.28761447178402,0.13403567663993465,0.11423939472980797,0.0020062500000000002,-0.02763125,0.0016275899672846235,0.0012594329334787346
0.15,0.45,6.0,0.0,0.41,10.28761447178402,0.13403567663993465,0.11423939472980797,0.0020062500000000002,-0.02763125,0.0016275899672846235,0.0012594329334787346
0.15,0.45,8.0,0.0,0.41,10.28761447178402,0.13403567663993465,0.11423939472980797,0.0020062500000000002,-0.02763125,0.0016275899672846235,0.0012594329334787346
0.15,0.45,10.0,0.0,0.41,10.28761447178402,0.13403567663993465,0.11423939472980797,0.0020062500000000002,-0.02763125,0.0016275899672846235,0.0012594329334787346
0.15,0.5,,0.0,0.41,10.28761447178402,0.13403567663993465,0.11423939472980797,0.0020062500000000002,-0.02763125,0.0016275899672846235,0.0012594329334787346
0.15,0.5,2.0,0.0,0.41,10.28761447178402,0.13403567663993465,0.11423939472980797,0.0020062500000000002,-0.02763125,0.0016275899672846235,0.0012594329334787346
0.15,0.5,4.0,0.0,0.41,10.28761447178402,0.13403567663993465,0.11423939472980797,0.0020062500000000002,-0.02763125,0.0016275899672846235,0.0012594329334787346
0.15,0.5,6.0,0.0,0.41,10.28761447178402,0.13403567663993465,0.11423939472980797,0.0020062500000000002,-0.02763125,0.0016275899672846235,0.0012594329334787346
0.15,0.5,8.0,0.0,0.41,10.28761447178402,0.13403567663993465,0.11423939472980797,0.0020062500000000002,-0.02763125,0.0016275899672846235,0.0012594329334787346
0.15,0.5,10.0,0.0,0.41,10.28761447178402,0.13403567663993465,0.11423939472980797,0.0020062500000000002,-0.02763125,0.0016275899672846235,0.0012594329334787346
0.15,0.55,,0.0,0.41,10.28761447178402,0.13403567663993465,0.11423939472980797,0.0020062500000000002,-0.02763125,0.0016275899672846235,0.0012594329334787346
0.15,0.55,2.0,0.0,0.41,10.28761447178402,0.13403567663993465,0.11423939472980797,0.0020062500000000002,-0.02763125,0.0016275899672846235,0.0012594329334787346
0.15,0.55,4.0,0.0,0.41,10.28761447178402,0.13403567663993465,0.11423939472980797,0.0020062500000000002,-0.02763125,0.0016275899672846235,0.0012594329334787346
0.15,0.55,6.0,0.0,0.41,10.28761447178402,0.13403567663993465,0.11423939472980797,0.0020062500000000002,-0.02763125,0.0016275899672846235,0.0012594329334787346
0.15,0.55,8.0,0.0,0.41,10.28761447178402,0.13403567663993465,0.11423939472980797,0.0020062500000000002,-0.02763125,0.0016275899672846235,0.0012594329334787346
0.15,0.55,10.0,0.0,0.41,10.28761447178402,0.13403567663993465,0.11423939472980797,0.0020062500000000002,-0.02763125,0.0016275899672846235,0.0012594329334787346
0.15,0.6,,0.0,0.41,10.28761447178402,0.13403567663993465,0.11423939472980797,0.0020062500000000002,-0.02763125,0.0016275899672846235,0.0012594329334787346
0.15,0.6,2.0,0.0,0.41,10.28761447178402,0.13403567663993465,0.11423939472980797,0.0020062500000000002,-0.02763125,0.0016275899672846235,0.0012594329334787346
0.15,0.6,4.0,0.0,0.41,10.28761447178402,0.13403567663993465,0.11423939472980797,0.0020062500000000002,-0.02763125,0.0016275899672846235,0.0012594329334787346
0.15,0.6,6.0,0.0,0.41,10.28761447178402,0.13403567663993465,0.11423939472980797,0.0020062500000000002,-0.02763125,0.0016275899672846235,0.0012594329334787346
0.15,0.6,8.0,0.0,0.41,10.28761447178402,0.13403567663993465,0.11423939472980797,0.0020062500000000002,-0.02763125,0.0016275899672846235,0.0012594329334787346
0.15,0.6,10.0,0.0,0.41,10.28761447178402,0.13403567663993465,0.11423939472980797,0.0020062500000000002,-0.02763125,0.0016275899672846235,0.0012594329334787346
0.15,0.65,,0.0,0.41,10.28761447178402,0.13403567663993465,0.11423939472980797,0.0020062500000000002,-0.02763125,0.0016275899672846235,0.0012594329334787346
0.15,0.65,2.0,0.0,0.41,10.28761447178402,0.13403567663993465,0.11423939472980797,0.0020062500000000002,-0.02763125,0.0016275899672846235,0.0012594329334787346
0.15,0.65,4.0,0.0,0.41,10.28761447178402,0.13403567663993465,0.11423939472980797,0.0020062500000000002,-0.02763125,0.0016275899672846235,0.0012594329334787346
0.15,0.65,6.0,0.0,0.41,10.28761447178402,0.13403567663993465,0.11423939472980797,0.0020062500000000002,-0.02763125,0.0016275899672846235,0.0012594329334787346
0.15,0.65,8.0,0.0,0.41,10.28761447178402,0.13403567663993465,0.11423939472980797,0.0020062500000000002,-0.02763125,0.0016275899672846235,0.0012594329334787346
0.15,0.65,10.0,0.0,0.41,10.28761447178402,0.13403567663993465,0.11423939472980797,0.0020062500000000002,-0.02763125,0.0016275899672846235,0.0012594329334787346
0.15,0.7,,0.0,0.41,10.28761447178402,0.13403567663993465,0.11423939472980797,0.0020062500000000002,-0.02763125,0.0016275899672846235,0.0012594329334787346
0.15,0.7,2.0,0.0,0.41,10.28761447178402,0.13403567663993465,0.11423939472980797,0.0020062500000000002,-0.02763125,0.0016275899672846235,0.0012594329334787346
0.15,0.7,4.0,0.0,0.41,10.28761447178402,0.13403567663993465,0.11423939472980797,0.0020062500000000002,-0.02763125,0.0016275899672846235,0.0012594329334787346
0.15,0.7,6.0,0.0,0.41,10.28761447178402,0.13403567663993465,0.11423939472980797,0.0020062500000000002,-0.02763125,0.0016275899672846235,0.0012594329334787346
0.15,0.7,8.0,0.0,0.41,10.28761447178402,0.13403567663993465,0.11423939472980797,0.0020062500000000002,-0.02763125,0.0016275899672846235,0.0012594329334787346
0.15,0.7,10.0,0.0,0.41,10.28761447178402,0.13403567663993465,0.11423939472980797,0.0020062500000000002,-0.02763125,0.0016275899672846235,0.0012594329334787346
0.15,0.75,,0.0,0.41,10.28761447178402,0.13403567663993465,0.11423939472980797,0.0020062500000000002,-0.02763125,0.0016275899672846235,0.0012594329334787346
0.15,0.75,2.0,0.0,0.41,10.28761447178402,0.13403567663993465,0.11423939472980797,0.0020062500000000002,-0.02763125,0.0016275899672846235,0.0012594329334787346
0.15,0.75,4.0,0.0,0.41,10.28761447178402,0.13403567663993465,0.11423939472980797,0.0020062500000000002,-0.02763125,0.0016275899672846235,0.0012594329334787346
0.15,0.75,6.0,0.0,0.41,10.28761447178402,0.13403567663993465,0.11423939472980797,0.0020062500000000002,-0.02763125,0.0016275899672846235,0.0012594329334787346
0.15,0.75,8.0,0.0,0.41,10.28761447178402,0.13403567663993465,0.11423939472980797,0.0020062500000000002,-0.02763125,0.0016275899672846235,0.0012594329334787346
0.15,0.75,10.0,0.0,0.41,10.28761447178402,0.13403567663993465,0.11423939472980797,0.0020062500000000002,-0.02763125,0.0016275899672846235,0.0012594329334787346
0.15,0.8,,0.0,0.41,10.28761447178402,0.13403567663993465,0.11423939472980797,0.0020062500000000002,-0.02763125,0.0016275899672846235,0.0012594329334787346
0.15,0.8,2.0,0.0,0.41,10.28761447178402,0.13403567663993465,0.11423939472980797,0.0020062500000000002,-0.02763125,0.0016275899672846235,0.0012594329334787346
0.15,0.8,4.0,0.0,0.41,10.28761447178402,0.13403567663993465,0.11423939472980797,0.0020062500000000002,-0.02763125,0.0016275899672846235,0.0012594329334787346
0.15,0.8,6.0,0.0,0.41,10.28761447178402,0.13403567663993465,0.11423939472980797,0.0020062500000000002,-0.02763125,0.0016275899672846235,0.0012594329334787346
0.15,0.8,8.0,0.0,0.41,10.28761447178402,0.13403567663993465,0.11423939472980797,0.0020062500000000002,-0.02763125,0.0016275899672846235,0.0012594329334787346
0.15,0.8,10.0,0.0,0.41,10.28761447178402,0.13403567663993465,0.11423939472980797,0.0020062500000000002,-0.02763125,0.0016275899672846235,0.0012594329334787346
0.15,0.85,,0.0,0.41,10.28761447178402,0.13403567663993465,0.11423939472980797,0.0020062500000000002,-0.02763125,0.0016275899672846235,0.0012594329334787346
0.15,0.85,2.0,0.0,0.41,10.28761447178402,0.13403567663993465,0.11423939472980797,0.0020062500000000002,-0.02763125,0.0016275899672846235,0.0012594329334787346
0.15,0.85,4.0,0.0,0.41,10.28761447178402,0.13403567663993465,0.11423939472980797,0.0020062500000000002,-0.02763125,0.0016275899672846235,0.0012594329334787346
0.15,0.85,6.0,0.0,0.41,10.28761447178402,0.13403567663993465,0.11423939472980797,0.0020062500000000002,-0.02763125,0.0016275899672846235,0.0012594329334787346
0.15,0.85,8.0,0.0,0.41,10.28761447178402,0.13403567663993465,0.11423939472980797,0.0020062500000000002,-0.02763125,0.0016275899672846235,0.0012594329334787346
0.15,0.85,10.0,0.0,0.41,10.28761447178402,0.13403567663993465,0.11423939472980797,0.0020062500000000002,-0.02763125,0.0016275899672846235,0.0012594329334787346
0.15,0.9,,0.0,0.41,10.28761447178402,0.13403567663993465,0.11423939472980797,0.0020062500000000002,-0.02763125,0.0016275899672846235,0.0012594329334787346
0.15,0.9,2.0,0.0,0.41,10.28761447178402,0.13403567663993465,0.11423939472980797,0.0020062500000000002,-0.02763125,0.0016275899672846235,0.0012594329334787346
0.15,0.9,4.0,0.0,0.41,10.28761447178402,0.13403567663993465,0.11423939472980797,0.0020062500000000002,-0.02763125,0.0016275899672846235,0.0012594329334787346
0.15,0.9,6.0,0.0,0.41,10.28761447178402,0.13403567663993465,0.11423939472980797,0.0020062500000000002,-0.02763125,0.0016275899672846235,0.0012594329334787346
0.15,0.9,8.0,0.0,0.41,10.28761447178402,0.13403567663993465,0.11423939472980797,0.0020062500000000002,-0.02763125,0.0016275899672846235,0.0012594329334787346
0.15,0.9,10.0,0.0,0.41,10.28761447178402,0.13403567663993465,0.11423939472980797,0.0020062500000000002,-0.02763125,0.0016275899672846235,0.0012594329334787346
0.15,0.95,,0.0,0.41,10.28761447178402,0.13403567663993465,0.11423939472980797,0.0020062500000000002,-0.02763125,0.0016275899672846235,0.0012594329334787346
0.15,0.95,2.0,0.0,0.41,10.28761447178402,0.13403567663993465,0.11423939472980797,0.0020062500000000002,-0.02763125,0.0016275899672846235,0.0012594329334787346
0.15,0.95,4.0,0.0,0.41,10.28761447178402,0.13403567663993465,0.11423939472980797,0.0020062500000000002,-0.02763125,0.0016275899672846235,0.0012594329334787346
0.15,0.95,6.0,0.0,0.41,10.28761447178402,0.13403567663993465,0.11423939472980797,0.0020062500000000002,-0.02763125,0.0016275899672846235,0.0012594329334787346
0.15,0.95,8.0,0.0,0.41,10.28761447178402,0.13403567663993465,0.11423939472980797,0.0020062500000000002,-0.02763125,0.0016275899672846235,0.0012594329334787346
0.15,0.95,10.0,0.0,0.41,10.28761447178402,0.13403567663993465,0.11423939472980797,0.0020062500000000002,-0.02763125,0.0016275899672846235,0.0012594329334787346
0.15,1.0,,0.0,0.41,10.28761447178402,0.13403567663993465,0.11423939472980797,0.0020062500000000002,-0.02763125,0.0016275899672846235,0.0012594329334787346
0.15,1.0,2.0,0.0,0.41,10.28761447178402,0.13403567663993465,0.11423939472980797,0.0020062500000000002,-0.02763125,0.0016275899672846235,0.0012594329334787346
0.15,1.0,4.0,0.0,0.41,10.28761447178402,0.13403567663993465,0.11423939472980797,0.0020062500000000002,-0.02763125,0.0016275899672846235,0.0012594329334787346
0.15,1.0,6.0,0.0,0.41,10.28761447178402,0.13403567663993465,0.11423939472980797,0.0020062500000000002,-0.02763125,0.0016275899672846235,0.0012594329334787346
0.15,1.0,8.0,0.0,0.41,10.28761447178402,0.13403567663993465,0.11423939472980797,0.0020062500000000002,-0.02763125,0.0016275899672846235,0.0012594329334787346
0.15,1.0,10.0,0.0,0.41,10.28761447178402,0.13403567663993465,0.11423939472980797,0.0020062500000000002,-0.02763125,0.0016275899672846235,0.0012594329334787346
0.2,0.1,,0.0,0.67,1.8346647488162813,0.03604147949762497,0.09819850237254144,0.0025383561643835617,-0.003436301369863014,-0.00017424593967517492,-0.0017252900232018573
0.2,0.15,,0.0,0.38,12.547751752288459,0.1888691692103129,0.11531635248223572,0.0017818181818181817,-0.024245454545454546,0.0012410256410256408,0.0013221153846153845
0.2,0.15,2.0,0.0,0.38,12.547751752288459,0.1888691692103129,0.11531635248223572,0.0017818181818181817,-0.024245454545454546,0.0012410256410256408,0.0013221153846153845
0.2,0.15,4.0,0.0,0.38,12.547751752288459,0.1888691692103129,0.11531635248223572,0.0017818181818181817,-0.024245454545454546,0.0012410256410256408,0.0013221153846153845
0.2,0.15,6.0,0.0,0.38,12.547751752288459,0.1888691692103129,0.11531635248223572,0.0017818181818181817,-0.024245454545454546,0.0012410256410256408,0.0013221153846153845
0.2,0.15,8.0,0.0,0.38,12.547751752288459,0.1888691692103129,0.11531635248223572,0.0017818181818181817,-0.024245454545454546,0.0012410256410256408,0.0013221153846153845
0.2,0.15,10.0,0.0,0.38,12.547751752288459,0.1888691692103129,0.11531635248223572,0.0017818181818181817,-0.024245454545454546,0.0012410256410256408,0.0013221153846153845
0.2,0.15,12.0,0.0,0.38,12.547751752288459,0.1888691692103129,0.11531635248223572,0.0017818181818181817,-0.024245454545454546,0.0012410256410256408,0.0013221153846153845
0.2,0.2,,0.0,0.38,12.547751752288459,0.1888691692103129,0.11531635248223572,0.0017818181818181817,-0.024245454545454546,0.0012410256410256408,0.0013221153846153845
0.2,0.2,2.0,0.0,0.38,12.547751752288459,0.1888691692103129,0.11531635248223572,0.0017818181818181817,-0.024245454545454546,0.0012410256410256408,0.0013221153846153845
0.2,0.2,4.0,0.0,0.38,12.547751752288459,0.1888691692103129,0.11531635248223572,0.0017818181818181817,-0.024245454545454546,0.0012410256410256408,0.0013221153846153845
0.2,0.2,6.0,0.0,0.38,12.547751752288459,0.1888691692103129,0.11531635248223572,0.0017818181818181817,-0.024245454545454546,0.0012410256410256408,0.0013221153846153845
0.2,0.2,8.0,0.0,0.38,12.547751752288459,0.1888691692103129,0.11531635248223572,0.0017818181818181817,-0.024245454545454546,0.0012410256410256408,0.0013221153846153845
0.2,0.2,10.0,0.0,0.38,12.547751752288459,0.1888691692103129,0.11531635248223572,0.0017818181818181817,-0.024245454545454546,0.0012410256410256408,0.0013221153846153845
0.2,0.2,12.0,0.0,0.38,12.547751752288459,0.1888691692103129,0.11531635248223572,0.0017818181818181817,-0.024245454545454546,0.0012410256410256408,0.0013221153846153845
0.2,0.25,,0.0,0.38,12.547751752288459,0.1888691692103129,0.11531635248223572,0.0017818181818181817,-0.024245454545454546,0.0012410256410256408,0.0013221153846153845
0.2,0.25,2.0,0.0,0.38,12.547751752288459,0.1888691692103129,0.11531635248223572,0.0017818181818181817,-0.024245454545454546,0.0012410256410256408,0.0013221153846153845
0.2,0.25,4.0,0.0,0.38,12.547751752288459,0.1888691692103129,0.11531635248223572,0.0017818181818181817,-0.024245454545454546,0.0012410256410256408,0.0013221153846153845
0.2,0.25,6.0,0.0,0.38,12.547751752288459,0.1888691692103129,0.11531635248223572,0.0017818181818181817,-0.024245454545454546,0.0012410256410256408,0.0013221153846153845
0.2,0.25,8.0,0.0,0.38,12.547751752288459,0.1888691692103129,0.11531635248223572,0.0017818181818181817,-0.024245454545454546,0.0012410256410256408,0.0013221153846153845
0.2,0.25,10.0,0.0,0.38,12.547751752288459,0.1888691692103129,0.11531635248223572,0.0017818181818181817,-0.024245454545454546,0.0012410256410256408,0.0013221153846153845
0.2,0.25,12.0,0.0,0.38,12.547751752288459,0.1888691692103129,0.11531635248223572,0.0017818181818181817,-0.024245454545454546,0.0012410256410256408,0.0013221153846153845
0.2,0.3,,0.0,0.38,12.547751752288459,0.1888691692103129,0.11531635248223572,0.0017818181818181817,-0.024245454545454546,0.0012410256410256408,0.0013221153846153845
0.2,0.3,2.0,0.0,0.38,12.547751752288459,0.1888691692103129,0.11531635248223572,0.0017818181818181817,-0.024245454545454546,0.0012410256410256408,0.0013221153846153845
0.2,0.3,4.0,0.0,0.38,12.547751752288459,0.1888691692103129,0.11531635248223572,0.0017818181818181817,-0.024245454545454546,0.0012410256410256408,0.0013221153846153845
0.2,0.3,6.0,0.0,0.38,12.547751752288459,0.1888691692103129,0.11531635248223572,0.0017818181818181817,-0.024245454545454546,0.0012410256410256408,0.0013221153846153845
0.2,0.3,8.0,0.0,0.38,12.547751752288459,0.1888691692103129,0.11531635248223572,0.0017818181818181817,-0.024245454545454546,0.0012410256410256408,0.0013221153846153845
0.2,0.3,10.0,0.0,0.38,12.547751752288459,0.1888691692103129,0.11531635248223572,0.0017818181818181817,-0.024245454545454546,0.0012410256410256408,0.0013221153846153845
0.2,0.3,12.0,0.0,0.38,12.547751752288459,0.1888691692103129,0.11531635248223572,0.0017818181818181817,-0.024245454545454546,0.0012410256410256408,0.0013221153846153845
0.2,0.35,,0.0,0.38,12.547751752288459,0.1888691692103129,0.11531635248223572,0.0017818181818181817,-0.024245454545454546,0.0012410256410256408,0.0013221153846153845
0.2,0.35,2.0,0.0,0.38,12.547751752288459,0.1888691692103129,0.11531635248223572,0.0017818181818181817,-0.024245454545454546,0.0012410256410256408,0.0013221153846153845
0.2,0.35,4.0,0.0,0.38,12.547751752288459,0.1888691692103129,0.11531635248223572,0.0017818181818181817,-0.024245454545454546,0.0012410256410256408,0.0013221153846153845
0.2,0.35,6.0,0.0,0.38,12.547751752288459,0.1888691692103129,0.11531635248223572,0.0017818181818181817,-0.024245454545454546,0.0012410256410256408,0.0013221153846153845
0.2,0.35,8.0,0.0,0.38,12.547751752288459,0.1888691692103129,0.11531635248223572,0.0017818181818181817,-0.024245454545454546,0.0012410256410256408,0.0013221153846153845
0.2,0.35,10.0,0.0,0.38,12.547751752288459,0.1888691692103129,0.11531635248223572,0.0017818181818181817,-0.024245454545454546,0.0012410256410256408,0.0013221153846153845
0.2,0.35,12.0,0.0,0.38,12.547751752288459,0.1888691692103129,0.11531635248223572,0.0017818181818181817,-0.024245454545454546,0.0012410256410256408,0.0013221153846153845
0.2,0.4,,0.0,0.38,12.547751752288459,0.1888691692103129,0.11531635248223572,0.0017818181818181817,-0.024245454545454546,0.0012410256410256408,0.0013221153846153845
0.2,0.4,2.0,0.0,0.38,12.547751752288459,0.1888691692103129,0.11531635248223572,0.0017818181818181817,-0.024245454545454546,0.0012410256410256408,0.0013221153846153845
0.2,0.4,4.0,0.0,0.38,12.547751752288459,0.1888691692103129,0.11531635248223572,0.0017818181818181817,-0.024245454545454546,0.0012410256410256408,0.0013221153846153845
0.2,0.4,6.0,0.0,0.38,12.547751752288459,0.1888691692103129,0.11531635248223572,0.0017818181818181817,-0.024245454545454546,0.0012410256410256408,0.0013221153846153845
0.2,0.4,8.0,0.0,0.38,12.547751752288459,0.1888691692103129,0.11531635248223572,0.0017818181818181817,-0.024245454545454546,0.0012410256410256408,0.0013221153846153845
0.2,0.4,10.0,0.0,0.38,12.547751752288459,0.1888691692103129,0.11531635248223572,0.0017818181818181817,-0.024245454545454546,0.0012410256410256408,0.0013221153846153845
0.2,0.4,12.0,0.0,0.38,12.547751752288459,0.1888691692103129,0.11531635248223572,0.0017818181818181817,-0.024245454545454546,0.0012410256410256408,0.0013221153846153845
0.2,0.45,,0.0,0.38,12.547751752288459,0.1888691692103129,0.11531635248223572,0.0017818181818181817,-0.024245454545454546,0.0012410256410256408,0.0013221153846153845
0.2,0.45,2.0,0.0,0.38,12.547751752288459,0.1888691692103129,0.11531635248223572,0.0017818181818181817,-0.024245454545454546,0.0012410256410256408,0.0013221153846153845
0.2,0.45,4.0,0.0,0.38,12.547751752288459,0.1888691692103129,0.11531635248223572,0.0017818181818181817,-0.024245454545454546,0.0012410256410256408,0.0013221153846153845
0.2,0.45,6.0,0.0,0.38,12.547751752288459,0.1888691692103129,0.11531635248223572,0.0017818181818181817,-0.024245454545454546,0.0012410256410256408,0.0013221153846153845
0.2,0.45,8.0,0.0,0.38,12.547751752288459,0.1888691692103129,0.11531635248223572,0.0017818181818181817,-0.024245454545454546,0.0012410256410256408,0.0013221153846153845
0.2,0.45,10.0,0.0,0.38,12.547751752288459,0.1888691692103129,0.11531635248223572,0.0017818181818181817,-0.024245454545454546,0.0012410256410256408,0.0013221153846153845
0.2,0.45,12.0,0.0,0.38,12.547751752288459,0.1888691692103129,0.11531635248223572,0.0017818181818181817,-0.024245454545454546,0.0012410256410256408,0.0013221153846153845
0.2,0.5,,0.0,0.38,12.547751752288459,0.1888691692103129,0.11531635248223572,0.0017818181818181817,-0.024245454545454546,0.0012410256410256408,0.0013221153846153845
0.2,0.5,2.0,0.0,0.38,12.547751752288459,0.1888691692103129,0.11531635248223572,0.0017818181818181817,-0.024245454545454546,0.0012410256410256408,0.0013221153846153845
0.2,0.5,4.0,0.0,0.38,12.547751752288459,0.1888691692103129,0.11531635248223572,0.0017818181818181817,-0.024245454545454546,0.0012410256410256408,0.0013221153846153845
0.2,0.5,6.0,0.0,0.38,12.547751752288459,0.1888691692103129,0.11531635248223572,0.0017818181818181817,-0.024245454545454546,0.0012410256410256408,0.0013221153846153845
0.2,0.5,8.0,0.0,0.38,12.547751752288459,0.1888691692103129,0.11531635248223572,0.0017818181818181817,-0.024245454545454546,0.0012410256410256408,0.0013221153846153845
0.2,0.5,10.0,0.0,0.38,12.547751752288459,0.1888691692103129,0.11531635248223572,0.0017818181818181817,-0.024245454545454546,0.0012410256410256408,0.0013221153846153845
0.2,0.5,12.0,0.0,0.38,12.547751752288459,0.1888691692103129,0.11531635248223572,0.0017818181818181817,-0.024245454545454546,0.0012410256410256408,0.0013221153846153845
0.2,0.55,,0.0,0.38,12.547751752288459,0.1888691692103129,0.11531635248223572,0.0017818181818181817,-0.024245454545454546,0.0012410256410256408,0.0013221153846153845
0.2,0.55,2.0,0.0,0.38,12.547751752288459,0.1888691692103129,0.11531635248223572,0.0017818181818181817,-0.024245454545454546,0.0012410256410256408,0.0013221153846153845
0.2,0.55,4.0,0.0,0.38,12.547751752288459,0.1888691692103129,0.11531635248223572,0.0017818181818181817,-0.024245454545454546,0.0012410256410256408,0.0013221153846153845
0.2,0.55,6.0,0.0,0.38,12.547751752288459,0.1888691692103129,0.11531635248223572,0.0017818181818181817,-0.024245454545454546,0.0012410256410256408,0.0013221153846153845
0.2,0.55,8.0,0.0,0.38,12.547751752288459,0.1888691692103129,0.11531635248223572,0.0017818181818181817,-0.024245454545454546,0.0012410256410256408,0.0013221153846153845
0.2,0.55,10.0,0.0,0.38,12.547751752288459,0.1888691692103129,0.11531635248223572,0.0017818181818181817,-0.024245454545454546,0.0012410256410256408,0.0013221153846153845
0.2,0.55,12.0,0.0,0.38,12.547751752288459,0.1888691692103129,0.11531635248223572,0.0017818181818181817,-0.024245454545454546,0.0012410256410256408,0.0013221153846153845
0.2,0.6,,0.0,0.38,12.547751752288459,0.1888691692103129,0.11531635248223572,0.0017818181818181817,-0.024245454545454546,0.0012410256410256408,0.0013221153846153845
0.2,0.6,2.0,0.0,0.38,12.547751752288459,0.1888691692103129,0.11531635248223572,0.0017818181818181817,-0.024245454545454546,0.0012410256410256408,0.0013221153846153845
0.2,0.6,4.0,0.0,0.38,12.547751752288459,0.1888691692103129,0.11531635248223572,0.0017818181818181817,-0.024245454545454546,0.0012410256410256408,0.0013221153846153845
0.2,0.6,6.0,0.0,0.38,12.547751752288459,0.1888691692103129,0.11531635248223572,0.0017818181818181817,-0.024245454545454546,0.0012410256410256408,0.0013221153846153845
0.2,0.6,8.0,0.0,0.38,12.547751752288459,0.1888691692103129,0.11531635248223572,0.0017818181818181817,-0.024245454545454546,0.0012410256410256408,0.0013221153846153845
0.2,0.6,10.0,0.0,0.38,12.547751752288459,0.1888691692103129,0.11531635248223572,0.0017818181818181817,-0.024245454545454546,0.0012410256410256408,0.0013221153846153845
0.2,0.6,12.0,0.0,0.38,12.547751752288459,0.1888691692103129,0.11531635248223572,0.0017818181818181817,-0.024245454545454546,0.0012410256410256408,0.0013221153846153845
0.2,0.65,,0.0,0.38,12.547751752288459,0.1888691692103129,0.11531635248223572,0.0017818181818181817,-0.024245454545454546,0.0012410256410256408,0.0013221153846153845
0.2,0.65,2.0,0.0,0.38,12.547751752288459,0.1888691692103129,0.11531635248223572,0.0017818181818181817,-0.024245454545454546,0.0012410256410256408,0.0013221153846153845
0.2,0.65,4.0,0.0,0.38,12.547751752288459,0.1888691692103129,0.11531635248223572,0.0017818181818181817,-0.024245454545454546,0.0012410256410256408,0.0013221153846153845
0.2,0.65,6.0,0.0,0.38,12.547751752288459,0.1888691692103129,0.11531635248223572,0.0017818181818181817,-0.024245454545454546,0.0012410256410256408,0.0013221153846153845
0.2,0.65,8.0,0.0,0.38,12.547751752288459,0.1888691692103129,0.11531635248223572,0.0017818181818181817,-0.024245454545454546,0.0012410256410256408,0.0013221153846153845
0.2,0.65,10.0,0.0,0.38,12.547751752288459,0.1888691692103129,0.11531635248223572,0.0017818181818181817,-0.024245454545454546,0.0012410256410256408,0.0013221153846153845
0.2,0.65,12.0,0.0,0.38,12.547751752288459,0.1888691692103129,0.11531635248223572,0.0017818181818181817,-0.024245454545454546,0.0012410256410256408,0.0013221153846153845
0.2,0.7,,0.0,0.38,12.547751752288459,0.1888691692103129,0.11531635248223572,0.0017818181818181817,-0.024245454545454546,0.0012410256410256408,0.0013221153846153845
0.2,0.7,2.0,0.0,0.38,12.547751752288459,0.1888691692103129,0.11531635248223572,0.0017818181818181817,-0.024245454545454546,0.0012410256410256408,0.0013221153846153845
0.2,0.7,4.0,0.0,0.38,12.547751752288459,0.1888691692103129,0.11531635248223572,0.0017818181818181817,-0.024245454545454546,0.0012410256410256408,0.0013221153846153845
0.2,0.7,6.0,0.0,0.38,12.547751752288459,0.1888691692103129,0.11531635248223572,0.0017818181818181817,-0.024245454545454546,0.0012410256410256408,0.0013221153846153845
0.2,0.7,8.0,0.0,0.38,12.547751752288459,0.1888691692103129,0.11531635248223572,0.0017818181818181817,-0.024245454545454546,0.0012410256410256408,0.0013221153846153845
0.2,0.7,10.0,0.0,0.38,12.547751752288459,0.1888691692103129,0.11531635248223572,0.0017818181818181817,-0.024245454545454546,0.0012410256410256408,0.0013221153846153845
0.2,0.7,12.0,0.0,0.38,12.547751752288459,0.1888691692103129,0.11531635248223572,0.0017818181818181817,-0.024245454545454546,0.0012410256410256408,0.0013221153846153845
0.2,0.75,,0.0,0.38,12.547751752288459,0.1888691692103129,0.11531635248223572,0.0017818181818181817,-0.024245454545454546,0.0012410256410256408,0.0013221153846153845
0.2,0.75,2.0,0.0,0.38,12.547751752288459,0.1888691692103129,0.11531635248223572,0.0017818181818181817,-0.024245454545454546,0.0012410256410256408,0.0013221153846153845
0.2,0.75,4.0,0.0,0.38,12.547751752288459,0.1888691692103129,0.11531635248223572,0.0017818181818181817,-0.024245454545454546,0.0012410256410256408,0.0013221153846153845
0.2,0.75,6.0,0.0,0.38,12.547751752288459,0.1888691692103129,0.11531635248223572,0.0017818181818181817,-0.024245454545454546,0.0012410256410256408,0.0013221153846153845
0.2,0.75,8.0,0.0,0.38,12.547751752288459,0.1888691692103129,0.11531635248223572,0.0017818181818181817,-0.024245454545454546,0.0012410256410256408,0.0013221153846153845
0.2,0.75,10.0,0.0,0.38,12.547751752288459,0.1888691692103129,0.11531635248223572,0.0017818181818181817,-0.024245454545454546,0.0012410256410256408,0.0013221153846153845
0.2,0.75,12.0,0.0,0.38,12.547751752288459,0.1888691692103129,0.11531635248223572,0.0017818181818181817,-0.024245454545454546,0.0012410256410256408,0.0013221153846153845
0.2,0.8,,0.0,0.38,12.547751752288459,0.1888691692103129,0.11531635248223572,0.0017818181818181817,-0.024245454545454546,0.0012410256410256408,0.0013221153846153845
0.2,0.8,2.0,0.0,0.38,12.547751752288459,0.1888691692103129,0.11531635248223572,0.0017818181818181817,-0.024245454545454546,0.0012410256410256408,0.0013221153846153845
0.2,0.8,4.0,0.0,0.38,12.547751752288459,0.1888691692103129,0.11531635248223572,0.0017818181818181817,-0.024245454545454546,0.0012410256410256408,0.0013221153846153845
0.2,0.8,6.0,0.0,0.38,12.547751752288459,0.1888691692103129,0.11531635248223572,0.0017818181818181817,-0.024245454545454546,0.0012410256410256408,0.0013221153846153845
0.2,0.8,8.0,0.0,0.38,12.547751752288459,0.1888691692103129,0.11531635248223572,0.0017818181818181817,-0.024245454545454546,0.0012410256410256408,0.0013221153846153845
0.2,0.8,10.0,0.0,0.38,12.547751752288459,0.1888691692103129,0.11531635248223572,0.0017818181818181817,-0.024245454545454546,0.0012410256410256408,0.0013221153846153845
0.2,0.8,12.0,0.0,0.38,12.547751752288459,0.1888691692103129,0.11531635248223572,0.0017818181818181817,-0.024245454545454546,0.0012410256410256408,0.0013221153846153845
0.2,0.85,,0.0,0.38,12.547751752288459,0.1888691692103129,0.11531635248223572,0.0017818181818181817,-0.024245454545454546,0.0012410256410256408,0.0013221153846153845
0.2,0.85,2.0,0.0,0.38,12.547751752288459,0.1888691692103129,0.11531635248223572,0.0017818181818181817,-0.024245454545454546,0.0012410256410256408,0.0013221153846153845
0.2,0.85,4.0,0.0,0.38,12.547751752288459,0.1888691692103129,0.11531635248223572,0.0017818181818181817,-0.024245454545454546,0.0012410256410256408,0.0013221153846153845
0.2,0.85,6.0,0.0,0.38,12.547751752288459,0.1888691692103129,0.11531635248223572,0.0017818181818181817,-0.024245454545454546,0.0012410256410256408,0.0013221153846153845
0.2,0.85,8.0,0.0,0.38,12.547751752288459,0.1888691692103129,0.11531635248223572,0.0017818181818181817,-0.024245454545454546,0.0012410256410256408,0.0013221153846153845
0.2,0.85,10.0,0.0,0.38,12.547751752288459,0.1888691692103129,0.11531635248223572,0.0017818181818181817,-0.024245454545454546,0.0012410256410256408,0.0013221153846153845
0.2,0.85,12.0,0.0,0.38,12.547751752288459,0.1888691692103129,0.11531635248223572,0.0017818181818181817,-0.024245454545454546,0.0012410256410256408,0.0013221153846153845
0.2,0.9,,0.0,0.38,12.547751752288459,0.1888691692103129,0.11531635248223572,0.0017818181818181817,-0.024245454545454546,0.0012410256410256408,0.0013221153846153845
0.2,0.9,2.0,0.0,0.38,12.547751752288459,0.1888691692103129,0.11531635248223572,0.0017818181818181817,-0.024245454545454546,0.0012410256410256408,0.0013221153846153845
0.2,0.9,4.0,0.0,0.38,12.547751752288459,0.1888691692103129,0.11531635248223572,0.0017818181818181817,-0.024245454545454546,0.0012410256410256408,0.0013221153846153845
0.2,0.9,6.0,0.0,0.38,12.547751752288459,0.1888691692103129,0.11531635248223572,0.0017818181818181817,-0.024245454545454546,0.0012410256410256408,0.0013221153846153845
0.2,0.9,8.0,0.0,0.38,12.547751752288459,0.1888691692103129,0.11531635248223572,0.0017818181818181817,-0.024245454545454546,0.0012410256410256408,0.0013221153846153845
0.2,0.9,10.0,0.0,0.38,12.547751752288459,0.1888691692103129,0.11531635248223572,0.0017818181818181817,-0.024245454545454546,0.0012410256410256408,0.0013221153846153845
0.2,0.9,12.0,0.0,0.38,12.547751752288459,0.1888691692103129,0.11531635248223572,0.0017818181818181817,-0.024245454545454546,0.0012410256410256408,0.0013221153846153845
0.2,0.95,,0.0,0.38,12.547751752288459,0.1888691692103129,0.11531635248223572,0.0017818181818181817,-0.024245454545454546,0.0012410256410256408,0.0013221153846153845
0.2,0.95,2.0,0.0,0.38,12.547751752288459,0.1888691692103129,0.11531635248223572,0.0017818181818181817,-0.024245454545454546,0.0012410256410256408,0.0013221153846153845
0.2,0.95,4.0,0.0,0.38,12.547751752288459,0.1888691692103129,0.11531635248223572,0.0017818181818181817,-0.024245454545454546,0.0012410256410256408,0.0013221153846153845
0.2,0.95,6.0,0.0,0.38,12.547751752288459,0.1888691692103129,0.11531635248223572,0.0017818181818181817,-0.024245454545454546,0.0012410256410256408,0.0013221153846153845
0.2,0.95,8.0,0.0,0.38,12.547751752288459,0.1888691692103129,0.11531635248223572,0.0017818181818181817,-0.024245454545454546,0.0012410256410256408,0.0013221153846153845
0.2,0.95,10.0,0.0,0.38,12.547751752288459,0.1888691692103129,0.11531635248223572,0.0017818181818181817,-0.024245454545454546,0.0012410256410256408,0.0013221153846153845
0.2,0.95,12.0,0.0,0.38,12.547751752288459,0.1888691692103129,0.11531635248223572,0.0017818181818181817,-0.024245454545454546,0.0012410256410256408,0.0013221153846153845
0.2,1.0,,0.0,0.38,12.547751752288459,0.1888691692103129,0.11531635248223572,0.0017818181818181817,-0.024245454545454546,0.0012410256410256408,0.0013221153846153845
0.2,1.0,2.0,0.0,0.38,12.547751752288459,0.1888691692103129,0.11531635248223572,0.0017818181818181817,-0.024245454545454546,0.0012410256410256408,0.0013221153846153845
0.2,1.0,4.0,0.0,0.38,12.547751752288459,0.1888691692103129,0.11531635248223572,0.0017818181818181817,-0.024245454545454546,0.0012410256410256408,0.0013221153846153845
0.2,1.0,6.0,0.0,0.38,12.547751752288459,0.1888691692103129,0.11531635248223572,0.0017818181818181817,-0.024245454545454546,0.0012410256410256408,0.0013221153846153845
0.2,1.0,8.0,0.0,0.38,12.547751752288459,0.1888691692103129,0.11531635248223572,0.0017818181818181817,-0.024245454545454546,0.0012410256410256408,0.0013221153846153845
0.2,1.0,10.0,0.0,0.38,12.547751752288459,0.1888691692103129,0.11531635248223572,0.0017818181818181817,-0.024245454545454546,0.0012410256410256408,0.0013221153846153845
0.2,1.0,12.0,0.0,0.38,12.547751752288459,0.1888691692103129,0.11531635248223572,0.0017818181818181817,-0.024245454545454546,0.0012410256410256408,0.0013221153846153845
0.25,0.1,,0.0,0.67,1.8346647488162813,0.03604147949762497,0.09819850237254144,0.0025383561643835617,-0.003436301369863014,-0.00017424593967517492,-0.0017252900232018573
0.25,0.15,,0.0,0.36,13.652814023783417,0.2056717652757185,0.11781659641255667,-0.00165,-0.02667,0.0013608695652173913,0.0017627783669141041
0.25,0.15,2.0,0.0,0.36,13.652814023783417,0.2056717652757185,0.11781659641255667,-0.00165,-0.02667,0.0013608695652173913,0.0017627783669141041
0.25,0.15,4.0,0.0,0.36,13.652814023783417,0.2056717652757185,0.11781659641255667,-0.00165,-0.02667,0.0013608695652173913,0.0017627783669141041
0.25,0.15,6.0,0.0,0.36,13.652814023783417,0.2056717652757185,0.11781659641255667,-0.00165,-0.02667,0.0013608695652173913,0.0017627783669141041
0.25,0.15,8.0,0.0,0.36,13.652814023783417,0.2056717652757185,0.11781659641255667,-0.00165,-0.02667,0.0013608695652173913,0.0017627783669141041
0.25,0.15,10.0,0.0,0.36,13.652814023783417,0.2056717652757185,0.11781659641255667,-0.00165,-0.02667,0.0013608695652173913,0.0017627783669141041
0.25,0.15,12.0,0.0,0.36,13.652814023783417,0.2056717652757185,0.11781659641255667,-0.00165,-0.02667,0.0013608695652173913,0.0017627783669141041
0.25,0.2,,0.0,0.36,13.652814023783417,0.2056717652757185,0.11781659641255667,-0.00165,-0.02667,0.0013608695652173913,0.0017627783669141041
0.25,0.2,2.0,0.0,0.36,13.652814023783417,0.2056717652757185,0.11781659641255667,-0.00165,-0.02667,0.0013608695652173913,0.0017627783669141041
0.25,0.2,4.0,0.0,0.36,13.652814023783417,0.2056717652757185,0.11781659641255667,-0.00165,-0.02667,0.0013608695652173913,0.0017627783669141041
0.25,0.2,6.0,0.0,0.36,13.652814023783417,0.2056717652757185,0.11781659641255667,-0.00165,-0.02667,0.0013608695652173913,0.0017627783669141041
0.25,0.2,8.0,0.0,0.36,13.652814023783417,0.2056717652757185,0.11781659641255667,-0.00165,-0.02667,0.0013608695652173913,0.0017627783669141041
0.25,0.2,10.0,0.0,0.36,13.652814023783417,0.2056717652757185,0.11781659641255667,-0.00165,-0.02667,0.0013608695652173913,0.0017627783669141041
0.25,0.2,12.0,0.0,0.36,13.652814023783417,0.2056717652757185,0.11781659641255667,-0.00165,-0.02667,0.0013608695652173913,0.0017627783669141041
0.25,0.25,,0.0,0.36,13.652814023783417,0.2056717652757185,0.11781659641255667,-0.00165,-0.02667,0.0013608695652173913,0.0017627783669141041
0.25,0.25,2.0,0.0,0.36,13.652814023783417,0.2056717652757185,0.11781659641255667,-0.00165,-0.02667,0.0013608695652173913,0.0017627783669141041
0.25,0.25,4.0,0.0,0.36,13.652814023783417,0.2056717652757185,0.11781659641255667,-0.00165,-0.02667,0.0013608695652173913,0.0017627783669141041
0.25,0.25,6.0,0.0,0.36,13.652814023783417,0.2056717652757185,0.11781659641255667,-0.00165,-0.02667,0.0013608695652173913,0.0017627783669141041
0.25,0.25,8.0,0.0,0.36,13.652814023783417,0.2056717652757185,0.11781659641255667,-0.00165,-0.02667,0.0013608695652173913,0.0017627783669141041
0.25,0.25,10.0,0.0,0.36,13.652814023783417,0.2056717652757185,0.11781659641255667,-0.00165,-0.02667,0.0013608695652173913,0.0017627783669141041
0.25,0.25,12.0,0.0,0.36,13.652814023783417,0.2056717652757185,0.11781659641255667,-0.00165,-0.02667,0.0013608695652173913,0.0017627783669141041
0.25,0.3,,0.0,0.36,13.652814023783417,0.2056717652757185,0.11781659641255667,-0.00165,-0.02667,0.0013608695652173913,0.0017627783669141041
0.25,0.3,2.0,0.0,0.36,13.652814023783417,0.2056717652757185,0.11781659641255667,-0.00165,-0.02667,0.0013608695652173913,0.0017627783669141041
0.25,0.3,4.0,0.0,0.36,13.652814023783417,0.2056717652757185,0.11781659641255667,-0.00165,-0.02667,0.0013608695652173913,0.0017627783669141041
0.25,0.3,6.0,0.0,0.36,13.652814023783417,0.2056717652757185,0.11781659641255667,-0.00165,-0.02667,0.0013608695652173913,0.0017627783669141041
0.25,0.3,8.0,0.0,0.36,13.652814023783417,0.2056717652757185,0.11781659641255667,-0.00165,-0.02667,0.0013608695652173913,0.0017627783669141041
0.25,0.3,10.0,0.0,0.36,13.652814023783417,0.2056717652757185,0.11781659641255667,-0.00165,-0.02667,0.0013608695652173913,0.0017627783669141041
0.25,0.3,12.0,0.0,0.36,13.652814023783417,0.2056717652757185,0.11781659641255667,-0.00165,-0.02667,0.0013608695652173913,0.0017627783669141041
0.25,0.35,,0.0,0.36,13.652814023783417,0.2056717652757185,0.11781659641255667,-0.00165,-0.02667,0.0013608695652173913,0.0017627783669141041
0.25,0.35,2.0,0.0,0.36,13.652814023783417,0.2056717652757185,0.11781659641255667,-0.00165,-0.02667,0.0013608695652173913,0.0017627783669141041
0.25,0.35,4.0,0.0,0.36,13.652814023783417,0.2056717652757185,0.11781659641255667,-0.00165,-0.02667,0.0013608695652173913,0.0017627783669141041
0.25,0.35,6.0,0.0,0.36,13.652814023783417,0.2056717652757185,0.11781659641255667,-0.00165,-0.02667,0.0013608695652173913,0.0017627783669141041
0.25,0.35,8.0,0.0,0.36,13.652814023783417,0.2056717652757185,0.11781659641255667,-0.00165,-0.02667,0.0013608695652173913,0.0017627783669141041
0.25,0.35,10.0,0.0,0.36,13.652814023783417,0.2056717652757185,0.11781659641255667,-0.00165,-0.02667,0.0013608695652173913,0.0017627783669141041
0.25,0.35,12.0,0.0,0.36,13.652814023783417,0.2056717652757185,0.11781659641255667,-0.00165,-0.02667,0.0013608695652173913,0.0017627783669141041
0.25,0.4,,0.0,0.36,13.652814023783417,0.2056717652757185,0.11781659641255667,-0.00165,-0.02667,0.0013608695652173913,0.0017627783669141041
0.25,0.4,2.0,0.0,0.36,13.652814023783417,0.2056717652757185,0.11781659641255667,-0.00165,-0.02667,0.0013608695652173913,0.0017627783669141041
0.25,0.4,4.0,0.0,0.36,13.652814023783417,0.2056717652757185,0.11781659641255667,-0.00165,-0.02667,0.0013608695652173913,0.0017627783669141041
0.25,0.4,6.0,0.0,0.36,13.652814023783417,0.2056717652757185,0.11781659641255667,-0.00165,-0.02667,0.0013608695652173913,0.0017627783669141041
0.25,0.4,8.0,0.0,0.36,13.652814023783417,0.2056717652757185,0.11781659641255667,-0.00165,-0.02667,0.0013608695652173913,0.0017627783669141041
0.25,0.4,10.0,0.0,0.36,13.652814023783417,0.2056717652757185,0.11781659641255667,-0.00165,-0.02667,0.0013608695652173913,0.0017627783669141041
0.25,0.4,12.0,0.0,0.36,13.652814023783417,0.2056717652757185,0.11781659641255667,-0.00165,-0.02667,0.0013608695652173913,0.0017627783669141041
0.25,0.45,,0.0,0.36,13.652814023783417,0.2056717652757185,0.11781659641255667,-0.00165,-0.02667,0.0013608695652173913,0.0017627783669141041
0.25,0.45,2.0,0.0,0.36,13.652814023783417,0.2056717652757185,0.11781659641255667,-0.00165,-0.02667,0.0013608695652173913,0.0017627783669141041
0.25,0.45,4.0,0.0,0.36,13.652814023783417,0.2056717652757185,0.11781659641255667,-0.00165,-0.02667,0.0013608695652173913,0.0017627783669141041
0.25,0.45,6.0,0.0,0.36,13.652814023783417,0.2056717652757185,0.11781659641255667,-0.00165,-0.02667,0.0013608695652173913,0.0017627783669141041
0.25,0.45,8.0,0.0,0.36,13.652814023783417,0.2056717652757185,0.11781659641255667,-0.00165,-0.02667,0.0013608695652173913,0.0017627783669141041
0.25,0.45,10.0,0.0,0.36,13.652814023783417,0.2056717652757185,0.11781659641255667,-0.00165,-0.02667,0.0013608695652173913,0.0017627783669141041
0.25,0.45,12.0,0.0,0.36,13.652814023783417,0.2056717652757185,0.11781659641255667,-0.00165,-0.02667,0.0013608695652173913,0.0017627783669141041
0.25,0.5,,0.0,0.36,13.652814023783417,0.2056717652757185,0.11781659641255667,-0.00165,-0.02667,0.0013608695652173913,0.0017627783669141041
0.25,0.5,2.0,0.0,0.36,13.652814023783417,0.2056717652757185,0.11781659641255667,-0.00165,-0.02667,0.0013608695652173913,0.0017627783669141041
0.25,0.5,4.0,0.0,0.36,13.652814023783417,0.2056717652757185,0.11781659641255667,-0.00165,-0.02667,0.0013608695652173913,0.0017627783669141041
0.25,0.5,6.0,0.0,0.36,13.652814023783417,0.2056717652757185,0.11781659641255667,-0.00165,-0.02667,0.0013608695652173913,0.0017627783669141041
0.25,0.5,8.0,0.0,0.36,13.652814023783417,0.2056717652757185,0.11781659641255667,-0.00165,-0.02667,0.0013608695652173913,0.0017627783669141041
0.25,0.5,10.0,0.0,0.36,13.652814023783417,0.2056717652757185,0.11781659641255667,-0.00165,-0.02667,0.0013608695652173913,0.0017627783669141041
0.25,0.5,12.0,0.0,0.36,13.652814023783417,0.2056717652757185,0.11781659641255667,-0.00165,-0.02667,0.0013608695652173913,0.0017627783669141041
0.25,0.55,,0.0,0.36,13.652814023783417,0.2056717652757185,0.11781659641255667,-0.00165,-0.02667,0.0013608695652173913,0.0017627783669141041
0.25,0.55,2.0,0.0,0.36,13.652814023783417,0.2056717652757185,0.11781659641255667,-0.00165,-0.02667,0.0013608695652173913,0.0017627783669141041
0.25,0.55,4.0,0.0,0.36,13.652814023783417,0.2056717652757185,0.11781659641255667,-0.00165,-0.02667,0.0013608695652173913,0.0017627783669141041
0.25,0.55,6.0,0.0,0.36,13.652814023783417,0.2056717652757185,0.11781659641255667,-0.00165,-0.02667,0.0013608695652173913,0.0017627783669141041
0.25,0.55,8.0,0.0,0.36,13.652814023783417,0.2056717652757185,0.11781659641255667,-0.00165,-0.02667,0.0013608695652173913,0.0017627783669141041
0.25,0.55,10.0,0.0,0.36,13.652814023783417,0.2056717652757185,0.11781659641255667,-0.00165,-0.02667,0.0013608695652173913,0.0017627783669141041
0.25,0.55,12.0,0.0,0.36,13.652814023783417,0.2056717652757185,0.11781659641255667,-0.00165,-0.02667,0.0013608695652173913,0.0017627783669141041
0.25,0.6,,0.0,0.36,13.652814023783417,0.2056717652757185,0.11781659641255667,-0.00165,-0.02667,0.0013608695652173913,0.0017627783669141041
0.25,0.6,2.0,0.0,0.36,13.652814023783417,0.2056717652757185,0.11781659641255667,-0.00165,-0.02667,0.0013608695652173913,0.0017627783669141041
0.25,0.6,4.0,0.0,0.36,13.652814023783417,0.2056717652757185,0.11781659641255667,-0.00165,-0.02667,0.0013608695652173913,0.0017627783669141041
0.25,0.6,6.0,0.0,0.36,13.652814023783417,0.2056717652757185,0.11781659641255667,-0.00165,-0.02667,0.0013608695652173913,0.0017627783669141041
0.25,0.6,8.0,0.0,0.36,13.652814023783417,0.2056717652757185,0.11781659641255667,-0.00165,-0.02667,0.0013608695652173913,0.0017627783669141041
0.25,0.6,10.0,0.0,0.36,13.652814023783417,0.2056717652757185,0.11781659641255667,-0.00165,-0.02667,0.0013608695652173913,0.0017627783669141041
0.25,0.6,12.0,0.0,0.36,13.652814023783417,0.2056717652757185,0.11781659641255667,-0.00165,-0.02667,0.0013608695652173913,0.0017627783669141041
0.25,0.65,,0.0,0.36,13.652814023783417,0.2056717652757185,0.11781659641255667,-0.00165,-0.02667,0.0013608695652173913,0.0017627783669141041
0.25,0.65,2.0,0.0,0.36,13.652814023783417,0.2056717652757185,0.11781659641255667,-0.00165,-0.02667,0.0013608695652173913,0.0017627783669141041
0.25,0.65,4.0,0.0,0.36,13.652814023783417,0.2056717652757185,0.11781659641255667,-0.00165,-0.02667,0.0013608695652173913,0.0017627783669141041
0.25,0.65,6.0,0.0,0.36,13.652814023783417,0.2056717652757185,0.11781659641255667,-0.00165,-0.02667,0.0013608695652173913,0.0017627783669141041
0.25,0.65,8.0,0.0,0.36,13.652814023783417,0.2056717652757185,0.11781659641255667,-0.00165,-0.02667,0.0013608695652173913,0.0017627783669141041
0.25,0.65,10.0,0.0,0.36,13.652814023783417,0.2056717652757185,0.11781659641255667,-0.00165,-0.02667,0.0013608695652173913,0.0017627783669141041
0.25,0.65,12.0,0.0,0.36,13.652814023783417,0.2056717652757185,0.11781659641255667,-0.00165,-0.02667,0.0013608695652173913,0.0017627783669141041
0.25,0.7,,0.0,0.36,13.652814023783417,0.2056717652757185,0.11781659641255667,-0.00165,-0.02667,0.0013608695652173913,0.0017627783669141041
0.25,0.7,2.0,0.0,0.36,13.652814023783417,0.2056717652757185,0.11781659641255667,-0.00165,-0.02667,0.0013608695652173913,0.0017627783669141041
0.25,0.7,4.0,0.0,0.36,13.652814023783417,0.2056717652757185,0.11781659641255667,-0.00165,-0.02667,0.0013608695652173913,0.0017627783669141041
0.25,0.7,6.0,0.0,0.36,13.652814023783417,0.2056717652757185,0.11781659641255667,-0.00165,-0.02667,0.0013608695652173913,0.0017627783669141041
0.25,0.7,8.0,0.0,0.36,13.652814023783417,0.2056717652757185,0.11781659641255667,-0.00165,-0.02667,0.0013608695652173913,0.0017627783669141041
0.25,0.7,10.0,0.0,0.36,13.652814023783417,0.2056717652757185,0.11781659641255667,-0.00165,-0.02667,0.0013608695652173913,0.0017627783669141041
0.25,0.7,12.0,0.0,0.36,13.652814023783417,0.2056717652757185,0.11781659641255667,-0.00165,-0.02667,0.0013608695652173913,0.0017627783669141041
0.25,0.75,,0.0,0.36,13.652814023783417,0.2056717652757185,0.11781659641255667,-0.00165,-0.02667,0.0013608695652173913,0.0017627783669141041
0.25,0.75,2.0,0.0,0.36,13.652814023783417,0.2056717652757185,0.11781659641255667,-0.00165,-0.02667,0.0013608695652173913,0.0017627783669141041
0.25,0.75,4.0,0.0,0.36,13.652814023783417,0.2056717652757185,0.11781659641255667,-0.00165,-0.02667,0.0013608695652173913,0.0017627783669141041
0.25,0.75,6.0,0.0,0.36,13.652814023783417,0.2056717652757185,0.11781659641255667,-0.00165,-0.02667,0.0013608695652173913,0.0017627783669141041
0.25,0.75,8.0,0.0,0.36,13.652814023783417,0.2056717652757185,0.11781659641255667,-0.00165,-0.02667,0.0013608695652173913,0.0017627783669141041
0.25,0.75,10.0,0.0,0.36,13.652814023783417,0.2056717652757185,0.11781659641255667,-0.00165,-0.02667,0.0013608695652173913,0.0017627783669141041
0.25,0.75,12.0,0.0,0.36,13.652814023783417,0.2056717652757185,0.11781659641255667,-0.00165,-0.02667,0.0013608695652173913,0.0017627783669141041
0.25,0.8,,0.0,0.36,13.652814023783417,0.2056717652757185,0.11781659641255667,-0.00165,-0.02667,0.0013608695652173913,0.0017627783669141041
0.25,0.8,2.0,0.0,0.36,13.652814023783417,0.2056717652757185,0.11781659641255667,-0.00165,-0.02667,0.0013608695652173913,0.0017627783669141041
0.25,0.8,4.0,0.0,0.36,13.652814023783417,0.2056717652757185,0.11781659641255667,-0.00165,-0.02667,0.0013608695652173913,0.0017627783669141041
0.25,0.8,6.0,0.0,0.36,13.652814023783417,0.2056717652757185,0.11781659641255667,-0.00165,-0.02667,0.0013608695652173913,0.0017627783669141041
0.25,0.8,8.0,0.0,0.36,13.652814023783417,0.2056717652757185,0.11781659641255667,-0.00165,-0.02667,0.0013608695652173913,0.0017627783669141041
0.25,0.8,10.0,0.0,0.36,13.652814023783417,0.2056717652757185,0.11781659641255667,-0.00165,-0.02667,0.0013608695652173913,0.0017627783669141041
0.25,0.8,12.0,0.0,0.36,13.652814023783417,0.2056717652757185,0.11781659641255667,-0.00165,-0.02667,0.0013608695652173913,0.0017627783669141041
0.25,0.85,,0.0,0.36,13.652814023783417,0.2056717652757185,0.11781659641255667,-0.00165,-0.02667,0.0013608695652173913,0.0017627783669141041
0.25,0.85,2.0,0.0,0.36,13.652814023783417,0.2056717652757185,0.11781659641255667,-0.00165,-0.02667,0.0013608695652173913,0.0017627783669141041
0.25,0.85,4.0,0.0,0.36,13.652814023783417,0.2056717652757185,0.11781659641255667,-0.00165,-0.02667,0.0013608695652173913,0.0017627783669141041
0.25,0.85,6.0,0.0,0.36,13.652814023783417,0.2056717652757185,0.11781659641255667,-0.00165,-0.02667,0.0013608695652173913,0.0017627783669141041
0.25,0.85,8.0,0.0,0.36,13.652814023783417,0.2056717652757185,0.11781659641255667,-0.00165,-0.02667,0.0013608695652173913,0.0017627783669141041
0.25,0.85,10.0,0.0,0.36,13.652814023783417,0.2056717652757185,0.11781659641255667,-0.00165,-0.02667,0.0013608695652173913,0.0017627783669141041
0.25,0.85,12.0,0.0,0.36,13.652814023783417,0.2056717652757185,0.11781659641255667,-0.00165,-0.02667,0.0013608695652173913,0.0017627783669141041
0.25,0.9,,0.0,0.36,13.652814023783417,0.2056717652757185,0.11781659641255667,-0.00165,-0.02667,0.0013608695652173913,0.0017627783669141041
0.25,0.9,2.0,0.0,0.36,13.652814023783417,0.2056717652757185,0.11781659641255667,-0.00165,-0.02667,0.0013608695652173913,0.0017627783669141041
0.25,0.9,4.0,0.0,0.36,13.652814023783417,0.2056717652757185,0.11781659641255667,-0.00165,-0.02667,0.0013608695652173913,0.0017627783669141041
0.25,0.9,6.0,0.0,0.36,13.652814023783417,0.2056717652757185,0.11781659641255667,-0.00165,-0.02667,0.0013608695652173913,0.0017627783669141041
0.25,0.9,8.0,0.0,0.36,13.652814023783417,0.2056717652757185,0.11781659641255667,-0.00165,-0.02667,0.0013608695652173913,0.0017627783669141041
0.25,0.9,10.0,0.0,0.36,13.652814023783417,0.2056717652757185,0.11781659641255667,-0.00165,-0.02667,0.0013608695652173913,0.0017627783669141041
0.25,0.9,12.0,0.0,0.36,13.652814023783417,0.2056717652757185,0.11781659641255667,-0.00165,-0.02667,0.0013608695652173913,0.0017627783669141041
0.25,0.95,,0.0,0.36,13.652814023783417,0.2056717652757185,0.11781659641255667,-0.00165,-0.02667,0.0013608695652173913,0.0017627783669141041
0.25,0.95,2.0,0.0,0.36,13.652814023783417,0.2056717652757185,0.11781659641255667,-0.00165,-0.02667,0.0013608695652173913,0.0017627783669141041
0.25,0.95,4.0,0.0,0.36,13.652814023783417,0.2056717652757185,0.11781659641255667,-0.00165,-0.02667,0.0013608695652173913,0.0017627783669141041
0.25,0.95,6.0,0.0,0.36,13.652814023783417,0.2056717652757185,0.11781659641255667,-0.00165,-0.02667,0.0013608695652173913,0.0017627783669141041
0.25,0.95,8.0,0.0,0.36,13.652814023783417,0.2056717652757185,0.11781659641255667,-0.00165,-0.02667,0.0013608695652173913,0.0017627783669141041
0.25,0.95,10.0,0.0,0.36,13.652814023783417,0.2056717652757185,0.11781659641255667,-0.00165,-0.02667,0.0013608695652173913,0.0017627783669141041
0.25,0.95,12.0,0.0,0.36,13.652814023783417,0.2056717652757185,0.11781659641255667,-0.00165,-0.02667,0.0013608695652173913,0.0017627783669141041
0.25,1.0,,0.0,0.36,13.652814023783417,0.2056717652757185,0.11781659641255667,-0.00165,-0.02667,0.0013608695652173913,0.0017627783669141041
0.25,1.0,2.0,0.0,0.36,13.652814023783417,0.2056717652757185,0.11781659641255667,-0.00165,-0.02667,0.0013608695652173913,0.0017627783669141041
0.25,1.0,4.0,0.0,0.36,13.652814023783417,0.2056717652757185,0.11781659641255667,-0.00165,-0.02667,0.0013608695652173913,0.0017627783669141041
0.25,1.0,6.0,0.0,0.36,13.652814023783417,0.2056717652757185,0.11781659641255667,-0.00165,-0.02667,0.0013608695652173913,0.0017627783669141041
0.25,1.0,8.0,0.0,0.36,13.652814023783417,0.2056717652757185,0.11781659641255667,-0.00165,-0.02667,0.0013608695652173913,0.0017627783669141041
0.25,1.0,10.0,0.0,0.36,13.652814023783417,0.2056717652757185,0.11781659641255667,-0.00165,-0.02667,0.0013608695652173913,0.0017627783669141041
0.25,1.0,12.0,0.0,0.36,13.652814023783417,0.2056717652757185,0.11781659641255667,-0.00165,-0.02667,0.0013608695652173913,0.0017627783669141041
0.3,0.1,,0.0,0.67,1.8346647488162813,0.03604147949762497,0.09819850237254144,0.0025383561643835617,-0.003436301369863014,-0.00017424593967517492,-0.0017252900232018573
0.3,0.15,,0.0,0.32,14.76757908717991,0.2501057906675442,0.11818623197306002,-0.00055,-0.0333375,0.0015423603793466806,0.0013236037934668073
0.3,0.15,2.0,0.0,0.32,14.76757908717991,0.2501057906675442,0.11818623197306002,-0.00055,-0.0333375,0.0015423603793466806,0.0013236037934668073
0.3,0.15,4.0,0.0,0.32,14.76757908717991,0.2501057906675442,0.11818623197306002,-0.00055,-0.0333375,0.0015423603793466806,0.0013236037934668073
0.3,0.15,6.0,0.0,0.32,14.76757908717991,0.2501057906675442,0.11818623197306002,-0.00055,-0.0333375,0.0015423603793466806,0.0013236037934668073
0.3,0.15,8.0,0.0,0.32,14.76757908717991,0.2501057906675442,0.11818623197306002,-0.00055,-0.0333375,0.0015423603793466806,0.0013236037934668073
0.3,0.15,10.0,0.0,0.32,14.76757908717991,0.2501057906675442,0.11818623197306002,-0.00055,-0.0333375,0.0015423603793466806,0.0013236037934668073
0.3,0.15,12.0,0.0,0.32,14.76757908717991,0.2501057906675442,0.11818623197306002,-0.00055,-0.0333375,0.0015423603793466806,0.0013236037934668073
0.3,0.15,14.0,0.0,0.32,14.76757908717991,0.2501057906675442,0.11818623197306002,-0.00055,-0.0333375,0.0015423603793466806,0.0013236037934668073
0.3,0.2,,0.0,0.32,14.76757908717991,0.2501057906675442,0.11818623197306002,-0.00055,-0.0333375,0.0015423603793466806,0.0013236037934668073
0.3,0.2,2.0,0.0,0.32,14.76757908717991,0.2501057906675442,0.11818623197306002,-0.00055,-0.0333375,0.0015423603793466806,0.0013236037934668073
0.3,0.2,4.0,0.0,0.32,14.76757908717991,0.2501057906675442,0.11818623197306002,-0.00055,-0.0333375,0.0015423603793466806,0.0013236037934668073
0.3,0.2,6.0,0.0,0.32,14.76757908717991,0.2501057906675442,0.11818623197306002,-0.00055,-0.0333375,0.0015423603793466806,0.0013236037934668073
0.3,0.2,8.0,0.0,0.32,14.76757908717991,0.2501057906675442,0.11818623197306002,-0.00055,-0.0333375,0.0015423603793466806,0.0013236037934668073
0.3,0.2,10.0,0.0,0.32,14.76757908717991,0.2501057906675442,0.11818623197306002,-0.00055,-0.0333375,0.0015423603793466806,0.0013236037934668073
0.3,0.2,12.0,0.0,0.32,14.76757908717991,0.2501057906675442,0.11818623197306002,-0.00055,-0.0333375,0.0015423603793466806,0.0013236037934668073
0.3,0.2,14.0,0.0,0.32,14.76757908717991,0.2501057906675442,0.11818623197306002,-0.00055,-0.0333375,0.0015423603793466806,0.0013236037934668073
0.3,0.25,,0.0,0.32,14.76757908717991,0.2501057906675442,0.11818623197306002,-0.00055,-0.0333375,0.0015423603793466806,0.0013236037934668073
0.3,0.25,2.0,0.0,0.32,14.76757908717991,0.2501057906675442,0.11818623197306002,-0.00055,-0.0333375,0.0015423603793466806,0.0013236037934668073
0.3,0.25,4.0,0.0,0.32,14.76757908717991,0.2501057906675442,0.11818623197306002,-0.00055,-0.0333375,0.0015423603793466806,0.0013236037934668073
0.3,0.25,6.0,0.0,0.32,14.76757908717991,0.2501057906675442,0.11818623197306002,-0.00055,-0.0333375,0.0015423603793466806,0.0013236037934668073
0.3,0.25,8.0,0.0,0.32,14.76757908717991,0.2501057906675442,0.11818623197306002,-0.00055,-0.0333375,0.0015423603793466806,0.0013236037934668073
0.3,0.25,10.0,0.0,0.32,14.76757908717991,0.2501057906675442,0.11818623197306002,-0.00055,-0.0333375,0.0015423603793466806,0.0013236037934668073
0.3,0.25,12.0,0.0,0.32,14.76757908717991,0.2501057906675442,0.11818623197306002,-0.00055,-0.0333375,0.0015423603793466806,0.0013236037934668073
0.3,0.25,14.0,0.0,0.32,14.76757908717991,0.2501057906675442,0.11818623197306002,-0.00055,-0.0333375,0.0015423603793466806,0.0013236037934668073
0.3,0.3,,0.0,0.32,14.76757908717991,0.2501057906675442,0.11818623197306002,-0.00055,-0.0333375,0.0015423603793466806,0.0013236037934668073
0.3,0.3,2.0,0.0,0.32,14.76757908717991,0.2501057906675442,0.11818623197306002,-0.00055,-0.0333375,0.0015423603793466806,0.0013236037934668073
0.3,0.3,4.0,0.0,0.32,14.76757908717991,0.2501057906675442,0.11818623197306002,-0.00055,-0.0333375,0.0015423603793466806,0.0013236037934668073
0.3,0.3,6.0,0.0,0.32,14.76757908717991,0.2501057906675442,0.11818623197306002,-0.00055,-0.0333375,0.0015423603793466806,0.0013236037934668073
0.3,0.3,8.0,0.0,0.32,14.76757908717991,0.2501057906675442,0.11818623197306002,-0.00055,-0.0333375,0.0015423603793466806,0.0013236037934668073
0.3,0.3,10.0,0.0,0.32,14.76757908717991,0.2501057906675442,0.11818623197306002,-0.00055,-0.0333375,0.0015423603793466806,0.0013236037934668073
0.3,0.3,12.0,0.0,0.32,14.76757908717991,0.2501057906675442,0.11818623197306002,-0.00055,-0.0333375,0.0015423603793466806,0.0013236037934668073
0.3,0.3,14.0,0.0,0.32,14.76757908717991,0.2501057906675442,0.11818623197306002,-0.00055,-0.0333375,0.0015423603793466806,0.0013236037934668073
0.3,0.35,,0.0,0.32,14.76757908717991,0.2501057906675442,0.11818623197306002,-0.00055,-0.0333375,0.0015423603793466806,0.0013236037934668073
0.3,0.35,2.0,0.0,0.32,14.76757908717991,0.2501057906675442,0.11818623197306002,-0.00055,-0.0333375,0.0015423603793466806,0.0013236037934668073
0.3,0.35,4.0,0.0,0.32,14.76757908717991,0.2501057906675442,0.11818623197306002,-0.00055,-0.0333375,0.0015423603793466806,0.0013236037934668073
0.3,0.35,6.0,0.0,0.32,14.76757908717991,0.2501057906675442,0.11818623197306002,-0.00055,-0.0333375,0.0015423603793466806,0.0013236037934668073
0.3,0.35,8.0,0.0,0.32,14.76757908717991,0.2501057906675442,0.11818623197306002,-0.00055,-0.0333375,0.0015423603793466806,0.0013236037934668073
0.3,0.35,10.0,0.0,0.32,14.76757908717991,0.2501057906675442,0.11818623197306002,-0.00055,-0.0333375,0.0015423603793466806,0.0013236037934668073
0.3,0.35,12.0,0.0,0.32,14.76757908717991,0.2501057906675442,0.11818623197306002,-0.00055,-0.0333375,0.0015423603793466806,0.0013236037934668073
0.3,0.35,14.0,0.0,0.32,14.76757908717991,0.2501057906675442,0.11818623197306002,-0.00055,-0.0333375,0.0015423603793466806,0.0013236037934668073
0.3,0.4,,0.0,0.32,14.76757908717991,0.2501057906675442,0.11818623197306002,-0.00055,-0.0333375,0.0015423603793466806,0.0013236037934668073
0.3,0.4,2.0,0.0,0.32,14.76757908717991,0.2501057906675442,0.11818623197306002,-0.00055,-0.0333375,0.0015423603793466806,0.0013236037934668073
0.3,0.4,4.0,0.0,0.32,14.76757908717991,0.2501057906675442,0.11818623197306002,-0.00055,-0.0333375,0.0015423603793466806,0.0013236037934668073
0.3,0.4,6.0,0.0,0.32,14.76757908717991,0.2501057906675442,0.11818623197306002,-0.00055,-0.0333375,0.0015423603793466806,0.0013236037934668073
0.3,0.4,8.0,0.0,0.32,14.76757908717991,0.2501057906675442,0.11818623197306002,-0.00055,-0.0333375,0.0015423603793466806,0.0013236037934668073
0.3,0.4,10.0,0.0,0.32,14.76757908717991,0.2501057906675442,0.11818623197306002,-0.00055,-0.0333375,0.0015423603793466806,0.0013236037934668073
0.3,0.4,12.0,0.0,0.32,14.76757908717991,0.2501057906675442,0.11818623197306002,-0.00055,-0.0333375,0.0015423603793466806,0.0013236037934668073
0.3,0.4,14.0,0.0,0.32,14.76757908717991,0.2501057906675442,0.11818623197306002,-0.00055,-0.0333375,0.0015423603793466806,0.0013236037934668073
0.3,0.45,,0.0,0.32,14.76757908717991,0.2501057906675442,0.11818623197306002,-0.00055,-0.0333375,0.0015423603793466806,0.0013236037934668073
0.3,0.45,2.0,0.0,0.32,14.76757908717991,0.2501057906675442,0.11818623197306002,-0.00055,-0.0333375,0.0015423603793466806,0.0013236037934668073
0.3,0.45,4.0,0.0,0.32,14.76757908717991,0.2501057906675442,0.11818623197306002,-0.00055,-0.0333375,0.0015423603793466806,0.0013236037934668073
0.3,0.45,6.0,0.0,0.32,14.76757908717991,0.2501057906675442,0.11818623197306002,-0.00055,-0.0333375,0.0015423603793466806,0.0013236037934668073
0.3,0.45,8.0,0.0,0.32,14.76757908717991,0.2501057906675442,0.11818623197306002,-0.00055,-0.0333375,0.0015423603793466806,0.0013236037934668073
0.3,0.45,10.0,0.0,0.32,14.76757908717991,0.2501057906675442,0.11818623197306002,-0.00055,-0.0333375,0.0015423603793466806,0.0013236037934668073
0.3,0.45,12.0,0.0,0.32,14.76757908717991,0.2501057906675442,0.11818623197306002,-0.00055,-0.0333375,0.0015423603793466806,0.0013236037934668073
0.3,0.45,14.0,0.0,0.32,14.76757908717991,0.2501057906675442,0.11818623197306002,-0.00055,-0.0333375,0.0015423603793466806,0.0013236037934668073
0.3,0.5,,0.0,0.32,14.76757908717991,0.2501057906675442,0.11818623197306002,-0.00055,-0.0333375,0.0015423603793466806,0.0013236037934668073
0.3,0.5,2.0,0.0,0.32,14.76757908717991,0.2501057906675442,0.11818623197306002,-0.00055,-0.0333375,0.0015423603793466806,0.0013236037934668073
0.3,0.5,4.0,0.0,0.32,14.76757908717991,0.2501057906675442,0.11818623197306002,-0.00055,-0.0333375,0.0015423603793466806,0.0013236037934668073
0.3,0.5,6.0,0.0,0.32,14.76757908717991,0.2501057906675442,0.11818623197306002,-0.00055,-0.0333375,0.0015423603793466806,0.0013236037934668073
0.3,0.5,8.0,0.0,0.32,14.76757908717991,0.2501057906675442,0.11818623197306002,-0.00055,-0.0333375,0.0015423603793466806,0.0013236037934668073
0.3,0.5,10.0,0.0,0.32,14.76757908717991,0.2501057906675442,0.11818623197306002,-0.00055,-0.0333375,0.0015423603793466806,0.0013236037934668073
0.3,0.5,12.0,0.0,0.32,14.76757908717991,0.2501057906675442,0.11818623197306002,-0.00055,-0.0333375,0.0015423603793466806,0.0013236037934668073
0.3,0.5,14.0,0.0,0.32,14.76757908717991,0.2501057906675442,0.11818623197306002,-0.00055,-0.0333375,0.0015423603793466806,0.0013236037934668073
0.3,0.55,,0.0,0.32,14.76757908717991,0.2501057906675442,0.11818623197306002,-0.00055,-0.0333375,0.0015423603793466806,0.0013236037934668073
0.3,0.55,2.0,0.0,0.32,14.76757908717991,0.2501057906675442,0.11818623197306002,-0.00055,-0.0333375,0.0015423603793466806,0.0013236037934668073
0.3,0.55,4.0,0.0,0.32,14.76757908717991,0.2501057906675442,0.11818623197306002,-0.00055,-0.0333375,0.0015423603793466806,0.0013236037934668073
0.3,0.55,6.0,0.0,0.32,14.76757908717991,0.2501057906675442,0.11818623197306002,-0.00055,-0.0333375,0.0015423603793466806,0.0013236037934668073
0.3,0.55,8.0,0.0,0.32,14.76757908717991,0.2501057906675442,0.11818623197306002,-0.00055,-0.0333375,0.0015423603793466806,0.0013236037934668073
0.3,0.55,10.0,0.0,0.32,14.76757908717991,0.2501057906675442,0.11818623197306002,-0.00055,-0.0333375,0.0015423603793466806,0.0013236037934668073
0.3,0.55,12.0,0.0,0.32,14.76757908717991,0.2501057906675442,0.11818623197306002,-0.00055,-0.0333375,0.0015423603793466806,0.0013236037934668073
0.3,0.55,14.0,0.0,0.32,14.76757908717991,0.2501057906675442,0.11818623197306002,-0.00055,-0.0333375,0.0015423603793466806,0.0013236037934668073
0.3,0.6,,0.0,0.32,14.76757908717991,0.2501057906675442,0.11818623197306002,-0.00055,-0.0333375,0.0015423603793466806,0.0013236037934668073
0.3,0.6,2.0,0.0,0.32,14.76757908717991,0.2501057906675442,0.11818623197306002,-0.00055,-0.0333375,0.0015423603793466806,0.0013236037934668073
0.3,0.6,4.0,0.0,0.32,14.76757908717991,0.2501057906675442,0.11818623197306002,-0.00055,-0.0333375,0.0015423603793466806,0.0013236037934668073
0.3,0.6,6.0,0.0,0.32,14.76757908717991,0.2501057906675442,0.11818623197306002,-0.00055,-0.0333375,0.0015423603793466806,0.0013236037934668073
0.3,0.6,8.0,0.0,0.32,14.76757908717991,0.2501057906675442,0.11818623197306002,-0.00055,-0.0333375,0.0015423603793466806,0.0013236037934668073
0.3,0.6,10.0,0.0,0.32,14.76757908717991,0.2501057906675442,0.11818623197306002,-0.00055,-0.0333375,0.0015423603793466806,0.0013236037934668073
0.3,0.6,12.0,0.0,0.32,14.76757908717991,0.2501057906675442,0.11818623197306002,-0.00055,-0.0333375,0.0015423603793466806,0.0013236037934668073
0.3,0.6,14.0,0.0,0.32,14.76757908717991,0.2501057906675442,0.11818623197306002,-0.00055,-0.0333375,0.0015423603793466806,0.0013236037934668073
0.3,0.65,,0.0,0.32,14.76757908717991,0.2501057906675442,0.11818623197306002,-0.00055,-0.0333375,0.0015423603793466806,0.0013236037934668073
0.3,0.65,2.0,0.0,0.32,14.76757908717991,0.2501057906675442,0.11818623197306002,-0.00055,-0.0333375,0.0015423603793466806,0.0013236037934668073
0.3,0.65,4.0,0.0,0.32,14.76757908717991,0.2501057906675442,0.11818623197306002,-0.00055,-0.0333375,0.0015423603793466806,0.0013236037934668073
0.3,0.65,6.0,0.0,0.32,14.76757908717991,0.2501057906675442,0.11818623197306002,-0.00055,-0.0333375,0.0015423603793466806,0.0013236037934668073
0.3,0.65,8.0,0.0,0.32,14.76757908717991,0.2501057906675442,0.11818623197306002,-0.00055,-0.0333375,0.0015423603793466806,0.0013236037934668073
0.3,0.65,10.0,0.0,0.32,14.76757908717991,0.2501057906675442,0.11818623197306002,-0.00055,-0.0333375,0.0015423603793466806,0.0013236037934668073
0.3,0.65,12.0,0.0,0.32,14.76757908717991,0.2501057906675442,0.11818623197306002,-0.00055,-0.0333375,0.0015423603793466806,0.0013236037934668073
0.3,0.65,14.0,0.0,0.32,14.76757908717991,0.2501057906675442,0.11818623197306002,-0.00055,-0.0333375,0.0015423603793466806,0.0013236037934668073
0.3,0.7,,0.0,0.32,14.76757908717991,0.2501057906675442,0.11818623197306002,-0.00055,-0.0333375,0.0015423603793466806,0.0013236037934668073
0.3,0.7,2.0,0.0,0.32,14.76757908717991,0.2501057906675442,0.11818623197306002,-0.00055,-0.0333375,0.0015423603793466806,0.0013236037934668073
0.3,0.7,4.0,0.0,0.32,14.76757908717991,0.2501057906675442,0.11818623197306002,-0.00055,-0.0333375,0.0015423603793466806,0.0013236037934668073
0.3,0.7,6.0,0.0,0.32,14.76757908717991,0.2501057906675442,0.11818623197306002,-0.00055,-0.0333375,0.0015423603793466806,0.0013236037934668073
0.3,0.7,8.0,0.0,0.32,14.76757908717991,0.2501057906675442,0.11818623197306002,-0.00055,-0.0333375,0.0015423603793466806,0.0013236037934668073
0.3,0.7,10.0,0.0,0.32,14.76757908717991,0.2501057906675442,0.11818623197306002,-0.00055,-0.0333375,0.0015423603793466806,0.0013236037934668073
0.3,0.7,12.0,0.0,0.32,14.76757908717991,0.2501057906675442,0.11818623197306002,-0.00055,-0.0333375,0.0015423603793466806,0.0013236037934668073
0.3,0.7,14.0,0.0,0.32,14.76757908717991,0.2501057906675442,0.11818623197306002,-0.00055,-0.0333375,0.0015423603793466806,0.0013236037934668073
0.3,0.75,,0.0,0.32,14.76757908717991,0.2501057906675442,0.11818623197306002,-0.00055,-0.0333375,0.0015423603793466806,0.0013236037934668073
0.3,0.75,2.0,0.0,0.32,14.76757908717991,0.2501057906675442,0.11818623197306002,-0.00055,-0.0333375,0.0015423603793466806,0.0013236037934668073
0.3,0.75,4.0,0.0,0.32,14.76757908717991,0.2501057906675442,0.11818623197306002,-0.00055,-0.0333375,0.0015423603793466806,0.0013236037934668073
0.3,0.75,6.0,0.0,0.32,14.76757908717991,0.2501057906675442,0.11818623197306002,-0.00055,-0.0333375,0.0015423603793466806,0.0013236037934668073
0.3,0.75,8.0,0.0,0.32,14.76757908717991,0.2501057906675442,0.11818623197306002,-0.00055,-0.0333375,0.0015423603793466806,0.0013236037934668073
0.3,0.75,10.0,0.0,0.32,14.76757908717991,0.2501057906675442,0.11818623197306002,-0.00055,-0.0333375,0.0015423603793466806,0.0013236037934668073
0.3,0.75,12.0,0.0,0.32,14.76757908717991,0.2501057906675442,0.11818623197306002,-0.00055,-0.0333375,0.0015423603793466806,0.0013236037934668073
0.3,0.75,14.0,0.0,0.32,14.76757908717991,0.2501057906675442,0.11818623197306002,-0.00055,-0.0333375,0.0015423603793466806,0.0013236037934668073
0.3,0.8,,0.0,0.32,14.76757908717991,0.2501057906675442,0.11818623197306002,-0.00055,-0.0333375,0.0015423603793466806,0.0013236037934668073
0.3,0.8,2.0,0.0,0.32,14.76757908717991,0.2501057906675442,0.11818623197306002,-0.00055,-0.0333375,0.0015423603793466806,0.0013236037934668073
0.3,0.8,4.0,0.0,0.32,14.76757908717991,0.2501057906675442,0.11818623197306002,-0.00055,-0.0333375,0.0015423603793466806,0.0013236037934668073
0.3,0.8,6.0,0.0,0.32,14.76757908717991,0.2501057906675442,0.11818623197306002,-0.00055,-0.0333375,0.0015423603793466806,0.0013236037934668073
0.3,0.8,8.0,0.0,0.32,14.76757908717991,0.2501057906675442,0.11818623197306002,-0.00055,-0.0333375,0.0015423603793466806,0.0013236037934668073
0.3,0.8,10.0,0.0,0.32,14.76757908717991,0.2501057906675442,0.11818623197306002,-0.00055,-0.0333375,0.0015423603793466806,0.0013236037934668073
0.3,0.8,12.0,0.0,0.32,14.76757908717991,0.2501057906675442,0.11818623197306002,-0.00055,-0.0333375,0.0015423603793466806,0.0013236037934668073
0.3,0.8,14.0,0.0,0.32,14.76757908717991,0.2501057906675442,0.11818623197306002,-0.00055,-0.0333375,0.0015423603793466806,0.0013236037934668073
0.3,0.85,,0.0,0.32,14.76757908717991,0.2501057906675442,0.11818623197306002,-0.00055,-0.0333375,0.0015423603793466806,0.0013236037934668073
0.3,0.85,2.0,0.0,0.32,14.76757908717991,0.2501057906675442,0.11818623197306002,-0.00055,-0.0333375,0.0015423603793466806,0.0013236037934668073
0.3,0.85,4.0,0.0,0.32,14.76757908717991,0.2501057906675442,0.11818623197306002,-0.00055,-0.0333375,0.0015423603793466806,0.0013236037934668073
0.3,0.85,6.0,0.0,0.32,14.76757908717991,0.2501057906675442,0.11818623197306002,-0.00055,-0.0333375,0.0015423603793466806,0.0013236037934668073
0.3,0.85,8.0,0.0,0.32,14.76757908717991,0.2501057906675442,0.11818623197306002,-0.00055,-0.0333375,0.0015423603793466806,0.0013236037934668073
0.3,0.85,10.0,0.0,0.32,14.76757908717991,0.2501057906675442,0.11818623197306002,-0.00055,-0.0333375,0.0015423603793466806,0.0013236037934668073
0.3,0.85,12.0,0.0,0.32,14.76757908717991,0.2501057906675442,0.11818623197306002,-0.00055,-0.0333375,0.0015423603793466806,0.0013236037934668073
0.3,0.85,14.0,0.0,0.32,14.76757908717991,0.2501057906675442,0.11818623197306002,-0.00055,-0.0333375,0.0015423603793466806,0.0013236037934668073
0.3,0.9,,0.0,0.32,14.76757908717991,0.2501057906675442,0.11818623197306002,-0.00055,-0.0333375,0.0015423603793466806,0.0013236037934668073
0.3,0.9,2.0,0.0,0.32,14.76757908717991,0.2501057906675442,0.11818623197306002,-0.00055,-0.0333375,0.0015423603793466806,0.0013236037934668073
0.3,0.9,4.0,0.0,0.32,14.76757908717991,0.2501057906675442,0.11818623197306002,-0.00055,-0.0333375,0.0015423603793466806,0.0013236037934668073
0.3,0.9,6.0,0.0,0.32,14.76757908717991,0.2501057906675442,0.11818623197306002,-0.00055,-0.0333375,0.0015423603793466806,0.0013236037934668073
0.3,0.9,8.0,0.0,0.32,14.76757908717991,0.2501057906675442,0.11818623197306002,-0.00055,-0.0333375,0.0015423603793466806,0.0013236037934668073
0.3,0.9,10.0,0.0,0.32,14.76757908717991,0.2501057906675442,0.11818623197306002,-0.00055,-0.0333375,0.0015423603793466806,0.0013236037934668073
0.3,0.9,12.0,0.0,0.32,14.76757908717991,0.2501057906675442,0.11818623197306002,-0.00055,-0.0333375,0.0015423603793466806,0.0013236037934668073
0.3,0.9,14.0,0.0,0.32,14.76757908717991,0.2501057906675442,0.11818623197306002,-0.00055,-0.0333375,0.0015423603793466806,0.0013236037934668073
0.3,0.95,,0.0,0.32,14.76757908717991,0.2501057906675442,0.11818623197306002,-0.00055,-0.0333375,0.0015423603793466806,0.0013236037934668073
0.3,0.95,2.0,0.0,0.32,14.76757908717991,0.2501057906675442,0.11818623197306002,-0.00055,-0.0333375,0.0015423603793466806,0.0013236037934668073
0.3,0.95,4.0,0.0,0.32,14.76757908717991,0.2501057906675442,0.11818623197306002,-0.00055,-0.0333375,0.0015423603793466806,0.0013236037934668073
0.3,0.95,6.0,0.0,0.32,14.76757908717991,0.2501057906675442,0.11818623197306002,-0.00055,-0.0333375,0.0015423603793466806,0.0013236037934668073
0.3,0.95,8.0,0.0,0.32,14.76757908717991,0.2501057906675442,0.11818623197306002,-0.00055,-0.0333375,0.0015423603793466806,0.0013236037934668073
0.3,0.95,10.0,0.0,0.32,14.76757908717991,0.2501057906675442,0.11818623197306002,-0.00055,-0.0333375,0.0015423603793466806,0.0013236037934668073
0.3,0.95,12.0,0.0,0.32,14.76757908717991,0.2501057906675442,0.11818623197306002,-0.00055,-0.0333375,0.0015423603793466806,0.0013236037934668073
0.3,0.95,14.0,0.0,0.32,14.76757908717991,0.2501057906675442,0.11818623197306002,-0.00055,-0.0333375,0.0015423603793466806,0.0013236037934668073
0.3,1.0,,0.0,0.32,14.76757908717991,0.2501057906675442,0.11818623197306002,-0.00055,-0.0333375,0.0015423603793466806,0.0013236037934668073
0.3,1.0,2.0,0.0,0.32,14.76757908717991,0.2501057906675442,0.11818623197306002,-0.00055,-0.0333375,0.0015423603793466806,0.0013236037934668073
0.3,1.0,4.0,0.0,0.32,14.76757908717991,0.2501057906675442,0.11818623197306002,-0.00055,-0.0333375,0.0015423603793466806,0.0013236037934668073
0.3,1.0,6.0,0.0,0.32,14.76757908717991,0.2501057906675442,0.11818623197306002,-0.00055,-0.0333375,0.0015423603793466806,0.0013236037934668073
0.3,1.0,8.0,0.0,0.32,14.76757908717991,0.2501057906675442,0.11818623197306002,-0.00055,-0.0333375,0.0015423603793466806,0.0013236037934668073
0.3,1.0,10.0,0.0,0.32,14.76757908717991,0.2501057906675442,0.11818623197306002,-0.00055,-0.0333375,0.0015423603793466806,0.0013236037934668073
0.3,1.0,12.0,0.0,0.32,14.76757908717991,0.2501057906675442,0.11818623197306002,-0.00055,-0.0333375,0.0015423603793466806,0.0013236037934668073
0.3,1.0,14.0,0.0,0.32,14.76757908717991,0.2501057906675442,0.11818623197306002,-0.00055,-0.0333375,0.0015423603793466806,0.0013236037934668073
0.35,0.1,,0.0,0.67,1.8346647488162813,0.03604147949762497,0.09819850237254144,0.0025383561643835617,-0.003436301369863014,-0.00017424593967517492,-0.0017252900232018573
0.35,0.15,,0.0,0.29,16.828697473455023,0.31870793094203875,0.11818254045409038,0.00055,0.0,0.0015059498956158663,0.001462108559498956
0.35,0.15,2.0,0.0,0.29,16.828697473455023,0.31870793094203875,0.11818254045409038,0.00055,0.0,0.0015059498956158663,0.001462108559498956
0.35,0.15,4.0,0.0,0.29,16.828697473455023,0.31870793094203875,0.11818254045409038,0.00055,0.0,0.0015059498956158663,0.001462108559498956
0.35,0.15,6.0,0.0,0.29,16.828697473455023,0.31870793094203875,0.11818254045409038,0.00055,0.0,0.0015059498956158663,0.001462108559498956
0.35,0.15,8.0,0.0,0.29,16.828697473455023,0.31870793094203875,0.11818254045409038,0.00055,0.0,0.0015059498956158663,0.001462108559498956
0.35,0.15,10.0,0.0,0.29,16.828697473455023,0.31870793094203875,0.11818254045409038,0.00055,0.0,0.0015059498956158663,0.001462108559498956
0.35,0.15,12.0,0.0,0.29,16.828697473455023,0.31870793094203875,0.11818254045409038,0.00055,0.0,0.0015059498956158663,0.001462108559498956
0.35,0.15,14.0,0.0,0.29,16.828697473455023,0.31870793094203875,0.11818254045409038,0.00055,0.0,0.0015059498956158663,0.001462108559498956
0.35,0.15,16.0,0.0,0.29,16.828697473455023,0.31870793094203875,0.11818254045409038,0.00055,0.0,0.0015059498956158663,0.001462108559498956
0.35,0.2,,0.0,0.29,16.828697473455023,0.31870793094203875,0.11818254045409038,0.00055,0.0,0.0015059498956158663,0.001462108559498956
0.35,0.2,2.0,0.0,0.29,16.828697473455023,0.31870793094203875,0.11818254045409038,0.00055,0.0,0.0015059498956158663,0.001462108559498956
0.35,0.2,4.0,0.0,0.29,16.828697473455023,0.31870793094203875,0.11818254045409038,0.00055,0.0,0.0015059498956158663,0.001462108559498956
0.35,0.2,6.0,0.0,0.29,16.828697473455023,0.31870793094203875,0.11818254045409038,0.00055,0.0,0.0015059498956158663,0.001462108559498956
0.35,0.2,8.0,0.0,0.29,16.828697473455023,0.31870793094203875,0.11818254045409038,0.00055,0.0,0.0015059498956158663,0.001462108559498956
0.35,0.2,10.0,0.0,0.29,16.828697473455023,0.31870793094203875,0.11818254045409038,0.00055,0.0,0.0015059498956158663,0.001462108559498956
0.35,0.2,12.0,0.0,0.29,16.828697473455023,0.31870793094203875,0.11818254045409038,0.00055,0.0,0.0015059498956158663,0.001462108559498956
0.35,0.2,14.0,0.0,0.29,16.828697473455023,0.31870793094203875,0.11818254045409038,0.00055,0.0,0.0015059498956158663,0.001462108559498956
0.35,0.2,16.0,0.0,0.29,16.828697473455023,0.31870793094203875,0.11818254045409038,0.00055,0.0,0.0015059498956158663,0.001462108559498956
0.35,0.25,,0.0,0.29,16.828697473455023,0.31870793094203875,0.11818254045409038,0.00055,0.0,0.0015059498956158663,0.001462108559498956
0.35,0.25,2.0,0.0,0.29,16.828697473455023,0.31870793094203875,0.11818254045409038,0.00055,0.0,0.0015059498956158663,0.001462108559498956
0.35,0.25,4.0,0.0,0.29,16.828697473455023,0.31870793094203875,0.11818254045409038,0.00055,0.0,0.0015059498956158663,0.001462108559498956
0.35,0.25,6.0,0.0,0.29,16.828697473455023,0.31870793094203875,0.11818254045409038,0.00055,0.0,0.0015059498956158663,0.001462108559498956
0.35,0.25,8.0,0.0,0.29,16.828697473455023,0.31870793094203875,0.11818254045409038,0.00055,0.0,0.0015059498956158663,0.001462108559498956
0.35,0.25,10.0,0.0,0.29,16.828697473455023,0.31870793094203875,0.11818254045409038,0.00055,0.0,0.0015059498956158663,0.001462108559498956
0.35,0.25,12.0,0.0,0.29,16.828697473455023,0.31870793094203875,0.11818254045409038,0.00055,0.0,0.0015059498956158663,0.001462108559498956
0.35,0.25,14.0,0.0,0.29,16.828697473455023,0.31870793094203875,0.11818254045409038,0.00055,0.0,0.0015059498956158663,0.001462108559498956
0.35,0.25,16.0,0.0,0.29,16.828697473455023,0.31870793094203875,0.11818254045409038,0.00055,0.0,0.0015059498956158663,0.001462108559498956
0.35,0.3,,0.0,0.29,16.828697473455023,0.31870793094203875,0.11818254045409038,0.00055,0.0,0.0015059498956158663,0.001462108559498956
0.35,0.3,2.0,0.0,0.29,16.828697473455023,0.31870793094203875,0.11818254045409038,0.00055,0.0,0.0015059498956158663,0.001462108559498956
0.35,0.3,4.0,0.0,0.29,16.828697473455023,0.31870793094203875,0.11818254045409038,0.00055,0.0,0.0015059498956158663,0.001462108559498956
0.35,0.3,6.0,0.0,0.29,16.828697473455023,0.31870793094203875,0.11818254045409038,0.00055,0.0,0.0015059498956158663,0.001462108559498956
0.35,0.3,8.0,0.0,0.29,16.828697473455023,0.31870793094203875,0.11818254045409038,0.00055,0.0,0.0015059498956158663,0.001462108559498956
0.35,0.3,10.0,0.0,0.29,16.828697473455023,0.31870793094203875,0.11818254045409038,0.00055,0.0,0.0015059498956158663,0.001462108559498956
0.35,0.3,12.0,0.0,0.29,16.828697473455023,0.31870793094203875,0.11818254045409038,0.00055,0.0,0.0015059498956158663,0.001462108559498956
0.35,0.3,14.0,0.0,0.29,16.828697473455023,0.31870793094203875,0.11818254045409038,0.00055,0.0,0.0015059498956158663,0.001462108559498956
0.35,0.3,16.0,0.0,0.29,16.828697473455023,0.31870793094203875,0.11818254045409038,0.00055,0.0,0.0015059498956158663,0.001462108559498956
0.35,0.35,,0.0,0.29,16.828697473455023,0.31870793094203875,0.11818254045409038,0.00055,0.0,0.0015059498956158663,0.001462108559498956
0.35,0.35,2.0,0.0,0.29,16.828697473455023,0.31870793094203875,0.11818254045409038,0.00055,0.0,0.0015059498956158663,0.001462108559498956
0.35,0.35,4.0,0.0,0.29,16.828697473455023,0.31870793094203875,0.11818254045409038,0.00055,0.0,0.0015059498956158663,0.001462108559498956
0.35,0.35,6.0,0.0,0.29,16.828697473455023,0.31870793094203875,0.11818254045409038,0.00055,0.0,0.0015059498956158663,0.001462108559498956
0.35,0.35,8.0,0.0,0.29,16.828697473455023,0.31870793094203875,0.11818254045409038,0.00055,0.0,0.0015059498956158663,0.001462108559498956
0.35,0.35,10.0,0.0,0.29,16.828697473455023,0.31870793094203875,0.11818254045409038,0.00055,0.0,0.0015059498956158663,0.001462108559498956
0.35,0.35,12.0,0.0,0.29,16.828697473455023,0.31870793094203875,0.11818254045409038,0.00055,0.0,0.0015059498956158663,0.001462108559498956
0.35,0.35,14.0,0.0,0.29,16.828697473455023,0.31870793094203875,0.11818254045409038,0.00055,0.0,0.0015059498956158663,0.001462108559498956
0.35,0.35,16.0,0.0,0.29,16.828697473455023,0.31870793094203875,0.11818254045409038,0.00055,0.0,0.0015059498956158663,0.001462108559498956
0.35,0.4,,0.0,0.29,16.828697473455023,0.31870793094203875,0.11818254045409038,0.00055,0.0,0.0015059498956158663,0.001462108559498956
0.35,0.4,2.0,0.0,0.29,16.828697473455023,0.31870793094203875,0.11818254045409038,0.00055,0.0,0.0015059498956158663,0.001462108559498956
0.35,0.4,4.0,0.0,0.29,16.828697473455023,0.31870793094203875,0.11818254045409038,0.00055,0.0,0.0015059498956158663,0.001462108559498956
0.35,0.4,6.0,0.0,0.29,16.828697473455023,0.31870793094203875,0.11818254045409038,0.00055,0.0,0.0015059498956158663,0.001462108559498956
0.35,0.4,8.0,0.0,0.29,16.828697473455023,0.31870793094203875,0.11818254045409038,0.00055,0.0,0.0015059498956158663,0.001462108559498956
0.35,0.4,10.0,0.0,0.29,16.828697473455023,0.31870793094203875,0.11818254045409038,0.00055,0.0,0.0015059498956158663,0.001462108559498956
0.35,0.4,12.0,0.0,0.29,16.828697473455023,0.31870793094203875,0.11818254045409038,0.00055,0.0,0.0015059498956158663,0.001462108559498956
0.35,0.4,14.0,0.0,0.29,16.828697473455023,0.31870793094203875,0.11818254045409038,0.00055,0.0,0.0015059498956158663,0.001462108559498956
0.35,0.4,16.0,0.0,0.29,16.828697473455023,0.31870793094203875,0.11818254045409038,0.00055,0.0,0.0015059498956158663,0.001462108559498956
0.35,0.45,,0.0,0.29,16.828697473455023,0.31870793094203875,0.11818254045409038,0.00055,0.0,0.0015059498956158663,0.001462108559498956
0.35,0.45,2.0,0.0,0.29,16.828697473455023,0.31870793094203875,0.11818254045409038,0.00055,0.0,0.0015059498956158663,0.001462108559498956
0.35,0.45,4.0,0.0,0.29,16.828697473455023,0.31870793094203875,0.11818254045409038,0.00055,0.0,0.0015059498956158663,0.001462108559498956
0.35,0.45,6.0,0.0,0.29,16.828697473455023,0.31870793094203875,0.11818254045409038,0.00055,0.0,0.0015059498956158663,0.001462108559498956
0.35,0.45,8.0,0.0,0.29,16.828697473455023,0.31870793094203875,0.11818254045409038,0.00055,0.0,0.0015059498956158663,0.001462108559498956
0.35,0.45,10.0,0.0,0.29,16.828697473455023,0.31870793094203875,0.11818254045409038,0.00055,0.0,0.0015059498956158663,0.001462108559498956
0.35,0.45,12.0,0.0,0.29,16.828697473455023,0.31870793094203875,0.11818254045409038,0.00055,0.0,0.0015059498956158663,0.001462108559498956
0.35,0.45,14.0,0.0,0.29,16.828697473455023,0.31870793094203875,0.11818254045409038,0.00055,0.0,0.0015059498956158663,0.001462108559498956
0.35,0.45,16.0,0.0,0.29,16.828697473455023,0.31870793094203875,0.11818254045409038,0.00055,0.0,0.0015059498956158663,0.001462108559498956
0.35,0.5,,0.0,0.29,16.828697473455023,0.31870793094203875,0.11818254045409038,0.00055,0.0,0.0015059498956158663,0.001462108559498956
0.35,0.5,2.0,0.0,0.29,16.828697473455023,0.31870793094203875,0.11818254045409038,0.00055,0.0,0.0015059498956158663,0.001462108559498956
0.35,0.5,4.0,0.0,0.29,16.828697473455023,0.31870793094203875,0.11818254045409038,0.00055,0.0,0.0015059498956158663,0.001462108559498956
0.35,0.5,6.0,0.0,0.29,16.828697473455023,0.31870793094203875,0.11818254045409038,0.00055,0.0,0.0015059498956158663,0.001462108559498956
0.35,0.5,8.0,0.0,0.29,16.828697473455023,0.31870793094203875,0.11818254045409038,0.00055,0.0,0.0015059498956158663,0.001462108559498956
0.35,0.5,10.0,0.0,0.29,16.828697473455023,0.31870793094203875,0.11818254045409038,0.00055,0.0,0.0015059498956158663,0.001462108559498956
0.35,0.5,12.0,0.0,0.29,16.828697473455023,0.31870793094203875,0.11818254045409038,0.00055,0.0,0.0015059498956158663,0.001462108559498956
0.35,0.5,14.0,0.0,0.29,16.828697473455023,0.31870793094203875,0.11818254045409038,0.00055,0.0,0.0015059498956158663,0.001462108559498956
0.35,0.5,16.0,0.0,0.29,16.828697473455023,0.31870793094203875,0.11818254045409038,0.00055,0.0,0.0015059498956158663,0.001462108559498956
0.35,0.55,,0.0,0.29,16.828697473455023,0.31870793094203875,0.11818254045409038,0.00055,0.0,0.0015059498956158663,0.001462108559498956
0.35,0.55,2.0,0.0,0.29,16.828697473455023,0.31870793094203875,0.11818254045409038,0.00055,0.0,0.0015059498956158663,0.001462108559498956
0.35,0.55,4.0,0.0,0.29,16.828697473455023,0.31870793094203875,0.11818254045409038,0.00055,0.0,0.0015059498956158663,0.001462108559498956
0.35,0.55,6.0,0.0,0.29,16.828697473455023,0.31870793094203875,0.11818254045409038,0.00055,0.0,0.0015059498956158663,0.001462108559498956
0.35,0.55,8.0,0.0,0.29,16.828697473455023,0.31870793094203875,0.11818254045409038,0.00055,0.0,0.0015059498956158663,0.001462108559498956
0.35,0.55,10.0,0.0,0.29,16.828697473455023,0.31870793094203875,0.11818254045409038,0.00055,0.0,0.0015059498956158663,0.001462108559498956
0.35,0.55,12.0,0.0,0.29,16.828697473455023,0.31870793094203875,0.11818254045409038,0.00055,0.0,0.0015059498956158663,0.001462108559498956
0.35,0.55,14.0,0.0,0.29,16.828697473455023,0.31870793094203875,0.11818254045409038,0.00055,0.0,0.0015059498956158663,0.001462108559498956
0.35,0.55,16.0,0.0,0.29,16.828697473455023,0.31870793094203875,0.11818254045409038,0.00055,0.0,0.0015059498956158663,0.001462108559498956
0.35,0.6,,0.0,0.29,16.828697473455023,0.31870793094203875,0.11818254045409038,0.00055,0.0,0.0015059498956158663,0.001462108559498956
0.35,0.6,2.0,0.0,0.29,16.828697473455023,0.31870793094203875,0.11818254045409038,0.00055,0.0,0.0015059498956158663,0.001462108559498956
0.35,0.6,4.0,0.0,0.29,16.828697473455023,0.31870793094203875,0.11818254045409038,0.00055,0.0,0.0015059498956158663,0.001462108559498956
0.35,0.6,6.0,0.0,0.29,16.828697473455023,0.31870793094203875,0.11818254045409038,0.00055,0.0,0.0015059498956158663,0.001462108559498956
0.35,0.6,8.0,0.0,0.29,16.828697473455023,0.31870793094203875,0.11818254045409038,0.00055,0.0,0.0015059498956158663,0.001462108559498956
0.35,0.6,10.0,0.0,0.29,16.828697473455023,0.31870793094203875,0.11818254045409038,0.00055,0.0,0.0015059498956158663,0.001462108559498956
0.35,0.6,12.0,0.0,0.29,16.828697473455023,0.31870793094203875,0.11818254045409038,0.00055,0.0,0.0015059498956158663,0.001462108559498956
0.35,0.6,14.0,0.0,0.29,16.828697473455023,0.31870793094203875,0.11818254045409038,0.00055,0.0,0.0015059498956158663,0.001462108559498956
0.35,0.6,16.0,0.0,0.29,16.828697473455023,0.31870793094203875,0.11818254045409038,0.00055,0.0,0.0015059498956158663,0.001462108559498956
0.35,0.65,,0.0,0.29,16.828697473455023,0.31870793094203875,0.11818254045409038,0.00055,0.0,0.0015059498956158663,0.001462108559498956
0.35,0.65,2.0,0.0,0.29,16.828697473455023,0.31870793094203875,0.11818254045409038,0.00055,0.0,0.0015059498956158663,0.001462108559498956
0.35,0.65,4.0,0.0,0.29,16.828697473455023,0.31870793094203875,0.11818254045409038,0.00055,0.0,0.0015059498956158663,0.001462108559498956
0.35,0.65,6.0,0.0,0.29,16.828697473455023,0.31870793094203875,0.11818254045409038,0.00055,0.0,0.0015059498956158663,0.001462108559498956
0.35,0.65,8.0,0.0,0.29,16.828697473455023,0.31870793094203875,0.11818254045409038,0.00055,0.0,0.0015059498956158663,0.001462108559498956
0.35,0.65,10.0,0.0,0.29,16.828697473455023,0.31870793094203875,0.11818254045409038,0.00055,0.0,0.0015059498956158663,0.001462108559498956
0.35,0.65,12.0,0.0,0.29,16.828697473455023,0.31870793094203875,0.11818254045409038,0.00055,0.0,0.0015059498956158663,0.001462108559498956
0.35,0.65,14.0,0.0,0.29,16.828697473455023,0.31870793094203875,0.11818254045409038,0.00055,0.0,0.0015059498956158663,0.001462108559498956
0.35,0.65,16.0,0.0,0.29,16.828697473455023,0.31870793094203875,0.11818254045409038,0.00055,0.0,0.0015059498956158663,0.001462108559498956
0.35,0.7,,0.0,0.29,16.828697473455023,0.31870793094203875,0.11818254045409038,0.00055,0.0,0.0015059498956158663,0.001462108559498956
0.35,0.7,2.0,0.0,0.29,16.828697473455023,0.31870793094203875,0.11818254045409038,0.00055,0.0,0.0015059498956158663,0.001462108559498956
0.35,0.7,4.0,0.0,0.29,16.828697473455023,0.31870793094203875,0.11818254045409038,0.00055,0.0,0.0015059498956158663,0.001462108559498956
0.35,0.7,6.0,0.0,0.29,16.828697473455023,0.31870793094203875,0.11818254045409038,0.00055,0.0,0.0015059498956158663,0.001462108559498956
0.35,0.7,8.0,0.0,0.29,16.828697473455023,0.31870793094203875,0.11818254045409038,0.00055,0.0,0.0015059498956158663,0.001462108559498956
0.35,0.7,10.0,0.0,0.29,16.828697473455023,0.31870793094203875,0.11818254045409038,0.00055,0.0,0.0015059498956158663,0.001462108559498956
0.35,0.7,12.0,0.0,0.29,16.828697473455023,0.31870793094203875,0.11818254045409038,0.00055,0.0,0.0015059498956158663,0.001462108559498956
0.35,0.7,14.0,0.0,0.29,16.828697473455023,0.31870793094203875,0.11818254045409038,0.00055,0.0,0.0015059498956158663,0.001462108559498956
0.35,0.7,16.0,0.0,0.29,16.828697473455023,0.31870793094203875,0.11818254045409038,0.00055,0.0,0.0015059498956158663,0.001462108559498956
0.35,0.75,,0.0,0.29,16.828697473455023,0.31870793094203875,0.11818254045409038,0.00055,0.0,0.0015059498956158663,0.001462108559498956
0.35,0.75,2.0,0.0,0.29,16.828697473455023,0.31870793094203875,0.11818254045409038,0.00055,0.0,0.0015059498956158663,0.001462108559498956
0.35,0.75,4.0,0.0,0.29,16.828697473455023,0.31870793094203875,0.11818254045409038,0.00055,0.0,0.0015059498956158663,0.001462108559498956
0.35,0.75,6.0,0.0,0.29,16.828697473455023,0.31870793094203875,0.11818254045409038,0.00055,0.0,0.0015059498956158663,0.001462108559498956
0.35,0.75,8.0,0.0,0.29,16.828697473455023,0.31870793094203875,0.11818254045409038,0.00055,0.0,0.0015059498956158663,0.001462108559498956
0.35,0.75,10.0,0.0,0.29,16.828697473455023,0.31870793094203875,0.11818254045409038,0.00055,0.0,0.0015059498956158663,0.001462108559498956
0.35,0.75,12.0,0.0,0.29,16.828697473455023,0.31870793094203875,0.11818254045409038,0.00055,0.0,0.0015059498956158663,0.001462108559498956
0.35,0.75,14.0,0.0,0.29,16.828697473455023,0.31870793094203875,0.11818254045409038,0.00055,0.0,0.0015059498956158663,0.001462108559498956
0.35,0.75,16.0,0.0,0.29,16.828697473455023,0.31870793094203875,0.11818254045409038,0.00055,0.0,0.0015059498956158663,0.001462108559498956
0.35,0.8,,0.0,0.29,16.828697473455023,0.31870793094203875,0.11818254045409038,0.00055,0.0,0.0015059498956158663,0.001462108559498956
0.35,0.8,2.0,0.0,0.29,16.828697473455023,0.31870793094203875,0.11818254045409038,0.00055,0.0,0.0015059498956158663,0.001462108559498956
0.35,0.8,4.0,0.0,0.29,16.828697473455023,0.31870793094203875,0.11818254045409038,0.00055,0.0,0.0015059498956158663,0.001462108559498956
0.35,0.8,6.0,0.0,0.29,16.828697473455023,0.31870793094203875,0.11818254045409038,0.00055,0.0,0.0015059498956158663,0.001462108559498956
0.35,0.8,8.0,0.0,0.29,16.828697473455023,0.31870793094203875,0.11818254045409038,0.00055,0.0,0.0015059498956158663,0.001462108559498956
0.35,0.8,10.0,0.0,0.29,16.828697473455023,0.31870793094203875,0.11818254045409038,0.00055,0.0,0.0015059498956158663,0.001462108559498956
0.35,0.8,12.0,0.0,0.29,16.828697473455023,0.31870793094203875,0.11818254045409038,0.00055,0.0,0.0015059498956158663,0.001462108559498956
0.35,0.8,14.0,0.0,0.29,16.828697473455023,0.31870793094203875,0.11818254045409038,0.00055,0.0,0.0015059498956158663,0.001462108559498956
0.35,0.8,16.0,0.0,0.29,16.828697473455023,0.31870793094203875,0.11818254045409038,0.00055,0.0,0.0015059498956158663,0.001462108559498956
0.35,0.85,,0.0,0.29,16.828697473455023,0.31870793094203875,0.11818254045409038,0.00055,0.0,0.0015059498956158663,0.001462108559498956
0.35,0.85,2.0,0.0,0.29,16.828697473455023,0.31870793094203875,0.11818254045409038,0.00055,0.0,0.0015059498956158663,0.001462108559498956
0.35,0.85,4.0,0.0,0.29,16.828697473455023,0.31870793094203875,0.11818254045409038,0.00055,0.0,0.0015059498956158663,0.001462108559498956
0.35,0.85,6.0,0.0,0.29,16.828697473455023,0.31870793094203875,0.11818254045409038,0.00055,0.0,0.0015059498956158663,0.001462108559498956
0.35,0.85,8.0,0.0,0.29,16.828697473455023,0.31870793094203875,0.11818254045409038,0.00055,0.0,0.0015059498956158663,0.001462108559498956
0.35,0.85,10.0,0.0,0.29,16.828697473455023,0.31870793094203875,0.11818254045409038,0.00055,0.0,0.0015059498956158663,0.001462108559498956
0.35,0.85,12.0,0.0,0.29,16.828697473455023,0.31870793094203875,0.11818254045409038,0.00055,0.0,0.0015059498956158663,0.001462108559498956
0.35,0.85,14.0,0.0,0.29,16.828697473455023,0.31870793094203875,0.11818254045409038,0.00055,0.0,0.0015059498956158663,0.001462108559498956
0.35,0.85,16.0,0.0,0.29,16.828697473455023,0.31870793094203875,0.11818254045409038,0.00055,0.0,0.0015059498956158663,0.001462108559498956
0.35,0.9,,0.0,0.29,16.828697473455023,0.31870793094203875,0.11818254045409038,0.00055,0.0,0.0015059498956158663,0.001462108559498956
0.35,0.9,2.0,0.0,0.29,16.828697473455023,0.31870793094203875,0.11818254045409038,0.00055,0.0,0.0015059498956158663,0.001462108559498956
0.35,0.9,4.0,0.0,0.29,16.828697473455023,0.31870793094203875,0.11818254045409038,0.00055,0.0,0.0015059498956158663,0.001462108559498956
0.35,0.9,6.0,0.0,0.29,16.828697473455023,0.31870793094203875,0.11818254045409038,0.00055,0.0,0.0015059498956158663,0.001462108559498956
0.35,0.9,8.0,0.0,0.29,16.828697473455023,0.31870793094203875,0.11818254045409038,0.00055,0.0,0.0015059498956158663,0.001462108559498956
0.35,0.9,10.0,0.0,0.29,16.828697473455023,0.31870793094203875,0.11818254045409038,0.00055,0.0,0.0015059498956158663,0.001462108559498956
0.35,0.9,12.0,0.0,0.29,16.828697473455023,0.31870793094203875,0.11818254045409038,0.00055,0.0,0.0015059498956158663,0.001462108559498956
0.35,0.9,14.0,0.0,0.29,16.828697473455023,0.31870793094203875,0.11818254045409038,0.00055,0.0,0.0015059498956158663,0.001462108559498956
0.35,0.9,16.0,0.0,0.29,16.828697473455023,0.31870793094203875,0.11818254045409038,0.00055,0.0,0.0015059498956158663,0.001462108559498956
0.35,0.95,,0.0,0.29,16.828697473455023,0.31870793094203875,0.11818254045409038,0.00055,0.0,0.0015059498956158663,0.001462108559498956
0.35,0.95,2.0,0.0,0.29,16.828697473455023,0.31870793094203875,0.11818254045409038,0.00055,0.0,0.0015059498956158663,0.001462108559498956
0.35,0.95,4.0,0.0,0.29,16.828697473455023,0.31870793094203875,0.11818254045409038,0.00055,0.0,0.0015059498956158663,0.001462108559498956
0.35,0.95,6.0,0.0,0.29,16.828697473455023,0.31870793094203875,0.11818254045409038,0.00055,0.0,0.0015059498956158663,0.001462108559498956
0.35,0.95,8.0,0.0,0.29,16.828697473455023,0.31870793094203875,0.11818254045409038,0.00055,0.0,0.0015059498956158663,0.001462108559498956
0.35,0.95,10.0,0.0,0.29,16.828697473455023,0.31870793094203875,0.11818254045409038,0.00055,0.0,0.0015059498956158663,0.001462108559498956
0.35,0.95,12.0,0.0,0.29,16.828697473455023,0.31870793094203875,0.11818254045409038,0.00055,0.0,0.0015059498956158663,0.001462108559498956
0.35,0.95,14.0,0.0,0.29,16.828697473455023,0.31870793094203875,0.11818254045409038,0.00055,0.0,0.0015059498956158663,0.001462108559498956
0.35,0.95,16.0,0.0,0.29,16.828697473455023,0.31870793094203875,0.11818254045409038,0.00055,0.0,0.0015059498956158663,0.001462108559498956
0.35,1.0,,0.0,0.29,16.828697473455023,0.31870793094203875,0.11818254045409038,0.00055,0.0,0.0015059498956158663,0.001462108559498956
0.35,1.0,2.0,0.0,0.29,16.828697473455023,0.31870793094203875,0.11818254045409038,0.00055,0.0,0.0015059498956158663,0.001462108559498956
0.35,1.0,4.0,0.0,0.29,16.828697473455023,0.31870793094203875,0.11818254045409038,0.00055,0.0,0.0015059498956158663,0.001462108559498956
0.35,1.0,6.0,0.0,0.29,16.828697473455023,0.31870793094203875,0.11818254045409038,0.00055,0.0,0.0015059498956158663,0.001462108559498956
0.35,1.0,8.0,0.0,0.29,16.828697473455023,0.31870793094203875,0.11818254045409038,0.00055,0.0,0.0015059498956158663,0.001462108559498956
0.35,1.0,10.0,0.0,0.29,16.828697473455023,0.31870793094203875,0.11818254045409038,0.00055,0.0,0.0015059498956158663,0.001462108559498956
0.35,1.0,12.0,0.0,0.29,16.828697473455023,0.31870793094203875,0.11818254045409038,0.00055,0.0,0.0015059498956158663,0.001462108559498956
0.35,1.0,14.0,0.0,0.29,16.828697473455023,0.31870793094203875,0.11818254045409038,0.00055,0.0,0.0015059498956158663,0.001462108559498956
0.35,1.0,16.0,0.0,0.29,16.828697473455023,0.31870793094203875,0.11818254045409038,0.00055,0.0,0.0015059498956158663,0.001462108559498956
0.4,0.1,,0.0,0.67,1.8346647488162813,0.03604147949762497,0.09819850237254144,0.0025383561643835617,-0.003436301369863014,-0.00017424593967517492,-0.0017252900232018573
0.4,0.15,,0.0,0.27,17.36735764629371,0.36904265551980675,0.11793822429829282,-0.0006000000000000001,0.0,0.0015224999999999998,0.0013597916666666665
0.4,0.15,2.0,0.0,0.27,17.36735764629371,0.36904265551980675,0.11793822429829282,-0.0006000000000000001,0.0,0.0015224999999999998,0.0013597916666666665
0.4,0.15,4.0,0.0,0.27,17.36735764629371,0.36904265551980675,0.11793822429829282,-0.0006000000000000001,0.0,0.0015224999999999998,0.0013597916666666665
0.4,0.15,6.0,0.0,0.27,17.36735764629371,0.36904265551980675,0.11793822429829282,-0.0006000000000000001,0.0,0.0015224999999999998,0.0013597916666666665
0.4,0.15,8.0,0.0,0.27,17.36735764629371,0.36904265551980675,0.11793822429829282,-0.0006000000000000001,0.0,0.0015224999999999998,0.0013597916666666665
0.4,0.15,10.0,0.0,0.27,17.36735764629371,0.36904265551980675,0.11793822429829282,-0.0006000000000000001,0.0,0.0015224999999999998,0.0013597916666666665
0.4,0.15,12.0,0.0,0.27,17.36735764629371,0.36904265551980675,0.11793822429829282,-0.0006000000000000001,0.0,0.0015224999999999998,0.0013597916666666665
0.4,0.15,14.0,0.0,0.27,17.36735764629371,0.36904265551980675,0.11793822429829282,-0.0006000000000000001,0.0,0.0015224999999999998,0.0013597916666666665
0.4,0.15,16.0,0.0,0.27,17.36735764629371,0.36904265551980675,0.11793822429829282,-0.0006000000000000001,0.0,0.0015224999999999998,0.0013597916666666665
0.4,0.2,,0.0,0.27,17.36735764629371,0.36904265551980675,0.11793822429829282,-0.0006000000000000001,0.0,0.0015224999999999998,0.0013597916666666665
0.4,0.2,2.0,0.0,0.27,17.36735764629371,0.36904265551980675,0.11793822429829282,-0.0006000000000000001,0.0,0.0015224999999999998,0.0013597916666666665
0.4,0.2,4.0,0.0,0.27,17.36735764629371,0.36904265551980675,0.11793822429829282,-0.0006000000000000001,0.0,0.0015224999999999998,0.0013597916666666665
0.4,0.2,6.0,0.0,0.27,17.36735764629371,0.36904265551980675,0.11793822429829282,-0.0006000000000000001,0.0,0.0015224999999999998,0.0013597916666666665
0.4,0.2,8.0,0.0,0.27,17.36735764629371,0.36904265551980675,0.11793822429829282,-0.0006000000000000001,0.0,0.0015224999999999998,0.0013597916666666665
0.4,0.2,10.0,0.0,0.27,17.36735764629371,0.36904265551980675,0.11793822429829282,-0.0006000000000000001,0.0,0.0015224999999999998,0.0013597916666666665
0.4,0.2,12.0,0.0,0.27,17.36735764629371,0.36904265551980675,0.11793822429829282,-0.0006000000000000001,0.0,0.0015224999999999998,0.0013597916666666665
0.4,0.2,14.0,0.0,0.27,17.36735764629371,0.36904265551980675,0.11793822429829282,-0.0006000000000000001,0.0,0.0015224999999999998,0.0013597916666666665
0.4,0.2,16.0,0.0,0.27,17.36735764629371,0.36904265551980675,0.11793822429829282,-0.0006000000000000001,0.0,0.0015224999999999998,0.0013597916666666665
0.4,0.25,,0.0,0.27,17.36735764629371,0.36904265551980675,0.11793822429829282,-0.0006000000000000001,0.0,0.0015224999999999998,0.0013597916666666665
0.4,0.25,2.0,0.0,0.27,17.36735764629371,0.36904265551980675,0.11793822429829282,-0.0006000000000000001,0.0,0.0015224999999999998,0.0013597916666666665
0.4,0.25,4.0,0.0,0.27,17.36735764629371,0.36904265551980675,0.11793822429829282,-0.0006000000000000001,0.0,0.0015224999999999998,0.0013597916666666665
0.4,0.25,6.0,0.0,0.27,17.36735764629371,0.36904265551980675,0.11793822429829282,-0.0006000000000000001,0.0,0.0015224999999999998,0.0013597916666666665
0.4,0.25,8.0,0.0,0.27,17.36735764629371,0.36904265551980675,0.11793822429829282,-0.0006000000000000001,0.0,0.0015224999999999998,0.0013597916666666665
0.4,0.25,10.0,0.0,0.27,17.36735764629371,0.36904265551980675,0.11793822429829282,-0.0006000000000000001,0.0,0.0015224999999999998,0.0013597916666666665
0.4,0.25,12.0,0.0,0.27,17.36735764629371,0.36904265551980675,0.11793822429829282,-0.0006000000000000001,0.0,0.0015224999999999998,0.0013597916666666665
0.4,0.25,14.0,0.0,0.27,17.36735764629371,0.36904265551980675,0.11793822429829282,-0.0006000000000000001,0.0,0.0015224999999999998,0.0013597916666666665
0.4,0.25,16.0,0.0,0.27,17.36735764629371,0.36904265551980675,0.11793822429829282,-0.0006000000000000001,0.0,0.0015224999999999998,0.0013597916666666665
0.4,0.3,,0.0,0.27,17.36735764629371,0.36904265551980675,0.11793822429829282,-0.0006000000000000001,0.0,0.0015224999999999998,0.0013597916666666665
0.4,0.3,2.0,0.0,0.27,17.36735764629371,0.36904265551980675,0.11793822429829282,-0.0006000000000000001,0.0,0.0015224999999999998,0.0013597916666666665
0.4,0.3,4.0,0.0,0.27,17.36735764629371,0.36904265551980675,0.11793822429829282,-0.0006000000000000001,0.0,0.0015224999999999998,0.0013597916666666665
0.4,0.3,6.0,0.0,0.27,17.36735764629371,0.36904265551980675,0.11793822429829282,-0.0006000000000000001,0.0,0.0015224999999999998,0.0013597916666666665
0.4,0.3,8.0,0.0,0.27,17.36735764629371,0.36904265551980675,0.11793822429829282,-0.0006000000000000001,0.0,0.0015224999999999998,0.0013597916666666665
0.4,0.3,10.0,0.0,0.27,17.36735764629371,0.36904265551980675,0.11793822429829282,-0.0006000000000000001,0.0,0.0015224999999999998,0.0013597916666666665
0.4,0.3,12.0,0.0,0.27,17.36735764629371,0.36904265551980675,0.11793822429829282,-0.0006000000000000001,0.0,0.0015224999999999998,0.0013597916666666665
0.4,0.3,14.0,0.0,0.27,17.36735764629371,0.36904265551980675,0.11793822429829282,-0.0006000000000000001,0.0,0.0015224999999999998,0.0013597916666666665
0.4,0.3,16.0,0.0,0.27,17.36735764629371,0.36904265551980675,0.11793822429829282,-0.0006000000000000001,0.0,0.0015224999999999998,0.0013597916666666665
0.4,0.35,,0.0,0.27,17.36735764629371,0.36904265551980675,0.11793822429829282,-0.0006000000000000001,0.0,0.0015224999999999998,0.0013597916666666665
0.4,0.35,2.0,0.0,0.27,17.36735764629371,0.36904265551980675,0.11793822429829282,-0.0006000000000000001,0.0,0.0015224999999999998,0.0013597916666666665
0.4,0.35,4.0,0.0,0.27,17.36735764629371,0.36904265551980675,0.11793822429829282,-0.0006000000000000001,0.0,0.0015224999999999998,0.0013597916666666665
0.4,0.35,6.0,0.0,0.27,17.36735764629371,0.36904265551980675,0.11793822429829282,-0.0006000000000000001,0.0,0.0015224999999999998,0.0013597916666666665
0.4,0.35,8.0,0.0,0.27,17.36735764629371,0.36904265551980675,0.11793822429829282,-0.0006000000000000001,0.0,0.0015224999999999998,0.0013597916666666665
0.4,0.35,10.0,0.0,0.27,17.36735764629371,0.36904265551980675,0.11793822429829282,-0.0006000000000000001,0.0,0.0015224999999999998,0.0013597916666666665
0.4,0.35,12.0,0.0,0.27,17.36735764629371,0.36904265551980675,0.11793822429829282,-0.0006000000000000001,0.0,0.0015224999999999998,0.0013597916666666665
0.4,0.35,14.0,0.0,0.27,17.36735764629371,0.36904265551980675,0.11793822429829282,-0.0006000000000000001,0.0,0.0015224999999999998,0.0013597916666666665
0.4,0.35,16.0,0.0,0.27,17.36735764629371,0.36904265551980675,0.11793822429829282,-0.0006000000000000001,0.0,0.0015224999999999998,0.0013597916666666665
0.4,0.4,,0.0,0.27,17.36735764629371,0.36904265551980675,0.11793822429829282,-0.0006000000000000001,0.0,0.0015224999999999998,0.0013597916666666665
0.4,0.4,2.0,0.0,0.27,17.36735764629371,0.36904265551980675,0.11793822429829282,-0.0006000000000000001,0.0,0.0015224999999999998,0.0013597916666666665
0.4,0.4,4.0,0.0,0.27,17.36735764629371,0.36904265551980675,0.11793822429829282,-0.0006000000000000001,0.0,0.0015224999999999998,0.0013597916666666665
0.4,0.4,6.0,0.0,0.27,17.36735764629371,0.36904265551980675,0.11793822429829282,-0.0006000000000000001,0.0,0.0015224999999999998,0.0013597916666666665
0.4,0.4,8.0,0.0,0.27,17.36735764629371,0.36904265551980675,0.11793822429829282,-0.0006000000000000001,0.0,0.0015224999999999998,0.0013597916666666665
0.4,0.4,10.0,0.0,0.27,17.36735764629371,0.36904265551980675,0.11793822429829282,-0.0006000000000000001,0.0,0.0015224999999999998,0.0013597916666666665
0.4,0.4,12.0,0.0,0.27,17.36735764629371,0.36904265551980675,0.11793822429829282,-0.0006000000000000001,0.0,0.0015224999999999998,0.0013597916666666665
0.4,0.4,14.0,0.0,0.27,17.36735764629371,0.36904265551980675,0.11793822429829282,-0.0006000000000000001,0.0,0.0015224999999999998,0.0013597916666666665
0.4,0.4,16.0,0.0,0.27,17.36735764629371,0.36904265551980675,0.11793822429829282,-0.0006000000000000001,0.0,0.0015224999999999998,0.0013597916666666665
0.4,0.45,,0.0,0.27,17.36735764629371,0.36904265551980675,0.11793822429829282,-0.0006000000000000001,0.0,0.0015224999999999998,0.0013597916666666665
0.4,0.45,2.0,0.0,0.27,17.36735764629371,0.36904265551980675,0.11793822429829282,-0.0006000000000000001,0.0,0.0015224999999999998,0.0013597916666666665
0.4,0.45,4.0,0.0,0.27,17.36735764629371,0.36904265551980675,0.11793822429829282,-0.0006000000000000001,0.0,0.0015224999999999998,0.0013597916666666665
0.4,0.45,6.0,0.0,0.27,17.36735764629371,0.36904265551980675,0.11793822429829282,-0.0006000000000000001,0.0,0.0015224999999999998,0.0013597916666666665
0.4,0.45,8.0,0.0,0.27,17.36735764629371,0.36904265551980675,0.11793822429829282,-0.0006000000000000001,0.0,0.0015224999999999998,0.0013597916666666665
0.4,0.45,10.0,0.0,0.27,17.36735764629371,0.36904265551980675,0.11793822429829282,-0.0006000000000000001,0.0,0.0015224999999999998,0.0013597916666666665
0.4,0.45,12.0,0.0,0.27,17.36735764629371,0.36904265551980675,0.11793822429829282,-0.0006000000000000001,0.0,0.0015224999999999998,0.0013597916666666665
0.4,0.45,14.0,0.0,0.27,17.36735764629371,0.36904265551980675,0.11793822429829282,-0.0006000000000000001,0.0,0.0015224999999999998,0.0013597916666666665
0.4,0.45,16.0,0.0,0.27,17.36735764629371,0.36904265551980675,0.11793822429829282,-0.0006000000000000001,0.0,0.0015224999999999998,0.0013597916666666665
0.4,0.5,,0.0,0.27,17.36735764629371,0.36904265551980675,0.11793822429829282,-0.0006000000000000001,0.0,0.0015224999999999998,0.0013597916666666665
0.4,0.5,2.0,0.0,0.27,17.36735764629371,0.36904265551980675,0.11793822429829282,-0.0006000000000000001,0.0,0.0015224999999999998,0.0013597916666666665
0.4,0.5,4.0,0.0,0.27,17.36735764629371,0.36904265551980675,0.11793822429829282,-0.0006000000000000001,0.0,0.0015224999999999998,0.0013597916666666665
0.4,0.5,6.0,0.0,0.27,17.36735764629371,0.36904265551980675,0.11793822429829282,-0.0006000000000000001,0.0,0.0015224999999999998,0.0013597916666666665
0.4,0.5,8.0,0.0,0.27,17.36735764629371,0.36904265551980675,0.11793822429829282,-0.0006000000000000001,0.0,0.0015224999999999998,0.0013597916666666665
0.4,0.5,10.0,0.0,0.27,17.36735764629371,0.36904265551980675,0.11793822429829282,-0.0006000000000000001,0.0,0.0015224999999999998,0.0013597916666666665
0.4,0.5,12.0,0.0,0.27,17.36735764629371,0.36904265551980675,0.11793822429829282,-0.0006000000000000001,0.0,0.0015224999999999998,0.0013597916666666665
0.4,0.5,14.0,0.0,0.27,17.36735764629371,0.36904265551980675,0.11793822429829282,-0.0006000000000000001,0.0,0.0015224999999999998,0.0013597916666666665
0.4,0.5,16.0,0.0,0.27,17.36735764629371,0.36904265551980675,0.11793822429829282,-0.0006000000000000001,0.0,0.0015224999999999998,0.0013597916666666665
0.4,0.55,,0.0,0.27,17.36735764629371,0.36904265551980675,0.11793822429829282,-0.0006000000000000001,0.0,0.0015224999999999998,0.0013597916666666665
0.4,0.55,2.0,0.0,0.27,17.36735764629371,0.36904265551980675,0.11793822429829282,-0.0006000000000000001,0.0,0.0015224999999999998,0.0013597916666666665
0.4,0.55,4.0,0.0,0.27,17.36735764629371,0.36904265551980675,0.11793822429829282,-0.0006000000000000001,0.0,0.0015224999999999998,0.0013597916666666665
0.4,0.55,6.0,0.0,0.27,17.36735764629371,0.36904265551980675,0.11793822429829282,-0.0006000000000000001,0.0,0.0015224999999999998,0.0013597916666666665
0.4,0.55,8.0,0.0,0.27,17.36735764629371,0.36904265551980675,0.11793822429829282,-0.0006000000000000001,0.0,0.0015224999999999998,0.0013597916666666665
0.4,0.55,10.0,0.0,0.27,17.36735764629371,0.36904265551980675,0.11793822429829282,-0.0006000000000000001,0.0,0.0015224999999999998,0.0013597916666666665
0.4,0.55,12.0,0.0,0.27,17.36735764629371,0.36904265551980675,0.11793822429829282,-0.0006000000000000001,0.0,0.0015224999999999998,0.0013597916666666665
0.4,0.55,14.0,0.0,0.27,17.36735764629371,0.36904265551980675,0.11793822429829282,-0.0006000000000000001,0.0,0.0015224999999999998,0.0013597916666666665
0.4,0.55,16.0,0.0,0.27,17.36735764629371,0.36904265551980675,0.11793822429829282,-0.0006000000000000001,0.0,0.0015224999999999998,0.0013597916666666665
0.4,0.6,,0.0,0.27,17.36735764629371,0.36904265551980675,0.11793822429829282,-0.0006000000000000001,0.0,0.0015224999999999998,0.0013597916666666665
0.4,0.6,2.0,0.0,0.27,17.36735764629371,0.36904265551980675,0.11793822429829282,-0.0006000000000000001,0.0,0.0015224999999999998,0.0013597916666666665
0.4,0.6,4.0,0.0,0.27,17.36735764629371,0.36904265551980675,0.11793822429829282,-0.0006000000000000001,0.0,0.0015224999999999998,0.0013597916666666665
0.4,0.6,6.0,0.0,0.27,17.36735764629371,0.36904265551980675,0.11793822429829282,-0.0006000000000000001,0.0,0.0015224999999999998,0.0013597916666666665
0.4,0.6,8.0,0.0,0.27,17.36735764629371,0.36904265551980675,0.11793822429829282,-0.0006000000000000001,0.0,0.0015224999999999998,0.0013597916666666665
0.4,0.6,10.0,0.0,0.27,17.36735764629371,0.36904265551980675,0.11793822429829282,-0.0006000000000000001,0.0,0.0015224999999999998,0.0013597916666666665
0.4,0.6,12.0,0.0,0.27,17.36735764629371,0.36904265551980675,0.11793822429829282,-0.0006000000000000001,0.0,0.0015224999999999998,0.0013597916666666665
0.4,0.6,14.0,0.0,0.27,17.36735764629371,0.36904265551980675,0.11793822429829282,-0.0006000000000000001,0.0,0.0015224999999999998,0.0013597916666666665
0.4,0.6,16.0,0.0,0.27,17.36735764629371,0.36904265551980675,0.11793822429829282,-0.0006000000000000001,0.0,0.0015224999999999998,0.0013597916666666665
0.4,0.65,,0.0,0.27,17.36735764629371,0.36904265551980675,0.11793822429829282,-0.0006000000000000001,0.0,0.0015224999999999998,0.0013597916666666665
0.4,0.65,2.0,0.0,0.27,17.36735764629371,0.36904265551980675,0.11793822429829282,-0.0006000000000000001,0.0,0.0015224999999999998,0.0013597916666666665
0.4,0.65,4.0,0.0,0.27,17.36735764629371,0.36904265551980675,0.11793822429829282,-0.0006000000000000001,0.0,0.0015224999999999998,0.0013597916666666665
0.4,0.65,6.0,0.0,0.27,17.36735764629371,0.36904265551980675,0.11793822429829282,-0.0006000000000000001,0.0,0.0015224999999999998,0.0013597916666666665
0.4,0.65,8.0,0.0,0.27,17.36735764629371,0.36904265551980675,0.11793822429829282,-0.0006000000000000001,0.0,0.0015224999999999998,0.0013597916666666665
0.4,0.65,10.0,0.0,0.27,17.36735764629371,0.36904265551980675,0.11793822429829282,-0.0006000000000000001,0.0,0.0015224999999999998,0.0013597916666666665
0.4,0.65,12.0,0.0,0.27,17.36735764629371,0.36904265551980675,0.11793822429829282,-0.0006000000000000001,0.0,0.0015224999999999998,0.0013597916666666665
0.4,0.65,14.0,0.0,0.27,17.36735764629371,0.36904265551980675,0.11793822429829282,-0.0006000000000000001,0.0,0.0015224999999999998,0.0013597916666666665
0.4,0.65,16.0,0.0,0.27,17.36735764629371,0.36904265551980675,0.11793822429829282,-0.0006000000000000001,0.0,0.0015224999999999998,0.0013597916666666665
0.4,0.7,,0.0,0.27,17.36735764629371,0.36904265551980675,0.11793822429829282,-0.0006000000000000001,0.0,0.0015224999999999998,0.0013597916666666665
0.4,0.7,2.0,0.0,0.27,17.36735764629371,0.36904265551980675,0.11793822429829282,-0.0006000000000000001,0.0,0.0015224999999999998,0.0013597916666666665
0.4,0.7,4.0,0.0,0.27,17.36735764629371,0.36904265551980675,0.11793822429829282,-0.0006000000000000001,0.0,0.0015224999999999998,0.0013597916666666665
0.4,0.7,6.0,0.0,0.27,17.36735764629371,0.36904265551980675,0.11793822429829282,-0.0006000000000000001,0.0,0.0015224999999999998,0.0013597916666666665
0.4,0.7,8.0,0.0,0.27,17.36735764629371,0.36904265551980675,0.11793822429829282,-0.0006000000000000001,0.0,0.0015224999999999998,0.0013597916666666665
0.4,0.7,10.0,0.0,0.27,17.36735764629371,0.36904265551980675,0.11793822429829282,-0.0006000000000000001,0.0,0.0015224999999999998,0.0013597916666666665
0.4,0.7,12.0,0.0,0.27,17.36735764629371,0.36904265551980675,0.11793822429829282,-0.0006000000000000001,0.0,0.0015224999999999998,0.0013597916666666665
0.4,0.7,14.0,0.0,0.27,17.36735764629371,0.36904265551980675,0.11793822429829282,-0.0006000000000000001,0.0,0.0015224999999999998,0.0013597916666666665
0.4,0.7,16.0,0.0,0.27,17.36735764629371,0.36904265551980675,0.11793822429829282,-0.0006000000000000001,0.0,0.0015224999999999998,0.0013597916666666665
0.4,0.75,,0.0,0.27,17.36735764629371,0.36904265551980675,0.11793822429829282,-0.0006000000000000001,0.0,0.0015224999999999998,0.0013597916666666665
0.4,0.75,2.0,0.0,0.27,17.36735764629371,0.36904265551980675,0.11793822429829282,-0.0006000000000000001,0.0,0.0015224999999999998,0.0013597916666666665
0.4,0.75,4.0,0.0,0.27,17.36735764629371,0.36904265551980675,0.11793822429829282,-0.0006000000000000001,0.0,0.0015224999999999998,0.0013597916666666665
0.4,0.75,6.0,0.0,0.27,17.36735764629371,0.36904265551980675,0.11793822429829282,-0.0006000000000000001,0.0,0.0015224999999999998,0.0013597916666666665
0.4,0.75,8.0,0.0,0.27,17.36735764629371,0.36904265551980675,0.11793822429829282,-0.0006000000000000001,0.0,0.0015224999999999998,0.0013597916666666665
0.4,0.75,10.0,0.0,0.27,17.36735764629371,0.36904265551980675,0.11793822429829282,-0.0006000000000000001,0.0,0.0015224999999999998,0.0013597916666666665
0.4,0.75,12.0,0.0,0.27,17.36735764629371,0.36904265551980675,0.11793822429829282,-0.0006000000000000001,0.0,0.0015224999999999998,0.0013597916666666665
0.4,0.75,14.0,0.0,0.27,17.36735764629371,0.36904265551980675,0.11793822429829282,-0.0006000000000000001,0.0,0.0015224999999999998,0.0013597916666666665
0.4,0.75,16.0,0.0,0.27,17.36735764629371,0.36904265551980675,0.11793822429829282,-0.0006000000000000001,0.0,0.0015224999999999998,0.0013597916666666665
0.4,0.8,,0.0,0.27,17.36735764629371,0.36904265551980675,0.11793822429829282,-0.0006000000000000001,0.0,0.0015224999999999998,0.0013597916666666665
0.4,0.8,2.0,0.0,0.27,17.36735764629371,0.36904265551980675,0.11793822429829282,-0.0006000000000000001,0.0,0.0015224999999999998,0.0013597916666666665
0.4,0.8,4.0,0.0,0.27,17.36735764629371,0.36904265551980675,0.11793822429829282,-0.0006000000000000001,0.0,0.0015224999999999998,0.0013597916666666665
0.4,0.8,6.0,0.0,0.27,17.36735764629371,0.36904265551980675,0.11793822429829282,-0.0006000000000000001,0.0,0.0015224999999999998,0.0013597916666666665
0.4,0.8,8.0,0.0,0.27,17.36735764629371,0.36904265551980675,0.11793822429829282,-0.0006000000000000001,0.0,0.0015224999999999998,0.0013597916666666665
0.4,0.8,10.0,0.0,0.27,17.36735764629371,0.36904265551980675,0.11793822429829282,-0.0006000000000000001,0.0,0.0015224999999999998,0.0013597916666666665
0.4,0.8,12.0,0.0,0.27,17.36735764629371,0.36904265551980675,0.11793822429829282,-0.0006000000000000001,0.0,0.0015224999999999998,0.0013597916666666665
0.4,0.8,14.0,0.0,0.27,17.36735764629371,0.36904265551980675,0.11793822429829282,-0.0006000000000000001,0.0,0.0015224999999999998,0.0013597916666666665
0.4,0.8,16.0,0.0,0.27,17.36735764629371,0.36904265551980675,0.11793822429829282,-0.0006000000000000001,0.0,0.0015224999999999998,0.0013597916666666665
0.4,0.85,,0.0,0.27,17.36735764629371,0.36904265551980675,0.11793822429829282,-0.0006000000000000001,0.0,0.0015224999999999998,0.0013597916666666665
0.4,0.85,2.0,0.0,0.27,17.36735764629371,0.36904265551980675,0.11793822429829282,-0.0006000000000000001,0.0,0.0015224999999999998,0.0013597916666666665
0.4,0.85,4.0,0.0,0.27,17.36735764629371,0.36904265551980675,0.11793822429829282,-0.0006000000000000001,0.0,0.0015224999999999998,0.0013597916666666665
0.4,0.85,6.0,0.0,0.27,17.36735764629371,0.36904265551980675,0.11793822429829282,-0.0006000000000000001,0.0,0.0015224999999999998,0.0013597916666666665
0.4,0.85,8.0,0.0,0.27,17.36735764629371,0.36904265551980675,0.11793822429829282,-0.0006000000000000001,0.0,0.0015224999999999998,0.0013597916666666665
0.4,0.85,10.0,0.0,0.27,17.36735764629371,0.36904265551980675,0.11793822429829282,-0.0006000000000000001,0.0,0.0015224999999999998,0.0013597916666666665
0.4,0.85,12.0,0.0,0.27,17.36735764629371,0.36904265551980675,0.11793822429829282,-0.0006000000000000001,0.0,0.0015224999999999998,0.0013597916666666665
0.4,0.85,14.0,0.0,0.27,17.36735764629371,0.36904265551980675,0.11793822429829282,-0.0006000000000000001,0.0,0.0015224999999999998,0.0013597916666666665
0.4,0.85,16.0,0.0,0.27,17.36735764629371,0.36904265551980675,0.11793822429829282,-0.0006000000000000001,0.0,0.0015224999999999998,0.0013597916666666665
0.4,0.9,,0.0,0.27,17.36735764629371,0.36904265551980675,0.11793822429829282,-0.0006000000000000001,0.0,0.0015224999999999998,0.0013597916666666665
0.4,0.9,2.0,0.0,0.27,17.36735764629371,0.36904265551980675,0.11793822429829282,-0.0006000000000000001,0.0,0.0015224999999999998,0.0013597916666666665
0.4,0.9,4.0,0.0,0.27,17.36735764629371,0.36904265551980675,0.11793822429829282,-0.0006000000000000001,0.0,0.0015224999999999998,0.0013597916666666665
0.4,0.9,6.0,0.0,0.27,17.36735764629371,0.36904265551980675,0.11793822429829282,-0.0006000000000000001,0.0,0.0015224999999999998,0.0013597916666666665
0.4,0.9,8.0,0.0,0.27,17.36735764629371,0.36904265551980675,0.11793822429829282,-0.0006000000000000001,0.0,0.0015224999999999998,0.0013597916666666665
0.4,0.9,10.0,0.0,0.27,17.36735764629371,0.36904265551980675,0.11793822429829282,-0.0006000000000000001,0.0,0.0015224999999999998,0.0013597916666666665
0.4,0.9,12.0,0.0,0.27,17.36735764629371,0.36904265551980675,0.11793822429829282,-0.0006000000000000001,0.0,0.0015224999999999998,0.0013597916666666665
0.4,0.9,14.0,0.0,0.27,17.36735764629371,0.36904265551980675,0.11793822429829282,-0.0006000000000000001,0.0,0.0015224999999999998,0.0013597916666666665
0.4,0.9,16.0,0.0,0.27,17.36735764629371,0.36904265551980675,0.11793822429829282,-0.0006000000000000001,0.0,0.0015224999999999998,0.0013597916666666665
0.4,0.95,,0.0,0.27,17.36735764629371,0.36904265551980675,0.11793822429829282,-0.0006000000000000001,0.0,0.0015224999999999998,0.0013597916666666665
0.4,0.95,2.0,0.0,0.27,17.36735764629371,0.36904265551980675,0.11793822429829282,-0.0006000000000000001,0.0,0.0015224999999999998,0.0013597916666666665
0.4,0.95,4.0,0.0,0.27,17.36735764629371,0.36904265551980675,0.11793822429829282,-0.0006000000000000001,0.0,0.0015224999999999998,0.0013597916666666665
0.4,0.95,6.0,0.0,0.27,17.36735764629371,0.36904265551980675,0.11793822429829282,-0.0006000000000000001,0.0,0.0015224999999999998,0.0013597916666666665
0.4,0.95,8.0,0.0,0.27,17.36735764629371,0.36904265551980675,0.11793822429829282,-0.0006000000000000001,0.0,0.0015224999999999998,0.0013597916666666665
0.4,0.95,10.0,0.0,0.27,17.36735764629371,0.36904265551980675,0.11793822429829282,-0.0006000000000000001,0.0,0.0015224999999999998,0.0013597916666666665
0.4,0.95,12.0,0.0,0.27,17.36735764629371,0.36904265551980675,0.11793822429829282,-0.0006000000000000001,0.0,0.0015224999999999998,0.0013597916666666665
0.4,0.95,14.0,0.0,0.27,17.36735764629371,0.36904265551980675,0.11793822429829282,-0.0006000000000000001,0.0,0.0015224999999999998,0.0013597916666666665
0.4,0.95,16.0,0.0,0.27,17.36735764629371,0.36904265551980675,0.11793822429829282,-0.0006000000000000001,0.0,0.0015224999999999998,0.0013597916666666665
0.4,1.0,,0.0,0.27,17.36735764629371,0.36904265551980675,0.11793822429829282,-0.0006000000000000001,0.0,0.0015224999999999998,0.0013597916666666665
0.4,1.0,2.0,0.0,0.27,17.36735764629371,0.36904265551980675,0.11793822429829282,-0.0006000000000000001,0.0,0.0015224999999999998,0.0013597916666666665
0.4,1.0,4.0,0.0,0.27,17.36735764629371,0.36904265551980675,0.11793822429829282,-0.0006000000000000001,0.0,0.0015224999999999998,0.0013597916666666665
0.4,1.0,6.0,0.0,0.27,17.36735764629371,0.36904265551980675,0.11793822429829282,-0.0006000000000000001,0.0,0.0015224999999999998,0.0013597916666666665
0.4,1.0,8.0,0.0,0.27,17.36735764629371,0.36904265551980675,0.11793822429829282,-0.0006000000000000001,0.0,0.0015224999999999998,0.0013597916666666665
0.4,1.0,10.0,0.0,0.27,17.36735764629371,0.36904265551980675,0.11793822429829282,-0.0006000000000000001,0.0,0.0015224999999999998,0.0013597916666666665
0.4,1.0,12.0,0.0,0.27,17.36735764629371,0.36904265551980675,0.11793822429829282,-0.0006000000000000001,0.0,0.0015224999999999998,0.0013597916666666665
0.4,1.0,14.0,0.0,0.27,17.36735764629371,0.36904265551980675,0.11793822429829282,-0.0006000000000000001,0.0,0.0015224999999999998,0.0013597916666666665
0.4,1.0,16.0,0.0,0.27,17.36735764629371,0.36904265551980675,0.11793822429829282,-0.0006000000000000001,0.0,0.0015224999999999998,0.0013597916666666665
0.45,0.1,,0.0,0.67,1.8346647488162813,0.03604147949762497,0.09819850237254144,0.0025383561643835617,-0.003436301369863014,-0.00017424593967517492,-0.0017252900232018573
0.45,0.15,,0.0,0.26,17.941641406291595,0.4376586748096509,0.11769491595892505,0.0,0.0,0.001506860706860707,0.0014311850311850315
0.45,0.15,2.0,0.0,0.26,17.941641406291595,0.4376586748096509,0.11769491595892505,0.0,0.0,0.001506860706860707,0.0014311850311850315
0.45,0.15,4.0,0.0,0.26,17.941641406291595,0.4376586748096509,0.11769491595892505,0.0,0.0,0.001506860706860707,0.0014311850311850315
0.45,0.15,6.0,0.0,0.26,17.941641406291595,0.4376586748096509,0.11769491595892505,0.0,0.0,0.001506860706860707,0.0014311850311850315
0.45,0.15,8.0,0.0,0.26,17.941641406291595,0.4376586748096509,0.11769491595892505,0.0,0.0,0.001506860706860707,0.0014311850311850315
0.45,0.15,10.0,0.0,0.26,17.941641406291595,0.4376586748096509,0.11769491595892505,0.0,0.0,0.001506860706860707,0.0014311850311850315
0.45,0.15,12.0,0.0,0.26,17.941641406291595,0.4376586748096509,0.11769491595892505,0.0,0.0,0.001506860706860707,0.0014311850311850315
0.45,0.15,14.0,0.0,0.26,17.941641406291595,0.4376586748096509,0.11769491595892505,0.0,0.0,0.001506860706860707,0.0014311850311850315
0.45,0.15,16.0,0.0,0.26,17.941641406291595,0.4376586748096509,0.11769491595892505,0.0,0.0,0.001506860706860707,0.0014311850311850315
0.45,0.2,,0.0,0.26,17.941641406291595,0.4376586748096509,0.11769491595892505,0.0,0.0,0.001506860706860707,0.0014311850311850315
0.45,0.2,2.0,0.0,0.26,17.941641406291595,0.4376586748096509,0.11769491595892505,0.0,0.0,0.001506860706860707,0.0014311850311850315
0.45,0.2,4.0,0.0,0.26,17.941641406291595,0.4376586748096509,0.11769491595892505,0.0,0.0,0.001506860706860707,0.0014311850311850315
0.45,0.2,6.0,0.0,0.26,17.941641406291595,0.4376586748096509,0.11769491595892505,0.0,0.0,0.001506860706860707,0.0014311850311850315
0.45,0.2,8.0,0.0,0.26,17.941641406291595,0.4376586748096509,0.11769491595892505,0.0,0.0,0.001506860706860707,0.0014311850311850315
0.45,0.2,10.0,0.0,0.26,17.941641406291595,0.4376586748096509,0.11769491595892505,0.0,0.0,0.001506860706860707,0.0014311850311850315
0.45,0.2,12.0,0.0,0.26,17.941641406291595,0.4376586748096509,0.11769491595892505,0.0,0.0,0.001506860706860707,0.0014311850311850315
0.45,0.2,14.0,0.0,0.26,17.941641406291595,0.4376586748096509,0.11769491595892505,0.0,0.0,0.001506860706860707,0.0014311850311850315
0.45,0.2,16.0,0.0,0.26,17.941641406291595,0.4376586748096509,0.11769491595892505,0.0,0.0,0.001506860706860707,0.0014311850311850315
0.45,0.25,,0.0,0.26,17.941641406291595,0.4376586748096509,0.11769491595892505,0.0,0.0,0.001506860706860707,0.0014311850311850315
0.45,0.25,2.0,0.0,0.26,17.941641406291595,0.4376586748096509,0.11769491595892505,0.0,0.0,0.001506860706860707,0.0014311850311850315
0.45,0.25,4.0,0.0,0.26,17.941641406291595,0.4376586748096509,0.11769491595892505,0.0,0.0,0.001506860706860707,0.0014311850311850315
0.45,0.25,6.0,0.0,0.26,17.941641406291595,0.4376586748096509,0.11769491595892505,0.0,0.0,0.001506860706860707,0.0014311850311850315
0.45,0.25,8.0,0.0,0.26,17.941641406291595,0.4376586748096509,0.11769491595892505,0.0,0.0,0.001506860706860707,0.0014311850311850315
0.45,0.25,10.0,0.0,0.26,17.941641406291595,0.4376586748096509,0.11769491595892505,0.0,0.0,0.001506860706860707,0.0014311850311850315
0.45,0.25,12.0,0.0,0.26,17.941641406291595,0.4376586748096509,0.11769491595892505,0.0,0.0,0.001506860706860707,0.0014311850311850315
0.45,0.25,14.0,0.0,0.26,17.941641406291595,0.4376586748096509,0.11769491595892505,0.0,0.0,0.001506860706860707,0.0014311850311850315
0.45,0.25,16.0,0.0,0.26,17.941641406291595,0.4376586748096509,0.11769491595892505,0.0,0.0,0.001506860706860707,0.0014311850311850315
0.45,0.3,,0.0,0.26,17.941641406291595,0.4376586748096509,0.11769491595892505,0.0,0.0,0.001506860706860707,0.0014311850311850315
0.45,0.3,2.0,0.0,0.26,17.941641406291595,0.4376586748096509,0.11769491595892505,0.0,0.0,0.001506860706860707,0.0014311850311850315
0.45,0.3,4.0,0.0,0.26,17.941641406291595,0.4376586748096509,0.11769491595892505,0.0,0.0,0.001506860706860707,0.0014311850311850315
0.45,0.3,6.0,0.0,0.26,17.941641406291595,0.4376586748096509,0.11769491595892505,0.0,0.0,0.001506860706860707,0.0014311850311850315
0.45,0.3,8.0,0.0,0.26,17.941641406291595,0.4376586748096509,0.11769491595892505,0.0,0.0,0.001506860706860707,0.0014311850311850315
0.45,0.3,10.0,0.0,0.26,17.941641406291595,0.4376586748096509,0.11769491595892505,0.0,0.0,0.001506860706860707,0.0014311850311850315
0.45,0.3,12.0,0.0,0.26,17.941641406291595,0.4376586748096509,0.11769491595892505,0.0,0.0,0.001506860706860707,0.0014311850311850315
0.45,0.3,14.0,0.0,0.26,17.941641406291595,0.4376586748096509,0.11769491595892505,0.0,0.0,0.001506860706860707,0.0014311850311850315
0.45,0.3,16.0,0.0,0.26,17.941641406291595,0.4376586748096509,0.11769491595892505,0.0,0.0,0.001506860706860707,0.0014311850311850315
0.45,0.35,,0.0,0.26,17.941641406291595,0.4376586748096509,0.11769491595892505,0.0,0.0,0.001506860706860707,0.0014311850311850315
0.45,0.35,2.0,0.0,0.26,17.941641406291595,0.4376586748096509,0.11769491595892505,0.0,0.0,0.001506860706860707,0.0014311850311850315
0.45,0.35,4.0,0.0,0.26,17.941641406291595,0.4376586748096509,0.11769491595892505,0.0,0.0,0.001506860706860707,0.0014311850311850315
0.45,0.35,6.0,0.0,0.26,17.941641406291595,0.4376586748096509,0.11769491595892505,0.0,0.0,0.001506860706860707,0.0014311850311850315
0.45,0.35,8.0,0.0,0.26,17.941641406291595,0.4376586748096509,0.11769491595892505,0.0,0.0,0.001506860706860707,0.0014311850311850315
0.45,0.35,10.0,0.0,0.26,17.941641406291595,0.4376586748096509,0.11769491595892505,0.0,0.0,0.001506860706860707,0.0014311850311850315
0.45,0.35,12.0,0.0,0.26,17.941641406291595,0.4376586748096509,0.11769491595892505,0.0,0.0,0.001506860706860707,0.0014311850311850315
0.45,0.35,14.0,0.0,0.26,17.941641406291595,0.4376586748096509,0.11769491595892505,0.0,0.0,0.001506860706860707,0.0014311850311850315
0.45,0.35,16.0,0.0,0.26,17.941641406291595,0.4376586748096509,0.11769491595892505,0.0,0.0,0.001506860706860707,0.0014311850311850315
0.45,0.4,,0.0,0.26,17.941641406291595,0.4376586748096509,0.11769491595892505,0.0,0.0,0.001506860706860707,0.0014311850311850315
0.45,0.4,2.0,0.0,0.26,17.941641406291595,0.4376586748096509,0.11769491595892505,0.0,0.0,0.001506860706860707,0.0014311850311850315
0.45,0.4,4.0,0.0,0.26,17.941641406291595,0.4376586748096509,0.11769491595892505,0.0,0.0,0.001506860706860707,0.0014311850311850315
0.45,0.4,6.0,0.0,0.26,17.941641406291595,0.4376586748096509,0.11769491595892505,0.0,0.0,0.001506860706860707,0.0014311850311850315
0.45,0.4,8.0,0.0,0.26,17.941641406291595,0.4376586748096509,0.11769491595892505,0.0,0.0,0.001506860706860707,0.0014311850311850315
0.45,0.4,10.0,0.0,0.26,17.941641406291595,0.4376586748096509,0.11769491595892505,0.0,0.0,0.001506860706860707,0.0014311850311850315
0.45,0.4,12.0,0.0,0.26,17.941641406291595,0.4376586748096509,0.11769491595892505,0.0,0.0,0.001506860706860707,0.0014311850311850315
0.45,0.4,14.0,0.0,0.26,17.941641406291595,0.4376586748096509,0.11769491595892505,0.0,0.0,0.001506860706860707,0.0014311850311850315
0.45,0.4,16.0,0.0,0.26,17.941641406291595,0.4376586748096509,0.11769491595892505,0.0,0.0,0.001506860706860707,0.0014311850311850315
0.45,0.45,,0.0,0.26,17.941641406291595,0.4376586748096509,0.11769491595892505,0.0,0.0,0.001506860706860707,0.0014311850311850315
0.45,0.45,2.0,0.0,0.26,17.941641406291595,0.4376586748096509,0.11769491595892505,0.0,0.0,0.001506860706860707,0.0014311850311850315
0.45,0.45,4.0,0.0,0.26,17.941641406291595,0.4376586748096509,0.11769491595892505,0.0,0.0,0.001506860706860707,0.0014311850311850315
0.45,0.45,6.0,0.0,0.26,17.941641406291595,0.4376586748096509,0.11769491595892505,0.0,0.0,0.001506860706860707,0.0014311850311850315
0.45,0.45,8.0,0.0,0.26,17.941641406291595,0.4376586748096509,0.11769491595892505,0.0,0.0,0.001506860706860707,0.0014311850311850315
0.45,0.45,10.0,0.0,0.26,17.941641406291595,0.4376586748096509,0.11769491595892505,0.0,0.0,0.001506860706860707,0.0014311850311850315
0.45,0.45,12.0,0.0,0.26,17.941641406291595,0.4376586748096509,0.11769491595892505,0.0,0.0,0.001506860706860707,0.0014311850311850315
0.45,0.45,14.0,0.0,0.26,17.941641406291595,0.4376586748096509,0.11769491595892505,0.0,0.0,0.001506860706860707,0.0014311850311850315
0.45,0.45,16.0,0.0,0.26,17.941641406291595,0.4376586748096509,0.11769491595892505,0.0,0.0,0.001506860706860707,0.0014311850311850315
0.45,0.5,,0.0,0.26,17.941641406291595,0.4376586748096509,0.11769491595892505,0.0,0.0,0.001506860706860707,0.0014311850311850315
0.45,0.5,2.0,0.0,0.26,17.941641406291595,0.4376586748096509,0.11769491595892505,0.0,0.0,0.001506860706860707,0.0014311850311850315
0.45,0.5,4.0,0.0,0.26,17.941641406291595,0.4376586748096509,0.11769491595892505,0.0,0.0,0.001506860706860707,0.0014311850311850315
0.45,0.5,6.0,0.0,0.26,17.941641406291595,0.4376586748096509,0.11769491595892505,0.0,0.0,0.001506860706860707,0.0014311850311850315
0.45,0.5,8.0,0.0,0.26,17.941641406291595,0.4376586748096509,0.11769491595892505,0.0,0.0,0.001506860706860707,0.0014311850311850315
0.45,0.5,10.0,0.0,0.26,17.941641406291595,0.4376586748096509,0.11769491595892505,0.0,0.0,0.001506860706860707,0.0014311850311850315
0.45,0.5,12.0,0.0,0.26,17.941641406291595,0.4376586748096509,0.11769491595892505,0.0,0.0,0.001506860706860707,0.0014311850311850315
0.45,0.5,14.0,0.0,0.26,17.941641406291595,0.4376586748096509,0.11769491595892505,0.0,0.0,0.001506860706860707,0.0014311850311850315
0.45,0.5,16.0,0.0,0.26,17.941641406291595,0.4376586748096509,0.11769491595892505,0.0,0.0,0.001506860706860707,0.0014311850311850315
0.45,0.55,,0.0,0.26,17.941641406291595,0.4376586748096509,0.11769491595892505,0.0,0.0,0.001506860706860707,0.0014311850311850315
0.45,0.55,2.0,0.0,0.26,17.941641406291595,0.4376586748096509,0.11769491595892505,0.0,0.0,0.001506860706860707,0.0014311850311850315
0.45,0.55,4.0,0.0,0.26,17.941641406291595,0.4376586748096509,0.11769491595892505,0.0,0.0,0.001506860706860707,0.0014311850311850315
0.45,0.55,6.0,0.0,0.26,17.941641406291595,0.4376586748096509,0.11769491595892505,0.0,0.0,0.001506860706860707,0.0014311850311850315
0.45,0.55,8.0,0.0,0.26,17.941641406291595,0.4376586748096509,0.11769491595892505,0.0,0.0,0.001506860706860707,0.0014311850311850315
0.45,0.55,10.0,0.0,0.26,17.941641406291595,0.4376586748096509,0.11769491595892505,0.0,0.0,0.001506860706860707,0.0014311850311850315
0.45,0.55,12.0,0.0,0.26,17.941641406291595,0.4376586748096509,0.11769491595892505,0.0,0.0,0.001506860706860707,0.0014311850311850315
0.45,0.55,14.0,0.0,0.26,17.941641406291595,0.4376586748096509,0.11769491595892505,0.0,0.0,0.001506860706860707,0.0014311850311850315
0.45,0.55,16.0,0.0,0.26,17.941641406291595,0.4376586748096509,0.11769491595892505,0.0,0.0,0.001506860706860707,0.0014311850311850315
0.45,0.6,,0.0,0.26,17.941641406291595,0.4376586748096509,0.11769491595892505,0.0,0.0,0.001506860706860707,0.0014311850311850315
0.45,0.6,2.0,0.0,0.26,17.941641406291595,0.4376586748096509,0.11769491595892505,0.0,0.0,0.001506860706860707,0.0014311850311850315
0.45,0.6,4.0,0.0,0.26,17.941641406291595,0.4376586748096509,0.11769491595892505,0.0,0.0,0.001506860706860707,0.0014311850311850315
0.45,0.6,6.0,0.0,0.26,17.941641406291595,0.4376586748096509,0.11769491595892505,0.0,0.0,0.001506860706860707,0.0014311850311850315
0.45,0.6,8.0,0.0,0.26,17.941641406291595,0.4376586748096509,0.11769491595892505,0.0,0.0,0.001506860706860707,0.0014311850311850315
0.45,0.6,10.0,0.0,0.26,17.941641406291595,0.4376586748096509,0.11769491595892505,0.0,0.0,0.001506860706860707,0.0014311850311850315
0.45,0.6,12.0,0.0,0.26,17.941641406291595,0.4376586748096509,0.11769491595892505,0.0,0.0,0.001506860706860707,0.0014311850311850315
0.45,0.6,14.0,0.0,0.26,17.941641406291595,0.4376586748096509,0.11769491595892505,0.0,0.0,0.001506860706860707,0.0014311850311850315
0.45,0.6,16.0,0.0,0.26,17.941641406291595,0.4376586748096509,0.11769491595892505,0.0,0.0,0.001506860706860707,0.0014311850311850315
0.45,0.65,,0.0,0.26,17.941641406291595,0.4376586748096509,0.11769491595892505,0.0,0.0,0.001506860706860707,0.0014311850311850315
0.45,0.65,2.0,0.0,0.26,17.941641406291595,0.4376586748096509,0.11769491595892505,0.0,0.0,0.001506860706860707,0.0014311850311850315
0.45,0.65,4.0,0.0,0.26,17.941641406291595,0.4376586748096509,0.11769491595892505,0.0,0.0,0.001506860706860707,0.0014311850311850315
0.45,0.65,6.0,0.0,0.26,17.941641406291595,0.4376586748096509,0.11769491595892505,0.0,0.0,0.001506860706860707,0.0014311850311850315
0.45,0.65,8.0,0.0,0.26,17.941641406291595,0.4376586748096509,0.11769491595892505,0.0,0.0,0.001506860706860707,0.0014311850311850315
0.45,0.65,10.0,0.0,0.26,17.941641406291595,0.4376586748096509,0.11769491595892505,0.0,0.0,0.001506860706860707,0.0014311850311850315
0.45,0.65,12.0,0.0,0.26,17.941641406291595,0.4376586748096509,0.11769491595892505,0.0,0.0,0.001506860706860707,0.0014311850311850315
0.45,0.65,14.0,0.0,0.26,17.941641406291595,0.4376586748096509,0.11769491595892505,0.0,0.0,0.001506860706860707,0.0014311850311850315
0.45,0.65,16.0,0.0,0.26,17.941641406291595,0.4376586748096509,0.11769491595892505,0.0,0.0,0.001506860706860707,0.0014311850311850315
0.45,0.7,,0.0,0.26,17.941641406291595,0.4376586748096509,0.11769491595892505,0.0,0.0,0.001506860706860707,0.0014311850311850315
0.45,0.7,2.0,0.0,0.26,17.941641406291595,0.4376586748096509,0.11769491595892505,0.0,0.0,0.001506860706860707,0.0014311850311850315
0.45,0.7,4.0,0.0,0.26,17.941641406291595,0.4376586748096509,0.11769491595892505,0.0,0.0,0.001506860706860707,0.0014311850311850315
0.45,0.7,6.0,0.0,0.26,17.941641406291595,0.4376586748096509,0.11769491595892505,0.0,0.0,0.001506860706860707,0.0014311850311850315
0.45,0.7,8.0,0.0,0.26,17.941641406291595,0.4376586748096509,0.11769491595892505,0.0,0.0,0.001506860706860707,0.0014311850311850315
0.45,0.7,10.0,0.0,0.26,17.941641406291595,0.4376586748096509,0.11769491595892505,0.0,0.0,0.001506860706860707,0.0014311850311850315
0.45,0.7,12.0,0.0,0.26,17.941641406291595,0.4376586748096509,0.11769491595892505,0.0,0.0,0.001506860706860707,0.0014311850311850315
0.45,0.7,14.0,0.0,0.26,17.941641406291595,0.4376586748096509,0.11769491595892505,0.0,0.0,0.001506860706860707,0.0014311850311850315
0.45,0.7,16.0,0.0,0.26,17.941641406291595,0.4376586748096509,0.11769491595892505,0.0,0.0,0.001506860706860707,0.0014311850311850315
0.45,0.75,,0.0,0.26,17.941641406291595,0.4376586748096509,0.11769491595892505,0.0,0.0,0.001506860706860707,0.0014311850311850315
0.45,0.75,2.0,0.0,0.26,17.941641406291595,0.4376586748096509,0.11769491595892505,0.0,0.0,0.001506860706860707,0.0014311850311850315
0.45,0.75,4.0,0.0,0.26,17.941641406291595,0.4376586748096509,0.11769491595892505,0.0,0.0,0.001506860706860707,0.0014311850311850315
0.45,0.75,6.0,0.0,0.26,17.941641406291595,0.4376586748096509,0.11769491595892505,0.0,0.0,0.001506860706860707,0.0014311850311850315
0.45,0.75,8.0,0.0,0.26,17.941641406291595,0.4376586748096509,0.11769491595892505,0.0,0.0,0.001506860706860707,0.0014311850311850315
0.45,0.75,10.0,0.0,0.26,17.941641406291595,0.4376586748096509,0.11769491595892505,0.0,0.0,0.001506860706860707,0.0014311850311850315
0.45,0.75,12.0,0.0,0.26,17.941641406291595,0.4376586748096509,0.11769491595892505,0.0,0.0,0.001506860706860707,0.0014311850311850315
0.45,0.75,14.0,0.0,0.26,17.941641406291595,0.4376586748096509,0.11769491595892505,0.0,0.0,0.001506860706860707,0.0014311850311850315
0.45,0.75,16.0,0.0,0.26,17.941641406291595,0.4376586748096509,0.11769491595892505,0.0,0.0,0.001506860706860707,0.0014311850311850315
0.45,0.8,,0.0,0.26,17.941641406291595,0.4376586748096509,0.11769491595892505,0.0,0.0,0.001506860706860707,0.0014311850311850315
0.45,0.8,2.0,0.0,0.26,17.941641406291595,0.4376586748096509,0.11769491595892505,0.0,0.0,0.001506860706860707,0.0014311850311850315
0.45,0.8,4.0,0.0,0.26,17.941641406291595,0.4376586748096509,0.11769491595892505,0.0,0.0,0.001506860706860707,0.0014311850311850315
0.45,0.8,6.0,0.0,0.26,17.941641406291595,0.4376586748096509,0.11769491595892505,0.0,0.0,0.001506860706860707,0.0014311850311850315
0.45,0.8,8.0,0.0,0.26,17.941641406291595,0.4376586748096509,0.11769491595892505,0.0,0.0,0.001506860706860707,0.0014311850311850315
0.45,0.8,10.0,0.0,0.26,17.941641406291595,0.4376586748096509,0.11769491595892505,0.0,0.0,0.001506860706860707,0.0014311850311850315
0.45,0.8,12.0,0.0,0.26,17.941641406291595,0.4376586748096509,0.11769491595892505,0.0,0.0,0.001506860706860707,0.0014311850311850315
0.45,0.8,14.0,0.0,0.26,17.941641406291595,0.4376586748096509,0.11769491595892505,0.0,0.0,0.001506860706860707,0.0014311850311850315
0.45,0.8,16.0,0.0,0.26,17.941641406291595,0.4376586748096509,0.11769491595892505,0.0,0.0,0.001506860706860707,0.0014311850311850315
0.45,0.85,,0.0,0.26,17.941641406291595,0.4376586748096509,0.11769491595892505,0.0,0.0,0.001506860706860707,0.0014311850311850315
0.45,0.85,2.0,0.0,0.26,17.941641406291595,0.4376586748096509,0.11769491595892505,0.0,0.0,0.001506860706860707,0.0014311850311850315
0.45,0.85,4.0,0.0,0.26,17.941641406291595,0.4376586748096509,0.11769491595892505,0.0,0.0,0.001506860706860707,0.0014311850311850315
0.45,0.85,6.0,0.0,0.26,17.941641406291595,0.4376586748096509,0.11769491595892505,0.0,0.0,0.001506860706860707,0.0014311850311850315
0.45,0.85,8.0,0.0,0.26,17.941641406291595,0.4376586748096509,0.11769491595892505,0.0,0.0,0.001506860706860707,0.0014311850311850315
0.45,0.85,10.0,0.0,0.26,17.941641406291595,0.4376586748096509,0.11769491595892505,0.0,0.0,0.001506860706860707,0.0014311850311850315
0.45,0.85,12.0,0.0,0.26,17.941641406291595,0.4376586748096509,0.11769491595892505,0.0,0.0,0.001506860706860707,0.0014311850311850315
0.45,0.85,14.0,0.0,0.26,17.941641406291595,0.4376586748096509,0.11769491595892505,0.0,0.0,0.001506860706860707,0.0014311850311850315
0.45,0.85,16.0,0.0,0.26,17.941641406291595,0.4376586748096509,0.11769491595892505,0.0,0.0,0.001506860706860707,0.0014311850311850315
0.45,0.9,,0.0,0.26,17.941641406291595,0.4376586748096509,0.11769491595892505,0.0,0.0,0.001506860706860707,0.0014311850311850315
0.45,0.9,2.0,0.0,0.26,17.941641406291595,0.4376586748096509,0.11769491595892505,0.0,0.0,0.001506860706860707,0.0014311850311850315
0.45,0.9,4.0,0.0,0.26,17.941641406291595,0.4376586748096509,0.11769491595892505,0.0,0.0,0.001506860706860707,0.0014311850311850315
0.45,0.9,6.0,0.0,0.26,17.941641406291595,0.4376586748096509,0.11769491595892505,0.0,0.0,0.001506860706860707,0.0014311850311850315
0.45,0.9,8.0,0.0,0.26,17.941641406291595,0.4376586748096509,0.11769491595892505,0.0,0.0,0.001506860706860707,0.0014311850311850315
0.45,0.9,10.0,0.0,0.26,17.941641406291595,0.4376586748096509,0.11769491595892505,0.0,0.0,0.001506860706860707,0.0014311850311850315
0.45,0.9,12.0,0.0,0.26,17.941641406291595,0.4376586748096509,0.11769491595892505,0.0,0.0,0.001506860706860707,0.0014311850311850315
0.45,0.9,14.0,0.0,0.26,17.941641406291595,0.4376586748096509,0.11769491595892505,0.0,0.0,0.001506860706860707,0.0014311850311850315
0.45,0.9,16.0,0.0,0.26,17.941641406291595,0.4376586748096509,0.11769491595892505,0.0,0.0,0.001506860706860707,0.0014311850311850315
0.45,0.95,,0.0,0.26,17.941641406291595,0.4376586748096509,0.11769491595892505,0.0,0.0,0.001506860706860707,0.0014311850311850315
0.45,0.95,2.0,0.0,0.26,17.941641406291595,0.4376586748096509,0.11769491595892505,0.0,0.0,0.001506860706860707,0.0014311850311850315
0.45,0.95,4.0,0.0,0.26,17.941641406291595,0.4376586748096509,0.11769491595892505,0.0,0.0,0.001506860706860707,0.0014311850311850315
0.45,0.95,6.0,0.0,0.26,17.941641406291595,0.4376586748096509,0.11769491595892505,0.0,0.0,0.001506860706860707,0.0014311850311850315
0.45,0.95,8.0,0.0,0.26,17.941641406291595,0.4376586748096509,0.11769491595892505,0.0,0.0,0.001506860706860707,0.0014311850311850315
0.45,0.95,10.0,0.0,0.26,17.941641406291595,0.4376586748096509,0.11769491595892505,0.0,0.0,0.001506860706860707,0.0014311850311850315
0.45,0.95,12.0,0.0,0.26,17.941641406291595,0.4376586748096509,0.11769491595892505,0.0,0.0,0.001506860706860707,0.0014311850311850315
0.45,0.95,14.0,0.0,0.26,17.941641406291595,0.4376586748096509,0.11769491595892505,0.0,0.0,0.001506860706860707,0.0014311850311850315
0.45,0.95,16.0,0.0,0.26,17.941641406291595,0.4376586748096509,0.11769491595892505,0.0,0.0,0.001506860706860707,0.0014311850311850315
0.45,1.0,,0.0,0.26,17.941641406291595,0.4376586748096509,0.11769491595892505,0.0,0.0,0.001506860706860707,0.0014311850311850315
0.45,1.0,2.0,0.0,0.26,17.941641406291595,0.4376586748096509,0.11769491595892505,0.0,0.0,0.001506860706860707,0.0014311850311850315
0.45,1.0,4.0,0.0,0.26,17.941641406291595,0.4376586748096509,0.11769491595892505,0.0,0.0,0.001506860706860707,0.0014311850311850315
0.45,1.0,6.0,0.0,0.26,17.941641406291595,0.4376586748096509,0.11769491595892505,0.0,0.0,0.001506860706860707,0.0014311850311850315
0.45,1.0,8.0,0.0,0.26,17.941641406291595,0.4376586748096509,0.11769491595892505,0.0,0.0,0.001506860706860707,0.0014311850311850315
0.45,1.0,10.0,0.0,0.26,17.941641406291595,0.4376586748096509,0.11769491595892505,0.0,0.0,0.001506860706860707,0.0014311850311850315
0.45,1.0,12.0,0.0,0.26,17.941641406291595,0.4376586748096509,0.11769491595892505,0.0,0.0,0.001506860706860707,0.0014311850311850315
0.45,1.0,14.0,0.0,0.26,17.941641406291595,0.4376586748096509,0.11769491595892505,0.0,0.0,0.001506860706860707,0.0014311850311850315
0.45,1.0,16.0,0.0,0.26,17.941641406291595,0.4376586748096509,0.11769491595892505,0.0,0.0,0.001506860706860707,0.0014311850311850315
0.5,0.1,,0.0,0.67,1.8346647488162813,0.03604147949762497,0.09819850237254144,0.0025383561643835617,-0.003436301369863014,-0.00017424593967517492,-0.0017252900232018573
0.5,0.15,,0.0,0.26,17.941641406291595,0.4376586748096509,0.11769491595892505,0.0,0.0,0.001506860706860707,0.0014311850311850315
0.5,0.15,2.0,0.0,0.26,17.941641406291595,0.4376586748096509,0.11769491595892505,0.0,0.0,0.001506860706860707,0.0014311850311850315
0.5,0.15,4.0,0.0,0.26,17.941641406291595,0.4376586748096509,0.11769491595892505,0.0,0.0,0.001506860706860707,0.0014311850311850315
0.5,0.15,6.0,0.0,0.26,17.941641406291595,0.4376586748096509,0.11769491595892505,0.0,0.0,0.001506860706860707,0.0014311850311850315
0.5,0.15,8.0,0.0,0.26,17.941641406291595,0.4376586748096509,0.11769491595892505,0.0,0.0,0.001506860706860707,0.0014311850311850315
0.5,0.15,10.0,0.0,0.26,17.941641406291595,0.4376586748096509,0.11769491595892505,0.0,0.0,0.001506860706860707,0.0014311850311850315
0.5,0.15,12.0,0.0,0.26,17.941641406291595,0.4376586748096509,0.11769491595892505,0.0,0.0,0.001506860706860707,0.0014311850311850315
0.5,0.15,14.0,0.0,0.26,17.941641406291595,0.4376586748096509,0.11769491595892505,0.0,0.0,0.001506860706860707,0.0014311850311850315
0.5,0.15,16.0,0.0,0.26,17.941641406291595,0.4376586748096509,0.11769491595892505,0.0,0.0,0.001506860706860707,0.0014311850311850315
0.5,0.2,,0.0,0.26,17.941641406291595,0.4376586748096509,0.11769491595892505,0.0,0.0,0.001506860706860707,0.0014311850311850315
0.5,0.2,2.0,0.0,0.26,17.941641406291595,0.4376586748096509,0.11769491595892505,0.0,0.0,0.001506860706860707,0.0014311850311850315
0.5,0.2,4.0,0.0,0.26,17.941641406291595,0.4376586748096509,0.11769491595892505,0.0,0.0,0.001506860706860707,0.0014311850311850315
0.5,0.2,6.0,0.0,0.26,17.941641406291595,0.4376586748096509,0.11769491595892505,0.0,0.0,0.001506860706860707,0.0014311850311850315
0.5,0.2,8.0,0.0,0.26,17.941641406291595,0.4376586748096509,0.11769491595892505,0.0,0.0,0.001506860706860707,0.0014311850311850315
0.5,0.2,10.0,0.0,0.26,17.941641406291595,0.4376586748096509,0.11769491595892505,0.0,0.0,0.001506860706860707,0.0014311850311850315
0.5,0.2,12.0,0.0,0.26,17.941641406291595,0.4376586748096509,0.11769491595892505,0.0,0.0,0.001506860706860707,0.0014311850311850315
0.5,0.2,14.0,0.0,0.26,17.941641406291595,0.4376586748096509,0.11769491595892505,0.0,0.0,0.001506860706860707,0.0014311850311850315
0.5,0.2,16.0,0.0,0.26,17.941641406291595,0.4376586748096509,0.11769491595892505,0.0,0.0,0.001506860706860707,0.0014311850311850315
0.5,0.25,,0.0,0.26,17.941641406291595,0.4376586748096509,0.11769491595892505,0.0,0.0,0.001506860706860707,0.0014311850311850315
0.5,0.25,2.0,0.0,0.26,17.941641406291595,0.4376586748096509,0.11769491595892505,0.0,0.0,0.001506860706860707,0.0014311850311850315
0.5,0.25,4.0,0.0,0.26,17.941641406291595,0.4376586748096509,0.11769491595892505,0.0,0.0,0.001506860706860707,0.0014311850311850315
0.5,0.25,6.0,0.0,0.26,17.941641406291595,0.4376586748096509,0.11769491595892505,0.0,0.0,0.001506860706860707,0.0014311850311850315
0.5,0.25,8.0,0.0,0.26,17.941641406291595,0.4376586748096509,0.11769491595892505,0.0,0.0,0.001506860706860707,0.0014311850311850315
0.5,0.25,10.0,0.0,0.26,17.941641406291595,0.4376586748096509,0.11769491595892505,0.0,0.0,0.001506860706860707,0.0014311850311850315
0.5,0.25,12.0,0.0,0.26,17.941641406291595,0.4376586748096509,0.11769491595892505,0.0,0.0,0.001506860706860707,0.0014311850311850315
0.5,0.25,14.0,0.0,0.26,17.941641406291595,0.4376586748096509,0.11769491595892505,0.0,0.0,0.001506860706860707,0.0014311850311850315
0.5,0.25,16.0,0.0,0.26,17.941641406291595,0.4376586748096509,0.11769491595892505,0.0,0.0,0.001506860706860707,0.0014311850311850315
0.5,0.3,,0.0,0.26,17.941641406291595,0.4376586748096509,0.11769491595892505,0.0,0.0,0.001506860706860707,0.0014311850311850315
0.5,0.3,2.0,0.0,0.26,17.941641406291595,0.4376586748096509,0.11769491595892505,0.0,0.0,0.001506860706860707,0.0014311850311850315
0.5,0.3,4.0,0.0,0.26,17.941641406291595,0.4376586748096509,0.11769491595892505,0.0,0.0,0.001506860706860707,0.0014311850311850315
0.5,0.3,6.0,0.0,0.26,17.941641406291595,0.4376586748096509,0.11769491595892505,0.0,0.0,0.001506860706860707,0.0014311850311850315
0.5,0.3,8.0,0.0,0.26,17.941641406291595,0.4376586748096509,0.11769491595892505,0.0,0.0,0.001506860706860707,0.0014311850311850315
0.5,0.3,10.0,0.0,0.26,17.941641406291595,0.4376586748096509,0.11769491595892505,0.0,0.0,0.001506860706860707,0.0014311850311850315
0.5,0.3,12.0,0.0,0.26,17.941641406291595,0.4376586748096509,0.11769491595892505,0.0,0.0,0.001506860706860707,0.0014311850311850315
0.5,0.3,14.0,0.0,0.26,17.941641406291595,0.4376586748096509,0.11769491595892505,0.0,0.0,0.001506860706860707,0.0014311850311850315
0.5,0.3,16.0,0.0,0.26,17.941641406291595,0.4376586748096509,0.11769491595892505,0.0,0.0,0.001506860706860707,0.0014311850311850315
0.5,0.35,,0.0,0.26,17.941641406291595,0.4376586748096509,0.11769491595892505,0.0,0.0,0.001506860706860707,0.0014311850311850315
0.5,0.35,2.0,0.0,0.26,17.941641406291595,0.4376586748096509,0.11769491595892505,0.0,0.0,0.001506860706860707,0.0014311850311850315
0.5,0.35,4.0,0.0,0.26,17.941641406291595,0.4376586748096509,0.11769491595892505,0.0,0.0,0.001506860706860707,0.0014311850311850315
0.5,0.35,6.0,0.0,0.26,17.941641406291595,0.4376586748096509,0.11769491595892505,0.0,0.0,0.001506860706860707,0.0014311850311850315
0.5,0.35,8.0,0.0,0.26,17.941641406291595,0.4376586748096509,0.11769491595892505,0.0,0.0,0.001506860706860707,0.0014311850311850315
0.5,0.35,10.0,0.0,0.26,17.941641406291595,0.4376586748096509,0.11769491595892505,0.0,0.0,0.001506860706860707,0.0014311850311850315
0.5,0.35,12.0,0.0,0.26,17.941641406291595,0.4376586748096509,0.11769491595892505,0.0,0.0,0.001506860706860707,0.0014311850311850315
0.5,0.35,14.0,0.0,0.26,17.941641406291595,0.4376586748096509,0.11769491595892505,0.0,0.0,0.001506860706860707,0.0014311850311850315
0.5,0.35,16.0,0.0,0.26,17.941641406291595,0.4376586748096509,0.11769491595892505,0.0,0.0,0.001506860706860707,0.0014311850311850315
0.5,0.4,,0.0,0.26,17.941641406291595,0.4376586748096509,0.11769491595892505,0.0,0.0,0.001506860706860707,0.0014311850311850315
0.5,0.4,2.0,0.0,0.26,17.941641406291595,0.4376586748096509,0.11769491595892505,0.0,0.0,0.001506860706860707,0.0014311850311850315
0.5,0.4,4.0,0.0,0.26,17.941641406291595,0.4376586748096509,0.11769491595892505,0.0,0.0,0.001506860706860707,0.0014311850311850315
0.5,0.4,6.0,0.0,0.26,17.941641406291595,0.4376586748096509,0.11769491595892505,0.0,0.0,0.001506860706860707,0.0014311850311850315
0.5,0.4,8.0,0.0,0.26,17.941641406291595,0.4376586748096509,0.11769491595892505,0.0,0.0,0.001506860706860707,0.0014311850311850315
0.5,0.4,10.0,0.0,0.26,17.941641406291595,0.4376586748096509,0.11769491595892505,0.0,0.0,0.001506860706860707,0.0014311850311850315
0.5,0.4,12.0,0.0,0.26,17.941641406291595,0.4376586748096509,0.11769491595892505,0.0,0.0,0.001506860706860707,0.0014311850311850315
0.5,0.4,14.0,0.0,0.26,17.941641406291595,0.4376586748096509,0.11769491595892505,0.0,0.0,0.001506860706860707,0.0014311850311850315
0.5,0.4,16.0,0.0,0.26,17.941641406291595,0.4376586748096509,0.11769491595892505,0.0,0.0,0.001506860706860707,0.0014311850311850315
0.5,0.45,,0.0,0.26,17.941641406291595,0.4376586748096509,0.11769491595892505,0.0,0.0,0.001506860706860707,0.0014311850311850315
0.5,0.45,2.0,0.0,0.26,17.941641406291595,0.4376586748096509,0.11769491595892505,0.0,0.0,0.001506860706860707,0.0014311850311850315
0.5,0.45,4.0,0.0,0.26,17.941641406291595,0.4376586748096509,0.11769491595892505,0.0,0.0,0.001506860706860707,0.0014311850311850315
0.5,0.45,6.0,0.0,0.26,17.941641406291595,0.4376586748096509,0.11769491595892505,0.0,0.0,0.001506860706860707,0.0014311850311850315
0.5,0.45,8.0,0.0,0.26,17.941641406291595,0.4376586748096509,0.11769491595892505,0.0,0.0,0.001506860706860707,0.0014311850311850315
0.5,0.45,10.0,0.0,0.26,17.941641406291595,0.4376586748096509,0.11769491595892505,0.0,0.0,0.001506860706860707,0.0014311850311850315
0.5,0.45,12.0,0.0,0.26,17.941641406291595,0.4376586748096509,0.11769491595892505,0.0,0.0,0.001506860706860707,0.0014311850311850315
0.5,0.45,14.0,0.0,0.26,17.941641406291595,0.4376586748096509,0.11769491595892505,0.0,0.0,0.001506860706860707,0.0014311850311850315
0.5,0.45,16.0,0.0,0.26,17.941641406291595,0.4376586748096509,0.11769491595892505,0.0,0.0,0.001506860706860707,0.0014311850311850315
0.5,0.5,,0.0,0.26,17.941641406291595,0.4376586748096509,0.11769491595892505,0.0,0.0,0.001506860706860707,0.0014311850311850315
0.5,0.5,2.0,0.0,0.26,17.941641406291595,0.4376586748096509,0.11769491595892505,0.0,0.0,0.001506860706860707,0.0014311850311850315
0.5,0.5,4.0,0.0,0.26,17.941641406291595,0.4376586748096509,0.11769491595892505,0.0,0.0,0.001506860706860707,0.0014311850311850315
0.5,0.5,6.0,0.0,0.26,17.941641406291595,0.4376586748096509,0.11769491595892505,0.0,0.0,0.001506860706860707,0.0014311850311850315
0.5,0.5,8.0,0.0,0.26,17.941641406291595,0.4376586748096509,0.11769491595892505,0.0,0.0,0.001506860706860707,0.0014311850311850315
0.5,0.5,10.0,0.0,0.26,17.941641406291595,0.4376586748096509,0.11769491595892505,0.0,0.0,0.001506860706860707,0.0014311850311850315
0.5,0.5,12.0,0.0,0.26,17.941641406291595,0.4376586748096509,0.11769491595892505,0.0,0.0,0.001506860706860707,0.0014311850311850315
0.5,0.5,14.0,0.0,0.26,17.941641406291595,0.4376586748096509,0.11769491595892505,0.0,0.0,0.001506860706860707,0.0014311850311850315
0.5,0.5,16.0,0.0,0.26,17.941641406291595,0.4376586748096509,0.11769491595892505,0.0,0.0,0.001506860706860707,0.0014311850311850315
0.5,0.55,,0.0,0.26,17.941641406291595,0.4376586748096509,0.11769491595892505,0.0,0.0,0.001506860706860707,0.0014311850311850315
0.5,0.55,2.0,0.0,0.26,17.941641406291595,0.4376586748096509,0.11769491595892505,0.0,0.0,0.001506860706860707,0.0014311850311850315
0.5,0.55,4.0,0.0,0.26,17.941641406291595,0.4376586748096509,0.11769491595892505,0.0,0.0,0.001506860706860707,0.0014311850311850315
0.5,0.55,6.0,0.0,0.26,17.941641406291595,0.4376586748096509,0.11769491595892505,0.0,0.0,0.001506860706860707,0.0014311850311850315
0.5,0.55,8.0,0.0,0.26,17.941641406291595,0.4376586748096509,0.11769491595892505,0.0,0.0,0.001506860706860707,0.0014311850311850315
0.5,0.55,10.0,0.0,0.26,17.941641406291595,0.4376586748096509,0.11769491595892505,0.0,0.0,0.001506860706860707,0.0014311850311850315
0.5,0.55,12.0,0.0,0.26,17.941641406291595,0.4376586748096509,0.11769491595892505,0.0,0.0,0.001506860706860707,0.0014311850311850315
0.5,0.55,14.0,0.0,0.26,17.941641406291595,0.4376586748096509,0.11769491595892505,0.0,0.0,0.001506860706860707,0.0014311850311850315
0.5,0.55,16.0,0.0,0.26,17.941641406291595,0.4376586748096509,0.11769491595892505,0.0,0.0,0.001506860706860707,0.0014311850311850315
0.5,0.6,,0.0,0.26,17.941641406291595,0.4376586748096509,0.11769491595892505,0.0,0.0,0.001506860706860707,0.0014311850311850315
0.5,0.6,2.0,0.0,0.26,17.941641406291595,0.4376586748096509,0.11769491595892505,0.0,0.0,0.001506860706860707,0.0014311850311850315
0.5,0.6,4.0,0.0,0.26,17.941641406291595,0.4376586748096509,0.11769491595892505,0.0,0.0,0.001506860706860707,0.0014311850311850315
0.5,0.6,6.0,0.0,0.26,17.941641406291595,0.4376586748096509,0.11769491595892505,0.0,0.0,0.001506860706860707,0.0014311850311850315
0.5,0.6,8.0,0.0,0.26,17.941641406291595,0.4376586748096509,0.11769491595892505,0.0,0.0,0.001506860706860707,0.0014311850311850315
0.5,0.6,10.0,0.0,0.26,17.941641406291595,0.4376586748096509,0.11769491595892505,0.0,0.0,0.001506860706860707,0.0014311850311850315
0.5,0.6,12.0,0.0,0.26,17.941641406291595,0.4376586748096509,0.11769491595892505,0.0,0.0,0.001506860706860707,0.0014311850311850315
0.5,0.6,14.0,0.0,0.26,17.941641406291595,0.4376586748096509,0.11769491595892505,0.0,0.0,0.001506860706860707,0.0014311850311850315
0.5,0.6,16.0,0.0,0.26,17.941641406291595,0.4376586748096509,0.11769491595892505,0.0,0.0,0.001506860706860707,0.0014311850311850315
0.5,0.65,,0.0,0.26,17.941641406291595,0.4376586748096509,0.11769491595892505,0.0,0.0,0.001506860706860707,0.0014311850311850315
0.5,0.65,2.0,0.0,0.26,17.941641406291595,0.4376586748096509,0.11769491595892505,0.0,0.0,0.001506860706860707,0.0014311850311850315
0.5,0.65,4.0,0.0,0.26,17.941641406291595,0.4376586748096509,0.11769491595892505,0.0,0.0,0.001506860706860707,0.0014311850311850315
0.5,0.65,6.0,0.0,0.26,17.941641406291595,0.4376586748096509,0.11769491595892505,0.0,0.0,0.001506860706860707,0.0014311850311850315
0.5,0.65,8.0,0.0,0.26,17.941641406291595,0.4376586748096509,0.11769491595892505,0.0,0.0,0.001506860706860707,0.0014311850311850315
0.5,0.65,10.0,0.0,0.26,17.941641406291595,0.4376586748096509,0.11769491595892505,0.0,0.0,0.001506860706860707,0.0014311850311850315
0.5,0.65,12.0,0.0,0.26,17.941641406291595,0.4376586748096509,0.11769491595892505,0.0,0.0,0.001506860706860707,0.0014311850311850315
0.5,0.65,14.0,0.0,0.26,17.941641406291595,0.4376586748096509,0.11769491595892505,0.0,0.0,0.001506860706860707,0.0014311850311850315
0.5,0.65,16.0,0.0,0.26,17.941641406291595,0.4376586748096509,0.11769491595892505,0.0,0.0,0.001506860706860707,0.0014311850311850315
0.5,0.7,,0.0,0.26,17.941641406291595,0.4376586748096509,0.11769491595892505,0.0,0.0,0.001506860706860707,0.0014311850311850315
0.5,0.7,2.0,0.0,0.26,17.941641406291595,0.4376586748096509,0.11769491595892505,0.0,0.0,0.001506860706860707,0.0014311850311850315
0.5,0.7,4.0,0.0,0.26,17.941641406291595,0.4376586748096509,0.11769491595892505,0.0,0.0,0.001506860706860707,0.0014311850311850315
0.5,0.7,6.0,0.0,0.26,17.941641406291595,0.4376586748096509,0.11769491595892505,0.0,0.0,0.001506860706860707,0.0014311850311850315
0.5,0.7,8.0,0.0,0.26,17.941641406291595,0.4376586748096509,0.11769491595892505,0.0,0.0,0.001506860706860707,0.0014311850311850315
0.5,0.7,10.0,0.0,0.26,17.941641406291595,0.4376586748096509,0.11769491595892505,0.0,0.0,0.001506860706860707,0.0014311850311850315
0.5,0.7,12.0,0.0,0.26,17.941641406291595,0.4376586748096509,0.11769491595892505,0.0,0.0,0.001506860706860707,0.0014311850311850315
0.5,0.7,14.0,0.0,0.26,17.941641406291595,0.4376586748096509,0.11769491595892505,0.0,0.0,0.001506860706860707,0.0014311850311850315
0.5,0.7,16.0,0.0,0.26,17.941641406291595,0.4376586748096509,0.11769491595892505,0.0,0.0,0.001506860706860707,0.0014311850311850315
0.5,0.75,,0.0,0.26,17.941641406291595,0.4376586748096509,0.11769491595892505,0.0,0.0,0.001506860706860707,0.0014311850311850315
0.5,0.75,2.0,0.0,0.26,17.941641406291595,0.4376586748096509,0.11769491595892505,0.0,0.0,0.001506860706860707,0.0014311850311850315
0.5,0.75,4.0,0.0,0.26,17.941641406291595,0.4376586748096509,0.11769491595892505,0.0,0.0,0.001506860706860707,0.0014311850311850315
0.5,0.75,6.0,0.0,0.26,17.941641406291595,0.4376586748096509,0.11769491595892505,0.0,0.0,0.001506860706860707,0.0014311850311850315
0.5,0.75,8.0,0.0,0.26,17.941641406291595,0.4376586748096509,0.11769491595892505,0.0,0.0,0.001506860706860707,0.0014311850311850315
0.5,0.75,10.0,0.0,0.26,17.941641406291595,0.4376586748096509,0.11769491595892505,0.0,0.0,0.001506860706860707,0.0014311850311850315
0.5,0.75,12.0,0.0,0.26,17.941641406291595,0.4376586748096509,0.11769491595892505,0.0,0.0,0.001506860706860707,0.0014311850311850315
0.5,0.75,14.0,0.0,0.26,17.941641406291595,0.4376586748096509,0.11769491595892505,0.0,0.0,0.001506860706860707,0.0014311850311850315
0.5,0.75,16.0,0.0,0.26,17.941641406291595,0.4376586748096509,0.11769491595892505,0.0,0.0,0.001506860706860707,0.0014311850311850315
0.5,0.8,,0.0,0.26,17.941641406291595,0.4376586748096509,0.11769491595892505,0.0,0.0,0.001506860706860707,0.0014311850311850315
0.5,0.8,2.0,0.0,0.26,17.941641406291595,0.4376586748096509,0.11769491595892505,0.0,0.0,0.001506860706860707,0.0014311850311850315
0.5,0.8,4.0,0.0,0.26,17.941641406291595,0.4376586748096509,0.11769491595892505,0.0,0.0,0.001506860706860707,0.0014311850311850315
0.5,0.8,6.0,0.0,0.26,17.941641406291595,0.4376586748096509,0.11769491595892505,0.0,0.0,0.001506860706860707,0.0014311850311850315
0.5,0.8,8.0,0.0,0.26,17.941641406291595,0.4376586748096509,0.11769491595892505,0.0,0.0,0.001506860706860707,0.0014311850311850315
0.5,0.8,10.0,0.0,0.26,17.941641406291595,0.4376586748096509,0.11769491595892505,0.0,0.0,0.001506860706860707,0.0014311850311850315
0.5,0.8,12.0,0.0,0.26,17.941641406291595,0.4376586748096509,0.11769491595892505,0.0,0.0,0.001506860706860707,0.0014311850311850315
0.5,0.8,14.0,0.0,0.26,17.941641406291595,0.4376586748096509,0.11769491595892505,0.0,0.0,0.001506860706860707,0.0014311850311850315
0.5,0.8,16.0,0.0,0.26,17.941641406291595,0.4376586748096509,0.11769491595892505,0.0,0.0,0.001506860706860707,0.0014311850311850315
0.5,0.85,,0.0,0.26,17.941641406291595,0.4376586748096509,0.11769491595892505,0.0,0.0,0.001506860706860707,0.0014311850311850315
0.5,0.85,2.0,0.0,0.26,17.941641406291595,0.4376586748096509,0.11769491595892505,0.0,0.0,0.001506860706860707,0.0014311850311850315
0.5,0.85,4.0,0.0,0.26,17.941641406291595,0.4376586748096509,0.11769491595892505,0.0,0.0,0.001506860706860707,0.0014311850311850315
0.5,0.85,6.0,0.0,0.26,17.941641406291595,0.4376586748096509,0.11769491595892505,0.0,0.0,0.001506860706860707,0.0014311850311850315
0.5,0.85,8.0,0.0,0.26,17.941641406291595,0.4376586748096509,0.11769491595892505,0.0,0.0,0.001506860706860707,0.0014311850311850315
0.5,0.85,10.0,0.0,0.26,17.941641406291595,0.4376586748096509,0.11769491595892505,0.0,0.0,0.001506860706860707,0.0014311850311850315
0.5,0.85,12.0,0.0,0.26,17.941641406291595,0.4376586748096509,0.11769491595892505,0.0,0.0,0.001506860706860707,0.0014311850311850315
0.5,0.85,14.0,0.0,0.26,17.941641406291595,0.4376586748096509,0.11769491595892505,0.0,0.0,0.001506860706860707,0.0014311850311850315
0.5,0.85,16.0,0.0,0.26,17.941641406291595,0.4376586748096509,0.11769491595892505,0.0,0.0,0.001506860706860707,0.0014311850311850315
0.5,0.9,,0.0,0.26,17.941641406291595,0.4376586748096509,0.11769491595892505,0.0,0.0,0.001506860706860707,0.0014311850311850315
0.5,0.9,2.0,0.0,0.26,17.941641406291595,0.4376586748096509,0.11769491595892505,0.0,0.0,0.001506860706860707,0.0014311850311850315
0.5,0.9,4.0,0.0,0.26,17.941641406291595,0.4376586748096509,0.11769491595892505,0.0,0.0,0.001506860706860707,0.0014311850311850315
0.5,0.9,6.0,0.0,0.26,17.941641406291595,0.4376586748096509,0.11769491595892505,0.0,0.0,0.001506860706860707,0.0014311850311850315
0.5,0.9,8.0,0.0,0.26,17.941641406291595,0.4376586748096509,0.11769491595892505,0.0,0.0,0.001506860706860707,0.0014311850311850315
0.5,0.9,10.0,0.0,0.26,17.941641406291595,0.4376586748096509,0.11769491595892505,0.0,0.0,0.001506860706860707,0.0014311850311850315
0.5,0.9,12.0,0.0,0.26,17.941641406291595,0.4376586748096509,0.11769491595892505,0.0,0.0,0.001506860706860707,0.0014311850311850315
0.5,0.9,14.0,0.0,0.26,17.941641406291595,0.4376586748096509,0.11769491595892505,0.0,0.0,0.001506860706860707,0.0014311850311850315
0.5,0.9,16.0,0.0,0.26,17.941641406291595,0.4376586748096509,0.11769491595892505,0.0,0.0,0.001506860706860707,0.0014311850311850315
0.5,0.95,,0.0,0.26,17.941641406291595,0.4376586748096509,0.11769491595892505,0.0,0.0,0.001506860706860707,0.0014311850311850315
0.5,0.95,2.0,0.0,0.26,17.941641406291595,0.4376586748096509,0.11769491595892505,0.0,0.0,0.001506860706860707,0.0014311850311850315
0.5,0.95,4.0,0.0,0.26,17.941641406291595,0.4376586748096509,0.11769491595892505,0.0,0.0,0.001506860706860707,0.0014311850311850315
0.5,0.95,6.0,0.0,0.26,17.941641406291595,0.4376586748096509,0.11769491595892505,0.0,0.0,0.001506860706860707,0.0014311850311850315
0.5,0.95,8.0,0.0,0.26,17.941641406291595,0.4376586748096509,0.11769491595892505,0.0,0.0,0.001506860706860707,0.0014311850311850315
0.5,0.95,10.0,0.0,0.26,17.941641406291595,0.4376586748096509,0.11769491595892505,0.0,0.0,0.001506860706860707,0.0014311850311850315
0.5,0.95,12.0,0.0,0.26,17.941641406291595,0.4376586748096509,0.11769491595892505,0.0,0.0,0.001506860706860707,0.0014311850311850315
0.5,0.95,14.0,0.0,0.26,17.941641406291595,0.4376586748096509,0.11769491595892505,0.0,0.0,0.001506860706860707,0.0014311850311850315
0.5,0.95,16.0,0.0,0.26,17.941641406291595,0.4376586748096509,0.11769491595892505,0.0,0.0,0.001506860706860707,0.0014311850311850315
0.5,1.0,,0.0,0.26,17.941641406291595,0.4376586748096509,0.11769491595892505,0.0,0.0,0.001506860706860707,0.0014311850311850315
0.5,1.0,2.0,0.0,0.26,17.941641406291595,0.4376586748096509,0.11769491595892505,0.0,0.0,0.001506860706860707,0.0014311850311850315
0.5,1.0,4.0,0.0,0.26,17.941641406291595,0.4376586748096509,0.11769491595892505,0.0,0.0,0.001506860706860707,0.0014311850311850315
0.5,1.0,6.0,0.0,0.26,17.941641406291595,0.4376586748096509,0.11769491595892505,0.0,0.0,0.001506860706860707,0.0014311850311850315
0.5,1.0,8.0,0.0,0.26,17.941641406291595,0.4376586748096509,0.11769491595892505,0.0,0.0,0.001506860706860707,0.0014311850311850315
0.5,1.0,10.0,0.0,0.26,17.941641406291595,0.4376586748096509,0.11769491595892505,0.0,0.0,0.001506860706860707,0.0014311850311850315
0.5,1.0,12.0,0.0,0.26,17.941641406291595,0.4376586748096509,0.11769491595892505,0.0,0.0,0.001506860706860707,0.0014311850311850315
0.5,1.0,14.0,0.0,0.26,17.941641406291595,0.4376586748096509,0.11769491595892505,0.0,0.0,0.001506860706860707,0.0014311850311850315
0.5,1.0,16.0,0.0,0.26,17.941641406291595,0.4376586748096509,0.11769491595892505,0.0,0.0,0.001506860706860707,0.0014311850311850315
0.55,0.1,,0.0,0.67,1.8346647488162813,0.03604147949762497,0.09819850237254144,0.0025383561643835617,-0.003436301369863014,-0.00017424593967517492,-0.0017252900232018573
0.55,0.15,,0.0,0.22,19.55848498833159,0.5358411166387221,0.11817861184751009,0.0,0.0,0.0008995863495346433,0.0008590486039296791
0.55,0.15,2.0,0.0,0.22,19.55848498833159,0.5358411166387221,0.11817861184751009,0.0,0.0,0.0008995863495346433,0.0008590486039296791
0.55,0.15,4.0,0.0,0.22,19.55848498833159,0.5358411166387221,0.11817861184751009,0.0,0.0,0.0008995863495346433,0.0008590486039296791
0.55,0.15,6.0,0.0,0.22,19.55848498833159,0.5358411166387221,0.11817861184751009,0.0,0.0,0.0008995863495346433,0.0008590486039296791
0.55,0.15,8.0,0.0,0.22,19.55848498833159,0.5358411166387221,0.11817861184751009,0.0,0.0,0.0008995863495346433,0.0008590486039296791
0.55,0.15,10.0,0.0,0.22,19.55848498833159,0.5358411166387221,0.11817861184751009,0.0,0.0,0.0008995863495346433,0.0008590486039296791
0.55,0.15,12.0,0.0,0.22,19.55848498833159,0.5358411166387221,0.11817861184751009,0.0,0.0,0.0008995863495346433,0.0008590486039296791
0.55,0.15,14.0,0.0,0.22,19.55848498833159,0.5358411166387221,0.11817861184751009,0.0,0.0,0.0008995863495346433,0.0008590486039296791
0.55,0.15,16.0,0.0,0.22,19.55848498833159,0.5358411166387221,0.11817861184751009,0.0,0.0,0.0008995863495346433,0.0008590486039296791
0.55,0.15,18.0,0.0,0.22,19.55848498833159,0.5358411166387221,0.11817861184751009,0.0,0.0,0.0008995863495346433,0.0008590486039296791
0.55,0.2,,0.0,0.22,19.55848498833159,0.5358411166387221,0.11817861184751009,0.0,0.0,0.0008995863495346433,0.0008590486039296791
0.55,0.2,2.0,0.0,0.22,19.55848498833159,0.5358411166387221,0.11817861184751009,0.0,0.0,0.0008995863495346433,0.0008590486039296791
0.55,0.2,4.0,0.0,0.22,19.55848498833159,0.5358411166387221,0.11817861184751009,0.0,0.0,0.0008995863495346433,0.0008590486039296791
0.55,0.2,6.0,0.0,0.22,19.55848498833159,0.5358411166387221,0.11817861184751009,0.0,0.0,0.0008995863495346433,0.0008590486039296791
0.55,0.2,8.0,0.0,0.22,19.55848498833159,0.5358411166387221,0.11817861184751009,0.0,0.0,0.0008995863495346433,0.0008590486039296791
0.55,0.2,10.0,0.0,0.22,19.55848498833159,0.5358411166387221,0.11817861184751009,0.0,0.0,0.0008995863495346433,0.0008590486039296791
0.55,0.2,12.0,0.0,0.22,19.55848498833159,0.5358411166387221,0.11817861184751009,0.0,0.0,0.0008995863495346433,0.0008590486039296791
0.55,0.2,14.0,0.0,0.22,19.55848498833159,0.5358411166387221,0.11817861184751009,0.0,0.0,0.0008995863495346433,0.0008590486039296791
0.55,0.2,16.0,0.0,0.22,19.55848498833159,0.5358411166387221,0.11817861184751009,0.0,0.0,0.0008995863495346433,0.0008590486039296791
0.55,0.2,18.0,0.0,0.22,19.55848498833159,0.5358411166387221,0.11817861184751009,0.0,0.0,0.0008995863495346433,0.0008590486039296791
0.55,0.25,,0.0,0.22,19.55848498833159,0.5358411166387221,0.11817861184751009,0.0,0.0,0.0008995863495346433,0.0008590486039296791
0.55,0.25,2.0,0.0,0.22,19.55848498833159,0.5358411166387221,0.11817861184751009,0.0,0.0,0.0008995863495346433,0.0008590486039296791
0.55,0.25,4.0,0.0,0.22,19.55848498833159,0.5358411166387221,0.11817861184751009,0.0,0.0,0.0008995863495346433,0.0008590486039296791
0.55,0.25,6.0,0.0,0.22,19.55848498833159,0.5358411166387221,0.11817861184751009,0.0,0.0,0.0008995863495346433,0.0008590486039296791
0.55,0.25,8.0,0.0,0.22,19.55848498833159,0.5358411166387221,0.11817861184751009,0.0,0.0,0.0008995863495346433,0.0008590486039296791
0.55,0.25,10.0,0.0,0.22,19.55848498833159,0.5358411166387221,0.11817861184751009,0.0,0.0,0.0008995863495346433,0.0008590486039296791
0.55,0.25,12.0,0.0,0.22,19.55848498833159,0.5358411166387221,0.11817861184751009,0.0,0.0,0.0008995863495346433,0.0008590486039296791
0.55,0.25,14.0,0.0,0.22,19.55848498833159,0.5358411166387221,0.11817861184751009,0.0,0.0,0.0008995863495346433,0.0008590486039296791
0.55,0.25,16.0,0.0,0.22,19.55848498833159,0.5358411166387221,0.11817861184751009,0.0,0.0,0.0008995863495346433,0.0008590486039296791
0.55,0.25,18.0,0.0,0.22,19.55848498833159,0.5358411166387221,0.11817861184751009,0.0,0.0,0.0008995863495346433,0.0008590486039296791
0.55,0.3,,0.0,0.22,19.55848498833159,0.5358411166387221,0.11817861184751009,0.0,0.0,0.0008995863495346433,0.0008590486039296791
0.55,0.3,2.0,0.0,0.22,19.55848498833159,0.5358411166387221,0.11817861184751009,0.0,0.0,0.0008995863495346433,0.0008590486039296791
0.55,0.3,4.0,0.0,0.22,19.55848498833159,0.5358411166387221,0.11817861184751009,0.0,0.0,0.0008995863495346433,0.0008590486039296791
0.55,0.3,6.0,0.0,0.22,19.55848498833159,0.5358411166387221,0.11817861184751009,0.0,0.0,0.0008995863495346433,0.0008590486039296791
0.55,0.3,8.0,0.0,0.22,19.55848498833159,0.5358411166387221,0.11817861184751009,0.0,0.0,0.0008995863495346433,0.0008590486039296791
0.55,0.3,10.0,0.0,0.22,19.55848498833159,0.5358411166387221,0.11817861184751009,0.0,0.0,0.0008995863495346433,0.0008590486039296791
0.55,0.3,12.0,0.0,0.22,19.55848498833159,0.5358411166387221,0.11817861184751009,0.0,0.0,0.0008995863495346433,0.0008590486039296791
0.55,0.3,14.0,0.0,0.22,19.55848498833159,0.5358411166387221,0.11817861184751009,0.0,0.0,0.0008995863495346433,0.0008590486039296791
0.55,0.3,16.0,0.0,0.22,19.55848498833159,0.5358411166387221,0.11817861184751009,0.0,0.0,0.0008995863495346433,0.0008590486039296791
0.55,0.3,18.0,0.0,0.22,19.55848498833159,0.5358411166387221,0.11817861184751009,0.0,0.0,0.0008995863495346433,0.0008590486039296791
0.55,0.35,,0.0,0.22,19.55848498833159,0.5358411166387221,0.11817861184751009,0.0,0.0,0.0008995863495346433,0.0008590486039296791
0.55,0.35,2.0,0.0,0.22,19.55848498833159,0.5358411166387221,0.11817861184751009,0.0,0.0,0.0008995863495346433,0.0008590486039296791
0.55,0.35,4.0,0.0,0.22,19.55848498833159,0.5358411166387221,0.11817861184751009,0.0,0.0,0.0008995863495346433,0.0008590486039296791
0.55,0.35,6.0,0.0,0.22,19.55848498833159,0.5358411166387221,0.11817861184751009,0.0,0.0,0.0008995863495346433,0.0008590486039296791
0.55,0.35,8.0,0.0,0.22,19.55848498833159,0.5358411166387221,0.11817861184751009,0.0,0.0,0.0008995863495346433,0.0008590486039296791
0.55,0.35,10.0,0.0,0.22,19.55848498833159,0.5358411166387221,0.11817861184751009,0.0,0.0,0.0008995863495346433,0.0008590486039296791
0.55,0.35,12.0,0.0,0.22,19.55848498833159,0.5358411166387221,0.11817861184751009,0.0,0.0,0.0008995863495346433,0.0008590486039296791
0.55,0.35,14.0,0.0,0.22,19.55848498833159,0.5358411166387221,0.11817861184751009,0.0,0.0,0.0008995863495346433,0.0008590486039296791
0.55,0.35,16.0,0.0,0.22,19.55848498833159,0.5358411166387221,0.11817861184751009,0.0,0.0,0.0008995863495346433,0.0008590486039296791
0.55,0.35,18.0,0.0,0.22,19.55848498833159,0.5358411166387221,0.11817861184751009,0.0,0.0,0.0008995863495346433,0.0008590486039296791
0.55,0.4,,0.0,0.22,19.55848498833159,0.5358411166387221,0.11817861184751009,0.0,0.0,0.0008995863495346433,0.0008590486039296791
0.55,0.4,2.0,0.0,0.22,19.55848498833159,0.5358411166387221,0.11817861184751009,0.0,0.0,0.0008995863495346433,0.0008590486039296791
0.55,0.4,4.0,0.0,0.22,19.55848498833159,0.5358411166387221,0.11817861184751009,0.0,0.0,0.0008995863495346433,0.0008590486039296791
0.55,0.4,6.0,0.0,0.22,19.55848498833159,0.5358411166387221,0.11817861184751009,0.0,0.0,0.0008995863495346433,0.0008590486039296791
0.55,0.4,8.0,0.0,0.22,19.55848498833159,0.5358411166387221,0.11817861184751009,0.0,0.0,0.0008995863495346433,0.0008590486039296791
0.55,0.4,10.0,0.0,0.22,19.55848498833159,0.5358411166387221,0.11817861184751009,0.0,0.0,0.0008995863495346433,0.0008590486039296791
0.55,0.4,12.0,0.0,0.22,19.55848498833159,0.5358411166387221,0.11817861184751009,0.0,0.0,0.0008995863495346433,0.0008590486039296791
0.55,0.4,14.0,0.0,0.22,19.55848498833159,0.5358411166387221,0.11817861184751009,0.0,0.0,0.0008995863495346433,0.0008590486039296791
0.55,0.4,16.0,0.0,0.22,19.55848498833159,0.5358411166387221,0.11817861184751009,0.0,0.0,0.0008995863495346433,0.0008590486039296791
0.55,0.4,18.0,0.0,0.22,19.55848498833159,0.5358411166387221,0.11817861184751009,0.0,0.0,0.0008995863495346433,0.0008590486039296791
0.55,0.45,,0.0,0.22,19.55848498833159,0.5358411166387221,0.11817861184751009,0.0,0.0,0.0008995863495346433,0.0008590486039296791
0.55,0.45,2.0,0.0,0.22,19.55848498833159,0.5358411166387221,0.11817861184751009,0.0,0.0,0.0008995863495346433,0.0008590486039296791
0.55,0.45,4.0,0.0,0.22,19.55848498833159,0.5358411166387221,0.11817861184751009,0.0,0.0,0.0008995863495346433,0.0008590486039296791
0.55,0.45,6.0,0.0,0.22,19.55848498833159,0.5358411166387221,0.11817861184751009,0.0,0.0,0.0008995863495346433,0.0008590486039296791
0.55,0.45,8.0,0.0,0.22,19.55848498833159,0.5358411166387221,0.11817861184751009,0.0,0.0,0.0008995863495346433,0.0008590486039296791
0.55,0.45,10.0,0.0,0.22,19.55848498833159,0.5358411166387221,0.11817861184751009,0.0,0.0,0.0008995863495346433,0.0008590486039296791
0.55,0.45,12.0,0.0,0.22,19.55848498833159,0.5358411166387221,0.11817861184751009,0.0,0.0,0.0008995863495346433,0.0008590486039296791
0.55,0.45,14.0,0.0,0.22,19.55848498833159,0.5358411166387221,0.11817861184751009,0.0,0.0,0.0008995863495346433,0.0008590486039296791
0.55,0.45,16.0,0.0,0.22,19.55848498833159,0.5358411166387221,0.11817861184751009,0.0,0.0,0.0008995863495346433,0.0008590486039296791
0.55,0.45,18.0,0.0,0.22,19.55848498833159,0.5358411166387221,0.11817861184751009,0.0,0.0,0.0008995863495346433,0.0008590486039296791
0.55,0.5,,0.0,0.22,19.55848498833159,0.5358411166387221,0.11817861184751009,0.0,0.0,0.0008995863495346433,0.0008590486039296791
0.55,0.5,2.0,0.0,0.22,19.55848498833159,0.5358411166387221,0.11817861184751009,0.0,0.0,0.0008995863495346433,0.0008590486039296791
0.55,0.5,4.0,0.0,0.22,19.55848498833159,0.5358411166387221,0.11817861184751009,0.0,0.0,0.0008995863495346433,0.0008590486039296791
0.55,0.5,6.0,0.0,0.22,19.55848498833159,0.5358411166387221,0.11817861184751009,0.0,0.0,0.0008995863495346433,0.0008590486039296791
0.55,0.5,8.0,0.0,0.22,19.55848498833159,0.5358411166387221,0.11817861184751009,0.0,0.0,0.0008995863495346433,0.0008590486039296791
0.55,0.5,10.0,0.0,0.22,19.55848498833159,0.5358411166387221,0.11817861184751009,0.0,0.0,0.0008995863495346433,0.0008590486039296791
0.55,0.5,12.0,0.0,0.22,19.55848498833159,0.5358411166387221,0.11817861184751009,0.0,0.0,0.0008995863495346433,0.0008590486039296791
0.55,0.5,14.0,0.0,0.22,19.55848498833159,0.5358411166387221,0.11817861184751009,0.0,0.0,0.0008995863495346433,0.0008590486039296791
0.55,0.5,16.0,0.0,0.22,19.55848498833159,0.5358411166387221,0.11817861184751009,0.0,0.0,0.0008995863495346433,0.0008590486039296791
0.55,0.5,18.0,0.0,0.22,19.55848498833159,0.5358411166387221,0.11817861184751009,0.0,0.0,0.0008995863495346433,0.0008590486039296791
0.55,0.55,,0.0,0.22,19.55848498833159,0.5358411166387221,0.11817861184751009,0.0,0.0,0.0008995863495346433,0.0008590486039296791
0.55,0.55,2.0,0.0,0.22,19.55848498833159,0.5358411166387221,0.11817861184751009,0.0,0.0,0.0008995863495346433,0.0008590486039296791
0.55,0.55,4.0,0.0,0.22,19.55848498833159,0.5358411166387221,0.11817861184751009,0.0,0.0,0.0008995863495346433,0.0008590486039296791
0.55,0.55,6.0,0.0,0.22,19.55848498833159,0.5358411166387221,0.11817861184751009,0.0,0.0,0.0008995863495346433,0.0008590486039296791
0.55,0.55,8.0,0.0,0.22,19.55848498833159,0.5358411166387221,0.11817861184751009,0.0,0.0,0.0008995863495346433,0.0008590486039296791
0.55,0.55,10.0,0.0,0.22,19.55848498833159,0.5358411166387221,0.11817861184751009,0.0,0.0,0.0008995863495346433,0.0008590486039296791
0.55,0.55,12.0,0.0,0.22,19.55848498833159,0.5358411166387221,0.11817861184751009,0.0,0.0,0.0008995863495346433,0.0008590486039296791
0.55,0.55,14.0,0.0,0.22,19.55848498833159,0.5358411166387221,0.11817861184751009,0.0,0.0,0.0008995863495346433,0.0008590486039296791
0.55,0.55,16.0,0.0,0.22,19.55848498833159,0.5358411166387221,0.11817861184751009,0.0,0.0,0.0008995863495346433,0.0008590486039296791
0.55,0.55,18.0,0.0,0.22,19.55848498833159,0.5358411166387221,0.11817861184751009,0.0,0.0,0.0008995863495346433,0.0008590486039296791
0.55,0.6,,0.0,0.22,19.55848498833159,0.5358411166387221,0.11817861184751009,0.0,0.0,0.0008995863495346433,0.0008590486039296791
0.55,0.6,2.0,0.0,0.22,19.55848498833159,0.5358411166387221,0.11817861184751009,0.0,0.0,0.0008995863495346433,0.0008590486039296791
0.55,0.6,4.0,0.0,0.22,19.55848498833159,0.5358411166387221,0.11817861184751009,0.0,0.0,0.0008995863495346433,0.0008590486039296791
0.55,0.6,6.0,0.0,0.22,19.55848498833159,0.5358411166387221,0.11817861184751009,0.0,0.0,0.0008995863495346433,0.0008590486039296791
0.55,0.6,8.0,0.0,0.22,19.55848498833159,0.5358411166387221,0.11817861184751009,0.0,0.0,0.0008995863495346433,0.0008590486039296791
0.55,0.6,10.0,0.0,0.22,19.55848498833159,0.5358411166387221,0.11817861184751009,0.0,0.0,0.0008995863495346433,0.0008590486039296791
0.55,0.6,12.0,0.0,0.22,19.55848498833159,0.5358411166387221,0.11817861184751009,0.0,0.0,0.0008995863495346433,0.0008590486039296791
0.55,0.6,14.0,0.0,0.22,19.55848498833159,0.5358411166387221,0.11817861184751009,0.0,0.0,0.0008995863495346433,0.0008590486039296791
0.55,0.6,16.0,0.0,0.22,19.55848498833159,0.5358411166387221,0.11817861184751009,0.0,0.0,0.0008995863495346433,0.0008590486039296791
0.55,0.6,18.0,0.0,0.22,19.55848498833159,0.5358411166387221,0.11817861184751009,0.0,0.0,0.0008995863495346433,0.0008590486039296791
0.55,0.65,,0.0,0.22,19.55848498833159,0.5358411166387221,0.11817861184751009,0.0,0.0,0.0008995863495346433,0.0008590486039296791
0.55,0.65,2.0,0.0,0.22,19.55848498833159,0.5358411166387221,0.11817861184751009,0.0,0.0,0.0008995863495346433,0.0008590486039296791
0.55,0.65,4.0,0.0,0.22,19.55848498833159,0.5358411166387221,0.11817861184751009,0.0,0.0,0.0008995863495346433,0.0008590486039296791
0.55,0.65,6.0,0.0,0.22,19.55848498833159,0.5358411166387221,0.11817861184751009,0.0,0.0,0.0008995863495346433,0.0008590486039296791
0.55,0.65,8.0,0.0,0.22,19.55848498833159,0.5358411166387221,0.11817861184751009,0.0,0.0,0.0008995863495346433,0.0008590486039296791
0.55,0.65,10.0,0.0,0.22,19.55848498833159,0.5358411166387221,0.11817861184751009,0.0,0.0,0.0008995863495346433,0.0008590486039296791
0.55,0.65,12.0,0.0,0.22,19.55848498833159,0.5358411166387221,0.11817861184751009,0.0,0.0,0.0008995863495346433,0.0008590486039296791
0.55,0.65,14.0,0.0,0.22,19.55848498833159,0.5358411166387221,0.11817861184751009,0.0,0.0,0.0008995863495346433,0.0008590486039296791
0.55,0.65,16.0,0.0,0.22,19.55848498833159,0.5358411166387221,0.11817861184751009,0.0,0.0,0.0008995863495346433,0.0008590486039296791
0.55,0.65,18.0,0.0,0.22,19.55848498833159,0.5358411166387221,0.11817861184751009,0.0,0.0,0.0008995863495346433,0.0008590486039296791
0.55,0.7,,0.0,0.22,19.55848498833159,0.5358411166387221,0.11817861184751009,0.0,0.0,0.0008995863495346433,0.0008590486039296791
0.55,0.7,2.0,0.0,0.22,19.55848498833159,0.5358411166387221,0.11817861184751009,0.0,0.0,0.0008995863495346433,0.0008590486039296791
0.55,0.7,4.0,0.0,0.22,19.55848498833159,0.5358411166387221,0.11817861184751009,0.0,0.0,0.0008995863495346433,0.0008590486039296791
0.55,0.7,6.0,0.0,0.22,19.55848498833159,0.5358411166387221,0.11817861184751009,0.0,0.0,0.0008995863495346433,0.0008590486039296791
0.55,0.7,8.0,0.0,0.22,19.55848498833159,0.5358411166387221,0.11817861184751009,0.0,0.0,0.0008995863495346433,0.0008590486039296791
0.55,0.7,10.0,0.0,0.22,19.55848498833159,0.5358411166387221,0.11817861184751009,0.0,0.0,0.0008995863495346433,0.0008590486039296791
0.55,0.7,12.0,0.0,0.22,19.55848498833159,0.5358411166387221,0.11817861184751009,0.0,0.0,0.0008995863495346433,0.0008590486039296791
0.55,0.7,14.0,0.0,0.22,19.55848498833159,0.5358411166387221,0.11817861184751009,0.0,0.0,0.0008995863495346433,0.0008590486039296791
0.55,0.7,16.0,0.0,0.22,19.55848498833159,0.5358411166387221,0.11817861184751009,0.0,0.0,0.0008995863495346433,0.0008590486039296791
0.55,0.7,18.0,0.0,0.22,19.55848498833159,0.5358411166387221,0.11817861184751009,0.0,0.0,0.0008995863495346433,0.0008590486039296791
0.55,0.75,,0.0,0.22,19.55848498833159,0.5358411166387221,0.11817861184751009,0.0,0.0,0.0008995863495346433,0.0008590486039296791
0.55,0.75,2.0,0.0,0.22,19.55848498833159,0.5358411166387221,0.11817861184751009,0.0,0.0,0.0008995863495346433,0.0008590486039296791
0.55,0.75,4.0,0.0,0.22,19.55848498833159,0.5358411166387221,0.11817861184751009,0.0,0.0,0.0008995863495346433,0.0008590486039296791
0.55,0.75,6.0,0.0,0.22,19.55848498833159,0.5358411166387221,0.11817861184751009,0.0,0.0,0.0008995863495346433,0.0008590486039296791
0.55,0.75,8.0,0.0,0.22,19.55848498833159,0.5358411166387221,0.11817861184751009,0.0,0.0,0.0008995863495346433,0.0008590486039296791
0.55,0.75,10.0,0.0,0.22,19.55848498833159,0.5358411166387221,0.11817861184751009,0.0,0.0,0.0008995863495346433,0.0008590486039296791
0.55,0.75,12.0,0.0,0.22,19.55848498833159,0.5358411166387221,0.11817861184751009,0.0,0.0,0.0008995863495346433,0.0008590486039296791
0.55,0.75,14.0,0.0,0.22,19.55848498833159,0.5358411166387221,0.11817861184751009,0.0,0.0,0.0008995863495346433,0.0008590486039296791
0.55,0.75,16.0,0.0,0.22,19.55848498833159,0.5358411166387221,0.11817861184751009,0.0,0.0,0.0008995863495346433,0.0008590486039296791
0.55,0.75,18.0,0.0,0.22,19.55848498833159,0.5358411166387221,0.11817861184751009,0.0,0.0,0.0008995863495346433,0.0008590486039296791
0.55,0.8,,0.0,0.22,19.55848498833159,0.5358411166387221,0.11817861184751009,0.0,0.0,0.0008995863495346433,0.0008590486039296791
0.55,0.8,2.0,0.0,0.22,19.55848498833159,0.5358411166387221,0.11817861184751009,0.0,0.0,0.0008995863495346433,0.0008590486039296791
0.55,0.8,4.0,0.0,0.22,19.55848498833159,0.5358411166387221,0.11817861184751009,0.0,0.0,0.0008995863495346433,0.0008590486039296791
0.55,0.8,6.0,0.0,0.22,19.55848498833159,0.5358411166387221,0.11817861184751009,0.0,0.0,0.0008995863495346433,0.0008590486039296791
0.55,0.8,8.0,0.0,0.22,19.55848498833159,0.5358411166387221,0.11817861184751009,0.0,0.0,0.0008995863495346433,0.0008590486039296791
0.55,0.8,10.0,0.0,0.22,19.55848498833159,0.5358411166387221,0.11817861184751009,0.0,0.0,0.0008995863495346433,0.0008590486039296791
0.55,0.8,12.0,0.0,0.22,19.55848498833159,0.5358411166387221,0.11817861184751009,0.0,0.0,0.0008995863495346433,0.0008590486039296791
0.55,0.8,14.0,0.0,0.22,19.55848498833159,0.5358411166387221,0.11817861184751009,0.0,0.0,0.0008995863495346433,0.0008590486039296791
0.55,0.8,16.0,0.0,0.22,19.55848498833159,0.5358411166387221,0.11817861184751009,0.0,0.0,0.0008995863495346433,0.0008590486039296791
0.55,0.8,18.0,0.0,0.22,19.55848498833159,0.5358411166387221,0.11817861184751009,0.0,0.0,0.0008995863495346433,0.0008590486039296791
0.55,0.85,,0.0,0.22,19.55848498833159,0.5358411166387221,0.11817861184751009,0.0,0.0,0.0008995863495346433,0.0008590486039296791
0.55,0.85,2.0,0.0,0.22,19.55848498833159,0.5358411166387221,0.11817861184751009,0.0,0.0,0.0008995863495346433,0.0008590486039296791
0.55,0.85,4.0,0.0,0.22,19.55848498833159,0.5358411166387221,0.11817861184751009,0.0,0.0,0.0008995863495346433,0.0008590486039296791
0.55,0.85,6.0,0.0,0.22,19.55848498833159,0.5358411166387221,0.11817861184751009,0.0,0.0,0.0008995863495346433,0.0008590486039296791
0.55,0.85,8.0,0.0,0.22,19.55848498833159,0.5358411166387221,0.11817861184751009,0.0,0.0,0.0008995863495346433,0.0008590486039296791
0.55,0.85,10.0,0.0,0.22,19.55848498833159,0.5358411166387221,0.11817861184751009,0.0,0.0,0.0008995863495346433,0.0008590486039296791
0.55,0.85,12.0,0.0,0.22,19.55848498833159,0.5358411166387221,0.11817861184751009,0.0,0.0,0.0008995863495346433,0.0008590486039296791
0.55,0.85,14.0,0.0,0.22,19.55848498833159,0.5358411166387221,0.11817861184751009,0.0,0.0,0.0008995863495346433,0.0008590486039296791
0.55,0.85,16.0,0.0,0.22,19.55848498833159,0.5358411166387221,0.11817861184751009,0.0,0.0,0.0008995863495346433,0.0008590486039296791
0.55,0.85,18.0,0.0,0.22,19.55848498833159,0.5358411166387221,0.11817861184751009,0.0,0.0,0.0008995863495346433,0.0008590486039296791
0.55,0.9,,0.0,0.22,19.55848498833159,0.5358411166387221,0.11817861184751009,0.0,0.0,0.0008995863495346433,0.0008590486039296791
0.55,0.9,2.0,0.0,0.22,19.55848498833159,0.5358411166387221,0.11817861184751009,0.0,0.0,0.0008995863495346433,0.0008590486039296791
0.55,0.9,4.0,0.0,0.22,19.55848498833159,0.5358411166387221,0.11817861184751009,0.0,0.0,0.0008995863495346433,0.0008590486039296791
0.55,0.9,6.0,0.0,0.22,19.55848498833159,0.5358411166387221,0.11817861184751009,0.0,0.0,0.0008995863495346433,0.0008590486039296791
0.55,0.9,8.0,0.0,0.22,19.55848498833159,0.5358411166387221,0.11817861184751009,0.0,0.0,0.0008995863495346433,0.0008590486039296791
0.55,0.9,10.0,0.0,0.22,19.55848498833159,0.5358411166387221,0.11817861184751009,0.0,0.0,0.0008995863495346433,0.0008590486039296791
0.55,0.9,12.0,0.0,0.22,19.55848498833159,0.5358411166387221,0.11817861184751009,0.0,0.0,0.0008995863495346433,0.0008590486039296791
0.55,0.9,14.0,0.0,0.22,19.55848498833159,0.5358411166387221,0.11817861184751009,0.0,0.0,0.0008995863495346433,0.0008590486039296791
0.55,0.9,16.0,0.0,0.22,19.55848498833159,0.5358411166387221,0.11817861184751009,0.0,0.0,0.0008995863495346433,0.0008590486039296791
0.55,0.9,18.0,0.0,0.22,19.55848498833159,0.5358411166387221,0.11817861184751009,0.0,0.0,0.0008995863495346433,0.0008590486039296791
0.55,0.95,,0.0,0.22,19.55848498833159,0.5358411166387221,0.11817861184751009,0.0,0.0,0.0008995863495346433,0.0008590486039296791
0.55,0.95,2.0,0.0,0.22,19.55848498833159,0.5358411166387221,0.11817861184751009,0.0,0.0,0.0008995863495346433,0.0008590486039296791
0.55,0.95,4.0,0.0,0.22,19.55848498833159,0.5358411166387221,0.11817861184751009,0.0,0.0,0.0008995863495346433,0.0008590486039296791
0.55,0.95,6.0,0.0,0.22,19.55848498833159,0.5358411166387221,0.11817861184751009,0.0,0.0,0.0008995863495346433,0.0008590486039296791
0.55,0.95,8.0,0.0,0.22,19.55848498833159,0.5358411166387221,0.11817861184751009,0.0,0.0,0.0008995863495346433,0.0008590486039296791
0.55,0.95,10.0,0.0,0.22,19.55848498833159,0.5358411166387221,0.11817861184751009,0.0,0.0,0.0008995863495346433,0.0008590486039296791
0.55,0.95,12.0,0.0,0.22,19.55848498833159,0.5358411166387221,0.11817861184751009,0.0,0.0,0.0008995863495346433,0.0008590486039296791
0.55,0.95,14.0,0.0,0.22,19.55848498833159,0.5358411166387221,0.11817861184751009,0.0,0.0,0.0008995863495346433,0.0008590486039296791
0.55,0.95,16.0,0.0,0.22,19.55848498833159,0.5358411166387221,0.11817861184751009,0.0,0.0,0.0008995863495346433,0.0008590486039296791
0.55,0.95,18.0,0.0,0.22,19.55848498833159,0.5358411166387221,0.11817861184751009,0.0,0.0,0.0008995863495346433,0.0008590486039296791
0.55,1.0,,0.0,0.22,19.55848498833159,0.5358411166387221,0.11817861184751009,0.0,0.0,0.0008995863495346433,0.0008590486039296791
0.55,1.0,2.0,0.0,0.22,19.55848498833159,0.5358411166387221,0.11817861184751009,0.0,0.0,0.0008995863495346433,0.0008590486039296791
0.55,1.0,4.0,0.0,0.22,19.55848498833159,0.5358411166387221,0.11817861184751009,0.0,0.0,0.0008995863495346433,0.0008590486039296791
0.55,1.0,6.0,0.0,0.22,19.55848498833159,0.5358411166387221,0.11817861184751009,0.0,0.0,0.0008995863495346433,0.0008590486039296791
0.55,1.0,8.0,0.0,0.22,19.55848498833159,0.5358411166387221,0.11817861184751009,0.0,0.0,0.0008995863495346433,0.0008590486039296791
0.55,1.0,10.0,0.0,0.22,19.55848498833159,0.5358411166387221,0.11817861184751009,0.0,0.0,0.0008995863495346433,0.0008590486039296791
0.55,1.0,12.0,0.0,0.22,19.55848498833159,0.5358411166387221,0.11817861184751009,0.0,0.0,0.0008995863495346433,0.0008590486039296791
0.55,1.0,14.0,0.0,0.22,19.55848498833159,0.5358411166387221,0.11817861184751009,0.0,0.0,0.0008995863495346433,0.0008590486039296791
0.55,1.0,16.0,0.0,0.22,19.55848498833159,0.5358411166387221,0.11817861184751009,0.0,0.0,0.0008995863495346433,0.0008590486039296791
0.55,1.0,18.0,0.0,0.22,19.55848498833159,0.5358411166387221,0.11817861184751009,0.0,0.0,0.0008995863495346433,0.0008590486039296791
0.6,0.1,,0.0,0.67,1.8346647488162813,0.03604147949762497,0.09819850237254144,0.0025383561643835617,-0.003436301369863014,-0.00017424593967517492,-0.0017252900232018573
0.6,0.15,,0.0,0.22,19.55848498833159,0.5358411166387221,0.11817861184751009,0.0,0.0,0.0008995863495346433,0.0008590486039296791
0.6,0.15,2.0,0.0,0.22,19.55848498833159,0.5358411166387221,0.11817861184751009,0.0,0.0,0.0008995863495346433,0.0008590486039296791
0.6,0.15,4.0,0.0,0.22,19.55848498833159,0.5358411166387221,0.11817861184751009,0.0,0.0,0.0008995863495346433,0.0008590486039296791
0.6,0.15,6.0,0.0,0.22,19.55848498833159,0.5358411166387221,0.11817861184751009,0.0,0.0,0.0008995863495346433,0.0008590486039296791
0.6,0.15,8.0,0.0,0.22,19.55848498833159,0.5358411166387221,0.11817861184751009,0.0,0.0,0.0008995863495346433,0.0008590486039296791
0.6,0.15,10.0,0.0,0.22,19.55848498833159,0.5358411166387221,0.11817861184751009,0.0,0.0,0.0008995863495346433,0.0008590486039296791
0.6,0.15,12.0,0.0,0.22,19.55848498833159,0.5358411166387221,0.11817861184751009,0.0,0.0,0.0008995863495346433,0.0008590486039296791
0.6,0.15,14.0,0.0,0.22,19.55848498833159,0.5358411166387221,0.11817861184751009,0.0,0.0,0.0008995863495346433,0.0008590486039296791
0.6,0.15,16.0,0.0,0.22,19.55848498833159,0.5358411166387221,0.11817861184751009,0.0,0.0,0.0008995863495346433,0.0008590486039296791
0.6,0.15,18.0,0.0,0.22,19.55848498833159,0.5358411166387221,0.11817861184751009,0.0,0.0,0.0008995863495346433,0.0008590486039296791
0.6,0.2,,0.0,0.22,19.55848498833159,0.5358411166387221,0.11817861184751009,0.0,0.0,0.0008995863495346433,0.0008590486039296791
0.6,0.2,2.0,0.0,0.22,19.55848498833159,0.5358411166387221,0.11817861184751009,0.0,0.0,0.0008995863495346433,0.0008590486039296791
0.6,0.2,4.0,0.0,0.22,19.55848498833159,0.5358411166387221,0.11817861184751009,0.0,0.0,0.0008995863495346433,0.0008590486039296791
0.6,0.2,6.0,0.0,0.22,19.55848498833159,0.5358411166387221,0.11817861184751009,0.0,0.0,0.0008995863495346433,0.0008590486039296791
0.6,0.2,8.0,0.0,0.22,19.55848498833159,0.5358411166387221,0.11817861184751009,0.0,0.0,0.0008995863495346433,0.0008590486039296791
0.6,0.2,10.0,0.0,0.22,19.55848498833159,0.5358411166387221,0.11817861184751009,0.0,0.0,0.0008995863495346433,0.0008590486039296791
0.6,0.2,12.0,0.0,0.22,19.55848498833159,0.5358411166387221,0.11817861184751009,0.0,0.0,0.0008995863495346433,0.0008590486039296791
0.6,0.2,14.0,0.0,0.22,19.55848498833159,0.5358411166387221,0.11817861184751009,0.0,0.0,0.0008995863495346433,0.0008590486039296791
0.6,0.2,16.0,0.0,0.22,19.55848498833159,0.5358411166387221,0.11817861184751009,0.0,0.0,0.0008995863495346433,0.0008590486039296791
0.6,0.2,18.0,0.0,0.22,19.55848498833159,0.5358411166387221,0.11817861184751009,0.0,0.0,0.0008995863495346433,0.0008590486039296791
0.6,0.25,,0.0,0.22,19.55848498833159,0.5358411166387221,0.11817861184751009,0.0,0.0,0.0008995863495346433,0.0008590486039296791
0.6,0.25,2.0,0.0,0.22,19.55848498833159,0.5358411166387221,0.11817861184751009,0.0,0.0,0.0008995863495346433,0.0008590486039296791
0.6,0.25,4.0,0.0,0.22,19.55848498833159,0.5358411166387221,0.11817861184751009,0.0,0.0,0.0008995863495346433,0.0008590486039296791
0.6,0.25,6.0,0.0,0.22,19.55848498833159,0.5358411166387221,0.11817861184751009,0.0,0.0,0.0008995863495346433,0.0008590486039296791
0.6,0.25,8.0,0.0,0.22,19.55848498833159,0.5358411166387221,0.11817861184751009,0.0,0.0,0.0008995863495346433,0.0008590486039296791
0.6,0.25,10.0,0.0,0.22,19.55848498833159,0.5358411166387221,0.11817861184751009,0.0,0.0,0.0008995863495346433,0.0008590486039296791
0.6,0.25,12.0,0.0,0.22,19.55848498833159,0.5358411166387221,0.11817861184751009,0.0,0.0,0.0008995863495346433,0.0008590486039296791
0.6,0.25,14.0,0.0,0.22,19.55848498833159,0.5358411166387221,0.11817861184751009,0.0,0.0,0.0008995863495346433,0.0008590486039296791
0.6,0.25,16.0,0.0,0.22,19.55848498833159,0.5358411166387221,0.11817861184751009,0.0,0.0,0.0008995863495346433,0.0008590486039296791
0.6,0.25,18.0,0.0,0.22,19.55848498833159,0.5358411166387221,0.11817861184751009,0.0,0.0,0.0008995863495346433,0.0008590486039296791
0.6,0.3,,0.0,0.22,19.55848498833159,0.5358411166387221,0.11817861184751009,0.0,0.0,0.0008995863495346433,0.0008590486039296791
0.6,0.3,2.0,0.0,0.22,19.55848498833159,0.5358411166387221,0.11817861184751009,0.0,0.0,0.0008995863495346433,0.0008590486039296791
0.6,0.3,4.0,0.0,0.22,19.55848498833159,0.5358411166387221,0.11817861184751009,0.0,0.0,0.0008995863495346433,0.0008590486039296791
0.6,0.3,6.0,0.0,0.22,19.55848498833159,0.5358411166387221,0.11817861184751009,0.0,0.0,0.0008995863495346433,0.0008590486039296791
0.6,0.3,8.0,0.0,0.22,19.55848498833159,0.5358411166387221,0.11817861184751009,0.0,0.0,0.0008995863495346433,0.0008590486039296791
0.6,0.3,10.0,0.0,0.22,19.55848498833159,0.5358411166387221,0.11817861184751009,0.0,0.0,0.0008995863495346433,0.0008590486039296791
0.6,0.3,12.0,0.0,0.22,19.55848498833159,0.5358411166387221,0.11817861184751009,0.0,0.0,0.0008995863495346433,0.0008590486039296791
0.6,0.3,14.0,0.0,0.22,19.55848498833159,0.5358411166387221,0.11817861184751009,0.0,0.0,0.0008995863495346433,0.0008590486039296791
0.6,0.3,16.0,0.0,0.22,19.55848498833159,0.5358411166387221,0.11817861184751009,0.0,0.0,0.0008995863495346433,0.0008590486039296791
0.6,0.3,18.0,0.0,0.22,19.55848498833159,0.5358411166387221,0.11817861184751009,0.0,0.0,0.0008995863495346433,0.0008590486039296791
0.6,0.35,,0.0,0.22,19.55848498833159,0.5358411166387221,0.11817861184751009,0.0,0.0,0.0008995863495346433,0.0008590486039296791
0.6,0.35,2.0,0.0,0.22,19.55848498833159,0.5358411166387221,0.11817861184751009,0.0,0.0,0.0008995863495346433,0.0008590486039296791
0.6,0.35,4.0,0.0,0.22,19.55848498833159,0.5358411166387221,0.11817861184751009,0.0,0.0,0.0008995863495346433,0.0008590486039296791
0.6,0.35,6.0,0.0,0.22,19.55848498833159,0.5358411166387221,0.11817861184751009,0.0,0.0,0.0008995863495346433,0.0008590486039296791
0.6,0.35,8.0,0.0,0.22,19.55848498833159,0.5358411166387221,0.11817861184751009,0.0,0.0,0.0008995863495346433,0.0008590486039296791
0.6,0.35,10.0,0.0,0.22,19.55848498833159,0.5358411166387221,0.11817861184751009,0.0,0.0,0.0008995863495346433,0.0008590486039296791
0.6,0.35,12.0,0.0,0.22,19.55848498833159,0.5358411166387221,0.11817861184751009,0.0,0.0,0.0008995863495346433,0.0008590486039296791
0.6,0.35,14.0,0.0,0.22,19.55848498833159,0.5358411166387221,0.11817861184751009,0.0,0.0,0.0008995863495346433,0.0008590486039296791
0.6,0.35,16.0,0.0,0.22,19.55848498833159,0.5358411166387221,0.11817861184751009,0.0,0.0,0.0008995863495346433,0.0008590486039296791
0.6,0.35,18.0,0.0,0.22,19.55848498833159,0.5358411166387221,0.11817861184751009,0.0,0.0,0.0008995863495346433,0.0008590486039296791
0.6,0.4,,0.0,0.22,19.55848498833159,0.5358411166387221,0.11817861184751009,0.0,0.0,0.0008995863495346433,0.0008590486039296791
0.6,0.4,2.0,0.0,0.22,19.55848498833159,0.5358411166387221,0.11817861184751009,0.0,0.0,0.0008995863495346433,0.0008590486039296791
0.6,0.4,4.0,0.0,0.22,19.55848498833159,0.5358411166387221,0.11817861184751009,0.0,0.0,0.0008995863495346433,0.0008590486039296791
0.6,0.4,6.0,0.0,0.22,19.55848498833159,0.5358411166387221,0.11817861184751009,0.0,0.0,0.0008995863495346433,0.0008590486039296791
0.6,0.4,8.0,0.0,0.22,19.55848498833159,0.5358411166387221,0.11817861184751009,0.0,0.0,0.0008995863495346433,0.0008590486039296791
0.6,0.4,10.0,0.0,0.22,19.55848498833159,0.5358411166387221,0.11817861184751009,0.0,0.0,0.0008995863495346433,0.0008590486039296791
0.6,0.4,12.0,0.0,0.22,19.55848498833159,0.5358411166387221,0.11817861184751009,0.0,0.0,0.0008995863495346433,0.0008590486039296791
0.6,0.4,14.0,0.0,0.22,19.55848498833159,0.5358411166387221,0.11817861184751009,0.0,0.0,0.0008995863495346433,0.0008590486039296791
0.6,0.4,16.0,0.0,0.22,19.55848498833159,0.5358411166387221,0.11817861184751009,0.0,0.0,0.0008995863495346433,0.0008590486039296791
0.6,0.4,18.0,0.0,0.22,19.55848498833159,0.5358411166387221,0.11817861184751009,0.0,0.0,0.0008995863495346433,0.0008590486039296791
0.6,0.45,,0.0,0.22,19.55848498833159,0.5358411166387221,0.11817861184751009,0.0,0.0,0.0008995863495346433,0.0008590486039296791
0.6,0.45,2.0,0.0,0.22,19.55848498833159,0.5358411166387221,0.11817861184751009,0.0,0.0,0.0008995863495346433,0.0008590486039296791
0.6,0.45,4.0,0.0,0.22,19.55848498833159,0.5358411166387221,0.11817861184751009,0.0,0.0,0.0008995863495346433,0.0008590486039296791
0.6,0.45,6.0,0.0,0.22,19.55848498833159,0.5358411166387221,0.11817861184751009,0.0,0.0,0.0008995863495346433,0.0008590486039296791
0.6,0.45,8.0,0.0,0.22,19.55848498833159,0.5358411166387221,0.11817861184751009,0.0,0.0,0.0008995863495346433,0.0008590486039296791
0.6,0.45,10.0,0.0,0.22,19.55848498833159,0.5358411166387221,0.11817861184751009,0.0,0.0,0.0008995863495346433,0.0008590486039296791
0.6,0.45,12.0,0.0,0.22,19.55848498833159,0.5358411166387221,0.11817861184751009,0.0,0.0,0.0008995863495346433,0.0008590486039296791
0.6,0.45,14.0,0.0,0.22,19.55848498833159,0.5358411166387221,0.11817861184751009,0.0,0.0,0.0008995863495346433,0.0008590486039296791
0.6,0.45,16.0,0.0,0.22,19.55848498833159,0.5358411166387221,0.11817861184751009,0.0,0.0,0.0008995863495346433,0.0008590486039296791
0.6,0.45,18.0,0.0,0.22,19.55848498833159,0.5358411166387221,0.11817861184751009,0.0,0.0,0.0008995863495346433,0.0008590486039296791
0.6,0.5,,0.0,0.22,19.55848498833159,0.5358411166387221,0.11817861184751009,0.0,0.0,0.0008995863495346433,0.0008590486039296791
0.6,0.5,2.0,0.0,0.22,19.55848498833159,0.5358411166387221,0.11817861184751009,0.0,0.0,0.0008995863495346433,0.0008590486039296791
0.6,0.5,4.0,0.0,0.22,19.55848498833159,0.5358411166387221,0.11817861184751009,0.0,0.0,0.0008995863495346433,0.0008590486039296791
0.6,0.5,6.0,0.0,0.22,19.55848498833159,0.5358411166387221,0.11817861184751009,0.0,0.0,0.0008995863495346433,0.0008590486039296791
0.6,0.5,8.0,0.0,0.22,19.55848498833159,0.5358411166387221,0.11817861184751009,0.0,0.0,0.0008995863495346433,0.0008590486039296791
0.6,0.5,10.0,0.0,0.22,19.55848498833159,0.5358411166387221,0.11817861184751009,0.0,0.0,0.0008995863495346433,0.0008590486039296791
0.6,0.5,12.0,0.0,0.22,19.55848498833159,0.5358411166387221,0.11817861184751009,0.0,0.0,0.0008995863495346433,0.0008590486039296791
0.6,0.5,14.0,0.0,0.22,19.55848498833159,0.5358411166387221,0.11817861184751009,0.0,0.0,0.0008995863495346433,0.0008590486039296791
0.6,0.5,16.0,0.0,0.22,19.55848498833159,0.5358411166387221,0.11817861184751009,0.0,0.0,0.0008995863495346433,0.0008590486039296791
0.6,0.5,18.0,0.0,0.22,19.55848498833159,0.5358411166387221,0.11817861184751009,0.0,0.0,0.0008995863495346433,0.0008590486039296791
0.6,0.55,,0.0,0.22,19.55848498833159,0.5358411166387221,0.11817861184751009,0.0,0.0,0.0008995863495346433,0.0008590486039296791
0.6,0.55,2.0,0.0,0.22,19.55848498833159,0.5358411166387221,0.11817861184751009,0.0,0.0,0.0008995863495346433,0.0008590486039296791
0.6,0.55,4.0,0.0,0.22,19.55848498833159,0.5358411166387221,0.11817861184751009,0.0,0.0,0.0008995863495346433,0.0008590486039296791
0.6,0.55,6.0,0.0,0.22,19.55848498833159,0.5358411166387221,0.11817861184751009,0.0,0.0,0.0008995863495346433,0.0008590486039296791
0.6,0.55,8.0,0.0,0.22,19.55848498833159,0.5358411166387221,0.11817861184751009,0.0,0.0,0.0008995863495346433,0.0008590486039296791
0.6,0.55,10.0,0.0,0.22,19.55848498833159,0.5358411166387221,0.11817861184751009,0.0,0.0,0.0008995863495346433,0.0008590486039296791
0.6,0.55,12.0,0.0,0.22,19.55848498833159,0.5358411166387221,0.11817861184751009,0.0,0.0,0.0008995863495346433,0.0008590486039296791
0.6,0.55,14.0,0.0,0.22,19.55848498833159,0.5358411166387221,0.11817861184751009,0.0,0.0,0.0008995863495346433,0.0008590486039296791
0.6,0.55,16.0,0.0,0.22,19.55848498833159,0.5358411166387221,0.11817861184751009,0.0,0.0,0.0008995863495346433,0.0008590486039296791
0.6,0.55,18.0,0.0,0.22,19.55848498833159,0.5358411166387221,0.11817861184751009,0.0,0.0,0.0008995863495346433,0.0008590486039296791
0.6,0.6,,0.0,0.22,19.55848498833159,0.5358411166387221,0.11817861184751009,0.0,0.0,0.0008995863495346433,0.0008590486039296791
0.6,0.6,2.0,0.0,0.22,19.55848498833159,0.5358411166387221,0.11817861184751009,0.0,0.0,0.0008995863495346433,0.0008590486039296791
0.6,0.6,4.0,0.0,0.22,19.55848498833159,0.5358411166387221,0.11817861184751009,0.0,0.0,0.0008995863495346433,0.0008590486039296791
0.6,0.6,6.0,0.0,0.22,19.55848498833159,0.5358411166387221,0.11817861184751009,0.0,0.0,0.0008995863495346433,0.0008590486039296791
0.6,0.6,8.0,0.0,0.22,19.55848498833159,0.5358411166387221,0.11817861184751009,0.0,0.0,0.0008995863495346433,0.0008590486039296791
0.6,0.6,10.0,0.0,0.22,19.55848498833159,0.5358411166387221,0.11817861184751009,0.0,0.0,0.0008995863495346433,0.0008590486039296791
0.6,0.6,12.0,0.0,0.22,19.55848498833159,0.5358411166387221,0.11817861184751009,0.0,0.0,0.0008995863495346433,0.0008590486039296791
0.6,0.6,14.0,0.0,0.22,19.55848498833159,0.5358411166387221,0.11817861184751009,0.0,0.0,0.0008995863495346433,0.0008590486039296791
0.6,0.6,16.0,0.0,0.22,19.55848498833159,0.5358411166387221,0.11817861184751009,0.0,0.0,0.0008995863495346433,0.0008590486039296791
0.6,0.6,18.0,0.0,0.22,19.55848498833159,0.5358411166387221,0.11817861184751009,0.0,0.0,0.0008995863495346433,0.0008590486039296791
0.6,0.65,,0.0,0.22,19.55848498833159,0.5358411166387221,0.11817861184751009,0.0,0.0,0.0008995863495346433,0.0008590486039296791
0.6,0.65,2.0,0.0,0.22,19.55848498833159,0.5358411166387221,0.11817861184751009,0.0,0.0,0.0008995863495346433,0.0008590486039296791
0.6,0.65,4.0,0.0,0.22,19.55848498833159,0.5358411166387221,0.11817861184751009,0.0,0.0,0.0008995863495346433,0.0008590486039296791
0.6,0.65,6.0,0.0,0.22,19.55848498833159,0.5358411166387221,0.11817861184751009,0.0,0.0,0.0008995863495346433,0.0008590486039296791
0.6,0.65,8.0,0.0,0.22,19.55848498833159,0.5358411166387221,0.11817861184751009,0.0,0.0,0.0008995863495346433,0.0008590486039296791
0.6,0.65,10.0,0.0,0.22,19.55848498833159,0.5358411166387221,0.11817861184751009,0.0,0.0,0.0008995863495346433,0.0008590486039296791
0.6,0.65,12.0,0.0,0.22,19.55848498833159,0.5358411166387221,0.11817861184751009,0.0,0.0,0.0008995863495346433,0.0008590486039296791
0.6,0.65,14.0,0.0,0.22,19.55848498833159,0.5358411166387221,0.11817861184751009,0.0,0.0,0.0008995863495346433,0.0008590486039296791
0.6,0.65,16.0,0.0,0.22,19.55848498833159,0.5358411166387221,0.11817861184751009,0.0,0.0,0.0008995863495346433,0.0008590486039296791
0.6,0.65,18.0,0.0,0.22,19.55848498833159,0.5358411166387221,0.11817861184751009,0.0,0.0,0.0008995863495346433,0.0008590486039296791
0.6,0.7,,0.0,0.22,19.55848498833159,0.5358411166387221,0.11817861184751009,0.0,0.0,0.0008995863495346433,0.0008590486039296791
0.6,0.7,2.0,0.0,0.22,19.55848498833159,0.5358411166387221,0.11817861184751009,0.0,0.0,0.0008995863495346433,0.0008590486039296791
0.6,0.7,4.0,0.0,0.22,19.55848498833159,0.5358411166387221,0.11817861184751009,0.0,0.0,0.0008995863495346433,0.0008590486039296791
0.6,0.7,6.0,0.0,0.22,19.55848498833159,0.5358411166387221,0.11817861184751009,0.0,0.0,0.0008995863495346433,0.0008590486039296791
0.6,0.7,8.0,0.0,0.22,19.55848498833159,0.5358411166387221,0.11817861184751009,0.0,0.0,0.0008995863495346433,0.0008590486039296791
0.6,0.7,10.0,0.0,0.22,19.55848498833159,0.5358411166387221,0.11817861184751009,0.0,0.0,0.0008995863495346433,0.0008590486039296791
0.6,0.7,12.0,0.0,0.22,19.55848498833159,0.5358411166387221,0.11817861184751009,0.0,0.0,0.0008995863495346433,0.0008590486039296791
0.6,0.7,14.0,0.0,0.22,19.55848498833159,0.5358411166387221,0.11817861184751009,0.0,0.0,0.0008995863495346433,0.0008590486039296791
0.6,0.7,16.0,0.0,0.22,19.55848498833159,0.5358411166387221,0.11817861184751009,0.0,0.0,0.0008995863495346433,0.0008590486039296791
0.6,0.7,18.0,0.0,0.22,19.55848498833159,0.5358411166387221,0.11817861184751009,0.0,0.0,0.0008995863495346433,0.0008590486039296791
0.6,0.75,,0.0,0.22,19.55848498833159,0.5358411166387221,0.11817861184751009,0.0,0.0,0.0008995863495346433,0.0008590486039296791
0.6,0.75,2.0,0.0,0.22,19.55848498833159,0.5358411166387221,0.11817861184751009,0.0,0.0,0.0008995863495346433,0.0008590486039296791
0.6,0.75,4.0,0.0,0.22,19.55848498833159,0.5358411166387221,0.11817861184751009,0.0,0.0,0.0008995863495346433,0.0008590486039296791
0.6,0.75,6.0,0.0,0.22,19.55848498833159,0.5358411166387221,0.11817861184751009,0.0,0.0,0.0008995863495346433,0.0008590486039296791
0.6,0.75,8.0,0.0,0.22,19.55848498833159,0.5358411166387221,0.11817861184751009,0.0,0.0,0.0008995863495346433,0.0008590486039296791
0.6,0.75,10.0,0.0,0.22,19.55848498833159,0.5358411166387221,0.11817861184751009,0.0,0.0,0.0008995863495346433,0.0008590486039296791
0.6,0.75,12.0,0.0,0.22,19.55848498833159,0.5358411166387221,0.11817861184751009,0.0,0.0,0.0008995863495346433,0.0008590486039296791
0.6,0.75,14.0,0.0,0.22,19.55848498833159,0.5358411166387221,0.11817861184751009,0.0,0.0,0.0008995863495346433,0.0008590486039296791
0.6,0.75,16.0,0.0,0.22,19.55848498833159,0.5358411166387221,0.11817861184751009,0.0,0.0,0.0008995863495346433,0.0008590486039296791
0.6,0.75,18.0,0.0,0.22,19.55848498833159,0.5358411166387221,0.11817861184751009,0.0,0.0,0.0008995863495346433,0.0008590486039296791
0.6,0.8,,0.0,0.22,19.55848498833159,0.5358411166387221,0.11817861184751009,0.0,0.0,0.0008995863495346433,0.0008590486039296791
0.6,0.8,2.0,0.0,0.22,19.55848498833159,0.5358411166387221,0.11817861184751009,0.0,0.0,0.0008995863495346433,0.0008590486039296791
0.6,0.8,4.0,0.0,0.22,19.55848498833159,0.5358411166387221,0.11817861184751009,0.0,0.0,0.0008995863495346433,0.0008590486039296791
0.6,0.8,6.0,0.0,0.22,19.55848498833159,0.5358411166387221,0.11817861184751009,0.0,0.0,0.0008995863495346433,0.0008590486039296791
0.6,0.8,8.0,0.0,0.22,19.55848498833159,0.5358411166387221,0.11817861184751009,0.0,0.0,0.0008995863495346433,0.0008590486039296791
0.6,0.8,10.0,0.0,0.22,19.55848498833159,0.5358411166387221,0.11817861184751009,0.0,0.0,0.0008995863495346433,0.0008590486039296791
0.6,0.8,12.0,0.0,0.22,19.55848498833159,0.5358411166387221,0.11817861184751009,0.0,0.0,0.0008995863495346433,0.0008590486039296791
0.6,0.8,14.0,0.0,0.22,19.55848498833159,0.5358411166387221,0.11817861184751009,0.0,0.0,0.0008995863495346433,0.0008590486039296791
0.6,0.8,16.0,0.0,0.22,19.55848498833159,0.5358411166387221,0.11817861184751009,0.0,0.0,0.0008995863495346433,0.0008590486039296791
0.6,0.8,18.0,0.0,0.22,19.55848498833159,0.5358411166387221,0.11817861184751009,0.0,0.0,0.0008995863495346433,0.0008590486039296791
0.6,0.85,,0.0,0.22,19.55848498833159,0.5358411166387221,0.11817861184751009,0.0,0.0,0.0008995863495346433,0.0008590486039296791
0.6,0.85,2.0,0.0,0.22,19.55848498833159,0.5358411166387221,0.11817861184751009,0.0,0.0,0.0008995863495346433,0.0008590486039296791
0.6,0.85,4.0,0.0,0.22,19.55848498833159,0.5358411166387221,0.11817861184751009,0.0,0.0,0.0008995863495346433,0.0008590486039296791
0.6,0.85,6.0,0.0,0.22,19.55848498833159,0.5358411166387221,0.11817861184751009,0.0,0.0,0.0008995863495346433,0.0008590486039296791
0.6,0.85,8.0,0.0,0.22,19.55848498833159,0.5358411166387221,0.11817861184751009,0.0,0.0,0.0008995863495346433,0.0008590486039296791
0.6,0.85,10.0,0.0,0.22,19.55848498833159,0.5358411166387221,0.11817861184751009,0.0,0.0,0.0008995863495346433,0.0008590486039296791
0.6,0.85,12.0,0.0,0.22,19.55848498833159,0.5358411166387221,0.11817861184751009,0.0,0.0,0.0008995863495346433,0.0008590486039296791
0.6,0.85,14.0,0.0,0.22,19.55848498833159,0.5358411166387221,0.11817861184751009,0.0,0.0,0.0008995863495346433,0.0008590486039296791
0.6,0.85,16.0,0.0,0.22,19.55848498833159,0.5358411166387221,0.11817861184751009,0.0,0.0,0.0008995863495346433,0.0008590486039296791
0.6,0.85,18.0,0.0,0.22,19.55848498833159,0.5358411166387221,0.11817861184751009,0.0,0.0,0.0008995863495346433,0.0008590486039296791
0.6,0.9,,0.0,0.22,19.55848498833159,0.5358411166387221,0.11817861184751009,0.0,0.0,0.0008995863495346433,0.0008590486039296791
0.6,0.9,2.0,0.0,0.22,19.55848498833159,0.5358411166387221,0.11817861184751009,0.0,0.0,0.0008995863495346433,0.0008590486039296791
0.6,0.9,4.0,0.0,0.22,19.55848498833159,0.5358411166387221,0.11817861184751009,0.0,0.0,0.0008995863495346433,0.0008590486039296791
0.6,0.9,6.0,0.0,0.22,19.55848498833159,0.5358411166387221,0.11817861184751009,0.0,0.0,0.0008995863495346433,0.0008590486039296791
0.6,0.9,8.0,0.0,0.22,19.55848498833159,0.5358411166387221,0.11817861184751009,0.0,0.0,0.0008995863495346433,0.0008590486039296791
0.6,0.9,10.0,0.0,0.22,19.55848498833159,0.5358411166387221,0.11817861184751009,0.0,0.0,0.0008995863495346433,0.0008590486039296791
0.6,0.9,12.0,0.0,0.22,19.55848498833159,0.5358411166387221,0.11817861184751009,0.0,0.0,0.0008995863495346433,0.0008590486039296791
0.6,0.9,14.0,0.0,0.22,19.55848498833159,0.5358411166387221,0.11817861184751009,0.0,0.0,0.0008995863495346433,0.0008590486039296791
0.6,0.9,16.0,0.0,0.22,19.55848498833159,0.5358411166387221,0.11817861184751009,0.0,0.0,0.0008995863495346433,0.0008590486039296791
0.6,0.9,18.0,0.0,0.22,19.55848498833159,0.5358411166387221,0.11817861184751009,0.0,0.0,0.0008995863495346433,0.0008590486039296791
0.6,0.95,,0.0,0.22,19.55848498833159,0.5358411166387221,0.11817861184751009,0.0,0.0,0.0008995863495346433,0.0008590486039296791
0.6,0.95,2.0,0.0,0.22,19.55848498833159,0.5358411166387221,0.11817861184751009,0.0,0.0,0.0008995863495346433,0.0008590486039296791
0.6,0.95,4.0,0.0,0.22,19.55848498833159,0.5358411166387221,0.11817861184751009,0.0,0.0,0.0008995863495346433,0.0008590486039296791
0.6,0.95,6.0,0.0,0.22,19.55848498833159,0.5358411166387221,0.11817861184751009,0.0,0.0,0.0008995863495346433,0.0008590486039296791
0.6,0.95,8.0,0.0,0.22,19.55848498833159,0.5358411166387221,0.11817861184751009,0.0,0.0,0.0008995863495346433,0.0008590486039296791
0.6,0.95,10.0,0.0,0.22,19.55848498833159,0.5358411166387221,0.11817861184751009,0.0,0.0,0.0008995863495346433,0.0008590486039296791
0.6,0.95,12.0,0.0,0.22,19.55848498833159,0.5358411166387221,0.11817861184751009,0.0,0.0,0.0008995863495346433,0.0008590486039296791
0.6,0.95,14.0,0.0,0.22,19.55848498833159,0.5358411166387221,0.11817861184751009,0.0,0.0,0.0008995863495346433,0.0008590486039296791
0.6,0.95,16.0,0.0,0.22,19.55848498833159,0.5358411166387221,0.11817861184751009,0.0,0.0,0.0008995863495346433,0.0008590486039296791
0.6,0.95,18.0,0.0,0.22,19.55848498833159,0.5358411166387221,0.11817861184751009,0.0,0.0,0.0008995863495346433,0.0008590486039296791
0.6,1.0,,0.0,0.22,19.55848498833159,0.5358411166387221,0.11817861184751009,0.0,0.0,0.0008995863495346433,0.0008590486039296791
0.6,1.0,2.0,0.0,0.22,19.55848498833159,0.5358411166387221,0.11817861184751009,0.0,0.0,0.0008995863495346433,0.0008590486039296791
0.6,1.0,4.0,0.0,0.22,19.55848498833159,0.5358411166387221,0.11817861184751009,0.0,0.0,0.0008995863495346433,0.0008590486039296791
0.6,1.0,6.0,0.0,0.22,19.55848498833159,0.5358411166387221,0.11817861184751009,0.0,0.0,0.0008995863495346433,0.0008590486039296791
0.6,1.0,8.0,0.0,0.22,19.55848498833159,0.5358411166387221,0.11817861184751009,0.0,0.0,0.0008995863495346433,0.0008590486039296791
0.6,1.0,10.0,0.0,0.22,19.55848498833159,0.5358411166387221,0.11817861184751009,0.0,0.0,0.0008995863495346433,0.0008590486039296791
0.6,1.0,12.0,0.0,0.22,19.55848498833159,0.5358411166387221,0.11817861184751009,0.0,0.0,0.0008995863495346433,0.0008590486039296791
0.6,1.0,14.0,0.0,0.22,19.55848498833159,0.5358411166387221,0.11817861184751009,0.0,0.0,0.0008995863495346433,0.0008590486039296791
0.6,1.0,16.0,0.0,0.22,19.55848498833159,0.5358411166387221,0.11817861184751009,0.0,0.0,0.0008995863495346433,0.0008590486039296791
0.6,1.0,18.0,0.0,0.22,19.55848498833159,0.5358411166387221,0.11817861184751009,0.0,0.0,0.0008995863495346433,0.0008590486039296791
0.65,0.1,,0.0,0.67,1.8346647488162813,0.03604147949762497,0.09819850237254144,0.0025383561643835617,-0.003436301369863014,-0.00017424593967517492,-0.0017252900232018573
0.65,0.15,,0.0,0.22,19.55848498833159,0.5358411166387221,0.11817861184751009,0.0,0.0,0.0008995863495346433,0.0008590486039296791
0.65,0.15,2.0,0.0,0.22,19.55848498833159,0.5358411166387221,0.11817861184751009,0.0,0.0,0.0008995863495346433,0.0008590486039296791
0.65,0.15,4.0,0.0,0.22,19.55848498833159,0.5358411166387221,0.11817861184751009,0.0,0.0,0.0008995863495346433,0.0008590486039296791
0.65,0.15,6.0,0.0,0.22,19.55848498833159,0.5358411166387221,0.11817861184751009,0.0,0.0,0.0008995863495346433,0.0008590486039296791
0.65,0.15,8.0,0.0,0.22,19.55848498833159,0.5358411166387221,0.11817861184751009,0.0,0.0,0.0008995863495346433,0.0008590486039296791
0.65,0.15,10.0,0.0,0.22,19.55848498833159,0.5358411166387221,0.11817861184751009,0.0,0.0,0.0008995863495346433,0.0008590486039296791
0.65,0.15,12.0,0.0,0.22,19.55848498833159,0.5358411166387221,0.11817861184751009,0.0,0.0,0.0008995863495346433,0.0008590486039296791
0.65,0.15,14.0,0.0,0.22,19.55848498833159,0.5358411166387221,0.11817861184751009,0.0,0.0,0.0008995863495346433,0.0008590486039296791
0.65,0.15,16.0,0.0,0.22,19.55848498833159,0.5358411166387221,0.11817861184751009,0.0,0.0,0.0008995863495346433,0.0008590486039296791
0.65,0.15,18.0,0.0,0.22,19.55848498833159,0.5358411166387221,0.11817861184751009,0.0,0.0,0.0008995863495346433,0.0008590486039296791
0.65,0.2,,0.0,0.22,19.55848498833159,0.5358411166387221,0.11817861184751009,0.0,0.0,0.0008995863495346433,0.0008590486039296791
0.65,0.2,2.0,0.0,0.22,19.55848498833159,0.5358411166387221,0.11817861184751009,0.0,0.0,0.0008995863495346433,0.0008590486039296791
0.65,0.2,4.0,0.0,0.22,19.55848498833159,0.5358411166387221,0.11817861184751009,0.0,0.0,0.0008995863495346433,0.0008590486039296791
0.65,0.2,6.0,0.0,0.22,19.55848498833159,0.5358411166387221,0.11817861184751009,0.0,0.0,0.0008995863495346433,0.0008590486039296791
0.65,0.2,8.0,0.0,0.22,19.55848498833159,0.5358411166387221,0.11817861184751009,0.0,0.0,0.0008995863495346433,0.0008590486039296791
0.65,0.2,10.0,0.0,0.22,19.55848498833159,0.5358411166387221,0.11817861184751009,0.0,0.0,0.0008995863495346433,0.0008590486039296791
0.65,0.2,12.0,0.0,0.22,19.55848498833159,0.5358411166387221,0.11817861184751009,0.0,0.0,0.0008995863495346433,0.0008590486039296791
0.65,0.2,14.0,0.0,0.22,19.55848498833159,0.5358411166387221,0.11817861184751009,0.0,0.0,0.0008995863495346433,0.0008590486039296791
0.65,0.2,16.0,0.0,0.22,19.55848498833159,0.5358411166387221,0.11817861184751009,0.0,0.0,0.0008995863495346433,0.0008590486039296791
0.65,0.2,18.0,0.0,0.22,19.55848498833159,0.5358411166387221,0.11817861184751009,0.0,0.0,0.0008995863495346433,0.0008590486039296791
0.65,0.25,,0.0,0.22,19.55848498833159,0.5358411166387221,0.11817861184751009,0.0,0.0,0.0008995863495346433,0.0008590486039296791
0.65,0.25,2.0,0.0,0.22,19.55848498833159,0.5358411166387221,0.11817861184751009,0.0,0.0,0.0008995863495346433,0.0008590486039296791
0.65,0.25,4.0,0.0,0.22,19.55848498833159,0.5358411166387221,0.11817861184751009,0.0,0.0,0.0008995863495346433,0.0008590486039296791
0.65,0.25,6.0,0.0,0.22,19.55848498833159,0.5358411166387221,0.11817861184751009,0.0,0.0,0.0008995863495346433,0.0008590486039296791
0.65,0.25,8.0,0.0,0.22,19.55848498833159,0.5358411166387221,0.11817861184751009,0.0,0.0,0.0008995863495346433,0.0008590486039296791
0.65,0.25,10.0,0.0,0.22,19.55848498833159,0.5358411166387221,0.11817861184751009,0.0,0.0,0.0008995863495346433,0.0008590486039296791
0.65,0.25,12.0,0.0,0.22,19.55848498833159,0.5358411166387221,0.11817861184751009,0.0,0.0,0.0008995863495346433,0.0008590486039296791
0.65,0.25,14.0,0.0,0.22,19.55848498833159,0.5358411166387221,0.11817861184751009,0.0,0.0,0.0008995863495346433,0.0008590486039296791
0.65,0.25,16.0,0.0,0.22,19.55848498833159,0.5358411166387221,0.11817861184751009,0.0,0.0,0.0008995863495346433,0.0008590486039296791
0.65,0.25,18.0,0.0,0.22,19.55848498833159,0.5358411166387221,0.11817861184751009,0.0,0.0,0.0008995863495346433,0.0008590486039296791
0.65,0.3,,0.0,0.22,19.55848498833159,0.5358411166387221,0.11817861184751009,0.0,0.0,0.0008995863495346433,0.0008590486039296791
0.65,0.3,2.0,0.0,0.22,19.55848498833159,0.5358411166387221,0.11817861184751009,0.0,0.0,0.0008995863495346433,0.0008590486039296791
0.65,0.3,4.0,0.0,0.22,19.55848498833159,0.5358411166387221,0.11817861184751009,0.0,0.0,0.0008995863495346433,0.0008590486039296791
0.65,0.3,6.0,0.0,0.22,19.55848498833159,0.5358411166387221,0.11817861184751009,0.0,0.0,0.0008995863495346433,0.0008590486039296791
0.65,0.3,8.0,0.0,0.22,19.55848498833159,0.5358411166387221,0.11817861184751009,0.0,0.0,0.0008995863495346433,0.0008590486039296791
0.65,0.3,10.0,0.0,0.22,19.55848498833159,0.5358411166387221,0.11817861184751009,0.0,0.0,0.0008995863495346433,0.0008590486039296791
0.65,0.3,12.0,0.0,0.22,19.55848498833159,0.5358411166387221,0.11817861184751009,0.0,0.0,0.0008995863495346433,0.0008590486039296791
0.65,0.3,14.0,0.0,0.22,19.55848498833159,0.5358411166387221,0.11817861184751009,0.0,0.0,0.0008995863495346433,0.0008590486039296791
0.65,0.3,16.0,0.0,0.22,19.55848498833159,0.5358411166387221,0.11817861184751009,0.0,0.0,0.0008995863495346433,0.0008590486039296791
0.65,0.3,18.0,0.0,0.22,19.55848498833159,0.5358411166387221,0.11817861184751009,0.0,0.0,0.0008995863495346433,0.0008590486039296791
0.65,0.35,,0.0,0.22,19.55848498833159,0.5358411166387221,0.11817861184751009,0.0,0.0,0.0008995863495346433,0.0008590486039296791
0.65,0.35,2.0,0.0,0.22,19.55848498833159,0.5358411166387221,0.11817861184751009,0.0,0.0,0.0008995863495346433,0.0008590486039296791
0.65,0.35,4.0,0.0,0.22,19.55848498833159,0.5358411166387221,0.11817861184751009,0.0,0.0,0.0008995863495346433,0.0008590486039296791
0.65,0.35,6.0,0.0,0.22,19.55848498833159,0.5358411166387221,0.11817861184751009,0.0,0.0,0.0008995863495346433,0.0008590486039296791
0.65,0.35,8.0,0.0,0.22,19.55848498833159,0.5358411166387221,0.11817861184751009,0.0,0.0,0.0008995863495346433,0.0008590486039296791
0.65,0.35,10.0,0.0,0.22,19.55848498833159,0.5358411166387221,0.11817861184751009,0.0,0.0,0.0008995863495346433,0.0008590486039296791
0.65,0.35,12.0,0.0,0.22,19.55848498833159,0.5358411166387221,0.11817861184751009,0.0,0.0,0.0008995863495346433,0.0008590486039296791
0.65,0.35,14.0,0.0,0.22,19.55848498833159,0.5358411166387221,0.11817861184751009,0.0,0.0,0.0008995863495346433,0.0008590486039296791
0.65,0.35,16.0,0.0,0.22,19.55848498833159,0.5358411166387221,0.11817861184751009,0.0,0.0,0.0008995863495346433,0.0008590486039296791
0.65,0.35,18.0,0.0,0.22,19.55848498833159,0.5358411166387221,0.11817861184751009,0.0,0.0,0.0008995863495346433,0.0008590486039296791
0.65,0.4,,0.0,0.22,19.55848498833159,0.5358411166387221,0.11817861184751009,0.0,0.0,0.0008995863495346433,0.0008590486039296791
0.65,0.4,2.0,0.0,0.22,19.55848498833159,0.5358411166387221,0.11817861184751009,0.0,0.0,0.0008995863495346433,0.0008590486039296791
0.65,0.4,4.0,0.0,0.22,19.55848498833159,0.5358411166387221,0.11817861184751009,0.0,0.0,0.0008995863495346433,0.0008590486039296791
0.65,0.4,6.0,0.0,0.22,19.55848498833159,0.5358411166387221,0.11817861184751009,0.0,0.0,0.0008995863495346433,0.0008590486039296791
0.65,0.4,8.0,0.0,0.22,19.55848498833159,0.5358411166387221,0.11817861184751009,0.0,0.0,0.0008995863495346433,0.0008590486039296791
0.65,0.4,10.0,0.0,0.22,19.55848498833159,0.5358411166387221,0.11817861184751009,0.0,0.0,0.0008995863495346433,0.0008590486039296791
0.65,0.4,12.0,0.0,0.22,19.55848498833159,0.5358411166387221,0.11817861184751009,0.0,0.0,0.0008995863495346433,0.0008590486039296791
0.65,0.4,14.0,0.0,0.22,19.55848498833159,0.5358411166387221,0.11817861184751009,0.0,0.0,0.0008995863495346433,0.0008590486039296791
0.65,0.4,16.0,0.0,0.22,19.55848498833159,0.5358411166387221,0.11817861184751009,0.0,0.0,0.0008995863495346433,0.0008590486039296791
0.65,0.4,18.0,0.0,0.22,19.55848498833159,0.5358411166387221,0.11817861184751009,0.0,0.0,0.0008995863495346433,0.0008590486039296791
0.65,0.45,,0.0,0.22,19.55848498833159,0.5358411166387221,0.11817861184751009,0.0,0.0,0.0008995863495346433,0.0008590486039296791
0.65,0.45,2.0,0.0,0.22,19.55848498833159,0.5358411166387221,0.11817861184751009,0.0,0.0,0.0008995863495346433,0.0008590486039296791
0.65,0.45,4.0,0.0,0.22,19.55848498833159,0.5358411166387221,0.11817861184751009,0.0,0.0,0.0008995863495346433,0.0008590486039296791
0.65,0.45,6.0,0.0,0.22,19.55848498833159,0.5358411166387221,0.11817861184751009,0.0,0.0,0.0008995863495346433,0.0008590486039296791
0.65,0.45,8.0,0.0,0.22,19.55848498833159,0.5358411166387221,0.11817861184751009,0.0,0.0,0.0008995863495346433,0.0008590486039296791
0.65,0.45,10.0,0.0,0.22,19.55848498833159,0.5358411166387221,0.11817861184751009,0.0,0.0,0.0008995863495346433,0.0008590486039296791
0.65,0.45,12.0,0.0,0.22,19.55848498833159,0.5358411166387221,0.11817861184751009,0.0,0.0,0.0008995863495346433,0.0008590486039296791
0.65,0.45,14.0,0.0,0.22,19.55848498833159,0.5358411166387221,0.11817861184751009,0.0,0.0,0.0008995863495346433,0.0008590486039296791
0.65,0.45,16.0,0.0,0.22,19.55848498833159,0.5358411166387221,0.11817861184751009,0.0,0.0,0.0008995863495346433,0.0008590486039296791
0.65,0.45,18.0,0.0,0.22,19.55848498833159,0.5358411166387221,0.11817861184751009,0.0,0.0,0.0008995863495346433,0.0008590486039296791
0.65,0.5,,0.0,0.22,19.55848498833159,0.5358411166387221,0.11817861184751009,0.0,0.0,0.0008995863495346433,0.0008590486039296791
0.65,0.5,2.0,0.0,0.22,19.55848498833159,0.5358411166387221,0.11817861184751009,0.0,0.0,0.0008995863495346433,0.0008590486039296791
0.65,0.5,4.0,0.0,0.22,19.55848498833159,0.5358411166387221,0.11817861184751009,0.0,0.0,0.0008995863495346433,0.0008590486039296791
0.65,0.5,6.0,0.0,0.22,19.55848498833159,0.5358411166387221,0.11817861184751009,0.0,0.0,0.0008995863495346433,0.0008590486039296791
0.65,0.5,8.0,0.0,0.22,19.55848498833159,0.5358411166387221,0.11817861184751009,0.0,0.0,0.0008995863495346433,0.0008590486039296791
0.65,0.5,10.0,0.0,0.22,19.55848498833159,0.5358411166387221,0.11817861184751009,0.0,0.0,0.0008995863495346433,0.0008590486039296791
0.65,0.5,12.0,0.0,0.22,19.55848498833159,0.5358411166387221,0.11817861184751009,0.0,0.0,0.0008995863495346433,0.0008590486039296791
0.65,0.5,14.0,0.0,0.22,19.55848498833159,0.5358411166387221,0.11817861184751009,0.0,0.0,0.0008995863495346433,0.0008590486039296791
0.65,0.5,16.0,0.0,0.22,19.55848498833159,0.5358411166387221,0.11817861184751009,0.0,0.0,0.0008995863495346433,0.0008590486039296791
0.65,0.5,18.0,0.0,0.22,19.55848498833159,0.5358411166387221,0.11817861184751009,0.0,0.0,0.0008995863495346433,0.0008590486039296791
0.65,0.55,,0.0,0.22,19.55848498833159,0.5358411166387221,0.11817861184751009,0.0,0.0,0.0008995863495346433,0.0008590486039296791
0.65,0.55,2.0,0.0,0.22,19.55848498833159,0.5358411166387221,0.11817861184751009,0.0,0.0,0.0008995863495346433,0.0008590486039296791
0.65,0.55,4.0,0.0,0.22,19.55848498833159,0.5358411166387221,0.11817861184751009,0.0,0.0,0.0008995863495346433,0.0008590486039296791
0.65,0.55,6.0,0.0,0.22,19.55848498833159,0.5358411166387221,0.11817861184751009,0.0,0.0,0.0008995863495346433,0.0008590486039296791
0.65,0.55,8.0,0.0,0.22,19.55848498833159,0.5358411166387221,0.11817861184751009,0.0,0.0,0.0008995863495346433,0.0008590486039296791
0.65,0.55,10.0,0.0,0.22,19.55848498833159,0.5358411166387221,0.11817861184751009,0.0,0.0,0.0008995863495346433,0.0008590486039296791
0.65,0.55,12.0,0.0,0.22,19.55848498833159,0.5358411166387221,0.11817861184751009,0.0,0.0,0.0008995863495346433,0.0008590486039296791
0.65,0.55,14.0,0.0,0.22,19.55848498833159,0.5358411166387221,0.11817861184751009,0.0,0.0,0.0008995863495346433,0.0008590486039296791
0.65,0.55,16.0,0.0,0.22,19.55848498833159,0.5358411166387221,0.11817861184751009,0.0,0.0,0.0008995863495346433,0.0008590486039296791
0.65,0.55,18.0,0.0,0.22,19.55848498833159,0.5358411166387221,0.11817861184751009,0.0,0.0,0.0008995863495346433,0.0008590486039296791
0.65,0.6,,0.0,0.22,19.55848498833159,0.5358411166387221,0.11817861184751009,0.0,0.0,0.0008995863495346433,0.0008590486039296791
0.65,0.6,2.0,0.0,0.22,19.55848498833159,0.5358411166387221,0.11817861184751009,0.0,0.0,0.0008995863495346433,0.0008590486039296791
0.65,0.6,4.0,0.0,0.22,19.55848498833159,0.5358411166387221,0.11817861184751009,0.0,0.0,0.0008995863495346433,0.0008590486039296791
0.65,0.6,6.0,0.0,0.22,19.55848498833159,0.5358411166387221,0.11817861184751009,0.0,0.0,0.0008995863495346433,0.0008590486039296791
0.65,0.6,8.0,0.0,0.22,19.55848498833159,0.5358411166387221,0.11817861184751009,0.0,0.0,0.0008995863495346433,0.0008590486039296791
0.65,0.6,10.0,0.0,0.22,19.55848498833159,0.5358411166387221,0.11817861184751009,0.0,0.0,0.0008995863495346433,0.0008590486039296791
0.65,0.6,12.0,0.0,0.22,19.55848498833159,0.5358411166387221,0.11817861184751009,0.0,0.0,0.0008995863495346433,0.0008590486039296791
0.65,0.6,14.0,0.0,0.22,19.55848498833159,0.5358411166387221,0.11817861184751009,0.0,0.0,0.0008995863495346433,0.0008590486039296791
0.65,0.6,16.0,0.0,0.22,19.55848498833159,0.5358411166387221,0.11817861184751009,0.0,0.0,0.0008995863495346433,0.0008590486039296791
0.65,0.6,18.0,0.0,0.22,19.55848498833159,0.5358411166387221,0.11817861184751009,0.0,0.0,0.0008995863495346433,0.0008590486039296791
0.65,0.65,,0.0,0.22,19.55848498833159,0.5358411166387221,0.11817861184751009,0.0,0.0,0.0008995863495346433,0.0008590486039296791
0.65,0.65,2.0,0.0,0.22,19.55848498833159,0.5358411166387221,0.11817861184751009,0.0,0.0,0.0008995863495346433,0.0008590486039296791
0.65,0.65,4.0,0.0,0.22,19.55848498833159,0.5358411166387221,0.11817861184751009,0.0,0.0,0.0008995863495346433,0.0008590486039296791
0.65,0.65,6.0,0.0,0.22,19.55848498833159,0.5358411166387221,0.11817861184751009,0.0,0.0,0.0008995863495346433,0.0008590486039296791
0.65,0.65,8.0,0.0,0.22,19.55848498833159,0.5358411166387221,0.11817861184751009,0.0,0.0,0.0008995863495346433,0.0008590486039296791
0.65,0.65,10.0,0.0,0.22,19.55848498833159,0.5358411166387221,0.11817861184751009,0.0,0.0,0.0008995863495346433,0.0008590486039296791
0.65,0.65,12.0,0.0,0.22,19.55848498833159,0.5358411166387221,0.11817861184751009,0.0,0.0,0.0008995863495346433,0.0008590486039296791
0.65,0.65,14.0,0.0,0.22,19.55848498833159,0.5358411166387221,0.11817861184751009,0.0,0.0,0.0008995863495346433,0.0008590486039296791
0.65,0.65,16.0,0.0,0.22,19.55848498833159,0.5358411166387221,0.11817861184751009,0.0,0.0,0.0008995863495346433,0.0008590486039296791
0.65,0.65,18.0,0.0,0.22,19.55848498833159,0.5358411166387221,0.11817861184751009,0.0,0.0,0.0008995863495346433,0.0008590486039296791
0.65,0.7,,0.0,0.22,19.55848498833159,0.5358411166387221,0.11817861184751009,0.0,0.0,0.0008995863495346433,0.0008590486039296791
0.65,0.7,2.0,0.0,0.22,19.55848498833159,0.5358411166387221,0.11817861184751009,0.0,0.0,0.0008995863495346433,0.0008590486039296791
0.65,0.7,4.0,0.0,0.22,19.55848498833159,0.5358411166387221,0.11817861184751009,0.0,0.0,0.0008995863495346433,0.0008590486039296791
0.65,0.7,6.0,0.0,0.22,19.55848498833159,0.5358411166387221,0.11817861184751009,0.0,0.0,0.0008995863495346433,0.0008590486039296791
0.65,0.7,8.0,0.0,0.22,19.55848498833159,0.5358411166387221,0.11817861184751009,0.0,0.0,0.0008995863495346433,0.0008590486039296791
0.65,0.7,10.0,0.0,0.22,19.55848498833159,0.5358411166387221,0.11817861184751009,0.0,0.0,0.0008995863495346433,0.0008590486039296791
0.65,0.7,12.0,0.0,0.22,19.55848498833159,0.5358411166387221,0.11817861184751009,0.0,0.0,0.0008995863495346433,0.0008590486039296791
0.65,0.7,14.0,0.0,0.22,19.55848498833159,0.5358411166387221,0.11817861184751009,0.0,0.0,0.0008995863495346433,0.0008590486039296791
0.65,0.7,16.0,0.0,0.22,19.55848498833159,0.5358411166387221,0.11817861184751009,0.0,0.0,0.0008995863495346433,0.0008590486039296791
0.65,0.7,18.0,0.0,0.22,19.55848498833159,0.5358411166387221,0.11817861184751009,0.0,0.0,0.0008995863495346433,0.0008590486039296791
0.65,0.75,,0.0,0.22,19.55848498833159,0.5358411166387221,0.11817861184751009,0.0,0.0,0.0008995863495346433,0.0008590486039296791
0.65,0.75,2.0,0.0,0.22,19.55848498833159,0.5358411166387221,0.11817861184751009,0.0,0.0,0.0008995863495346433,0.0008590486039296791
0.65,0.75,4.0,0.0,0.22,19.55848498833159,0.5358411166387221,0.11817861184751009,0.0,0.0,0.0008995863495346433,0.0008590486039296791
0.65,0.75,6.0,0.0,0.22,19.55848498833159,0.5358411166387221,0.11817861184751009,0.0,0.0,0.0008995863495346433,0.0008590486039296791
0.65,0.75,8.0,0.0,0.22,19.55848498833159,0.5358411166387221,0.11817861184751009,0.0,0.0,0.0008995863495346433,0.0008590486039296791
0.65,0.75,10.0,0.0,0.22,19.55848498833159,0.5358411166387221,0.11817861184751009,0.0,0.0,0.0008995863495346433,0.0008590486039296791
0.65,0.75,12.0,0.0,0.22,19.55848498833159,0.5358411166387221,0.11817861184751009,0.0,0.0,0.0008995863495346433,0.0008590486039296791
0.65,0.75,14.0,0.0,0.22,19.55848498833159,0.5358411166387221,0.11817861184751009,0.0,0.0,0.0008995863495346433,0.0008590486039296791
0.65,0.75,16.0,0.0,0.22,19.55848498833159,0.5358411166387221,0.11817861184751009,0.0,0.0,0.0008995863495346433,0.0008590486039296791
0.65,0.75,18.0,0.0,0.22,19.55848498833159,0.5358411166387221,0.11817861184751009,0.0,0.0,0.0008995863495346433,0.0008590486039296791
0.65,0.8,,0.0,0.22,19.55848498833159,0.5358411166387221,0.11817861184751009,0.0,0.0,0.0008995863495346433,0.0008590486039296791
0.65,0.8,2.0,0.0,0.22,19.55848498833159,0.5358411166387221,0.11817861184751009,0.0,0.0,0.0008995863495346433,0.0008590486039296791
0.65,0.8,4.0,0.0,0.22,19.55848498833159,0.5358411166387221,0.11817861184751009,0.0,0.0,0.0008995863495346433,0.0008590486039296791
0.65,0.8,6.0,0.0,0.22,19.55848498833159,0.5358411166387221,0.11817861184751009,0.0,0.0,0.0008995863495346433,0.0008590486039296791
0.65,0.8,8.0,0.0,0.22,19.55848498833159,0.5358411166387221,0.11817861184751009,0.0,0.0,0.0008995863495346433,0.0008590486039296791
0.65,0.8,10.0,0.0,0.22,19.55848498833159,0.5358411166387221,0.11817861184751009,0.0,0.0,0.0008995863495346433,0.0008590486039296791
0.65,0.8,12.0,0.0,0.22,19.55848498833159,0.5358411166387221,0.11817861184751009,0.0,0.0,0.0008995863495346433,0.0008590486039296791
0.65,0.8,14.0,0.0,0.22,19.55848498833159,0.5358411166387221,0.11817861184751009,0.0,0.0,0.0008995863495346433,0.0008590486039296791
0.65,0.8,16.0,0.0,0.22,19.55848498833159,0.5358411166387221,0.11817861184751009,0.0,0.0,0.0008995863495346433,0.0008590486039296791
0.65,0.8,18.0,0.0,0.22,19.55848498833159,0.5358411166387221,0.11817861184751009,0.0,0.0,0.0008995863495346433,0.0008590486039296791
0.65,0.85,,0.0,0.22,19.55848498833159,0.5358411166387221,0.11817861184751009,0.0,0.0,0.0008995863495346433,0.0008590486039296791
0.65,0.85,2.0,0.0,0.22,19.55848498833159,0.5358411166387221,0.11817861184751009,0.0,0.0,0.0008995863495346433,0.0008590486039296791
0.65,0.85,4.0,0.0,0.22,19.55848498833159,0.5358411166387221,0.11817861184751009,0.0,0.0,0.0008995863495346433,0.0008590486039296791
0.65,0.85,6.0,0.0,0.22,19.55848498833159,0.5358411166387221,0.11817861184751009,0.0,0.0,0.0008995863495346433,0.0008590486039296791
0.65,0.85,8.0,0.0,0.22,19.55848498833159,0.5358411166387221,0.11817861184751009,0.0,0.0,0.0008995863495346433,0.0008590486039296791
0.65,0.85,10.0,0.0,0.22,19.55848498833159,0.5358411166387221,0.11817861184751009,0.0,0.0,0.0008995863495346433,0.0008590486039296791
0.65,0.85,12.0,0.0,0.22,19.55848498833159,0.5358411166387221,0.11817861184751009,0.0,0.0,0.0008995863495346433,0.0008590486039296791
0.65,0.85,14.0,0.0,0.22,19.55848498833159,0.5358411166387221,0.11817861184751009,0.0,0.0,0.0008995863495346433,0.0008590486039296791
0.65,0.85,16.0,0.0,0.22,19.55848498833159,0.5358411166387221,0.11817861184751009,0.0,0.0,0.0008995863495346433,0.0008590486039296791
0.65,0.85,18.0,0.0,0.22,19.55848498833159,0.5358411166387221,0.11817861184751009,0.0,0.0,0.0008995863495346433,0.0008590486039296791
0.65,0.9,,0.0,0.22,19.55848498833159,0.5358411166387221,0.11817861184751009,0.0,0.0,0.0008995863495346433,0.0008590486039296791
0.65,0.9,2.0,0.0,0.22,19.55848498833159,0.5358411166387221,0.11817861184751009,0.0,0.0,0.0008995863495346433,0.0008590486039296791
0.65,0.9,4.0,0.0,0.22,19.55848498833159,0.5358411166387221,0.11817861184751009,0.0,0.0,0.0008995863495346433,0.0008590486039296791
0.65,0.9,6.0,0.0,0.22,19.55848498833159,0.5358411166387221,0.11817861184751009,0.0,0.0,0.0008995863495346433,0.0008590486039296791
0.65,0.9,8.0,0.0,0.22,19.55848498833159,0.5358411166387221,0.11817861184751009,0.0,0.0,0.0008995863495346433,0.0008590486039296791
0.65,0.9,10.0,0.0,0.22,19.55848498833159,0.5358411166387221,0.11817861184751009,0.0,0.0,0.0008995863495346433,0.0008590486039296791
0.65,0.9,12.0,0.0,0.22,19.55848498833159,0.5358411166387221,0.11817861184751009,0.0,0.0,0.0008995863495346433,0.0008590486039296791
0.65,0.9,14.0,0.0,0.22,19.55848498833159,0.5358411166387221,0.11817861184751009,0.0,0.0,0.0008995863495346433,0.0008590486039296791
0.65,0.9,16.0,0.0,0.22,19.55848498833159,0.5358411166387221,0.11817861184751009,0.0,0.0,0.0008995863495346433,0.0008590486039296791
0.65,0.9,18.0,0.0,0.22,19.55848498833159,0.5358411166387221,0.11817861184751009,0.0,0.0,0.0008995863495346433,0.0008590486039296791
0.65,0.95,,0.0,0.22,19.55848498833159,0.5358411166387221,0.11817861184751009,0.0,0.0,0.0008995863495346433,0.0008590486039296791
0.65,0.95,2.0,0.0,0.22,19.55848498833159,0.5358411166387221,0.11817861184751009,0.0,0.0,0.0008995863495346433,0.0008590486039296791
0.65,0.95,4.0,0.0,0.22,19.55848498833159,0.5358411166387221,0.11817861184751009,0.0,0.0,0.0008995863495346433,0.0008590486039296791
0.65,0.95,6.0,0.0,0.22,19.55848498833159,0.5358411166387221,0.11817861184751009,0.0,0.0,0.0008995863495346433,0.0008590486039296791
0.65,0.95,8.0,0.0,0.22,19.55848498833159,0.5358411166387221,0.11817861184751009,0.0,0.0,0.0008995863495346433,0.0008590486039296791
0.65,0.95,10.0,0.0,0.22,19.55848498833159,0.5358411166387221,0.11817861184751009,0.0,0.0,0.0008995863495346433,0.0008590486039296791
0.65,0.95,12.0,0.0,0.22,19.55848498833159,0.5358411166387221,0.11817861184751009,0.0,0.0,0.0008995863495346433,0.0008590486039296791
0.65,0.95,14.0,0.0,0.22,19.55848498833159,0.5358411166387221,0.11817861184751009,0.0,0.0,0.0008995863495346433,0.0008590486039296791
0.65,0.95,16.0,0.0,0.22,19.55848498833159,0.5358411166387221,0.11817861184751009,0.0,0.0,0.0008995863495346433,0.0008590486039296791
0.65,0.95,18.0,0.0,0.22,19.55848498833159,0.5358411166387221,0.11817861184751009,0.0,0.0,0.0008995863495346433,0.0008590486039296791
0.65,1.0,,0.0,0.22,19.55848498833159,0.5358411166387221,0.11817861184751009,0.0,0.0,0.0008995863495346433,0.0008590486039296791
0.65,1.0,2.0,0.0,0.22,19.55848498833159,0.5358411166387221,0.11817861184751009,0.0,0.0,0.0008995863495346433,0.0008590486039296791
0.65,1.0,4.0,0.0,0.22,19.55848498833159,0.5358411166387221,0.11817861184751009,0.0,0.0,0.0008995863495346433,0.0008590486039296791
0.65,1.0,6.0,0.0,0.22,19.55848498833159,0.5358411166387221,0.11817861184751009,0.0,0.0,0.0008995863495346433,0.0008590486039296791
0.65,1.0,8.0,0.0,0.22,19.55848498833159,0.5358411166387221,0.11817861184751009,0.0,0.0,0.0008995863495346433,0.0008590486039296791
0.65,1.0,10.0,0.0,0.22,19.55848498833159,0.5358411166387221,0.11817861184751009,0.0,0.0,0.0008995863495346433,0.0008590486039296791
0.65,1.0,12.0,0.0,0.22,19.55848498833159,0.5358411166387221,0.11817861184751009,0.0,0.0,0.0008995863495346433,0.0008590486039296791
0.65,1.0,14.0,0.0,0.22,19.55848498833159,0.5358411166387221,0.11817861184751009,0.0,0.0,0.0008995863495346433,0.0008590486039296791
0.65,1.0,16.0,0.0,0.22,19.55848498833159,0.5358411166387221,0.11817861184751009,0.0,0.0,0.0008995863495346433,0.0008590486039296791
0.65,1.0,18.0,0.0,0.22,19.55848498833159,0.5358411166387221,0.11817861184751009,0.0,0.0,0.0008995863495346433,0.0008590486039296791
0.7,0.1,,0.0,0.67,1.8346647488162813,0.03604147949762497,0.09819850237254144,0.0025383561643835617,-0.003436301369863014,-0.00017424593967517492,-0.0017252900232018573
0.7,0.15,,0.0,0.21,19.917464684973105,0.6837722339831621,0.11914357108764839,0.0,0.0,0.0007890495867768595,0.0010251033057851236
0.7,0.15,2.0,0.0,0.21,19.917464684973105,0.6837722339831621,0.11914357108764839,0.0,0.0,0.0007890495867768595,0.0010251033057851236
0.7,0.15,4.0,0.0,0.21,19.917464684973105,0.6837722339831621,0.11914357108764839,0.0,0.0,0.0007890495867768595,0.0010251033057851236
0.7,0.15,6.0,0.0,0.21,19.917464684973105,0.6837722339831621,0.11914357108764839,0.0,0.0,0.0007890495867768595,0.0010251033057851236
0.7,0.15,8.0,0.0,0.21,19.917464684973105,0.6837722339831621,0.11914357108764839,0.0,0.0,0.0007890495867768595,0.0010251033057851236
0.7,0.15,10.0,0.0,0.21,19.917464684973105,0.6837722339831621,0.11914357108764839,0.0,0.0,0.0007890495867768595,0.0010251033057851236
0.7,0.15,12.0,0.0,0.21,19.917464684973105,0.6837722339831621,0.11914357108764839,0.0,0.0,0.0007890495867768595,0.0010251033057851236
0.7,0.15,14.0,0.0,0.21,19.917464684973105,0.6837722339831621,0.11914357108764839,0.0,0.0,0.0007890495867768595,0.0010251033057851236
0.7,0.15,16.0,0.0,0.21,19.917464684973105,0.6837722339831621,0.11914357108764839,0.0,0.0,0.0007890495867768595,0.0010251033057851236
0.7,0.15,18.0,0.0,0.21,19.917464684973105,0.6837722339831621,0.11914357108764839,0.0,0.0,0.0007890495867768595,0.0010251033057851236
0.7,0.2,,0.0,0.21,19.917464684973105,0.6837722339831621,0.11914357108764839,0.0,0.0,0.0007890495867768595,0.0010251033057851236
0.7,0.2,2.0,0.0,0.21,19.917464684973105,0.6837722339831621,0.11914357108764839,0.0,0.0,0.0007890495867768595,0.0010251033057851236
0.7,0.2,4.0,0.0,0.21,19.917464684973105,0.6837722339831621,0.11914357108764839,0.0,0.0,0.0007890495867768595,0.0010251033057851236
0.7,0.2,6.0,0.0,0.21,19.917464684973105,0.6837722339831621,0.11914357108764839,0.0,0.0,0.0007890495867768595,0.0010251033057851236
0.7,0.2,8.0,0.0,0.21,19.917464684973105,0.6837722339831621,0.11914357108764839,0.0,0.0,0.0007890495867768595,0.0010251033057851236
0.7,0.2,10.0,0.0,0.21,19.917464684973105,0.6837722339831621,0.11914357108764839,0.0,0.0,0.0007890495867768595,0.0010251033057851236
0.7,0.2,12.0,0.0,0.21,19.917464684973105,0.6837722339831621,0.11914357108764839,0.0,0.0,0.0007890495867768595,0.0010251033057851236
0.7,0.2,14.0,0.0,0.21,19.917464684973105,0.6837722339831621,0.11914357108764839,0.0,0.0,0.0007890495867768595,0.0010251033057851236
0.7,0.2,16.0,0.0,0.21,19.917464684973105,0.6837722339831621,0.11914357108764839,0.0,0.0,0.0007890495867768595,0.0010251033057851236
0.7,0.2,18.0,0.0,0.21,19.917464684973105,0.6837722339831621,0.11914357108764839,0.0,0.0,0.0007890495867768595,0.0010251033057851236
0.7,0.25,,0.0,0.21,19.917464684973105,0.6837722339831621,0.11914357108764839,0.0,0.0,0.0007890495867768595,0.0010251033057851236
0.7,0.25,2.0,0.0,0.21,19.917464684973105,0.6837722339831621,0.11914357108764839,0.0,0.0,0.0007890495867768595,0.0010251033057851236
0.7,0.25,4.0,0.0,0.21,19.917464684973105,0.6837722339831621,0.11914357108764839,0.0,0.0,0.0007890495867768595,0.0010251033057851236
0.7,0.25,6.0,0.0,0.21,19.917464684973105,0.6837722339831621,0.11914357108764839,0.0,0.0,0.0007890495867768595,0.0010251033057851236
0.7,0.25,8.0,0.0,0.21,19.917464684973105,0.6837722339831621,0.11914357108764839,0.0,0.0,0.0007890495867768595,0.0010251033057851236
0.7,0.25,10.0,0.0,0.21,19.917464684973105,0.6837722339831621,0.11914357108764839,0.0,0.0,0.0007890495867768595,0.0010251033057851236
0.7,0.25,12.0,0.0,0.21,19.917464684973105,0.6837722339831621,0.11914357108764839,0.0,0.0,0.0007890495867768595,0.0010251033057851236
0.7,0.25,14.0,0.0,0.21,19.917464684973105,0.6837722339831621,0.11914357108764839,0.0,0.0,0.0007890495867768595,0.0010251033057851236
0.7,0.25,16.0,0.0,0.21,19.917464684973105,0.6837722339831621,0.11914357108764839,0.0,0.0,0.0007890495867768595,0.0010251033057851236
0.7,0.25,18.0,0.0,0.21,19.917464684973105,0.6837722339831621,0.11914357108764839,0.0,0.0,0.0007890495867768595,0.0010251033057851236
0.7,0.3,,0.0,0.21,19.917464684973105,0.6837722339831621,0.11914357108764839,0.0,0.0,0.0007890495867768595,0.0010251033057851236
0.7,0.3,2.0,0.0,0.21,19.917464684973105,0.6837722339831621,0.11914357108764839,0.0,0.0,0.0007890495867768595,0.0010251033057851236
0.7,0.3,4.0,0.0,0.21,19.917464684973105,0.6837722339831621,0.11914357108764839,0.0,0.0,0.0007890495867768595,0.0010251033057851236
0.7,0.3,6.0,0.0,0.21,19.917464684973105,0.6837722339831621,0.11914357108764839,0.0,0.0,0.0007890495867768595,0.0010251033057851236
0.7,0.3,8.0,0.0,0.21,19.917464684973105,0.6837722339831621,0.11914357108764839,0.0,0.0,0.0007890495867768595,0.0010251033057851236
0.7,0.3,10.0,0.0,0.21,19.917464684973105,0.6837722339831621,0.11914357108764839,0.0,0.0,0.0007890495867768595,0.0010251033057851236
0.7,0.3,12.0,0.0,0.21,19.917464684973105,0.6837722339831621,0.11914357108764839,0.0,0.0,0.0007890495867768595,0.0010251033057851236
0.7,0.3,14.0,0.0,0.21,19.917464684973105,0.6837722339831621,0.11914357108764839,0.0,0.0,0.0007890495867768595,0.0010251033057851236
0.7,0.3,16.0,0.0,0.21,19.917464684973105,0.6837722339831621,0.11914357108764839,0.0,0.0,0.0007890495867768595,0.0010251033057851236
0.7,0.3,18.0,0.0,0.21,19.917464684973105,0.6837722339831621,0.11914357108764839,0.0,0.0,0.0007890495867768595,0.0010251033057851236
0.7,0.35,,0.0,0.21,19.917464684973105,0.6837722339831621,0.11914357108764839,0.0,0.0,0.0007890495867768595,0.0010251033057851236
0.7,0.35,2.0,0.0,0.21,19.917464684973105,0.6837722339831621,0.11914357108764839,0.0,0.0,0.0007890495867768595,0.0010251033057851236
0.7,0.35,4.0,0.0,0.21,19.917464684973105,0.6837722339831621,0.11914357108764839,0.0,0.0,0.0007890495867768595,0.0010251033057851236
0.7,0.35,6.0,0.0,0.21,19.917464684973105,0.6837722339831621,0.11914357108764839,0.0,0.0,0.0007890495867768595,0.0010251033057851236
0.7,0.35,8.0,0.0,0.21,19.917464684973105,0.6837722339831621,0.11914357108764839,0.0,0.0,0.0007890495867768595,0.0010251033057851236
0.7,0.35,10.0,0.0,0.21,19.917464684973105,0.6837722339831621,0.11914357108764839,0.0,0.0,0.0007890495867768595,0.0010251033057851236
0.7,0.35,12.0,0.0,0.21,19.917464684973105,0.6837722339831621,0.11914357108764839,0.0,0.0,0.0007890495867768595,0.0010251033057851236
0.7,0.35,14.0,0.0,0.21,19.917464684973105,0.6837722339831621,0.11914357108764839,0.0,0.0,0.0007890495867768595,0.0010251033057851236
0.7,0.35,16.0,0.0,0.21,19.917464684973105,0.6837722339831621,0.11914357108764839,0.0,0.0,0.0007890495867768595,0.0010251033057851236
0.7,0.35,18.0,0.0,0.21,19.917464684973105,0.6837722339831621,0.11914357108764839,0.0,0.0,0.0007890495867768595,0.0010251033057851236
0.7,0.4,,0.0,0.21,19.917464684973105,0.6837722339831621,0.11914357108764839,0.0,0.0,0.0007890495867768595,0.0010251033057851236
0.7,0.4,2.0,0.0,0.21,19.917464684973105,0.6837722339831621,0.11914357108764839,0.0,0.0,0.0007890495867768595,0.0010251033057851236
0.7,0.4,4.0,0.0,0.21,19.917464684973105,0.6837722339831621,0.11914357108764839,0.0,0.0,0.0007890495867768595,0.0010251033057851236
0.7,0.4,6.0,0.0,0.21,19.917464684973105,0.6837722339831621,0.11914357108764839,0.0,0.0,0.0007890495867768595,0.0010251033057851236
0.7,0.4,8.0,0.0,0.21,19.917464684973105,0.6837722339831621,0.11914357108764839,0.0,0.0,0.0007890495867768595,0.0010251033057851236
0.7,0.4,10.0,0.0,0.21,19.917464684973105,0.6837722339831621,0.11914357108764839,0.0,0.0,0.0007890495867768595,0.0010251033057851236
0.7,0.4,12.0,0.0,0.21,19.917464684973105,0.6837722339831621,0.11914357108764839,0.0,0.0,0.0007890495867768595,0.0010251033057851236
0.7,0.4,14.0,0.0,0.21,19.917464684973105,0.6837722339831621,0.11914357108764839,0.0,0.0,0.0007890495867768595,0.0010251033057851236
0.7,0.4,16.0,0.0,0.21,19.917464684973105,0.6837722339831621,0.11914357108764839,0.0,0.0,0.0007890495867768595,0.0010251033057851236
0.7,0.4,18.0,0.0,0.21,19.917464684973105,0.6837722339831621,0.11914357108764839,0.0,0.0,0.0007890495867768595,0.0010251033057851236
0.7,0.45,,0.0,0.21,19.917464684973105,0.6837722339831621,0.11914357108764839,0.0,0.0,0.0007890495867768595,0.0010251033057851236
0.7,0.45,2.0,0.0,0.21,19.917464684973105,0.6837722339831621,0.11914357108764839,0.0,0.0,0.0007890495867768595,0.0010251033057851236
0.7,0.45,4.0,0.0,0.21,19.917464684973105,0.6837722339831621,0.11914357108764839,0.0,0.0,0.0007890495867768595,0.0010251033057851236
0.7,0.45,6.0,0.0,0.21,19.917464684973105,0.6837722339831621,0.11914357108764839,0.0,0.0,0.0007890495867768595,0.0010251033057851236
0.7,0.45,8.0,0.0,0.21,19.917464684973105,0.6837722339831621,0.11914357108764839,0.0,0.0,0.0007890495867768595,0.0010251033057851236
0.7,0.45,10.0,0.0,0.21,19.917464684973105,0.6837722339831621,0.11914357108764839,0.0,0.0,0.0007890495867768595,0.0010251033057851236
0.7,0.45,12.0,0.0,0.21,19.917464684973105,0.6837722339831621,0.11914357108764839,0.0,0.0,0.0007890495867768595,0.0010251033057851236
0.7,0.45,14.0,0.0,0.21,19.917464684973105,0.6837722339831621,0.11914357108764839,0.0,0.0,0.0007890495867768595,0.0010251033057851236
0.7,0.45,16.0,0.0,0.21,19.917464684973105,0.6837722339831621,0.11914357108764839,0.0,0.0,0.0007890495867768595,0.0010251033057851236
0.7,0.45,18.0,0.0,0.21,19.917464684973105,0.6837722339831621,0.11914357108764839,0.0,0.0,0.0007890495867768595,0.0010251033057851236
0.7,0.5,,0.0,0.21,19.917464684973105,0.6837722339831621,0.11914357108764839,0.0,0.0,0.0007890495867768595,0.0010251033057851236
0.7,0.5,2.0,0.0,0.21,19.917464684973105,0.6837722339831621,0.11914357108764839,0.0,0.0,0.0007890495867768595,0.0010251033057851236
0.7,0.5,4.0,0.0,0.21,19.917464684973105,0.6837722339831621,0.11914357108764839,0.0,0.0,0.0007890495867768595,0.0010251033057851236
0.7,0.5,6.0,0.0,0.21,19.917464684973105,0.6837722339831621,0.11914357108764839,0.0,0.0,0.0007890495867768595,0.0010251033057851236
0.7,0.5,8.0,0.0,0.21,19.917464684973105,0.6837722339831621,0.11914357108764839,0.0,0.0,0.0007890495867768595,0.0010251033057851236
0.7,0.5,10.0,0.0,0.21,19.917464684973105,0.6837722339831621,0.11914357108764839,0.0,0.0,0.0007890495867768595,0.0010251033057851236
0.7,0.5,12.0,0.0,0.21,19.917464684973105,0.6837722339831621,0.11914357108764839,0.0,0.0,0.0007890495867768595,0.0010251033057851236
0.7,0.5,14.0,0.0,0.21,19.917464684973105,0.6837722339831621,0.11914357108764839,0.0,0.0,0.0007890495867768595,0.0010251033057851236
0.7,0.5,16.0,0.0,0.21,19.917464684973105,0.6837722339831621,0.11914357108764839,0.0,0.0,0.0007890495867768595,0.0010251033057851236
0.7,0.5,18.0,0.0,0.21,19.917464684973105,0.6837722339831621,0.11914357108764839,0.0,0.0,0.0007890495867768595,0.0010251033057851236
0.7,0.55,,0.0,0.21,19.917464684973105,0.6837722339831621,0.11914357108764839,0.0,0.0,0.0007890495867768595,0.0010251033057851236
0.7,0.55,2.0,0.0,0.21,19.917464684973105,0.6837722339831621,0.11914357108764839,0.0,0.0,0.0007890495867768595,0.0010251033057851236
0.7,0.55,4.0,0.0,0.21,19.917464684973105,0.6837722339831621,0.11914357108764839,0.0,0.0,0.0007890495867768595,0.0010251033057851236
0.7,0.55,6.0,0.0,0.21,19.917464684973105,0.6837722339831621,0.11914357108764839,0.0,0.0,0.0007890495867768595,0.0010251033057851236
0.7,0.55,8.0,0.0,0.21,19.917464684973105,0.6837722339831621,0.11914357108764839,0.0,0.0,0.0007890495867768595,0.0010251033057851236
0.7,0.55,10.0,0.0,0.21,19.917464684973105,0.6837722339831621,0.11914357108764839,0.0,0.0,0.0007890495867768595,0.0010251033057851236
0.7,0.55,12.0,0.0,0.21,19.917464684973105,0.6837722339831621,0.11914357108764839,0.0,0.0,0.0007890495867768595,0.0010251033057851236
0.7,0.55,14.0,0.0,0.21,19.917464684973105,0.6837722339831621,0.11914357108764839,0.0,0.0,0.0007890495867768595,0.0010251033057851236
0.7,0.55,16.0,0.0,0.21,19.917464684973105,0.6837722339831621,0.11914357108764839,0.0,0.0,0.0007890495867768595,0.0010251033057851236
0.7,0.55,18.0,0.0,0.21,19.917464684973105,0.6837722339831621,0.11914357108764839,0.0,0.0,0.0007890495867768595,0.0010251033057851236
0.7,0.6,,0.0,0.21,19.917464684973105,0.6837722339831621,0.11914357108764839,0.0,0.0,0.0007890495867768595,0.0010251033057851236
0.7,0.6,2.0,0.0,0.21,19.917464684973105,0.6837722339831621,0.11914357108764839,0.0,0.0,0.0007890495867768595,0.0010251033057851236
0.7,0.6,4.0,0.0,0.21,19.917464684973105,0.6837722339831621,0.11914357108764839,0.0,0.0,0.0007890495867768595,0.0010251033057851236
0.7,0.6,6.0,0.0,0.21,19.917464684973105,0.6837722339831621,0.11914357108764839,0.0,0.0,0.0007890495867768595,0.0010251033057851236
0.7,0.6,8.0,0.0,0.21,19.917464684973105,0.6837722339831621,0.11914357108764839,0.0,0.0,0.0007890495867768595,0.0010251033057851236
0.7,0.6,10.0,0.0,0.21,19.917464684973105,0.6837722339831621,0.11914357108764839,0.0,0.0,0.0007890495867768595,0.0010251033057851236
0.7,0.6,12.0,0.0,0.21,19.917464684973105,0.6837722339831621,0.11914357108764839,0.0,0.0,0.0007890495867768595,0.0010251033057851236
0.7,0.6,14.0,0.0,0.21,19.917464684973105,0.6837722339831621,0.11914357108764839,0.0,0.0,0.0007890495867768595,0.0010251033057851236
0.7,0.6,16.0,0.0,0.21,19.917464684973105,0.6837722339831621,0.11914357108764839,0.0,0.0,0.0007890495867768595,0.0010251033057851236
0.7,0.6,18.0,0.0,0.21,19.917464684973105,0.6837722339831621,0.11914357108764839,0.0,0.0,0.0007890495867768595,0.0010251033057851236
0.7,0.65,,0.0,0.21,19.917464684973105,0.6837722339831621,0.11914357108764839,0.0,0.0,0.0007890495867768595,0.0010251033057851236
0.7,0.65,2.0,0.0,0.21,19.917464684973105,0.6837722339831621,0.11914357108764839,0.0,0.0,0.0007890495867768595,0.0010251033057851236
0.7,0.65,4.0,0.0,0.21,19.917464684973105,0.6837722339831621,0.11914357108764839,0.0,0.0,0.0007890495867768595,0.0010251033057851236
0.7,0.65,6.0,0.0,0.21,19.917464684973105,0.6837722339831621,0.11914357108764839,0.0,0.0,0.0007890495867768595,0.0010251033057851236
0.7,0.65,8.0,0.0,0.21,19.917464684973105,0.6837722339831621,0.11914357108764839,0.0,0.0,0.0007890495867768595,0.0010251033057851236
0.7,0.65,10.0,0.0,0.21,19.917464684973105,0.6837722339831621,0.11914357108764839,0.0,0.0,0.0007890495867768595,0.0010251033057851236
0.7,0.65,12.0,0.0,0.21,19.917464684973105,0.6837722339831621,0.11914357108764839,0.0,0.0,0.0007890495867768595,0.0010251033057851236
0.7,0.65,14.0,0.0,0.21,19.917464684973105,0.6837722339831621,0.11914357108764839,0.0,0.0,0.0007890495867768595,0.0010251033057851236
0.7,0.65,16.0,0.0,0.21,19.917464684973105,0.6837722339831621,0.11914357108764839,0.0,0.0,0.0007890495867768595,0.0010251033057851236
0.7,0.65,18.0,0.0,0.21,19.917464684973105,0.6837722339831621,0.11914357108764839,0.0,0.0,0.0007890495867768595,0.0010251033057851236
0.7,0.7,,0.0,0.21,19.917464684973105,0.6837722339831621,0.11914357108764839,0.0,0.0,0.0007890495867768595,0.0010251033057851236
0.7,0.7,2.0,0.0,0.21,19.917464684973105,0.6837722339831621,0.11914357108764839,0.0,0.0,0.0007890495867768595,0.0010251033057851236
0.7,0.7,4.0,0.0,0.21,19.917464684973105,0.6837722339831621,0.11914357108764839,0.0,0.0,0.0007890495867768595,0.0010251033057851236
0.7,0.7,6.0,0.0,0.21,19.917464684973105,0.6837722339831621,0.11914357108764839,0.0,0.0,0.0007890495867768595,0.0010251033057851236
0.7,0.7,8.0,0.0,0.21,19.917464684973105,0.6837722339831621,0.11914357108764839,0.0,0.0,0.0007890495867768595,0.0010251033057851236
0.7,0.7,10.0,0.0,0.21,19.917464684973105,0.6837722339831621,0.11914357108764839,0.0,0.0,0.0007890495867768595,0.0010251033057851236
0.7,0.7,12.0,0.0,0.21,19.917464684973105,0.6837722339831621,0.11914357108764839,0.0,0.0,0.0007890495867768595,0.0010251033057851236
0.7,0.7,14.0,0.0,0.21,19.917464684973105,0.6837722339831621,0.11914357108764839,0.0,0.0,0.0007890495867768595,0.0010251033057851236
0.7,0.7,16.0,0.0,0.21,19.917464684973105,0.6837722339831621,0.11914357108764839,0.0,0.0,0.0007890495867768595,0.0010251033057851236
0.7,0.7,18.0,0.0,0.21,19.917464684973105,0.6837722339831621,0.11914357108764839,0.0,0.0,0.0007890495867768595,0.0010251033057851236
0.7,0.75,,0.0,0.21,19.917464684973105,0.6837722339831621,0.11914357108764839,0.0,0.0,0.0007890495867768595,0.0010251033057851236
0.7,0.75,2.0,0.0,0.21,19.917464684973105,0.6837722339831621,0.11914357108764839,0.0,0.0,0.0007890495867768595,0.0010251033057851236
0.7,0.75,4.0,0.0,0.21,19.917464684973105,0.6837722339831621,0.11914357108764839,0.0,0.0,0.0007890495867768595,0.0010251033057851236
0.7,0.75,6.0,0.0,0.21,19.917464684973105,0.6837722339831621,0.11914357108764839,0.0,0.0,0.0007890495867768595,0.0010251033057851236
0.7,0.75,8.0,0.0,0.21,19.917464684973105,0.6837722339831621,0.11914357108764839,0.0,0.0,0.0007890495867768595,0.0010251033057851236
0.7,0.75,10.0,0.0,0.21,19.917464684973105,0.6837722339831621,0.11914357108764839,0.0,0.0,0.0007890495867768595,0.0010251033057851236
0.7,0.75,12.0,0.0,0.21,19.917464684973105,0.6837722339831621,0.11914357108764839,0.0,0.0,0.0007890495867768595,0.0010251033057851236
0.7,0.75,14.0,0.0,0.21,19.917464684973105,0.6837722339831621,0.11914357108764839,0.0,0.0,0.0007890495867768595,0.0010251033057851236
0.7,0.75,16.0,0.0,0.21,19.917464684973105,0.6837722339831621,0.11914357108764839,0.0,0.0,0.0007890495867768595,0.0010251033057851236
0.7,0.75,18.0,0.0,0.21,19.917464684973105,0.6837722339831621,0.11914357108764839,0.0,0.0,0.0007890495867768595,0.0010251033057851236
0.7,0.8,,0.0,0.21,19.917464684973105,0.6837722339831621,0.11914357108764839,0.0,0.0,0.0007890495867768595,0.0010251033057851236
0.7,0.8,2.0,0.0,0.21,19.917464684973105,0.6837722339831621,0.11914357108764839,0.0,0.0,0.0007890495867768595,0.0010251033057851236
0.7,0.8,4.0,0.0,0.21,19.917464684973105,0.6837722339831621,0.11914357108764839,0.0,0.0,0.0007890495867768595,0.0010251033057851236
0.7,0.8,6.0,0.0,0.21,19.917464684973105,0.6837722339831621,0.11914357108764839,0.0,0.0,0.0007890495867768595,0.0010251033057851236
0.7,0.8,8.0,0.0,0.21,19.917464684973105,0.6837722339831621,0.11914357108764839,0.0,0.0,0.0007890495867768595,0.0010251033057851236
0.7,0.8,10.0,0.0,0.21,19.917464684973105,0.6837722339831621,0.11914357108764839,0.0,0.0,0.0007890495867768595,0.0010251033057851236
0.7,0.8,12.0,0.0,0.21,19.917464684973105,0.6837722339831621,0.11914357108764839,0.0,0.0,0.0007890495867768595,0.0010251033057851236
0.7,0.8,14.0,0.0,0.21,19.917464684973105,0.6837722339831621,0.11914357108764839,0.0,0.0,0.0007890495867768595,0.0010251033057851236
0.7,0.8,16.0,0.0,0.21,19.917464684973105,0.6837722339831621,0.11914357108764839,0.0,0.0,0.0007890495867768595,0.0010251033057851236
0.7,0.8,18.0,0.0,0.21,19.917464684973105,0.6837722339831621,0.11914357108764839,0.0,0.0,0.0007890495867768595,0.0010251033057851236
0.7,0.85,,0.0,0.21,19.917464684973105,0.6837722339831621,0.11914357108764839,0.0,0.0,0.0007890495867768595,0.0010251033057851236
0.7,0.85,2.0,0.0,0.21,19.917464684973105,0.6837722339831621,0.11914357108764839,0.0,0.0,0.0007890495867768595,0.0010251033057851236
0.7,0.85,4.0,0.0,0.21,19.917464684973105,0.6837722339831621,0.11914357108764839,0.0,0.0,0.0007890495867768595,0.0010251033057851236
0.7,0.85,6.0,0.0,0.21,19.917464684973105,0.6837722339831621,0.11914357108764839,0.0,0.0,0.0007890495867768595,0.0010251033057851236
0.7,0.85,8.0,0.0,0.21,19.917464684973105,0.6837722339831621,0.11914357108764839,0.0,0.0,0.0007890495867768595,0.0010251033057851236
0.7,0.85,10.0,0.0,0.21,19.917464684973105,0.6837722339831621,0.11914357108764839,0.0,0.0,0.0007890495867768595,0.0010251033057851236
0.7,0.85,12.0,0.0,0.21,19.917464684973105,0.6837722339831621,0.11914357108764839,0.0,0.0,0.0007890495867768595,0.0010251033057851236
0.7,0.85,14.0,0.0,0.21,19.917464684973105,0.6837722339831621,0.11914357108764839,0.0,0.0,0.0007890495867768595,0.0010251033057851236
0.7,0.85,16.0,0.0,0.21,19.917464684973105,0.6837722339831621,0.11914357108764839,0.0,0.0,0.0007890495867768595,0.0010251033057851236
0.7,0.85,18.0,0.0,0.21,19.917464684973105,0.6837722339831621,0.11914357108764839,0.0,0.0,0.0007890495867768595,0.0010251033057851236
0.7,0.9,,0.0,0.21,19.917464684973105,0.6837722339831621,0.11914357108764839,0.0,0.0,0.0007890495867768595,0.0010251033057851236
0.7,0.9,2.0,0.0,0.21,19.917464684973105,0.6837722339831621,0.11914357108764839,0.0,0.0,0.0007890495867768595,0.0010251033057851236
0.7,0.9,4.0,0.0,0.21,19.917464684973105,0.6837722339831621,0.11914357108764839,0.0,0.0,0.0007890495867768595,0.0010251033057851236
0.7,0.9,6.0,0.0,0.21,19.917464684973105,0.6837722339831621,0.11914357108764839,0.0,0.0,0.0007890495867768595,0.0010251033057851236
0.7,0.9,8.0,0.0,0.21,19.917464684973105,0.6837722339831621,0.11914357108764839,0.0,0.0,0.0007890495867768595,0.0010251033057851236
0.7,0.9,10.0,0.0,0.21,19.917464684973105,0.6837722339831621,0.11914357108764839,0.0,0.0,0.0007890495867768595,0.0010251033057851236
0.7,0.9,12.0,0.0,0.21,19.917464684973105,0.6837722339831621,0.11914357108764839,0.0,0.0,0.0007890495867768595,0.0010251033057851236
0.7,0.9,14.0,0.0,0.21,19.917464684973105,0.6837722339831621,0.11914357108764839,0.0,0.0,0.0007890495867768595,0.0010251033057851236
0.7,0.9,16.0,0.0,0.21,19.917464684973105,0.6837722339831621,0.11914357108764839,0.0,0.0,0.0007890495867768595,0.0010251033057851236
0.7,0.9,18.0,0.0,0.21,19.917464684973105,0.6837722339831621,0.11914357108764839,0.0,0.0,0.0007890495867768595,0.0010251033057851236
0.7,0.95,,0.0,0.21,19.917464684973105,0.6837722339831621,0.11914357108764839,0.0,0.0,0.0007890495867768595,0.0010251033057851236
0.7,0.95,2.0,0.0,0.21,19.917464684973105,0.6837722339831621,0.11914357108764839,0.0,0.0,0.0007890495867768595,0.0010251033057851236
0.7,0.95,4.0,0.0,0.21,19.917464684973105,0.6837722339831621,0.11914357108764839,0.0,0.0,0.0007890495867768595,0.0010251033057851236
0.7,0.95,6.0,0.0,0.21,19.917464684973105,0.6837722339831621,0.11914357108764839,0.0,0.0,0.0007890495867768595,0.0010251033057851236
0.7,0.95,8.0,0.0,0.21,19.917464684973105,0.6837722339831621,0.11914357108764839,0.0,0.0,0.0007890495867768595,0.0010251033057851236
0.7,0.95,10.0,0.0,0.21,19.917464684973105,0.6837722339831621,0.11914357108764839,0.0,0.0,0.0007890495867768595,0.0010251033057851236
0.7,0.95,12.0,0.0,0.21,19.917464684973105,0.6837722339831621,0.11914357108764839,0.0,0.0,0.0007890495867768595,0.0010251033057851236
0.7,0.95,14.0,0.0,0.21,19.917464684973105,0.6837722339831621,0.11914357108764839,0.0,0.0,0.0007890495867768595,0.0010251033057851236
0.7,0.95,16.0,0.0,0.21,19.917464684973105,0.6837722339831621,0.11914357108764839,0.0,0.0,0.0007890495867768595,0.0010251033057851236
0.7,0.95,18.0,0.0,0.21,19.917464684973105,0.6837722339831621,0.11914357108764839,0.0,0.0,0.0007890495867768595,0.0010251033057851236
0.7,1.0,,0.0,0.21,19.917464684973105,0.6837722339831621,0.11914357108764839,0.0,0.0,0.0007890495867768595,0.0010251033057851236
0.7,1.0,2.0,0.0,0.21,19.917464684973105,0.6837722339831621,0.11914357108764839,0.0,0.0,0.0007890495867768595,0.0010251033057851236
0.7,1.0,4.0,0.0,0.21,19.917464684973105,0.6837722339831621,0.11914357108764839,0.0,0.0,0.0007890495867768595,0.0010251033057851236
0.7,1.0,6.0,0.0,0.21,19.917464684973105,0.6837722339831621,0.11914357108764839,0.0,0.0,0.0007890495867768595,0.0010251033057851236
0.7,1.0,8.0,0.0,0.21,19.917464684973105,0.6837722339831621,0.11914357108764839,0.0,0.0,0.0007890495867768595,0.0010251033057851236
0.7,1.0,10.0,0.0,0.21,19.917464684973105,0.6837722339831621,0.11914357108764839,0.0,0.0,0.0007890495867768595,0.0010251033057851236
0.7,1.0,12.0,0.0,0.21,19.917464684973105,0.6837722339831621,0.11914357108764839,0.0,0.0,0.0007890495867768595,0.0010251033057851236
0.7,1.0,14.0,0.0,0.21,19.917464684973105,0.6837722339831621,0.11914357108764839,0.0,0.0,0.0007890495867768595,0.0010251033057851236
0.7,1.0,16.0,0.0,0.21,19.917464684973105,0.6837722339831621,0.11914357108764839,0.0,0.0,0.0007890495867768595,0.0010251033057851236
0.7,1.0,18.0,0.0,0.21,19.917464684973105,0.6837722339831621,0.11914357108764839,0.0,0.0,0.0007890495867768595,0.0010251033057851236
0.75,0.1,,0.0,0.67,1.8346647488162813,0.03604147949762497,0.09819850237254144,0.0025383561643835617,-0.003436301369863014,-0.00017424593967517492,-0.0017252900232018573
0.75,0.15,,0.0,0.21,19.917464684973105,0.6837722339831621,0.11914357108764839,0.0,0.0,0.0007890495867768595,0.0010251033057851236
0.75,0.15,2.0,0.0,0.21,19.917464684973105,0.6837722339831621,0.11914357108764839,0.0,0.0,0.0007890495867768595,0.0010251033057851236
0.75,0.15,4.0,0.0,0.21,19.917464684973105,0.6837722339831621,0.11914357108764839,0.0,0.0,0.0007890495867768595,0.0010251033057851236
0.75,0.15,6.0,0.0,0.21,19.917464684973105,0.6837722339831621,0.11914357108764839,0.0,0.0,0.0007890495867768595,0.0010251033057851236
0.75,0.15,8.0,0.0,0.21,19.917464684973105,0.6837722339831621,0.11914357108764839,0.0,0.0,0.0007890495867768595,0.0010251033057851236
0.75,0.15,10.0,0.0,0.21,19.917464684973105,0.6837722339831621,0.11914357108764839,0.0,0.0,0.0007890495867768595,0.0010251033057851236
0.75,0.15,12.0,0.0,0.21,19.917464684973105,0.6837722339831621,0.11914357108764839,0.0,0.0,0.0007890495867768595,0.0010251033057851236
0.75,0.15,14.0,0.0,0.21,19.917464684973105,0.6837722339831621,0.11914357108764839,0.0,0.0,0.0007890495867768595,0.0010251033057851236
0.75,0.15,16.0,0.0,0.21,19.917464684973105,0.6837722339831621,0.11914357108764839,0.0,0.0,0.0007890495867768595,0.0010251033057851236
0.75,0.15,18.0,0.0,0.21,19.917464684973105,0.6837722339831621,0.11914357108764839,0.0,0.0,0.0007890495867768595,0.0010251033057851236
0.75,0.2,,0.0,0.21,19.917464684973105,0.6837722339831621,0.11914357108764839,0.0,0.0,0.0007890495867768595,0.0010251033057851236
0.75,0.2,2.0,0.0,0.21,19.917464684973105,0.6837722339831621,0.11914357108764839,0.0,0.0,0.0007890495867768595,0.0010251033057851236
0.75,0.2,4.0,0.0,0.21,19.917464684973105,0.6837722339831621,0.11914357108764839,0.0,0.0,0.0007890495867768595,0.0010251033057851236
0.75,0.2,6.0,0.0,0.21,19.917464684973105,0.6837722339831621,0.11914357108764839,0.0,0.0,0.0007890495867768595,0.0010251033057851236
0.75,0.2,8.0,0.0,0.21,19.917464684973105,0.6837722339831621,0.11914357108764839,0.0,0.0,0.0007890495867768595,0.0010251033057851236
0.75,0.2,10.0,0.0,0.21,19.917464684973105,0.6837722339831621,0.11914357108764839,0.0,0.0,0.0007890495867768595,0.0010251033057851236
0.75,0.2,12.0,0.0,0.21,19.917464684973105,0.6837722339831621,0.11914357108764839,0.0,0.0,0.0007890495867768595,0.0010251033057851236
0.75,0.2,14.0,0.0,0.21,19.917464684973105,0.6837722339831621,0.11914357108764839,0.0,0.0,0.0007890495867768595,0.0010251033057851236
0.75,0.2,16.0,0.0,0.21,19.917464684973105,0.6837722339831621,0.11914357108764839,0.0,0.0,0.0007890495867768595,0.0010251033057851236
0.75,0.2,18.0,0.0,0.21,19.917464684973105,0.6837722339831621,0.11914357108764839,0.0,0.0,0.0007890495867768595,0.0010251033057851236
0.75,0.25,,0.0,0.21,19.917464684973105,0.6837722339831621,0.11914357108764839,0.0,0.0,0.0007890495867768595,0.0010251033057851236
0.75,0.25,2.0,0.0,0.21,19.917464684973105,0.6837722339831621,0.11914357108764839,0.0,0.0,0.0007890495867768595,0.0010251033057851236
0.75,0.25,4.0,0.0,0.21,19.917464684973105,0.6837722339831621,0.11914357108764839,0.0,0.0,0.0007890495867768595,0.0010251033057851236
0.75,0.25,6.0,0.0,0.21,19.917464684973105,0.6837722339831621,0.11914357108764839,0.0,0.0,0.0007890495867768595,0.0010251033057851236
0.75,0.25,8.0,0.0,0.21,19.917464684973105,0.6837722339831621,0.11914357108764839,0.0,0.0,0.0007890495867768595,0.0010251033057851236
0.75,0.25,10.0,0.0,0.21,19.917464684973105,0.6837722339831621,0.11914357108764839,0.0,0.0,0.0007890495867768595,0.0010251033057851236
0.75,0.25,12.0,0.0,0.21,19.917464684973105,0.6837722339831621,0.11914357108764839,0.0,0.0,0.0007890495867768595,0.0010251033057851236
0.75,0.25,14.0,0.0,0.21,19.917464684973105,0.6837722339831621,0.11914357108764839,0.0,0.0,0.0007890495867768595,0.0010251033057851236
0.75,0.25,16.0,0.0,0.21,19.917464684973105,0.6837722339831621,0.11914357108764839,0.0,0.0,0.0007890495867768595,0.0010251033057851236
0.75,0.25,18.0,0.0,0.21,19.917464684973105,0.6837722339831621,0.11914357108764839,0.0,0.0,0.0007890495867768595,0.0010251033057851236
0.75,0.3,,0.0,0.21,19.917464684973105,0.6837722339831621,0.11914357108764839,0.0,0.0,0.0007890495867768595,0.0010251033057851236
0.75,0.3,2.0,0.0,0.21,19.917464684973105,0.6837722339831621,0.11914357108764839,0.0,0.0,0.0007890495867768595,0.0010251033057851236
0.75,0.3,4.0,0.0,0.21,19.917464684973105,0.6837722339831621,0.11914357108764839,0.0,0.0,0.0007890495867768595,0.0010251033057851236
0.75,0.3,6.0,0.0,0.21,19.917464684973105,0.6837722339831621,0.11914357108764839,0.0,0.0,0.0007890495867768595,0.0010251033057851236
0.75,0.3,8.0,0.0,0.21,19.917464684973105,0.6837722339831621,0.11914357108764839,0.0,0.0,0.0007890495867768595,0.0010251033057851236
0.75,0.3,10.0,0.0,0.21,19.917464684973105,0.6837722339831621,0.11914357108764839,0.0,0.0,0.0007890495867768595,0.0010251033057851236
0.75,0.3,12.0,0.0,0.21,19.917464684973105,0.6837722339831621,0.11914357108764839,0.0,0.0,0.0007890495867768595,0.0010251033057851236
0.75,0.3,14.0,0.0,0.21,19.917464684973105,0.6837722339831621,0.11914357108764839,0.0,0.0,0.0007890495867768595,0.0010251033057851236
0.75,0.3,16.0,0.0,0.21,19.917464684973105,0.6837722339831621,0.11914357108764839,0.0,0.0,0.0007890495867768595,0.0010251033057851236
0.75,0.3,18.0,0.0,0.21,19.917464684973105,0.6837722339831621,0.11914357108764839,0.0,0.0,0.0007890495867768595,0.0010251033057851236
0.75,0.35,,0.0,0.21,19.917464684973105,0.6837722339831621,0.11914357108764839,0.0,0.0,0.0007890495867768595,0.0010251033057851236
0.75,0.35,2.0,0.0,0.21,19.917464684973105,0.6837722339831621,0.11914357108764839,0.0,0.0,0.0007890495867768595,0.0010251033057851236
0.75,0.35,4.0,0.0,0.21,19.917464684973105,0.6837722339831621,0.11914357108764839,0.0,0.0,0.0007890495867768595,0.0010251033057851236
0.75,0.35,6.0,0.0,0.21,19.917464684973105,0.6837722339831621,0.11914357108764839,0.0,0.0,0.0007890495867768595,0.0010251033057851236
0.75,0.35,8.0,0.0,0.21,19.917464684973105,0.6837722339831621,0.11914357108764839,0.0,0.0,0.0007890495867768595,0.0010251033057851236
0.75,0.35,10.0,0.0,0.21,19.917464684973105,0.6837722339831621,0.11914357108764839,0.0,0.0,0.0007890495867768595,0.0010251033057851236
0.75,0.35,12.0,0.0,0.21,19.917464684973105,0.6837722339831621,0.11914357108764839,0.0,0.0,0.0007890495867768595,0.0010251033057851236
0.75,0.35,14.0,0.0,0.21,19.917464684973105,0.6837722339831621,0.11914357108764839,0.0,0.0,0.0007890495867768595,0.0010251033057851236
0.75,0.35,16.0,0.0,0.21,19.917464684973105,0.6837722339831621,0.11914357108764839,0.0,0.0,0.0007890495867768595,0.0010251033057851236
0.75,0.35,18.0,0.0,0.21,19.917464684973105,0.6837722339831621,0.11914357108764839,0.0,0.0,0.0007890495867768595,0.0010251033057851236
0.75,0.4,,0.0,0.21,19.917464684973105,0.6837722339831621,0.11914357108764839,0.0,0.0,0.0007890495867768595,0.0010251033057851236
0.75,0.4,2.0,0.0,0.21,19.917464684973105,0.6837722339831621,0.11914357108764839,0.0,0.0,0.0007890495867768595,0.0010251033057851236
0.75,0.4,4.0,0.0,0.21,19.917464684973105,0.6837722339831621,0.11914357108764839,0.0,0.0,0.0007890495867768595,0.0010251033057851236
0.75,0.4,6.0,0.0,0.21,19.917464684973105,0.6837722339831621,0.11914357108764839,0.0,0.0,0.0007890495867768595,0.0010251033057851236
0.75,0.4,8.0,0.0,0.21,19.917464684973105,0.6837722339831621,0.11914357108764839,0.0,0.0,0.0007890495867768595,0.0010251033057851236
0.75,0.4,10.0,0.0,0.21,19.917464684973105,0.6837722339831621,0.11914357108764839,0.0,0.0,0.0007890495867768595,0.0010251033057851236
0.75,0.4,12.0,0.0,0.21,19.917464684973105,0.6837722339831621,0.11914357108764839,0.0,0.0,0.0007890495867768595,0.0010251033057851236
0.75,0.4,14.0,0.0,0.21,19.917464684973105,0.6837722339831621,0.11914357108764839,0.0,0.0,0.0007890495867768595,0.0010251033057851236
0.75,0.4,16.0,0.0,0.21,19.917464684973105,0.6837722339831621,0.11914357108764839,0.0,0.0,0.0007890495867768595,0.0010251033057851236
0.75,0.4,18.0,0.0,0.21,19.917464684973105,0.6837722339831621,0.11914357108764839,0.0,0.0,0.0007890495867768595,0.0010251033057851236
0.75,0.45,,0.0,0.21,19.917464684973105,0.6837722339831621,0.11914357108764839,0.0,0.0,0.0007890495867768595,0.0010251033057851236
0.75,0.45,2.0,0.0,0.21,19.917464684973105,0.6837722339831621,0.11914357108764839,0.0,0.0,0.0007890495867768595,0.0010251033057851236
0.75,0.45,4.0,0.0,0.21,19.917464684973105,0.6837722339831621,0.11914357108764839,0.0,0.0,0.0007890495867768595,0.0010251033057851236
0.75,0.45,6.0,0.0,0.21,19.917464684973105,0.6837722339831621,0.11914357108764839,0.0,0.0,0.0007890495867768595,0.0010251033057851236
0.75,0.45,8.0,0.0,0.21,19.917464684973105,0.6837722339831621,0.11914357108764839,0.0,0.0,0.0007890495867768595,0.0010251033057851236
0.75,0.45,10.0,0.0,0.21,19.917464684973105,0.6837722339831621,0.11914357108764839,0.0,0.0,0.0007890495867768595,0.0010251033057851236
0.75,0.45,12.0,0.0,0.21,19.917464684973105,0.6837722339831621,0.11914357108764839,0.0,0.0,0.0007890495867768595,0.0010251033057851236
0.75,0.45,14.0,0.0,0.21,19.917464684973105,0.6837722339831621,0.11914357108764839,0.0,0.0,0.0007890495867768595,0.0010251033057851236
0.75,0.45,16.0,0.0,0.21,19.917464684973105,0.6837722339831621,0.11914357108764839,0.0,0.0,0.0007890495867768595,0.0010251033057851236
0.75,0.45,18.0,0.0,0.21,19.917464684973105,0.6837722339831621,0.11914357108764839,0.0,0.0,0.0007890495867768595,0.0010251033057851236
0.75,0.5,,0.0,0.21,19.917464684973105,0.6837722339831621,0.11914357108764839,0.0,0.0,0.0007890495867768595,0.0010251033057851236
0.75,0.5,2.0,0.0,0.21,19.917464684973105,0.6837722339831621,0.11914357108764839,0.0,0.0,0.0007890495867768595,0.0010251033057851236
0.75,0.5,4.0,0.0,0.21,19.917464684973105,0.6837722339831621,0.11914357108764839,0.0,0.0,0.0007890495867768595,0.0010251033057851236
0.75,0.5,6.0,0.0,0.21,19.917464684973105,0.6837722339831621,0.11914357108764839,0.0,0.0,0.0007890495867768595,0.0010251033057851236
0.75,0.5,8.0,0.0,0.21,19.917464684973105,0.6837722339831621,0.11914357108764839,0.0,0.0,0.0007890495867768595,0.0010251033057851236
0.75,0.5,10.0,0.0,0.21,19.917464684973105,0.6837722339831621,0.11914357108764839,0.0,0.0,0.0007890495867768595,0.0010251033057851236
0.75,0.5,12.0,0.0,0.21,19.917464684973105,0.6837722339831621,0.11914357108764839,0.0,0.0,0.0007890495867768595,0.0010251033057851236
0.75,0.5,14.0,0.0,0.21,19.917464684973105,0.6837722339831621,0.11914357108764839,0.0,0.0,0.0007890495867768595,0.0010251033057851236
0.75,0.5,16.0,0.0,0.21,19.917464684973105,0.6837722339831621,0.11914357108764839,0.0,0.0,0.0007890495867768595,0.0010251033057851236
0.75,0.5,18.0,0.0,0.21,19.917464684973105,0.6837722339831621,0.11914357108764839,0.0,0.0,0.0007890495867768595,0.0010251033057851236
0.75,0.55,,0.0,0.21,19.917464684973105,0.6837722339831621,0.11914357108764839,0.0,0.0,0.0007890495867768595,0.0010251033057851236
0.75,0.55,2.0,0.0,0.21,19.917464684973105,0.6837722339831621,0.11914357108764839,0.0,0.0,0.0007890495867768595,0.0010251033057851236
0.75,0.55,4.0,0.0,0.21,19.917464684973105,0.6837722339831621,0.11914357108764839,0.0,0.0,0.0007890495867768595,0.0010251033057851236
0.75,0.55,6.0,0.0,0.21,19.917464684973105,0.6837722339831621,0.11914357108764839,0.0,0.0,0.0007890495867768595,0.0010251033057851236
0.75,0.55,8.0,0.0,0.21,19.917464684973105,0.6837722339831621,0.11914357108764839,0.0,0.0,0.0007890495867768595,0.0010251033057851236
0.75,0.55,10.0,0.0,0.21,19.917464684973105,0.6837722339831621,0.11914357108764839,0.0,0.0,0.0007890495867768595,0.0010251033057851236
0.75,0.55,12.0,0.0,0.21,19.917464684973105,0.6837722339831621,0.11914357108764839,0.0,0.0,0.0007890495867768595,0.0010251033057851236
0.75,0.55,14.0,0.0,0.21,19.917464684973105,0.6837722339831621,0.11914357108764839,0.0,0.0,0.0007890495867768595,0.0010251033057851236
0.75,0.55,16.0,0.0,0.21,19.917464684973105,0.6837722339831621,0.11914357108764839,0.0,0.0,0.0007890495867768595,0.0010251033057851236
0.75,0.55,18.0,0.0,0.21,19.917464684973105,0.6837722339831621,0.11914357108764839,0.0,0.0,0.0007890495867768595,0.0010251033057851236
0.75,0.6,,0.0,0.21,19.917464684973105,0.6837722339831621,0.11914357108764839,0.0,0.0,0.0007890495867768595,0.0010251033057851236
0.75,0.6,2.0,0.0,0.21,19.917464684973105,0.6837722339831621,0.11914357108764839,0.0,0.0,0.0007890495867768595,0.0010251033057851236
0.75,0.6,4.0,0.0,0.21,19.917464684973105,0.6837722339831621,0.11914357108764839,0.0,0.0,0.0007890495867768595,0.0010251033057851236
0.75,0.6,6.0,0.0,0.21,19.917464684973105,0.6837722339831621,0.11914357108764839,0.0,0.0,0.0007890495867768595,0.0010251033057851236
0.75,0.6,8.0,0.0,0.21,19.917464684973105,0.6837722339831621,0.11914357108764839,0.0,0.0,0.0007890495867768595,0.0010251033057851236
0.75,0.6,10.0,0.0,0.21,19.917464684973105,0.6837722339831621,0.11914357108764839,0.0,0.0,0.0007890495867768595,0.0010251033057851236
0.75,0.6,12.0,0.0,0.21,19.917464684973105,0.6837722339831621,0.11914357108764839,0.0,0.0,0.0007890495867768595,0.0010251033057851236
0.75,0.6,14.0,0.0,0.21,19.917464684973105,0.6837722339831621,0.11914357108764839,0.0,0.0,0.0007890495867768595,0.0010251033057851236
0.75,0.6,16.0,0.0,0.21,19.917464684973105,0.6837722339831621,0.11914357108764839,0.0,0.0,0.0007890495867768595,0.0010251033057851236
0.75,0.6,18.0,0.0,0.21,19.917464684973105,0.6837722339831621,0.11914357108764839,0.0,0.0,0.0007890495867768595,0.0010251033057851236
0.75,0.65,,0.0,0.21,19.917464684973105,0.6837722339831621,0.11914357108764839,0.0,0.0,0.0007890495867768595,0.0010251033057851236
0.75,0.65,2.0,0.0,0.21,19.917464684973105,0.6837722339831621,0.11914357108764839,0.0,0.0,0.0007890495867768595,0.0010251033057851236
0.75,0.65,4.0,0.0,0.21,19.917464684973105,0.6837722339831621,0.11914357108764839,0.0,0.0,0.0007890495867768595,0.0010251033057851236
0.75,0.65,6.0,0.0,0.21,19.917464684973105,0.6837722339831621,0.11914357108764839,0.0,0.0,0.0007890495867768595,0.0010251033057851236
0.75,0.65,8.0,0.0,0.21,19.917464684973105,0.6837722339831621,0.11914357108764839,0.0,0.0,0.0007890495867768595,0.0010251033057851236
0.75,0.65,10.0,0.0,0.21,19.917464684973105,0.6837722339831621,0.11914357108764839,0.0,0.0,0.0007890495867768595,0.0010251033057851236
0.75,0.65,12.0,0.0,0.21,19.917464684973105,0.6837722339831621,0.11914357108764839,0.0,0.0,0.0007890495867768595,0.0010251033057851236
0.75,0.65,14.0,0.0,0.21,19.917464684973105,0.6837722339831621,0.11914357108764839,0.0,0.0,0.0007890495867768595,0.0010251033057851236
0.75,0.65,16.0,0.0,0.21,19.917464684973105,0.6837722339831621,0.11914357108764839,0.0,0.0,0.0007890495867768595,0.0010251033057851236
0.75,0.65,18.0,0.0,0.21,19.917464684973105,0.6837722339831621,0.11914357108764839,0.0,0.0,0.0007890495867768595,0.0010251033057851236
0.75,0.7,,0.0,0.21,19.917464684973105,0.6837722339831621,0.11914357108764839,0.0,0.0,0.0007890495867768595,0.0010251033057851236
0.75,0.7,2.0,0.0,0.21,19.917464684973105,0.6837722339831621,0.11914357108764839,0.0,0.0,0.0007890495867768595,0.0010251033057851236
0.75,0.7,4.0,0.0,0.21,19.917464684973105,0.6837722339831621,0.11914357108764839,0.0,0.0,0.0007890495867768595,0.0010251033057851236
0.75,0.7,6.0,0.0,0.21,19.917464684973105,0.6837722339831621,0.11914357108764839,0.0,0.0,0.0007890495867768595,0.0010251033057851236
0.75,0.7,8.0,0.0,0.21,19.917464684973105,0.6837722339831621,0.11914357108764839,0.0,0.0,0.0007890495867768595,0.0010251033057851236
0.75,0.7,10.0,0.0,0.21,19.917464684973105,0.6837722339831621,0.11914357108764839,0.0,0.0,0.0007890495867768595,0.0010251033057851236
0.75,0.7,12.0,0.0,0.21,19.917464684973105,0.6837722339831621,0.11914357108764839,0.0,0.0,0.0007890495867768595,0.0010251033057851236
0.75,0.7,14.0,0.0,0.21,19.917464684973105,0.6837722339831621,0.11914357108764839,0.0,0.0,0.0007890495867768595,0.0010251033057851236
0.75,0.7,16.0,0.0,0.21,19.917464684973105,0.6837722339831621,0.11914357108764839,0.0,0.0,0.0007890495867768595,0.0010251033057851236
0.75,0.7,18.0,0.0,0.21,19.917464684973105,0.6837722339831621,0.11914357108764839,0.0,0.0,0.0007890495867768595,0.0010251033057851236
0.75,0.75,,0.0,0.21,19.917464684973105,0.6837722339831621,0.11914357108764839,0.0,0.0,0.0007890495867768595,0.0010251033057851236
0.75,0.75,2.0,0.0,0.21,19.917464684973105,0.6837722339831621,0.11914357108764839,0.0,0.0,0.0007890495867768595,0.0010251033057851236
0.75,0.75,4.0,0.0,0.21,19.917464684973105,0.6837722339831621,0.11914357108764839,0.0,0.0,0.0007890495867768595,0.0010251033057851236
0.75,0.75,6.0,0.0,0.21,19.917464684973105,0.6837722339831621,0.11914357108764839,0.0,0.0,0.0007890495867768595,0.0010251033057851236
0.75,0.75,8.0,0.0,0.21,19.917464684973105,0.6837722339831621,0.11914357108764839,0.0,0.0,0.0007890495867768595,0.0010251033057851236
0.75,0.75,10.0,0.0,0.21,19.917464684973105,0.6837722339831621,0.11914357108764839,0.0,0.0,0.0007890495867768595,0.0010251033057851236
0.75,0.75,12.0,0.0,0.21,19.917464684973105,0.6837722339831621,0.11914357108764839,0.0,0.0,0.0007890495867768595,0.0010251033057851236
0.75,0.75,14.0,0.0,0.21,19.917464684973105,0.6837722339831621,0.11914357108764839,0.0,0.0,0.0007890495867768595,0.0010251033057851236
0.75,0.75,16.0,0.0,0.21,19.917464684973105,0.6837722339831621,0.11914357108764839,0.0,0.0,0.0007890495867768595,0.0010251033057851236
0.75,0.75,18.0,0.0,0.21,19.917464684973105,0.6837722339831621,0.11914357108764839,0.0,0.0,0.0007890495867768595,0.0010251033057851236
0.75,0.8,,0.0,0.21,19.917464684973105,0.6837722339831621,0.11914357108764839,0.0,0.0,0.0007890495867768595,0.0010251033057851236
0.75,0.8,2.0,0.0,0.21,19.917464684973105,0.6837722339831621,0.11914357108764839,0.0,0.0,0.0007890495867768595,0.0010251033057851236
0.75,0.8,4.0,0.0,0.21,19.917464684973105,0.6837722339831621,0.11914357108764839,0.0,0.0,0.0007890495867768595,0.0010251033057851236
0.75,0.8,6.0,0.0,0.21,19.917464684973105,0.6837722339831621,0.11914357108764839,0.0,0.0,0.0007890495867768595,0.0010251033057851236
0.75,0.8,8.0,0.0,0.21,19.917464684973105,0.6837722339831621,0.11914357108764839,0.0,0.0,0.0007890495867768595,0.0010251033057851236
0.75,0.8,10.0,0.0,0.21,19.917464684973105,0.6837722339831621,0.11914357108764839,0.0,0.0,0.0007890495867768595,0.0010251033057851236
0.75,0.8,12.0,0.0,0.21,19.917464684973105,0.6837722339831621,0.11914357108764839,0.0,0.0,0.0007890495867768595,0.0010251033057851236
0.75,0.8,14.0,0.0,0.21,19.917464684973105,0.6837722339831621,0.11914357108764839,0.0,0.0,0.0007890495867768595,0.0010251033057851236
0.75,0.8,16.0,0.0,0.21,19.917464684973105,0.6837722339831621,0.11914357108764839,0.0,0.0,0.0007890495867768595,0.0010251033057851236
0.75,0.8,18.0,0.0,0.21,19.917464684973105,0.6837722339831621,0.11914357108764839,0.0,0.0,0.0007890495867768595,0.0010251033057851236
0.75,0.85,,0.0,0.21,19.917464684973105,0.6837722339831621,0.11914357108764839,0.0,0.0,0.0007890495867768595,0.0010251033057851236
0.75,0.85,2.0,0.0,0.21,19.917464684973105,0.6837722339831621,0.11914357108764839,0.0,0.0,0.0007890495867768595,0.0010251033057851236
0.75,0.85,4.0,0.0,0.21,19.917464684973105,0.6837722339831621,0.11914357108764839,0.0,0.0,0.0007890495867768595,0.0010251033057851236
0.75,0.85,6.0,0.0,0.21,19.917464684973105,0.6837722339831621,0.11914357108764839,0.0,0.0,0.0007890495867768595,0.0010251033057851236
0.75,0.85,8.0,0.0,0.21,19.917464684973105,0.6837722339831621,0.11914357108764839,0.0,0.0,0.0007890495867768595,0.0010251033057851236
0.75,0.85,10.0,0.0,0.21,19.917464684973105,0.6837722339831621,0.11914357108764839,0.0,0.0,0.0007890495867768595,0.0010251033057851236
0.75,0.85,12.0,0.0,0.21,19.917464684973105,0.6837722339831621,0.11914357108764839,0.0,0.0,0.0007890495867768595,0.0010251033057851236
0.75,0.85,14.0,0.0,0.21,19.917464684973105,0.6837722339831621,0.11914357108764839,0.0,0.0,0.0007890495867768595,0.0010251033057851236
0.75,0.85,16.0,0.0,0.21,19.917464684973105,0.6837722339831621,0.11914357108764839,0.0,0.0,0.0007890495867768595,0.0010251033057851236
0.75,0.85,18.0,0.0,0.21,19.917464684973105,0.6837722339831621,0.11914357108764839,0.0,0.0,0.0007890495867768595,0.0010251033057851236
0.75,0.9,,0.0,0.21,19.917464684973105,0.6837722339831621,0.11914357108764839,0.0,0.0,0.0007890495867768595,0.0010251033057851236
0.75,0.9,2.0,0.0,0.21,19.917464684973105,0.6837722339831621,0.11914357108764839,0.0,0.0,0.0007890495867768595,0.0010251033057851236
0.75,0.9,4.0,0.0,0.21,19.917464684973105,0.6837722339831621,0.11914357108764839,0.0,0.0,0.0007890495867768595,0.0010251033057851236
0.75,0.9,6.0,0.0,0.21,19.917464684973105,0.6837722339831621,0.11914357108764839,0.0,0.0,0.0007890495867768595,0.0010251033057851236
0.75,0.9,8.0,0.0,0.21,19.917464684973105,0.6837722339831621,0.11914357108764839,0.0,0.0,0.0007890495867768595,0.0010251033057851236
0.75,0.9,10.0,0.0,0.21,19.917464684973105,0.6837722339831621,0.11914357108764839,0.0,0.0,0.0007890495867768595,0.0010251033057851236
0.75,0.9,12.0,0.0,0.21,19.917464684973105,0.6837722339831621,0.11914357108764839,0.0,0.0,0.0007890495867768595,0.0010251033057851236
0.75,0.9,14.0,0.0,0.21,19.917464684973105,0.6837722339831621,0.11914357108764839,0.0,0.0,0.0007890495867768595,0.0010251033057851236
0.75,0.9,16.0,0.0,0.21,19.917464684973105,0.6837722339831621,0.11914357108764839,0.0,0.0,0.0007890495867768595,0.0010251033057851236
0.75,0.9,18.0,0.0,0.21,19.917464684973105,0.6837722339831621,0.11914357108764839,0.0,0.0,0.0007890495867768595,0.0010251033057851236
0.75,0.95,,0.0,0.21,19.917464684973105,0.6837722339831621,0.11914357108764839,0.0,0.0,0.0007890495867768595,0.0010251033057851236
0.75,0.95,2.0,0.0,0.21,19.917464684973105,0.6837722339831621,0.11914357108764839,0.0,0.0,0.0007890495867768595,0.0010251033057851236
0.75,0.95,4.0,0.0,0.21,19.917464684973105,0.6837722339831621,0.11914357108764839,0.0,0.0,0.0007890495867768595,0.0010251033057851236
0.75,0.95,6.0,0.0,0.21,19.917464684973105,0.6837722339831621,0.11914357108764839,0.0,0.0,0.0007890495867768595,0.0010251033057851236
0.75,0.95,8.0,0.0,0.21,19.917464684973105,0.6837722339831621,0.11914357108764839,0.0,0.0,0.0007890495867768595,0.0010251033057851236
0.75,0.95,10.0,0.0,0.21,19.917464684973105,0.6837722339831621,0.11914357108764839,0.0,0.0,0.0007890495867768595,0.0010251033057851236
0.75,0.95,12.0,0.0,0.21,19.917464684973105,0.6837722339831621,0.11914357108764839,0.0,0.0,0.0007890495867768595,0.0010251033057851236
0.75,0.95,14.0,0.0,0.21,19.917464684973105,0.6837722339831621,0.11914357108764839,0.0,0.0,0.0007890495867768595,0.0010251033057851236
0.75,0.95,16.0,0.0,0.21,19.917464684973105,0.6837722339831621,0.11914357108764839,0.0,0.0,0.0007890495867768595,0.0010251033057851236
0.75,0.95,18.0,0.0,0.21,19.917464684973105,0.6837722339831621,0.11914357108764839,0.0,0.0,0.0007890495867768595,0.0010251033057851236
0.75,1.0,,0.0,0.21,19.917464684973105,0.6837722339831621,0.11914357108764839,0.0,0.0,0.0007890495867768595,0.0010251033057851236
0.75,1.0,2.0,0.0,0.21,19.917464684973105,0.6837722339831621,0.11914357108764839,0.0,0.0,0.0007890495867768595,0.0010251033057851236
0.75,1.0,4.0,0.0,0.21,19.917464684973105,0.6837722339831621,0.11914357108764839,0.0,0.0,0.0007890495867768595,0.0010251033057851236
0.75,1.0,6.0,0.0,0.21,19.917464684973105,0.6837722339831621,0.11914357108764839,0.0,0.0,0.0007890495867768595,0.0010251033057851236
0.75,1.0,8.0,0.0,0.21,19.917464684973105,0.6837722339831621,0.11914357108764839,0.0,0.0,0.0007890495867768595,0.0010251033057851236
0.75,1.0,10.0,0.0,0.21,19.917464684973105,0.6837722339831621,0.11914357108764839,0.0,0.0,0.0007890495867768595,0.0010251033057851236
0.75,1.0,12.0,0.0,0.21,19.917464684973105,0.6837722339831621,0.11914357108764839,0.0,0.0,0.0007890495867768595,0.0010251033057851236
0.75,1.0,14.0,0.0,0.21,19.917464684973105,0.6837722339831621,0.11914357108764839,0.0,0.0,0.0007890495867768595,0.0010251033057851236
0.75,1.0,16.0,0.0,0.21,19.917464684973105,0.6837722339831621,0.11914357108764839,0.0,0.0,0.0007890495867768595,0.0010251033057851236
0.75,1.0,18.0,0.0,0.21,19.917464684973105,0.6837722339831621,0.11914357108764839,0.0,0.0,0.0007890495867768595,0.0010251033057851236
0.8,0.1,,0.0,0.67,1.8346647488162813,0.03604147949762497,0.09819850237254144,0.0025383561643835617,-0.003436301369863014,-0.00017424593967517492,-0.0017252900232018573
0.8,0.15,,0.0,0.21,19.917464684973105,0.6837722339831621,0.11914357108764839,0.0,0.0,0.0007890495867768595,0.0010251033057851236
0.8,0.15,2.0,0.0,0.21,19.917464684973105,0.6837722339831621,0.11914357108764839,0.0,0.0,0.0007890495867768595,0.0010251033057851236
0.8,0.15,4.0,0.0,0.21,19.917464684973105,0.6837722339831621,0.11914357108764839,0.0,0.0,0.0007890495867768595,0.0010251033057851236
0.8,0.15,6.0,0.0,0.21,19.917464684973105,0.6837722339831621,0.11914357108764839,0.0,0.0,0.0007890495867768595,0.0010251033057851236
0.8,0.15,8.0,0.0,0.21,19.917464684973105,0.6837722339831621,0.11914357108764839,0.0,0.0,0.0007890495867768595,0.0010251033057851236
0.8,0.15,10.0,0.0,0.21,19.917464684973105,0.6837722339831621,0.11914357108764839,0.0,0.0,0.0007890495867768595,0.0010251033057851236
0.8,0.15,12.0,0.0,0.21,19.917464684973105,0.6837722339831621,0.11914357108764839,0.0,0.0,0.0007890495867768595,0.0010251033057851236
0.8,0.15,14.0,0.0,0.21,19.917464684973105,0.6837722339831621,0.11914357108764839,0.0,0.0,0.0007890495867768595,0.0010251033057851236
0.8,0.15,16.0,0.0,0.21,19.917464684973105,0.6837722339831621,0.11914357108764839,0.0,0.0,0.0007890495867768595,0.0010251033057851236
0.8,0.15,18.0,0.0,0.21,19.917464684973105,0.6837722339831621,0.11914357108764839,0.0,0.0,0.0007890495867768595,0.0010251033057851236
0.8,0.2,,0.0,0.21,19.917464684973105,0.6837722339831621,0.11914357108764839,0.0,0.0,0.0007890495867768595,0.0010251033057851236
0.8,0.2,2.0,0.0,0.21,19.917464684973105,0.6837722339831621,0.11914357108764839,0.0,0.0,0.0007890495867768595,0.0010251033057851236
0.8,0.2,4.0,0.0,0.21,19.917464684973105,0.6837722339831621,0.11914357108764839,0.0,0.0,0.0007890495867768595,0.0010251033057851236
0.8,0.2,6.0,0.0,0.21,19.917464684973105,0.6837722339831621,0.11914357108764839,0.0,0.0,0.0007890495867768595,0.0010251033057851236
0.8,0.2,8.0,0.0,0.21,19.917464684973105,0.6837722339831621,0.11914357108764839,0.0,0.0,0.0007890495867768595,0.0010251033057851236
0.8,0.2,10.0,0.0,0.21,19.917464684973105,0.6837722339831621,0.11914357108764839,0.0,0.0,0.0007890495867768595,0.0010251033057851236
0.8,0.2,12.0,0.0,0.21,19.917464684973105,0.6837722339831621,0.11914357108764839,0.0,0.0,0.0007890495867768595,0.0010251033057851236
0.8,0.2,14.0,0.0,0.21,19.917464684973105,0.6837722339831621,0.11914357108764839,0.0,0.0,0.0007890495867768595,0.0010251033057851236
0.8,0.2,16.0,0.0,0.21,19.917464684973105,0.6837722339831621,0.11914357108764839,0.0,0.0,0.0007890495867768595,0.0010251033057851236
0.8,0.2,18.0,0.0,0.21,19.917464684973105,0.6837722339831621,0.11914357108764839,0.0,0.0,0.0007890495867768595,0.0010251033057851236
0.8,0.25,,0.0,0.21,19.917464684973105,0.6837722339831621,0.11914357108764839,0.0,0.0,0.0007890495867768595,0.0010251033057851236
0.8,0.25,2.0,0.0,0.21,19.917464684973105,0.6837722339831621,0.11914357108764839,0.0,0.0,0.0007890495867768595,0.0010251033057851236
0.8,0.25,4.0,0.0,0.21,19.917464684973105,0.6837722339831621,0.11914357108764839,0.0,0.0,0.0007890495867768595,0.0010251033057851236
0.8,0.25,6.0,0.0,0.21,19.917464684973105,0.6837722339831621,0.11914357108764839,0.0,0.0,0.0007890495867768595,0.0010251033057851236
0.8,0.25,8.0,0.0,0.21,19.917464684973105,0.6837722339831621,0.11914357108764839,0.0,0.0,0.0007890495867768595,0.0010251033057851236
0.8,0.25,10.0,0.0,0.21,19.917464684973105,0.6837722339831621,0.11914357108764839,0.0,0.0,0.0007890495867768595,0.0010251033057851236
0.8,0.25,12.0,0.0,0.21,19.917464684973105,0.6837722339831621,0.11914357108764839,0.0,0.0,0.0007890495867768595,0.0010251033057851236
0.8,0.25,14.0,0.0,0.21,19.917464684973105,0.6837722339831621,0.11914357108764839,0.0,0.0,0.0007890495867768595,0.0010251033057851236
0.8,0.25,16.0,0.0,0.21,19.917464684973105,0.6837722339831621,0.11914357108764839,0.0,0.0,0.0007890495867768595,0.0010251033057851236
0.8,0.25,18.0,0.0,0.21,19.917464684973105,0.6837722339831621,0.11914357108764839,0.0,0.0,0.0007890495867768595,0.0010251033057851236
0.8,0.3,,0.0,0.21,19.917464684973105,0.6837722339831621,0.11914357108764839,0.0,0.0,0.0007890495867768595,0.0010251033057851236
0.8,0.3,2.0,0.0,0.21,19.917464684973105,0.6837722339831621,0.11914357108764839,0.0,0.0,0.0007890495867768595,0.0010251033057851236
0.8,0.3,4.0,0.0,0.21,19.917464684973105,0.6837722339831621,0.11914357108764839,0.0,0.0,0.0007890495867768595,0.0010251033057851236
0.8,0.3,6.0,0.0,0.21,19.917464684973105,0.6837722339831621,0.11914357108764839,0.0,0.0,0.0007890495867768595,0.0010251033057851236
0.8,0.3,8.0,0.0,0.21,19.917464684973105,0.6837722339831621,0.11914357108764839,0.0,0.0,0.0007890495867768595,0.0010251033057851236
0.8,0.3,10.0,0.0,0.21,19.917464684973105,0.6837722339831621,0.11914357108764839,0.0,0.0,0.0007890495867768595,0.0010251033057851236
0.8,0.3,12.0,0.0,0.21,19.917464684973105,0.6837722339831621,0.11914357108764839,0.0,0.0,0.0007890495867768595,0.0010251033057851236
0.8,0.3,14.0,0.0,0.21,19.917464684973105,0.6837722339831621,0.11914357108764839,0.0,0.0,0.0007890495867768595,0.0010251033057851236
0.8,0.3,16.0,0.0,0.21,19.917464684973105,0.6837722339831621,0.11914357108764839,0.0,0.0,0.0007890495867768595,0.0010251033057851236
0.8,0.3,18.0,0.0,0.21,19.917464684973105,0.6837722339831621,0.11914357108764839,0.0,0.0,0.0007890495867768595,0.0010251033057851236
0.8,0.35,,0.0,0.21,19.917464684973105,0.6837722339831621,0.11914357108764839,0.0,0.0,0.0007890495867768595,0.0010251033057851236
0.8,0.35,2.0,0.0,0.21,19.917464684973105,0.6837722339831621,0.11914357108764839,0.0,0.0,0.0007890495867768595,0.0010251033057851236
0.8,0.35,4.0,0.0,0.21,19.917464684973105,0.6837722339831621,0.11914357108764839,0.0,0.0,0.0007890495867768595,0.0010251033057851236
0.8,0.35,6.0,0.0,0.21,19.917464684973105,0.6837722339831621,0.11914357108764839,0.0,0.0,0.0007890495867768595,0.0010251033057851236
0.8,0.35,8.0,0.0,0.21,19.917464684973105,0.6837722339831621,0.11914357108764839,0.0,0.0,0.0007890495867768595,0.0010251033057851236
0.8,0.35,10.0,0.0,0.21,19.917464684973105,0.6837722339831621,0.11914357108764839,0.0,0.0,0.0007890495867768595,0.0010251033057851236
0.8,0.35,12.0,0.0,0.21,19.917464684973105,0.6837722339831621,0.11914357108764839,0.0,0.0,0.0007890495867768595,0.0010251033057851236
0.8,0.35,14.0,0.0,0.21,19.917464684973105,0.6837722339831621,0.11914357108764839,0.0,0.0,0.0007890495867768595,0.0010251033057851236
0.8,0.35,16.0,0.0,0.21,19.917464684973105,0.6837722339831621,0.11914357108764839,0.0,0.0,0.0007890495867768595,0.0010251033057851236
0.8,0.35,18.0,0.0,0.21,19.917464684973105,0.6837722339831621,0.11914357108764839,0.0,0.0,0.0007890495867768595,0.0010251033057851236
0.8,0.4,,0.0,0.21,19.917464684973105,0.6837722339831621,0.11914357108764839,0.0,0.0,0.0007890495867768595,0.0010251033057851236
0.8,0.4,2.0,0.0,0.21,19.917464684973105,0.6837722339831621,0.11914357108764839,0.0,0.0,0.0007890495867768595,0.0010251033057851236
0.8,0.4,4.0,0.0,0.21,19.917464684973105,0.6837722339831621,0.11914357108764839,0.0,0.0,0.0007890495867768595,0.0010251033057851236
0.8,0.4,6.0,0.0,0.21,19.917464684973105,0.6837722339831621,0.11914357108764839,0.0,0.0,0.0007890495867768595,0.0010251033057851236
0.8,0.4,8.0,0.0,0.21,19.917464684973105,0.6837722339831621,0.11914357108764839,0.0,0.0,0.0007890495867768595,0.0010251033057851236
0.8,0.4,10.0,0.0,0.21,19.917464684973105,0.6837722339831621,0.11914357108764839,0.0,0.0,0.0007890495867768595,0.0010251033057851236
0.8,0.4,12.0,0.0,0.21,19.917464684973105,0.6837722339831621,0.11914357108764839,0.0,0.0,0.0007890495867768595,0.0010251033057851236
0.8,0.4,14.0,0.0,0.21,19.917464684973105,0.6837722339831621,0.11914357108764839,0.0,0.0,0.0007890495867768595,0.0010251033057851236
0.8,0.4,16.0,0.0,0.21,19.917464684973105,0.6837722339831621,0.11914357108764839,0.0,0.0,0.0007890495867768595,0.0010251033057851236
0.8,0.4,18.0,0.0,0.21,19.917464684973105,0.6837722339831621,0.11914357108764839,0.0,0.0,0.0007890495867768595,0.0010251033057851236
0.8,0.45,,0.0,0.21,19.917464684973105,0.6837722339831621,0.11914357108764839,0.0,0.0,0.0007890495867768595,0.0010251033057851236
0.8,0.45,2.0,0.0,0.21,19.917464684973105,0.6837722339831621,0.11914357108764839,0.0,0.0,0.0007890495867768595,0.0010251033057851236
0.8,0.45,4.0,0.0,0.21,19.917464684973105,0.6837722339831621,0.11914357108764839,0.0,0.0,0.0007890495867768595,0.0010251033057851236
0.8,0.45,6.0,0.0,0.21,19.917464684973105,0.6837722339831621,0.11914357108764839,0.0,0.0,0.0007890495867768595,0.0010251033057851236
0.8,0.45,8.0,0.0,0.21,19.917464684973105,0.6837722339831621,0.11914357108764839,0.0,0.0,0.0007890495867768595,0.0010251033057851236
0.8,0.45,10.0,0.0,0.21,19.917464684973105,0.6837722339831621,0.11914357108764839,0.0,0.0,0.0007890495867768595,0.0010251033057851236
0.8,0.45,12.0,0.0,0.21,19.917464684973105,0.6837722339831621,0.11914357108764839,0.0,0.0,0.0007890495867768595,0.0010251033057851236
0.8,0.45,14.0,0.0,0.21,19.917464684973105,0.6837722339831621,0.11914357108764839,0.0,0.0,0.0007890495867768595,0.0010251033057851236
0.8,0.45,16.0,0.0,0.21,19.917464684973105,0.6837722339831621,0.11914357108764839,0.0,0.0,0.0007890495867768595,0.0010251033057851236
0.8,0.45,18.0,0.0,0.21,19.917464684973105,0.6837722339831621,0.11914357108764839,0.0,0.0,0.0007890495867768595,0.0010251033057851236
0.8,0.5,,0.0,0.21,19.917464684973105,0.6837722339831621,0.11914357108764839,0.0,0.0,0.0007890495867768595,0.0010251033057851236
0.8,0.5,2.0,0.0,0.21,19.917464684973105,0.6837722339831621,0.11914357108764839,0.0,0.0,0.0007890495867768595,0.0010251033057851236
0.8,0.5,4.0,0.0,0.21,19.917464684973105,0.6837722339831621,0.11914357108764839,0.0,0.0,0.0007890495867768595,0.0010251033057851236
0.8,0.5,6.0,0.0,0.21,19.917464684973105,0.6837722339831621,0.11914357108764839,0.0,0.0,0.0007890495867768595,0.0010251033057851236
0.8,0.5,8.0,0.0,0.21,19.917464684973105,0.6837722339831621,0.11914357108764839,0.0,0.0,0.0007890495867768595,0.0010251033057851236
0.8,0.5,10.0,0.0,0.21,19.917464684973105,0.6837722339831621,0.11914357108764839,0.0,0.0,0.0007890495867768595,0.0010251033057851236
0.8,0.5,12.0,0.0,0.21,19.917464684973105,0.6837722339831621,0.11914357108764839,0.0,0.0,0.0007890495867768595,0.0010251033057851236
0.8,0.5,14.0,0.0,0.21,19.917464684973105,0.6837722339831621,0.11914357108764839,0.0,0.0,0.0007890495867768595,0.0010251033057851236
0.8,0.5,16.0,0.0,0.21,19.917464684973105,0.6837722339831621,0.11914357108764839,0.0,0.0,0.0007890495867768595,0.0010251033057851236
0.8,0.5,18.0,0.0,0.21,19.917464684973105,0.6837722339831621,0.11914357108764839,0.0,0.0,0.0007890495867768595,0.0010251033057851236
0.8,0.55,,0.0,0.21,19.917464684973105,0.6837722339831621,0.11914357108764839,0.0,0.0,0.0007890495867768595,0.0010251033057851236
0.8,0.55,2.0,0.0,0.21,19.917464684973105,0.6837722339831621,0.11914357108764839,0.0,0.0,0.0007890495867768595,0.0010251033057851236
0.8,0.55,4.0,0.0,0.21,19.917464684973105,0.6837722339831621,0.11914357108764839,0.0,0.0,0.0007890495867768595,0.0010251033057851236
0.8,0.55,6.0,0.0,0.21,19.917464684973105,0.6837722339831621,0.11914357108764839,0.0,0.0,0.0007890495867768595,0.0010251033057851236
0.8,0.55,8.0,0.0,0.21,19.917464684973105,0.6837722339831621,0.11914357108764839,0.0,0.0,0.0007890495867768595,0.0010251033057851236
0.8,0.55,10.0,0.0,0.21,19.917464684973105,0.6837722339831621,0.11914357108764839,0.0,0.0,0.0007890495867768595,0.0010251033057851236
0.8,0.55,12.0,0.0,0.21,19.917464684973105,0.6837722339831621,0.11914357108764839,0.0,0.0,0.0007890495867768595,0.0010251033057851236
0.8,0.55,14.0,0.0,0.21,19.917464684973105,0.6837722339831621,0.11914357108764839,0.0,0.0,0.0007890495867768595,0.0010251033057851236
0.8,0.55,16.0,0.0,0.21,19.917464684973105,0.6837722339831621,0.11914357108764839,0.0,0.0,0.0007890495867768595,0.0010251033057851236
0.8,0.55,18.0,0.0,0.21,19.917464684973105,0.6837722339831621,0.11914357108764839,0.0,0.0,0.0007890495867768595,0.0010251033057851236
0.8,0.6,,0.0,0.21,19.917464684973105,0.6837722339831621,0.11914357108764839,0.0,0.0,0.0007890495867768595,0.0010251033057851236
0.8,0.6,2.0,0.0,0.21,19.917464684973105,0.6837722339831621,0.11914357108764839,0.0,0.0,0.0007890495867768595,0.0010251033057851236
0.8,0.6,4.0,0.0,0.21,19.917464684973105,0.6837722339831621,0.11914357108764839,0.0,0.0,0.0007890495867768595,0.0010251033057851236
0.8,0.6,6.0,0.0,0.21,19.917464684973105,0.6837722339831621,0.11914357108764839,0.0,0.0,0.0007890495867768595,0.0010251033057851236
0.8,0.6,8.0,0.0,0.21,19.917464684973105,0.6837722339831621,0.11914357108764839,0.0,0.0,0.0007890495867768595,0.0010251033057851236
0.8,0.6,10.0,0.0,0.21,19.917464684973105,0.6837722339831621,0.11914357108764839,0.0,0.0,0.0007890495867768595,0.0010251033057851236
0.8,0.6,12.0,0.0,0.21,19.917464684973105,0.6837722339831621,0.11914357108764839,0.0,0.0,0.0007890495867768595,0.0010251033057851236
0.8,0.6,14.0,0.0,0.21,19.917464684973105,0.6837722339831621,0.11914357108764839,0.0,0.0,0.0007890495867768595,0.0010251033057851236
0.8,0.6,16.0,0.0,0.21,19.917464684973105,0.6837722339831621,0.11914357108764839,0.0,0.0,0.0007890495867768595,0.0010251033057851236
0.8,0.6,18.0,0.0,0.21,19.917464684973105,0.6837722339831621,0.11914357108764839,0.0,0.0,0.0007890495867768595,0.0010251033057851236
0.8,0.65,,0.0,0.21,19.917464684973105,0.6837722339831621,0.11914357108764839,0.0,0.0,0.0007890495867768595,0.0010251033057851236
0.8,0.65,2.0,0.0,0.21,19.917464684973105,0.6837722339831621,0.11914357108764839,0.0,0.0,0.0007890495867768595,0.0010251033057851236
0.8,0.65,4.0,0.0,0.21,19.917464684973105,0.6837722339831621,0.11914357108764839,0.0,0.0,0.0007890495867768595,0.0010251033057851236
0.8,0.65,6.0,0.0,0.21,19.917464684973105,0.6837722339831621,0.11914357108764839,0.0,0.0,0.0007890495867768595,0.0010251033057851236
0.8,0.65,8.0,0.0,0.21,19.917464684973105,0.6837722339831621,0.11914357108764839,0.0,0.0,0.0007890495867768595,0.0010251033057851236
0.8,0.65,10.0,0.0,0.21,19.917464684973105,0.6837722339831621,0.11914357108764839,0.0,0.0,0.0007890495867768595,0.0010251033057851236
0.8,0.65,12.0,0.0,0.21,19.917464684973105,0.6837722339831621,0.11914357108764839,0.0,0.0,0.0007890495867768595,0.0010251033057851236
0.8,0.65,14.0,0.0,0.21,19.917464684973105,0.6837722339831621,0.11914357108764839,0.0,0.0,0.0007890495867768595,0.0010251033057851236
0.8,0.65,16.0,0.0,0.21,19.917464684973105,0.6837722339831621,0.11914357108764839,0.0,0.0,0.0007890495867768595,0.0010251033057851236
0.8,0.65,18.0,0.0,0.21,19.917464684973105,0.6837722339831621,0.11914357108764839,0.0,0.0,0.0007890495867768595,0.0010251033057851236
0.8,0.7,,0.0,0.21,19.917464684973105,0.6837722339831621,0.11914357108764839,0.0,0.0,0.0007890495867768595,0.0010251033057851236
0.8,0.7,2.0,0.0,0.21,19.917464684973105,0.6837722339831621,0.11914357108764839,0.0,0.0,0.0007890495867768595,0.0010251033057851236
0.8,0.7,4.0,0.0,0.21,19.917464684973105,0.6837722339831621,0.11914357108764839,0.0,0.0,0.0007890495867768595,0.0010251033057851236
0.8,0.7,6.0,0.0,0.21,19.917464684973105,0.6837722339831621,0.11914357108764839,0.0,0.0,0.0007890495867768595,0.0010251033057851236
0.8,0.7,8.0,0.0,0.21,19.917464684973105,0.6837722339831621,0.11914357108764839,0.0,0.0,0.0007890495867768595,0.0010251033057851236
0.8,0.7,10.0,0.0,0.21,19.917464684973105,0.6837722339831621,0.11914357108764839,0.0,0.0,0.0007890495867768595,0.0010251033057851236
0.8,0.7,12.0,0.0,0.21,19.917464684973105,0.6837722339831621,0.11914357108764839,0.0,0.0,0.0007890495867768595,0.0010251033057851236
0.8,0.7,14.0,0.0,0.21,19.917464684973105,0.6837722339831621,0.11914357108764839,0.0,0.0,0.0007890495867768595,0.0010251033057851236
0.8,0.7,16.0,0.0,0.21,19.917464684973105,0.6837722339831621,0.11914357108764839,0.0,0.0,0.0007890495867768595,0.0010251033057851236
0.8,0.7,18.0,0.0,0.21,19.917464684973105,0.6837722339831621,0.11914357108764839,0.0,0.0,0.0007890495867768595,0.0010251033057851236
0.8,0.75,,0.0,0.21,19.917464684973105,0.6837722339831621,0.11914357108764839,0.0,0.0,0.0007890495867768595,0.0010251033057851236
0.8,0.75,2.0,0.0,0.21,19.917464684973105,0.6837722339831621,0.11914357108764839,0.0,0.0,0.0007890495867768595,0.0010251033057851236
0.8,0.75,4.0,0.0,0.21,19.917464684973105,0.6837722339831621,0.11914357108764839,0.0,0.0,0.0007890495867768595,0.0010251033057851236
0.8,0.75,6.0,0.0,0.21,19.917464684973105,0.6837722339831621,0.11914357108764839,0.0,0.0,0.0007890495867768595,0.0010251033057851236
0.8,0.75,8.0,0.0,0.21,19.917464684973105,0.6837722339831621,0.11914357108764839,0.0,0.0,0.0007890495867768595,0.0010251033057851236
0.8,0.75,10.0,0.0,0.21,19.917464684973105,0.6837722339831621,0.11914357108764839,0.0,0.0,0.0007890495867768595,0.0010251033057851236
0.8,0.75,12.0,0.0,0.21,19.917464684973105,0.6837722339831621,0.11914357108764839,0.0,0.0,0.0007890495867768595,0.0010251033057851236
0.8,0.75,14.0,0.0,0.21,19.917464684973105,0.6837722339831621,0.11914357108764839,0.0,0.0,0.0007890495867768595,0.0010251033057851236
0.8,0.75,16.0,0.0,0.21,19.917464684973105,0.6837722339831621,0.11914357108764839,0.0,0.0,0.0007890495867768595,0.0010251033057851236
0.8,0.75,18.0,0.0,0.21,19.917464684973105,0.6837722339831621,0.11914357108764839,0.0,0.0,0.0007890495867768595,0.0010251033057851236
0.8,0.8,,0.0,0.21,19.917464684973105,0.6837722339831621,0.11914357108764839,0.0,0.0,0.0007890495867768595,0.0010251033057851236
0.8,0.8,2.0,0.0,0.21,19.917464684973105,0.6837722339831621,0.11914357108764839,0.0,0.0,0.0007890495867768595,0.0010251033057851236
0.8,0.8,4.0,0.0,0.21,19.917464684973105,0.6837722339831621,0.11914357108764839,0.0,0.0,0.0007890495867768595,0.0010251033057851236
0.8,0.8,6.0,0.0,0.21,19.917464684973105,0.6837722339831621,0.11914357108764839,0.0,0.0,0.0007890495867768595,0.0010251033057851236
0.8,0.8,8.0,0.0,0.21,19.917464684973105,0.6837722339831621,0.11914357108764839,0.0,0.0,0.0007890495867768595,0.0010251033057851236
0.8,0.8,10.0,0.0,0.21,19.917464684973105,0.6837722339831621,0.11914357108764839,0.0,0.0,0.0007890495867768595,0.0010251033057851236
0.8,0.8,12.0,0.0,0.21,19.917464684973105,0.6837722339831621,0.11914357108764839,0.0,0.0,0.0007890495867768595,0.0010251033057851236
0.8,0.8,14.0,0.0,0.21,19.917464684973105,0.6837722339831621,0.11914357108764839,0.0,0.0,0.0007890495867768595,0.0010251033057851236
0.8,0.8,16.0,0.0,0.21,19.917464684973105,0.6837722339831621,0.11914357108764839,0.0,0.0,0.0007890495867768595,0.0010251033057851236
0.8,0.8,18.0,0.0,0.21,19.917464684973105,0.6837722339831621,0.11914357108764839,0.0,0.0,0.0007890495867768595,0.0010251033057851236
0.8,0.85,,0.0,0.21,19.917464684973105,0.6837722339831621,0.11914357108764839,0.0,0.0,0.0007890495867768595,0.0010251033057851236
0.8,0.85,2.0,0.0,0.21,19.917464684973105,0.6837722339831621,0.11914357108764839,0.0,0.0,0.0007890495867768595,0.0010251033057851236
0.8,0.85,4.0,0.0,0.21,19.917464684973105,0.6837722339831621,0.11914357108764839,0.0,0.0,0.0007890495867768595,0.0010251033057851236
0.8,0.85,6.0,0.0,0.21,19.917464684973105,0.6837722339831621,0.11914357108764839,0.0,0.0,0.0007890495867768595,0.0010251033057851236
0.8,0.85,8.0,0.0,0.21,19.917464684973105,0.6837722339831621,0.11914357108764839,0.0,0.0,0.0007890495867768595,0.0010251033057851236
0.8,0.85,10.0,0.0,0.21,19.917464684973105,0.6837722339831621,0.11914357108764839,0.0,0.0,0.0007890495867768595,0.0010251033057851236
0.8,0.85,12.0,0.0,0.21,19.917464684973105,0.6837722339831621,0.11914357108764839,0.0,0.0,0.0007890495867768595,0.0010251033057851236
0.8,0.85,14.0,0.0,0.21,19.917464684973105,0.6837722339831621,0.11914357108764839,0.0,0.0,0.0007890495867768595,0.0010251033057851236
0.8,0.85,16.0,0.0,0.21,19.917464684973105,0.6837722339831621,0.11914357108764839,0.0,0.0,0.0007890495867768595,0.0010251033057851236
0.8,0.85,18.0,0.0,0.21,19.917464684973105,0.6837722339831621,0.11914357108764839,0.0,0.0,0.0007890495867768595,0.0010251033057851236
0.8,0.9,,0.0,0.21,19.917464684973105,0.6837722339831621,0.11914357108764839,0.0,0.0,0.0007890495867768595,0.0010251033057851236
0.8,0.9,2.0,0.0,0.21,19.917464684973105,0.6837722339831621,0.11914357108764839,0.0,0.0,0.0007890495867768595,0.0010251033057851236
0.8,0.9,4.0,0.0,0.21,19.917464684973105,0.6837722339831621,0.11914357108764839,0.0,0.0,0.0007890495867768595,0.0010251033057851236
0.8,0.9,6.0,0.0,0.21,19.917464684973105,0.6837722339831621,0.11914357108764839,0.0,0.0,0.0007890495867768595,0.0010251033057851236
0.8,0.9,8.0,0.0,0.21,19.917464684973105,0.6837722339831621,0.11914357108764839,0.0,0.0,0.0007890495867768595,0.0010251033057851236
0.8,0.9,10.0,0.0,0.21,19.917464684973105,0.6837722339831621,0.11914357108764839,0.0,0.0,0.0007890495867768595,0.0010251033057851236
0.8,0.9,12.0,0.0,0.21,19.917464684973105,0.6837722339831621,0.11914357108764839,0.0,0.0,0.0007890495867768595,0.0010251033057851236
0.8,0.9,14.0,0.0,0.21,19.917464684973105,0.6837722339831621,0.11914357108764839,0.0,0.0,0.0007890495867768595,0.0010251033057851236
0.8,0.9,16.0,0.0,0.21,19.917464684973105,0.6837722339831621,0.11914357108764839,0.0,0.0,0.0007890495867768595,0.0010251033057851236
0.8,0.9,18.0,0.0,0.21,19.917464684973105,0.6837722339831621,0.11914357108764839,0.0,0.0,0.0007890495867768595,0.0010251033057851236
0.8,0.95,,0.0,0.21,19.917464684973105,0.6837722339831621,0.11914357108764839,0.0,0.0,0.0007890495867768595,0.0010251033057851236
0.8,0.95,2.0,0.0,0.21,19.917464684973105,0.6837722339831621,0.11914357108764839,0.0,0.0,0.0007890495867768595,0.0010251033057851236
0.8,0.95,4.0,0.0,0.21,19.917464684973105,0.6837722339831621,0.11914357108764839,0.0,0.0,0.0007890495867768595,0.0010251033057851236
0.8,0.95,6.0,0.0,0.21,19.917464684973105,0.6837722339831621,0.11914357108764839,0.0,0.0,0.0007890495867768595,0.0010251033057851236
0.8,0.95,8.0,0.0,0.21,19.917464684973105,0.6837722339831621,0.11914357108764839,0.0,0.0,0.0007890495867768595,0.0010251033057851236
0.8,0.95,10.0,0.0,0.21,19.917464684973105,0.6837722339831621,0.11914357108764839,0.0,0.0,0.0007890495867768595,0.0010251033057851236
0.8,0.95,12.0,0.0,0.21,19.917464684973105,0.6837722339831621,0.11914357108764839,0.0,0.0,0.0007890495867768595,0.0010251033057851236
0.8,0.95,14.0,0.0,0.21,19.917464684973105,0.6837722339831621,0.11914357108764839,0.0,0.0,0.0007890495867768595,0.0010251033057851236
0.8,0.95,16.0,0.0,0.21,19.917464684973105,0.6837722339831621,0.11914357108764839,0.0,0.0,0.0007890495867768595,0.0010251033057851236
0.8,0.95,18.0,0.0,0.21,19.917464684973105,0.6837722339831621,0.11914357108764839,0.0,0.0,0.0007890495867768595,0.0010251033057851236
0.8,1.0,,0.0,0.21,19.917464684973105,0.6837722339831621,0.11914357108764839,0.0,0.0,0.0007890495867768595,0.0010251033057851236
0.8,1.0,2.0,0.0,0.21,19.917464684973105,0.6837722339831621,0.11914357108764839,0.0,0.0,0.0007890495867768595,0.0010251033057851236
0.8,1.0,4.0,0.0,0.21,19.917464684973105,0.6837722339831621,0.11914357108764839,0.0,0.0,0.0007890495867768595,0.0010251033057851236
0.8,1.0,6.0,0.0,0.21,19.917464684973105,0.6837722339831621,0.11914357108764839,0.0,0.0,0.0007890495867768595,0.0010251033057851236
0.8,1.0,8.0,0.0,0.21,19.917464684973105,0.6837722339831621,0.11914357108764839,0.0,0.0,0.0007890495867768595,0.0010251033057851236
0.8,1.0,10.0,0.0,0.21,19.917464684973105,0.6837722339831621,0.11914357108764839,0.0,0.0,0.0007890495867768595,0.0010251033057851236
0.8,1.0,12.0,0.0,0.21,19.917464684973105,0.6837722339831621,0.11914357108764839,0.0,0.0,0.0007890495867768595,0.0010251033057851236
0.8,1.0,14.0,0.0,0.21,19.917464684973105,0.6837722339831621,0.11914357108764839,0.0,0.0,0.0007890495867768595,0.0010251033057851236
0.8,1.0,16.0,0.0,0.21,19.917464684973105,0.6837722339831621,0.11914357108764839,0.0,0.0,0.0007890495867768595,0.0010251033057851236
0.8,1.0,18.0,0.0,0.21,19.917464684973105,0.6837722339831621,0.11914357108764839,0.0,0.0,0.0007890495867768595,0.0010251033057851236
0.85,0.1,,0.0,0.67,1.8346647488162813,0.03604147949762497,0.09819850237254144,0.0025383561643835617,-0.003436301369863014,-0.00017424593967517492,-0.0017252900232018573
0.85,0.15,,0.0,0.21,19.917464684973105,0.6837722339831621,0.11914357108764839,0.0,0.0,0.0007890495867768595,0.0010251033057851236
0.85,0.15,2.0,0.0,0.21,19.917464684973105,0.6837722339831621,0.11914357108764839,0.0,0.0,0.0007890495867768595,0.0010251033057851236
0.85,0.15,4.0,0.0,0.21,19.917464684973105,0.6837722339831621,0.11914357108764839,0.0,0.0,0.0007890495867768595,0.0010251033057851236
0.85,0.15,6.0,0.0,0.21,19.917464684973105,0.6837722339831621,0.11914357108764839,0.0,0.0,0.0007890495867768595,0.0010251033057851236
0.85,0.15,8.0,0.0,0.21,19.917464684973105,0.6837722339831621,0.11914357108764839,0.0,0.0,0.0007890495867768595,0.0010251033057851236
0.85,0.15,10.0,0.0,0.21,19.917464684973105,0.6837722339831621,0.11914357108764839,0.0,0.0,0.0007890495867768595,0.0010251033057851236
0.85,0.15,12.0,0.0,0.21,19.917464684973105,0.6837722339831621,0.11914357108764839,0.0,0.0,0.0007890495867768595,0.0010251033057851236
0.85,0.15,14.0,0.0,0.21,19.917464684973105,0.6837722339831621,0.11914357108764839,0.0,0.0,0.0007890495867768595,0.0010251033057851236
0.85,0.15,16.0,0.0,0.21,19.917464684973105,0.6837722339831621,0.11914357108764839,0.0,0.0,0.0007890495867768595,0.0010251033057851236
0.85,0.15,18.0,0.0,0.21,19.917464684973105,0.6837722339831621,0.11914357108764839,0.0,0.0,0.0007890495867768595,0.0010251033057851236
0.85,0.2,,0.0,0.21,19.917464684973105,0.6837722339831621,0.11914357108764839,0.0,0.0,0.0007890495867768595,0.0010251033057851236
0.85,0.2,2.0,0.0,0.21,19.917464684973105,0.6837722339831621,0.11914357108764839,0.0,0.0,0.0007890495867768595,0.0010251033057851236
0.85,0.2,4.0,0.0,0.21,19.917464684973105,0.6837722339831621,0.11914357108764839,0.0,0.0,0.0007890495867768595,0.0010251033057851236
0.85,0.2,6.0,0.0,0.21,19.917464684973105,0.6837722339831621,0.11914357108764839,0.0,0.0,0.0007890495867768595,0.0010251033057851236
0.85,0.2,8.0,0.0,0.21,19.917464684973105,0.6837722339831621,0.11914357108764839,0.0,0.0,0.0007890495867768595,0.0010251033057851236
0.85,0.2,10.0,0.0,0.21,19.917464684973105,0.6837722339831621,0.11914357108764839,0.0,0.0,0.0007890495867768595,0.0010251033057851236
0.85,0.2,12.0,0.0,0.21,19.917464684973105,0.6837722339831621,0.11914357108764839,0.0,0.0,0.0007890495867768595,0.0010251033057851236
0.85,0.2,14.0,0.0,0.21,19.917464684973105,0.6837722339831621,0.11914357108764839,0.0,0.0,0.0007890495867768595,0.0010251033057851236
0.85,0.2,16.0,0.0,0.21,19.917464684973105,0.6837722339831621,0.11914357108764839,0.0,0.0,0.0007890495867768595,0.0010251033057851236
0.85,0.2,18.0,0.0,0.21,19.917464684973105,0.6837722339831621,0.11914357108764839,0.0,0.0,0.0007890495867768595,0.0010251033057851236
0.85,0.25,,0.0,0.21,19.917464684973105,0.6837722339831621,0.11914357108764839,0.0,0.0,0.0007890495867768595,0.0010251033057851236
0.85,0.25,2.0,0.0,0.21,19.917464684973105,0.6837722339831621,0.11914357108764839,0.0,0.0,0.0007890495867768595,0.0010251033057851236
0.85,0.25,4.0,0.0,0.21,19.917464684973105,0.6837722339831621,0.11914357108764839,0.0,0.0,0.0007890495867768595,0.0010251033057851236
0.85,0.25,6.0,0.0,0.21,19.917464684973105,0.6837722339831621,0.11914357108764839,0.0,0.0,0.0007890495867768595,0.0010251033057851236
0.85,0.25,8.0,0.0,0.21,19.917464684973105,0.6837722339831621,0.11914357108764839,0.0,0.0,0.0007890495867768595,0.0010251033057851236
0.85,0.25,10.0,0.0,0.21,19.917464684973105,0.6837722339831621,0.11914357108764839,0.0,0.0,0.0007890495867768595,0.0010251033057851236
0.85,0.25,12.0,0.0,0.21,19.917464684973105,0.6837722339831621,0.11914357108764839,0.0,0.0,0.0007890495867768595,0.0010251033057851236
0.85,0.25,14.0,0.0,0.21,19.917464684973105,0.6837722339831621,0.11914357108764839,0.0,0.0,0.0007890495867768595,0.0010251033057851236
0.85,0.25,16.0,0.0,0.21,19.917464684973105,0.6837722339831621,0.11914357108764839,0.0,0.0,0.0007890495867768595,0.0010251033057851236
0.85,0.25,18.0,0.0,0.21,19.917464684973105,0.6837722339831621,0.11914357108764839,0.0,0.0,0.0007890495867768595,0.0010251033057851236
0.85,0.3,,0.0,0.21,19.917464684973105,0.6837722339831621,0.11914357108764839,0.0,0.0,0.0007890495867768595,0.0010251033057851236
0.85,0.3,2.0,0.0,0.21,19.917464684973105,0.6837722339831621,0.11914357108764839,0.0,0.0,0.0007890495867768595,0.0010251033057851236
0.85,0.3,4.0,0.0,0.21,19.917464684973105,0.6837722339831621,0.11914357108764839,0.0,0.0,0.0007890495867768595,0.0010251033057851236
0.85,0.3,6.0,0.0,0.21,19.917464684973105,0.6837722339831621,0.11914357108764839,0.0,0.0,0.0007890495867768595,0.0010251033057851236
0.85,0.3,8.0,0.0,0.21,19.917464684973105,0.6837722339831621,0.11914357108764839,0.0,0.0,0.0007890495867768595,0.0010251033057851236
0.85,0.3,10.0,0.0,0.21,19.917464684973105,0.6837722339831621,0.11914357108764839,0.0,0.0,0.0007890495867768595,0.0010251033057851236
0.85,0.3,12.0,0.0,0.21,19.917464684973105,0.6837722339831621,0.11914357108764839,0.0,0.0,0.0007890495867768595,0.0010251033057851236
0.85,0.3,14.0,0.0,0.21,19.917464684973105,0.6837722339831621,0.11914357108764839,0.0,0.0,0.0007890495867768595,0.0010251033057851236
0.85,0.3,16.0,0.0,0.21,19.917464684973105,0.6837722339831621,0.11914357108764839,0.0,0.0,0.0007890495867768595,0.0010251033057851236
0.85,0.3,18.0,0.0,0.21,19.917464684973105,0.6837722339831621,0.11914357108764839,0.0,0.0,0.0007890495867768595,0.0010251033057851236
0.85,0.35,,0.0,0.21,19.917464684973105,0.6837722339831621,0.11914357108764839,0.0,0.0,0.0007890495867768595,0.0010251033057851236
0.85,0.35,2.0,0.0,0.21,19.917464684973105,0.6837722339831621,0.11914357108764839,0.0,0.0,0.0007890495867768595,0.0010251033057851236
0.85,0.35,4.0,0.0,0.21,19.917464684973105,0.6837722339831621,0.11914357108764839,0.0,0.0,0.0007890495867768595,0.0010251033057851236
0.85,0.35,6.0,0.0,0.21,19.917464684973105,0.6837722339831621,0.11914357108764839,0.0,0.0,0.0007890495867768595,0.0010251033057851236
0.85,0.35,8.0,0.0,0.21,19.917464684973105,0.6837722339831621,0.11914357108764839,0.0,0.0,0.0007890495867768595,0.0010251033057851236
0.85,0.35,10.0,0.0,0.21,19.917464684973105,0.6837722339831621,0.11914357108764839,0.0,0.0,0.0007890495867768595,0.0010251033057851236
0.85,0.35,12.0,0.0,0.21,19.917464684973105,0.6837722339831621,0.11914357108764839,0.0,0.0,0.0007890495867768595,0.0010251033057851236
0.85,0.35,14.0,0.0,0.21,19.917464684973105,0.6837722339831621,0.11914357108764839,0.0,0.0,0.0007890495867768595,0.0010251033057851236
0.85,0.35,16.0,0.0,0.21,19.917464684973105,0.6837722339831621,0.11914357108764839,0.0,0.0,0.0007890495867768595,0.0010251033057851236
0.85,0.35,18.0,0.0,0.21,19.917464684973105,0.6837722339831621,0.11914357108764839,0.0,0.0,0.0007890495867768595,0.0010251033057851236
0.85,0.4,,0.0,0.21,19.917464684973105,0.6837722339831621,0.11914357108764839,0.0,0.0,0.0007890495867768595,0.0010251033057851236
0.85,0.4,2.0,0.0,0.21,19.917464684973105,0.6837722339831621,0.11914357108764839,0.0,0.0,0.0007890495867768595,0.0010251033057851236
0.85,0.4,4.0,0.0,0.21,19.917464684973105,0.6837722339831621,0.11914357108764839,0.0,0.0,0.0007890495867768595,0.0010251033057851236
0.85,0.4,6.0,0.0,0.21,19.917464684973105,0.6837722339831621,0.11914357108764839,0.0,0.0,0.0007890495867768595,0.0010251033057851236
0.85,0.4,8.0,0.0,0.21,19.917464684973105,0.6837722339831621,0.11914357108764839,0.0,0.0,0.0007890495867768595,0.0010251033057851236
0.85,0.4,10.0,0.0,0.21,19.917464684973105,0.6837722339831621,0.11914357108764839,0.0,0.0,0.0007890495867768595,0.0010251033057851236
0.85,0.4,12.0,0.0,0.21,19.917464684973105,0.6837722339831621,0.11914357108764839,0.0,0.0,0.0007890495867768595,0.0010251033057851236
0.85,0.4,14.0,0.0,0.21,19.917464684973105,0.6837722339831621,0.11914357108764839,0.0,0.0,0.0007890495867768595,0.0010251033057851236
0.85,0.4,16.0,0.0,0.21,19.917464684973105,0.6837722339831621,0.11914357108764839,0.0,0.0,0.0007890495867768595,0.0010251033057851236
0.85,0.4,18.0,0.0,0.21,19.917464684973105,0.6837722339831621,0.11914357108764839,0.0,0.0,0.0007890495867768595,0.0010251033057851236
0.85,0.45,,0.0,0.21,19.917464684973105,0.6837722339831621,0.11914357108764839,0.0,0.0,0.0007890495867768595,0.0010251033057851236
0.85,0.45,2.0,0.0,0.21,19.917464684973105,0.6837722339831621,0.11914357108764839,0.0,0.0,0.0007890495867768595,0.0010251033057851236
0.85,0.45,4.0,0.0,0.21,19.917464684973105,0.6837722339831621,0.11914357108764839,0.0,0.0,0.0007890495867768595,0.0010251033057851236
0.85,0.45,6.0,0.0,0.21,19.917464684973105,0.6837722339831621,0.11914357108764839,0.0,0.0,0.0007890495867768595,0.0010251033057851236
0.85,0.45,8.0,0.0,0.21,19.917464684973105,0.6837722339831621,0.11914357108764839,0.0,0.0,0.0007890495867768595,0.0010251033057851236
0.85,0.45,10.0,0.0,0.21,19.917464684973105,0.6837722339831621,0.11914357108764839,0.0,0.0,0.0007890495867768595,0.0010251033057851236
0.85,0.45,12.0,0.0,0.21,19.917464684973105,0.6837722339831621,0.11914357108764839,0.0,0.0,0.0007890495867768595,0.0010251033057851236
0.85,0.45,14.0,0.0,0.21,19.917464684973105,0.6837722339831621,0.11914357108764839,0.0,0.0,0.0007890495867768595,0.0010251033057851236
0.85,0.45,16.0,0.0,0.21,19.917464684973105,0.6837722339831621,0.11914357108764839,0.0,0.0,0.0007890495867768595,0.0010251033057851236
0.85,0.45,18.0,0.0,0.21,19.917464684973105,0.6837722339831621,0.11914357108764839,0.0,0.0,0.0007890495867768595,0.0010251033057851236
0.85,0.5,,0.0,0.21,19.917464684973105,0.6837722339831621,0.11914357108764839,0.0,0.0,0.0007890495867768595,0.0010251033057851236
0.85,0.5,2.0,0.0,0.21,19.917464684973105,0.6837722339831621,0.11914357108764839,0.0,0.0,0.0007890495867768595,0.0010251033057851236
0.85,0.5,4.0,0.0,0.21,19.917464684973105,0.6837722339831621,0.11914357108764839,0.0,0.0,0.0007890495867768595,0.0010251033057851236
0.85,0.5,6.0,0.0,0.21,19.917464684973105,0.6837722339831621,0.11914357108764839,0.0,0.0,0.0007890495867768595,0.0010251033057851236
0.85,0.5,8.0,0.0,0.21,19.917464684973105,0.6837722339831621,0.11914357108764839,0.0,0.0,0.0007890495867768595,0.0010251033057851236
0.85,0.5,10.0,0.0,0.21,19.917464684973105,0.6837722339831621,0.11914357108764839,0.0,0.0,0.0007890495867768595,0.0010251033057851236
0.85,0.5,12.0,0.0,0.21,19.917464684973105,0.6837722339831621,0.11914357108764839,0.0,0.0,0.0007890495867768595,0.0010251033057851236
0.85,0.5,14.0,0.0,0.21,19.917464684973105,0.6837722339831621,0.11914357108764839,0.0,0.0,0.0007890495867768595,0.0010251033057851236
0.85,0.5,16.0,0.0,0.21,19.917464684973105,0.6837722339831621,0.11914357108764839,0.0,0.0,0.0007890495867768595,0.0010251033057851236
0.85,0.5,18.0,0.0,0.21,19.917464684973105,0.6837722339831621,0.11914357108764839,0.0,0.0,0.0007890495867768595,0.0010251033057851236
0.85,0.55,,0.0,0.21,19.917464684973105,0.6837722339831621,0.11914357108764839,0.0,0.0,0.0007890495867768595,0.0010251033057851236
0.85,0.55,2.0,0.0,0.21,19.917464684973105,0.6837722339831621,0.11914357108764839,0.0,0.0,0.0007890495867768595,0.0010251033057851236
0.85,0.55,4.0,0.0,0.21,19.917464684973105,0.6837722339831621,0.11914357108764839,0.0,0.0,0.0007890495867768595,0.0010251033057851236
0.85,0.55,6.0,0.0,0.21,19.917464684973105,0.6837722339831621,0.11914357108764839,0.0,0.0,0.0007890495867768595,0.0010251033057851236
0.85,0.55,8.0,0.0,0.21,19.917464684973105,0.6837722339831621,0.11914357108764839,0.0,0.0,0.0007890495867768595,0.0010251033057851236
0.85,0.55,10.0,0.0,0.21,19.917464684973105,0.6837722339831621,0.11914357108764839,0.0,0.0,0.0007890495867768595,0.0010251033057851236
0.85,0.55,12.0,0.0,0.21,19.917464684973105,0.6837722339831621,0.11914357108764839,0.0,0.0,0.0007890495867768595,0.0010251033057851236
0.85,0.55,14.0,0.0,0.21,19.917464684973105,0.6837722339831621,0.11914357108764839,0.0,0.0,0.0007890495867768595,0.0010251033057851236
0.85,0.55,16.0,0.0,0.21,19.917464684973105,0.6837722339831621,0.11914357108764839,0.0,0.0,0.0007890495867768595,0.0010251033057851236
0.85,0.55,18.0,0.0,0.21,19.917464684973105,0.6837722339831621,0.11914357108764839,0.0,0.0,0.0007890495867768595,0.0010251033057851236
0.85,0.6,,0.0,0.21,19.917464684973105,0.6837722339831621,0.11914357108764839,0.0,0.0,0.0007890495867768595,0.0010251033057851236
0.85,0.6,2.0,0.0,0.21,19.917464684973105,0.6837722339831621,0.11914357108764839,0.0,0.0,0.0007890495867768595,0.0010251033057851236
0.85,0.6,4.0,0.0,0.21,19.917464684973105,0.6837722339831621,0.11914357108764839,0.0,0.0,0.0007890495867768595,0.0010251033057851236
0.85,0.6,6.0,0.0,0.21,19.917464684973105,0.6837722339831621,0.11914357108764839,0.0,0.0,0.0007890495867768595,0.0010251033057851236
0.85,0.6,8.0,0.0,0.21,19.917464684973105,0.6837722339831621,0.11914357108764839,0.0,0.0,0.0007890495867768595,0.0010251033057851236
0.85,0.6,10.0,0.0,0.21,19.917464684973105,0.6837722339831621,0.11914357108764839,0.0,0.0,0.0007890495867768595,0.0010251033057851236
0.85,0.6,12.0,0.0,0.21,19.917464684973105,0.6837722339831621,0.11914357108764839,0.0,0.0,0.0007890495867768595,0.0010251033057851236
0.85,0.6,14.0,0.0,0.21,19.917464684973105,0.6837722339831621,0.11914357108764839,0.0,0.0,0.0007890495867768595,0.0010251033057851236
0.85,0.6,16.0,0.0,0.21,19.917464684973105,0.6837722339831621,0.11914357108764839,0.0,0.0,0.0007890495867768595,0.0010251033057851236
0.85,0.6,18.0,0.0,0.21,19.917464684973105,0.6837722339831621,0.11914357108764839,0.0,0.0,0.0007890495867768595,0.0010251033057851236
0.85,0.65,,0.0,0.21,19.917464684973105,0.6837722339831621,0.11914357108764839,0.0,0.0,0.0007890495867768595,0.0010251033057851236
0.85,0.65,2.0,0.0,0.21,19.917464684973105,0.6837722339831621,0.11914357108764839,0.0,0.0,0.0007890495867768595,0.0010251033057851236
0.85,0.65,4.0,0.0,0.21,19.917464684973105,0.6837722339831621,0.11914357108764839,0.0,0.0,0.0007890495867768595,0.0010251033057851236
0.85,0.65,6.0,0.0,0.21,19.917464684973105,0.6837722339831621,0.11914357108764839,0.0,0.0,0.0007890495867768595,0.0010251033057851236
0.85,0.65,8.0,0.0,0.21,19.917464684973105,0.6837722339831621,0.11914357108764839,0.0,0.0,0.0007890495867768595,0.0010251033057851236
0.85,0.65,10.0,0.0,0.21,19.917464684973105,0.6837722339831621,0.11914357108764839,0.0,0.0,0.0007890495867768595,0.0010251033057851236
0.85,0.65,12.0,0.0,0.21,19.917464684973105,0.6837722339831621,0.11914357108764839,0.0,0.0,0.0007890495867768595,0.0010251033057851236
0.85,0.65,14.0,0.0,0.21,19.917464684973105,0.6837722339831621,0.11914357108764839,0.0,0.0,0.0007890495867768595,0.0010251033057851236
0.85,0.65,16.0,0.0,0.21,19.917464684973105,0.6837722339831621,0.11914357108764839,0.0,0.0,0.0007890495867768595,0.0010251033057851236
0.85,0.65,18.0,0.0,0.21,19.917464684973105,0.6837722339831621,0.11914357108764839,0.0,0.0,0.0007890495867768595,0.0010251033057851236
0.85,0.7,,0.0,0.21,19.917464684973105,0.6837722339831621,0.11914357108764839,0.0,0.0,0.0007890495867768595,0.0010251033057851236
0.85,0.7,2.0,0.0,0.21,19.917464684973105,0.6837722339831621,0.11914357108764839,0.0,0.0,0.0007890495867768595,0.0010251033057851236
0.85,0.7,4.0,0.0,0.21,19.917464684973105,0.6837722339831621,0.11914357108764839,0.0,0.0,0.0007890495867768595,0.0010251033057851236
0.85,0.7,6.0,0.0,0.21,19.917464684973105,0.6837722339831621,0.11914357108764839,0.0,0.0,0.0007890495867768595,0.0010251033057851236
0.85,0.7,8.0,0.0,0.21,19.917464684973105,0.6837722339831621,0.11914357108764839,0.0,0.0,0.0007890495867768595,0.0010251033057851236
0.85,0.7,10.0,0.0,0.21,19.917464684973105,0.6837722339831621,0.11914357108764839,0.0,0.0,0.0007890495867768595,0.0010251033057851236
0.85,0.7,12.0,0.0,0.21,19.917464684973105,0.6837722339831621,0.11914357108764839,0.0,0.0,0.0007890495867768595,0.0010251033057851236
0.85,0.7,14.0,0.0,0.21,19.917464684973105,0.6837722339831621,0.11914357108764839,0.0,0.0,0.0007890495867768595,0.0010251033057851236
0.85,0.7,16.0,0.0,0.21,19.917464684973105,0.6837722339831621,0.11914357108764839,0.0,0.0,0.0007890495867768595,0.0010251033057851236
0.85,0.7,18.0,0.0,0.21,19.917464684973105,0.6837722339831621,0.11914357108764839,0.0,0.0,0.0007890495867768595,0.0010251033057851236
0.85,0.75,,0.0,0.21,19.917464684973105,0.6837722339831621,0.11914357108764839,0.0,0.0,0.0007890495867768595,0.0010251033057851236
0.85,0.75,2.0,0.0,0.21,19.917464684973105,0.6837722339831621,0.11914357108764839,0.0,0.0,0.0007890495867768595,0.0010251033057851236
0.85,0.75,4.0,0.0,0.21,19.917464684973105,0.6837722339831621,0.11914357108764839,0.0,0.0,0.0007890495867768595,0.0010251033057851236
0.85,0.75,6.0,0.0,0.21,19.917464684973105,0.6837722339831621,0.11914357108764839,0.0,0.0,0.0007890495867768595,0.0010251033057851236
0.85,0.75,8.0,0.0,0.21,19.917464684973105,0.6837722339831621,0.11914357108764839,0.0,0.0,0.0007890495867768595,0.0010251033057851236
0.85,0.75,10.0,0.0,0.21,19.917464684973105,0.6837722339831621,0.11914357108764839,0.0,0.0,0.0007890495867768595,0.0010251033057851236
0.85,0.75,12.0,0.0,0.21,19.917464684973105,0.6837722339831621,0.11914357108764839,0.0,0.0,0.0007890495867768595,0.0010251033057851236
0.85,0.75,14.0,0.0,0.21,19.917464684973105,0.6837722339831621,0.11914357108764839,0.0,0.0,0.0007890495867768595,0.0010251033057851236
0.85,0.75,16.0,0.0,0.21,19.917464684973105,0.6837722339831621,0.11914357108764839,0.0,0.0,0.0007890495867768595,0.0010251033057851236
0.85,0.75,18.0,0.0,0.21,19.917464684973105,0.6837722339831621,0.11914357108764839,0.0,0.0,0.0007890495867768595,0.0010251033057851236
0.85,0.8,,0.0,0.21,19.917464684973105,0.6837722339831621,0.11914357108764839,0.0,0.0,0.0007890495867768595,0.0010251033057851236
0.85,0.8,2.0,0.0,0.21,19.917464684973105,0.6837722339831621,0.11914357108764839,0.0,0.0,0.0007890495867768595,0.0010251033057851236
0.85,0.8,4.0,0.0,0.21,19.917464684973105,0.6837722339831621,0.11914357108764839,0.0,0.0,0.0007890495867768595,0.0010251033057851236
0.85,0.8,6.0,0.0,0.21,19.917464684973105,0.6837722339831621,0.11914357108764839,0.0,0.0,0.0007890495867768595,0.0010251033057851236
0.85,0.8,8.0,0.0,0.21,19.917464684973105,0.6837722339831621,0.11914357108764839,0.0,0.0,0.0007890495867768595,0.0010251033057851236
0.85,0.8,10.0,0.0,0.21,19.917464684973105,0.6837722339831621,0.11914357108764839,0.0,0.0,0.0007890495867768595,0.0010251033057851236
0.85,0.8,12.0,0.0,0.21,19.917464684973105,0.6837722339831621,0.11914357108764839,0.0,0.0,0.0007890495867768595,0.0010251033057851236
0.85,0.8,14.0,0.0,0.21,19.917464684973105,0.6837722339831621,0.11914357108764839,0.0,0.0,0.0007890495867768595,0.0010251033057851236
0.85,0.8,16.0,0.0,0.21,19.917464684973105,0.6837722339831621,0.11914357108764839,0.0,0.0,0.0007890495867768595,0.0010251033057851236
0.85,0.8,18.0,0.0,0.21,19.917464684973105,0.6837722339831621,0.11914357108764839,0.0,0.0,0.0007890495867768595,0.0010251033057851236
0.85,0.85,,0.0,0.21,19.917464684973105,0.6837722339831621,0.11914357108764839,0.0,0.0,0.0007890495867768595,0.0010251033057851236
0.85,0.85,2.0,0.0,0.21,19.917464684973105,0.6837722339831621,0.11914357108764839,0.0,0.0,0.0007890495867768595,0.0010251033057851236
0.85,0.85,4.0,0.0,0.21,19.917464684973105,0.6837722339831621,0.11914357108764839,0.0,0.0,0.0007890495867768595,0.0010251033057851236
0.85,0.85,6.0,0.0,0.21,19.917464684973105,0.6837722339831621,0.11914357108764839,0.0,0.0,0.0007890495867768595,0.0010251033057851236
0.85,0.85,8.0,0.0,0.21,19.917464684973105,0.6837722339831621,0.11914357108764839,0.0,0.0,0.0007890495867768595,0.0010251033057851236
0.85,0.85,10.0,0.0,0.21,19.917464684973105,0.6837722339831621,0.11914357108764839,0.0,0.0,0.0007890495867768595,0.0010251033057851236
0.85,0.85,12.0,0.0,0.21,19.917464684973105,0.6837722339831621,0.11914357108764839,0.0,0.0,0.0007890495867768595,0.0010251033057851236
0.85,0.85,14.0,0.0,0.21,19.917464684973105,0.6837722339831621,0.11914357108764839,0.0,0.0,0.0007890495867768595,0.0010251033057851236
0.85,0.85,16.0,0.0,0.21,19.917464684973105,0.6837722339831621,0.11914357108764839,0.0,0.0,0.0007890495867768595,0.0010251033057851236
0.85,0.85,18.0,0.0,0.21,19.917464684973105,0.6837722339831621,0.11914357108764839,0.0,0.0,0.0007890495867768595,0.0010251033057851236
0.85,0.9,,0.0,0.21,19.917464684973105,0.6837722339831621,0.11914357108764839,0.0,0.0,0.0007890495867768595,0.0010251033057851236
0.85,0.9,2.0,0.0,0.21,19.917464684973105,0.6837722339831621,0.11914357108764839,0.0,0.0,0.0007890495867768595,0.0010251033057851236
0.85,0.9,4.0,0.0,0.21,19.917464684973105,0.6837722339831621,0.11914357108764839,0.0,0.0,0.0007890495867768595,0.0010251033057851236
0.85,0.9,6.0,0.0,0.21,19.917464684973105,0.6837722339831621,0.11914357108764839,0.0,0.0,0.0007890495867768595,0.0010251033057851236
0.85,0.9,8.0,0.0,0.21,19.917464684973105,0.6837722339831621,0.11914357108764839,0.0,0.0,0.0007890495867768595,0.0010251033057851236
0.85,0.9,10.0,0.0,0.21,19.917464684973105,0.6837722339831621,0.11914357108764839,0.0,0.0,0.0007890495867768595,0.0010251033057851236
0.85,0.9,12.0,0.0,0.21,19.917464684973105,0.6837722339831621,0.11914357108764839,0.0,0.0,0.0007890495867768595,0.0010251033057851236
0.85,0.9,14.0,0.0,0.21,19.917464684973105,0.6837722339831621,0.11914357108764839,0.0,0.0,0.0007890495867768595,0.0010251033057851236
0.85,0.9,16.0,0.0,0.21,19.917464684973105,0.6837722339831621,0.11914357108764839,0.0,0.0,0.0007890495867768595,0.0010251033057851236
0.85,0.9,18.0,0.0,0.21,19.917464684973105,0.6837722339831621,0.11914357108764839,0.0,0.0,0.0007890495867768595,0.0010251033057851236
0.85,0.95,,0.0,0.21,19.917464684973105,0.6837722339831621,0.11914357108764839,0.0,0.0,0.0007890495867768595,0.0010251033057851236
0.85,0.95,2.0,0.0,0.21,19.917464684973105,0.6837722339831621,0.11914357108764839,0.0,0.0,0.0007890495867768595,0.0010251033057851236
0.85,0.95,4.0,0.0,0.21,19.917464684973105,0.6837722339831621,0.11914357108764839,0.0,0.0,0.0007890495867768595,0.0010251033057851236
0.85,0.95,6.0,0.0,0.21,19.917464684973105,0.6837722339831621,0.11914357108764839,0.0,0.0,0.0007890495867768595,0.0010251033057851236
0.85,0.95,8.0,0.0,0.21,19.917464684973105,0.6837722339831621,0.11914357108764839,0.0,0.0,0.0007890495867768595,0.0010251033057851236
0.85,0.95,10.0,0.0,0.21,19.917464684973105,0.6837722339831621,0.11914357108764839,0.0,0.0,0.0007890495867768595,0.0010251033057851236
0.85,0.95,12.0,0.0,0.21,19.917464684973105,0.6837722339831621,0.11914357108764839,0.0,0.0,0.0007890495867768595,0.0010251033057851236
0.85,0.95,14.0,0.0,0.21,19.917464684973105,0.6837722339831621,0.11914357108764839,0.0,0.0,0.0007890495867768595,0.0010251033057851236
0.85,0.95,16.0,0.0,0.21,19.917464684973105,0.6837722339831621,0.11914357108764839,0.0,0.0,0.0007890495867768595,0.0010251033057851236
0.85,0.95,18.0,0.0,0.21,19.917464684973105,0.6837722339831621,0.11914357108764839,0.0,0.0,0.0007890495867768595,0.0010251033057851236
0.85,1.0,,0.0,0.21,19.917464684973105,0.6837722339831621,0.11914357108764839,0.0,0.0,0.0007890495867768595,0.0010251033057851236
0.85,1.0,2.0,0.0,0.21,19.917464684973105,0.6837722339831621,0.11914357108764839,0.0,0.0,0.0007890495867768595,0.0010251033057851236
0.85,1.0,4.0,0.0,0.21,19.917464684973105,0.6837722339831621,0.11914357108764839,0.0,0.0,0.0007890495867768595,0.0010251033057851236
0.85,1.0,6.0,0.0,0.21,19.917464684973105,0.6837722339831621,0.11914357108764839,0.0,0.0,0.0007890495867768595,0.0010251033057851236
0.85,1.0,8.0,0.0,0.21,19.917464684973105,0.6837722339831621,0.11914357108764839,0.0,0.0,0.0007890495867768595,0.0010251033057851236
0.85,1.0,10.0,0.0,0.21,19.917464684973105,0.6837722339831621,0.11914357108764839,0.0,0.0,0.0007890495867768595,0.0010251033057851236
0.85,1.0,12.0,0.0,0.21,19.917464684973105,0.6837722339831621,0.11914357108764839,0.0,0.0,0.0007890495867768595,0.0010251033057851236
0.85,1.0,14.0,0.0,0.21,19.917464684973105,0.6837722339831621,0.11914357108764839,0.0,0.0,0.0007890495867768595,0.0010251033057851236
0.85,1.0,16.0,0.0,0.21,19.917464684973105,0.6837722339831621,0.11914357108764839,0.0,0.0,0.0007890495867768595,0.0010251033057851236
0.85,1.0,18.0,0.0,0.21,19.917464684973105,0.6837722339831621,0.11914357108764839,0.0,0.0,0.0007890495867768595,0.0010251033057851236
0.9,0.1,,0.0,0.67,1.8346647488162813,0.03604147949762497,0.09819850237254144,0.0025383561643835617,-0.003436301369863014,-0.00017424593967517492,-0.0017252900232018573
0.9,0.15,,0.0,0.01,21.078076270678608,0.9,0.11986071371837265,0.0,0.0,0.0010012358393408857,0.0010065911431513899
0.9,0.15,2.0,0.0,0.01,21.078076270678608,0.9,0.11986071371837265,0.0,0.0,0.0010012358393408857,0.0010065911431513899
0.9,0.15,4.0,0.0,0.01,21.078076270678608,0.9,0.11986071371837265,0.0,0.0,0.0010012358393408857,0.0010065911431513899
0.9,0.15,6.0,0.0,0.01,21.078076270678608,0.9,0.11986071371837265,0.0,0.0,0.0010012358393408857,0.0010065911431513899
0.9,0.15,8.0,0.0,0.01,21.078076270678608,0.9,0.11986071371837265,0.0,0.0,0.0010012358393408857,0.0010065911431513899
0.9,0.15,10.0,0.0,0.01,21.078076270678608,0.9,0.11986071371837265,0.0,0.0,0.0010012358393408857,0.0010065911431513899
0.9,0.15,12.0,0.0,0.01,21.078076270678608,0.9,0.11986071371837265,0.0,0.0,0.0010012358393408857,0.0010065911431513899
0.9,0.15,14.0,0.0,0.01,21.078076270678608,0.9,0.11986071371837265,0.0,0.0,0.0010012358393408857,0.0010065911431513899
0.9,0.15,16.0,0.0,0.01,21.078076270678608,0.9,0.11986071371837265,0.0,0.0,0.0010012358393408857,0.0010065911431513899
0.9,0.15,18.0,0.0,0.01,21.078076270678608,0.9,0.11986071371837265,0.0,0.0,0.0010012358393408857,0.0010065911431513899
0.9,0.15,20.0,0.0,0.01,21.078076270678608,0.9,0.11986071371837265,0.0,0.0,0.0010012358393408857,0.0010065911431513899
0.9,0.2,,0.0,0.01,21.078076270678608,0.9,0.11986071371837265,0.0,0.0,0.0010012358393408857,0.0010065911431513899
0.9,0.2,2.0,0.0,0.01,21.078076270678608,0.9,0.11986071371837265,0.0,0.0,0.0010012358393408857,0.0010065911431513899
0.9,0.2,4.0,0.0,0.01,21.078076270678608,0.9,0.11986071371837265,0.0,0.0,0.0010012358393408857,0.0010065911431513899
0.9,0.2,6.0,0.0,0.01,21.078076270678608,0.9,0.11986071371837265,0.0,0.0,0.0010012358393408857,0.0010065911431513899
0.9,0.2,8.0,0.0,0.01,21.078076270678608,0.9,0.11986071371837265,0.0,0.0,0.0010012358393408857,0.0010065911431513899
0.9,0.2,10.0,0.0,0.01,21.078076270678608,0.9,0.11986071371837265,0.0,0.0,0.0010012358393408857,0.0010065911431513899
0.9,0.2,12.0,0.0,0.01,21.078076270678608,0.9,0.11986071371837265,0.0,0.0,0.0010012358393408857,0.0010065911431513899
0.9,0.2,14.0,0.0,0.01,21.078076270678608,0.9,0.11986071371837265,0.0,0.0,0.0010012358393408857,0.0010065911431513899
0.9,0.2,16.0,0.0,0.01,21.078076270678608,0.9,0.11986071371837265,0.0,0.0,0.0010012358393408857,0.0010065911431513899
0.9,0.2,18.0,0.0,0.01,21.078076270678608,0.9,0.11986071371837265,0.0,0.0,0.0010012358393408857,0.0010065911431513899
0.9,0.2,20.0,0.0,0.01,21.078076270678608,0.9,0.11986071371837265,0.0,0.0,0.0010012358393408857,0.0010065911431513899
0.9,0.25,,0.0,0.01,21.078076270678608,0.9,0.11986071371837265,0.0,0.0,0.0010012358393408857,0.0010065911431513899
0.9,0.25,2.0,0.0,0.01,21.078076270678608,0.9,0.11986071371837265,0.0,0.0,0.0010012358393408857,0.0010065911431513899
0.9,0.25,4.0,0.0,0.01,21.078076270678608,0.9,0.11986071371837265,0.0,0.0,0.0010012358393408857,0.0010065911431513899
0.9,0.25,6.0,0.0,0.01,21.078076270678608,0.9,0.11986071371837265,0.0,0.0,0.0010012358393408857,0.0010065911431513899
0.9,0.25,8.0,0.0,0.01,21.078076270678608,0.9,0.11986071371837265,0.0,0.0,0.0010012358393408857,0.0010065911431513899
0.9,0.25,10.0,0.0,0.01,21.078076270678608,0.9,0.11986071371837265,0.0,0.0,0.0010012358393408857,0.0010065911431513899
0.9,0.25,12.0,0.0,0.01,21.078076270678608,0.9,0.11986071371837265,0.0,0.0,0.0010012358393408857,0.0010065911431513899
0.9,0.25,14.0,0.0,0.01,21.078076270678608,0.9,0.11986071371837265,0.0,0.0,0.0010012358393408857,0.0010065911431513899
0.9,0.25,16.0,0.0,0.01,21.078076270678608,0.9,0.11986071371837265,0.0,0.0,0.0010012358393408857,0.0010065911431513899
0.9,0.25,18.0,0.0,0.01,21.078076270678608,0.9,0.11986071371837265,0.0,0.0,0.0010012358393408857,0.0010065911431513899
0.9,0.25,20.0,0.0,0.01,21.078076270678608,0.9,0.11986071371837265,0.0,0.0,0.0010012358393408857,0.0010065911431513899
0.9,0.3,,0.0,0.01,21.078076270678608,0.9,0.11986071371837265,0.0,0.0,0.0010012358393408857,0.0010065911431513899
0.9,0.3,2.0,0.0,0.01,21.078076270678608,0.9,0.11986071371837265,0.0,0.0,0.0010012358393408857,0.0010065911431513899
0.9,0.3,4.0,0.0,0.01,21.078076270678608,0.9,0.11986071371837265,0.0,0.0,0.0010012358393408857,0.0010065911431513899
0.9,0.3,6.0,0.0,0.01,21.078076270678608,0.9,0.11986071371837265,0.0,0.0,0.0010012358393408857,0.0010065911431513899
0.9,0.3,8.0,0.0,0.01,21.078076270678608,0.9,0.11986071371837265,0.0,0.0,0.0010012358393408857,0.0010065911431513899
0.9,0.3,10.0,0.0,0.01,21.078076270678608,0.9,0.11986071371837265,0.0,0.0,0.0010012358393408857,0.0010065911431513899
0.9,0.3,12.0,0.0,0.01,21.078076270678608,0.9,0.11986071371837265,0.0,0.0,0.0010012358393408857,0.0010065911431513899
0.9,0.3,14.0,0.0,0.01,21.078076270678608,0.9,0.11986071371837265,0.0,0.0,0.0010012358393408857,0.0010065911431513899
0.9,0.3,16.0,0.0,0.01,21.078076270678608,0.9,0.11986071371837265,0.0,0.0,0.0010012358393408857,0.0010065911431513899
0.9,0.3,18.0,0.0,0.01,21.078076270678608,0.9,0.11986071371837265,0.0,0.0,0.0010012358393408857,0.0010065911431513899
0.9,0.3,20.0,0.0,0.01,21.078076270678608,0.9,0.11986071371837265,0.0,0.0,0.0010012358393408857,0.0010065911431513899
0.9,0.35,,0.0,0.01,21.078076270678608,0.9,0.11986071371837265,0.0,0.0,0.0010012358393408857,0.0010065911431513899
0.9,0.35,2.0,0.0,0.01,21.078076270678608,0.9,0.11986071371837265,0.0,0.0,0.0010012358393408857,0.0010065911431513899
0.9,0.35,4.0,0.0,0.01,21.078076270678608,0.9,0.11986071371837265,0.0,0.0,0.0010012358393408857,0.0010065911431513899
0.9,0.35,6.0,0.0,0.01,21.078076270678608,0.9,0.11986071371837265,0.0,0.0,0.0010012358393408857,0.0010065911431513899
0.9,0.35,8.0,0.0,0.01,21.078076270678608,0.9,0.11986071371837265,0.0,0.0,0.0010012358393408857,0.0010065911431513899
0.9,0.35,10.0,0.0,0.01,21.078076270678608,0.9,0.11986071371837265,0.0,0.0,0.0010012358393408857,0.0010065911431513899
0.9,0.35,12.0,0.0,0.01,21.078076270678608,0.9,0.11986071371837265,0.0,0.0,0.0010012358393408857,0.0010065911431513899
0.9,0.35,14.0,0.0,0.01,21.078076270678608,0.9,0.11986071371837265,0.0,0.0,0.0010012358393408857,0.0010065911431513899
0.9,0.35,16.0,0.0,0.01,21.078076270678608,0.9,0.11986071371837265,0.0,0.0,0.0010012358393408857,0.0010065911431513899
0.9,0.35,18.0,0.0,0.01,21.078076270678608,0.9,0.11986071371837265,0.0,0.0,0.0010012358393408857,0.0010065911431513899
0.9,0.35,20.0,0.0,0.01,21.078076270678608,0.9,0.11986071371837265,0.0,0.0,0.0010012358393408857,0.0010065911431513899
0.9,0.4,,0.0,0.01,21.078076270678608,0.9,0.11986071371837265,0.0,0.0,0.0010012358393408857,0.0010065911431513899
0.9,0.4,2.0,0.0,0.01,21.078076270678608,0.9,0.11986071371837265,0.0,0.0,0.0010012358393408857,0.0010065911431513899
0.9,0.4,4.0,0.0,0.01,21.078076270678608,0.9,0.11986071371837265,0.0,0.0,0.0010012358393408857,0.0010065911431513899
0.9,0.4,6.0,0.0,0.01,21.078076270678608,0.9,0.11986071371837265,0.0,0.0,0.0010012358393408857,0.0010065911431513899
0.9,0.4,8.0,0.0,0.01,21.078076270678608,0.9,0.11986071371837265,0.0,0.0,0.0010012358393408857,0.0010065911431513899
0.9,0.4,10.0,0.0,0.01,21.078076270678608,0.9,0.11986071371837265,0.0,0.0,0.0010012358393408857,0.0010065911431513899
0.9,0.4,12.0,0.0,0.01,21.078076270678608,0.9,0.11986071371837265,0.0,0.0,0.0010012358393408857,0.0010065911431513899
0.9,0.4,14.0,0.0,0.01,21.078076270678608,0.9,0.11986071371837265,0.0,0.0,0.0010012358393408857,0.0010065911431513899
0.9,0.4,16.0,0.0,0.01,21.078076270678608,0.9,0.11986071371837265,0.0,0.0,0.0010012358393408857,0.0010065911431513899
0.9,0.4,18.0,0.0,0.01,21.078076270678608,0.9,0.11986071371837265,0.0,0.0,0.0010012358393408857,0.0010065911431513899
0.9,0.4,20.0,0.0,0.01,21.078076270678608,0.9,0.11986071371837265,0.0,0.0,0.0010012358393408857,0.0010065911431513899
0.9,0.45,,0.0,0.01,21.078076270678608,0.9,0.11986071371837265,0.0,0.0,0.0010012358393408857,0.0010065911431513899
0.9,0.45,2.0,0.0,0.01,21.078076270678608,0.9,0.11986071371837265,0.0,0.0,0.0010012358393408857,0.0010065911431513899
0.9,0.45,4.0,0.0,0.01,21.078076270678608,0.9,0.11986071371837265,0.0,0.0,0.0010012358393408857,0.0010065911431513899
0.9,0.45,6.0,0.0,0.01,21.078076270678608,0.9,0.11986071371837265,0.0,0.0,0.0010012358393408857,0.0010065911431513899
0.9,0.45,8.0,0.0,0.01,21.078076270678608,0.9,0.11986071371837265,0.0,0.0,0.0010012358393408857,0.0010065911431513899
0.9,0.45,10.0,0.0,0.01,21.078076270678608,0.9,0.11986071371837265,0.0,0.0,0.0010012358393408857,0.0010065911431513899
0.9,0.45,12.0,0.0,0.01,21.078076270678608,0.9,0.11986071371837265,0.0,0.0,0.0010012358393408857,0.0010065911431513899
0.9,0.45,14.0,0.0,0.01,21.078076270678608,0.9,0.11986071371837265,0.0,0.0,0.0010012358393408857,0.0010065911431513899
0.9,0.45,16.0,0.0,0.01,21.078076270678608,0.9,0.11986071371837265,0.0,0.0,0.0010012358393408857,0.0010065911431513899
0.9,0.45,18.0,0.0,0.01,21.078076270678608,0.9,0.11986071371837265,0.0,0.0,0.0010012358393408857,0.0010065911431513899
0.9,0.45,20.0,0.0,0.01,21.078076270678608,0.9,0.11986071371837265,0.0,0.0,0.0010012358393408857,0.0010065911431513899
0.9,0.5,,0.0,0.01,21.078076270678608,0.9,0.11986071371837265,0.0,0.0,0.0010012358393408857,0.0010065911431513899
0.9,0.5,2.0,0.0,0.01,21.078076270678608,0.9,0.11986071371837265,0.0,0.0,0.0010012358393408857,0.0010065911431513899
0.9,0.5,4.0,0.0,0.01,21.078076270678608,0.9,0.11986071371837265,0.0,0.0,0.0010012358393408857,0.0010065911431513899
0.9,0.5,6.0,0.0,0.01,21.078076270678608,0.9,0.11986071371837265,0.0,0.0,0.0010012358393408857,0.0010065911431513899
0.9,0.5,8.0,0.0,0.01,21.078076270678608,0.9,0.11986071371837265,0.0,0.0,0.0010012358393408857,0.0010065911431513899
0.9,0.5,10.0,0.0,0.01,21.078076270678608,0.9,0.11986071371837265,0.0,0.0,0.0010012358393408857,0.0010065911431513899
0.9,0.5,12.0,0.0,0.01,21.078076270678608,0.9,0.11986071371837265,0.0,0.0,0.0010012358393408857,0.0010065911431513899
0.9,0.5,14.0,0.0,0.01,21.078076270678608,0.9,0.11986071371837265,0.0,0.0,0.0010012358393408857,0.0010065911431513899
0.9,0.5,16.0,0.0,0.01,21.078076270678608,0.9,0.11986071371837265,0.0,0.0,0.0010012358393408857,0.0010065911431513899
0.9,0.5,18.0,0.0,0.01,21.078076270678608,0.9,0.11986071371837265,0.0,0.0,0.0010012358393408857,0.0010065911431513899
0.9,0.5,20.0,0.0,0.01,21.078076270678608,0.9,0.11986071371837265,0.0,0.0,0.0010012358393408857,0.0010065911431513899
0.9,0.55,,0.0,0.01,21.078076270678608,0.9,0.11986071371837265,0.0,0.0,0.0010012358393408857,0.0010065911431513899
0.9,0.55,2.0,0.0,0.01,21.078076270678608,0.9,0.11986071371837265,0.0,0.0,0.0010012358393408857,0.0010065911431513899
0.9,0.55,4.0,0.0,0.01,21.078076270678608,0.9,0.11986071371837265,0.0,0.0,0.0010012358393408857,0.0010065911431513899
0.9,0.55,6.0,0.0,0.01,21.078076270678608,0.9,0.11986071371837265,0.0,0.0,0.0010012358393408857,0.0010065911431513899
0.9,0.55,8.0,0.0,0.01,21.078076270678608,0.9,0.11986071371837265,0.0,0.0,0.0010012358393408857,0.0010065911431513899
0.9,0.55,10.0,0.0,0.01,21.078076270678608,0.9,0.11986071371837265,0.0,0.0,0.0010012358393408857,0.0010065911431513899
0.9,0.55,12.0,0.0,0.01,21.078076270678608,0.9,0.11986071371837265,0.0,0.0,0.0010012358393408857,0.0010065911431513899
0.9,0.55,14.0,0.0,0.01,21.078076270678608,0.9,0.11986071371837265,0.0,0.0,0.0010012358393408857,0.0010065911431513899
0.9,0.55,16.0,0.0,0.01,21.078076270678608,0.9,0.11986071371837265,0.0,0.0,0.0010012358393408857,0.0010065911431513899
0.9,0.55,18.0,0.0,0.01,21.078076270678608,0.9,0.11986071371837265,0.0,0.0,0.0010012358393408857,0.0010065911431513899
0.9,0.55,20.0,0.0,0.01,21.078076270678608,0.9,0.11986071371837265,0.0,0.0,0.0010012358393408857,0.0010065911431513899
0.9,0.6,,0.0,0.01,21.078076270678608,0.9,0.11986071371837265,0.0,0.0,0.0010012358393408857,0.0010065911431513899
0.9,0.6,2.0,0.0,0.01,21.078076270678608,0.9,0.11986071371837265,0.0,0.0,0.0010012358393408857,0.0010065911431513899
0.9,0.6,4.0,0.0,0.01,21.078076270678608,0.9,0.11986071371837265,0.0,0.0,0.0010012358393408857,0.0010065911431513899
0.9,0.6,6.0,0.0,0.01,21.078076270678608,0.9,0.11986071371837265,0.0,0.0,0.0010012358393408857,0.0010065911431513899
0.9,0.6,8.0,0.0,0.01,21.078076270678608,0.9,0.11986071371837265,0.0,0.0,0.0010012358393408857,0.0010065911431513899
0.9,0.6,10.0,0.0,0.01,21.078076270678608,0.9,0.11986071371837265,0.0,0.0,0.0010012358393408857,0.0010065911431513899
0.9,0.6,12.0,0.0,0.01,21.078076270678608,0.9,0.11986071371837265,0.0,0.0,0.0010012358393408857,0.0010065911431513899
0.9,0.6,14.0,0.0,0.01,21.078076270678608,0.9,0.11986071371837265,0.0,0.0,0.0010012358393408857,0.0010065911431513899
0.9,0.6,16.0,0.0,0.01,21.078076270678608,0.9,0.11986071371837265,0.0,0.0,0.0010012358393408857,0.0010065911431513899
0.9,0.6,18.0,0.0,0.01,21.078076270678608,0.9,0.11986071371837265,0.0,0.0,0.0010012358393408857,0.0010065911431513899
0.9,0.6,20.0,0.0,0.01,21.078076270678608,0.9,0.11986071371837265,0.0,0.0,0.0010012358393408857,0.0010065911431513899
0.9,0.65,,0.0,0.01,21.078076270678608,0.9,0.11986071371837265,0.0,0.0,0.0010012358393408857,0.0010065911431513899
0.9,0.65,2.0,0.0,0.01,21.078076270678608,0.9,0.11986071371837265,0.0,0.0,0.0010012358393408857,0.0010065911431513899
0.9,0.65,4.0,0.0,0.01,21.078076270678608,0.9,0.11986071371837265,0.0,0.0,0.0010012358393408857,0.0010065911431513899
0.9,0.65,6.0,0.0,0.01,21.078076270678608,0.9,0.11986071371837265,0.0,0.0,0.0010012358393408857,0.0010065911431513899
0.9,0.65,8.0,0.0,0.01,21.078076270678608,0.9,0.11986071371837265,0.0,0.0,0.0010012358393408857,0.0010065911431513899
0.9,0.65,10.0,0.0,0.01,21.078076270678608,0.9,0.11986071371837265,0.0,0.0,0.0010012358393408857,0.0010065911431513899
0.9,0.65,12.0,0.0,0.01,21.078076270678608,0.9,0.11986071371837265,0.0,0.0,0.0010012358393408857,0.0010065911431513899
0.9,0.65,14.0,0.0,0.01,21.078076270678608,0.9,0.11986071371837265,0.0,0.0,0.0010012358393408857,0.0010065911431513899
0.9,0.65,16.0,0.0,0.01,21.078076270678608,0.9,0.11986071371837265,0.0,0.0,0.0010012358393408857,0.0010065911431513899
0.9,0.65,18.0,0.0,0.01,21.078076270678608,0.9,0.11986071371837265,0.0,0.0,0.0010012358393408857,0.0010065911431513899
0.9,0.65,20.0,0.0,0.01,21.078076270678608,0.9,0.11986071371837265,0.0,0.0,0.0010012358393408857,0.0010065911431513899
0.9,0.7,,0.0,0.01,21.078076270678608,0.9,0.11986071371837265,0.0,0.0,0.0010012358393408857,0.0010065911431513899
0.9,0.7,2.0,0.0,0.01,21.078076270678608,0.9,0.11986071371837265,0.0,0.0,0.0010012358393408857,0.0010065911431513899
0.9,0.7,4.0,0.0,0.01,21.078076270678608,0.9,0.11986071371837265,0.0,0.0,0.0010012358393408857,0.0010065911431513899
0.9,0.7,6.0,0.0,0.01,21.078076270678608,0.9,0.11986071371837265,0.0,0.0,0.0010012358393408857,0.0010065911431513899
0.9,0.7,8.0,0.0,0.01,21.078076270678608,0.9,0.11986071371837265,0.0,0.0,0.0010012358393408857,0.0010065911431513899
0.9,0.7,10.0,0.0,0.01,21.078076270678608,0.9,0.11986071371837265,0.0,0.0,0.0010012358393408857,0.0010065911431513899
0.9,0.7,12.0,0.0,0.01,21.078076270678608,0.9,0.11986071371837265,0.0,0.0,0.0010012358393408857,0.0010065911431513899
0.9,0.7,14.0,0.0,0.01,21.078076270678608,0.9,0.11986071371837265,0.0,0.0,0.0010012358393408857,0.0010065911431513899
0.9,0.7,16.0,0.0,0.01,21.078076270678608,0.9,0.11986071371837265,0.0,0.0,0.0010012358393408857,0.0010065911431513899
0.9,0.7,18.0,0.0,0.01,21.078076270678608,0.9,0.11986071371837265,0.0,0.0,0.0010012358393408857,0.0010065911431513899
0.9,0.7,20.0,0.0,0.01,21.078076270678608,0.9,0.11986071371837265,0.0,0.0,0.0010012358393408857,0.0010065911431513899
0.9,0.75,,0.0,0.01,21.078076270678608,0.9,0.11986071371837265,0.0,0.0,0.0010012358393408857,0.0010065911431513899
0.9,0.75,2.0,0.0,0.01,21.078076270678608,0.9,0.11986071371837265,0.0,0.0,0.0010012358393408857,0.0010065911431513899
0.9,0.75,4.0,0.0,0.01,21.078076270678608,0.9,0.11986071371837265,0.0,0.0,0.0010012358393408857,0.0010065911431513899
0.9,0.75,6.0,0.0,0.01,21.078076270678608,0.9,0.11986071371837265,0.0,0.0,0.0010012358393408857,0.0010065911431513899
0.9,0.75,8.0,0.0,0.01,21.078076270678608,0.9,0.11986071371837265,0.0,0.0,0.0010012358393408857,0.0010065911431513899
0.9,0.75,10.0,0.0,0.01,21.078076270678608,0.9,0.11986071371837265,0.0,0.0,0.0010012358393408857,0.0010065911431513899
0.9,0.75,12.0,0.0,0.01,21.078076270678608,0.9,0.11986071371837265,0.0,0.0,0.0010012358393408857,0.0010065911431513899
0.9,0.75,14.0,0.0,0.01,21.078076270678608,0.9,0.11986071371837265,0.0,0.0,0.0010012358393408857,0.0010065911431513899
0.9,0.75,16.0,0.0,0.01,21.078076270678608,0.9,0.11986071371837265,0.0,0.0,0.0010012358393408857,0.0010065911431513899
0.9,0.75,18.0,0.0,0.01,21.078076270678608,0.9,0.11986071371837265,0.0,0.0,0.0010012358393408857,0.0010065911431513899
0.9,0.75,20.0,0.0,0.01,21.078076270678608,0.9,0.11986071371837265,0.0,0.0,0.0010012358393408857,0.0010065911431513899
0.9,0.8,,0.0,0.01,21.078076270678608,0.9,0.11986071371837265,0.0,0.0,0.0010012358393408857,0.0010065911431513899
0.9,0.8,2.0,0.0,0.01,21.078076270678608,0.9,0.11986071371837265,0.0,0.0,0.0010012358393408857,0.0010065911431513899
0.9,0.8,4.0,0.0,0.01,21.078076270678608,0.9,0.11986071371837265,0.0,0.0,0.0010012358393408857,0.0010065911431513899
0.9,0.8,6.0,0.0,0.01,21.078076270678608,0.9,0.11986071371837265,0.0,0.0,0.0010012358393408857,0.0010065911431513899
0.9,0.8,8.0,0.0,0.01,21.078076270678608,0.9,0.11986071371837265,0.0,0.0,0.0010012358393408857,0.0010065911431513899
0.9,0.8,10.0,0.0,0.01,21.078076270678608,0.9,0.11986071371837265,0.0,0.0,0.0010012358393408857,0.0010065911431513899
0.9,0.8,12.0,0.0,0.01,21.078076270678608,0.9,0.11986071371837265,0.0,0.0,0.0010012358393408857,0.0010065911431513899
0.9,0.8,14.0,0.0,0.01,21.078076270678608,0.9,0.11986071371837265,0.0,0.0,0.0010012358393408857,0.0010065911431513899
0.9,0.8,16.0,0.0,0.01,21.078076270678608,0.9,0.11986071371837265,0.0,0.0,0.0010012358393408857,0.0010065911431513899
0.9,0.8,18.0,0.0,0.01,21.078076270678608,0.9,0.11986071371837265,0.0,0.0,0.0010012358393408857,0.0010065911431513899
0.9,0.8,20.0,0.0,0.01,21.078076270678608,0.9,0.11986071371837265,0.0,0.0,0.0010012358393408857,0.0010065911431513899
0.9,0.85,,0.0,0.01,21.078076270678608,0.9,0.11986071371837265,0.0,0.0,0.0010012358393408857,0.0010065911431513899
0.9,0.85,2.0,0.0,0.01,21.078076270678608,0.9,0.11986071371837265,0.0,0.0,0.0010012358393408857,0.0010065911431513899
0.9,0.85,4.0,0.0,0.01,21.078076270678608,0.9,0.11986071371837265,0.0,0.0,0.0010012358393408857,0.0010065911431513899
0.9,0.85,6.0,0.0,0.01,21.078076270678608,0.9,0.11986071371837265,0.0,0.0,0.0010012358393408857,0.0010065911431513899
0.9,0.85,8.0,0.0,0.01,21.078076270678608,0.9,0.11986071371837265,0.0,0.0,0.0010012358393408857,0.0010065911431513899
0.9,0.85,10.0,0.0,0.01,21.078076270678608,0.9,0.11986071371837265,0.0,0.0,0.0010012358393408857,0.0010065911431513899
0.9,0.85,12.0,0.0,0.01,21.078076270678608,0.9,0.11986071371837265,0.0,0.0,0.0010012358393408857,0.0010065911431513899
0.9,0.85,14.0,0.0,0.01,21.078076270678608,0.9,0.11986071371837265,0.0,0.0,0.0010012358393408857,0.0010065911431513899
0.9,0.85,16.0,0.0,0.01,21.078076270678608,0.9,0.11986071371837265,0.0,0.0,0.0010012358393408857,0.0010065911431513899
0.9,0.85,18.0,0.0,0.01,21.078076270678608,0.9,0.11986071371837265,0.0,0.0,0.0010012358393408857,0.0010065911431513899
0.9,0.85,20.0,0.0,0.01,21.078076270678608,0.9,0.11986071371837265,0.0,0.0,0.0010012358393408857,0.0010065911431513899
0.9,0.9,,0.0,0.01,21.078076270678608,0.9,0.11986071371837265,0.0,0.0,0.0010012358393408857,0.0010065911431513899
0.9,0.9,2.0,0.0,0.01,21.078076270678608,0.9,0.11986071371837265,0.0,0.0,0.0010012358393408857,0.0010065911431513899
0.9,0.9,4.0,0.0,0.01,21.078076270678608,0.9,0.11986071371837265,0.0,0.0,0.0010012358393408857,0.0010065911431513899
0.9,0.9,6.0,0.0,0.01,21.078076270678608,0.9,0.11986071371837265,0.0,0.0,0.0010012358393408857,0.0010065911431513899
0.9,0.9,8.0,0.0,0.01,21.078076270678608,0.9,0.11986071371837265,0.0,0.0,0.0010012358393408857,0.0010065911431513899
0.9,0.9,10.0,0.0,0.01,21.078076270678608,0.9,0.11986071371837265,0.0,0.0,0.0010012358393408857,0.0010065911431513899
0.9,0.9,12.0,0.0,0.01,21.078076270678608,0.9,0.11986071371837265,0.0,0.0,0.0010012358393408857,0.0010065911431513899
0.9,0.9,14.0,0.0,0.01,21.078076270678608,0.9,0.11986071371837265,0.0,0.0,0.0010012358393408857,0.0010065911431513899
0.9,0.9,16.0,0.0,0.01,21.078076270678608,0.9,0.11986071371837265,0.0,0.0,0.0010012358393408857,0.0010065911431513899
0.9,0.9,18.0,0.0,0.01,21.078076270678608,0.9,0.11986071371837265,0.0,0.0,0.0010012358393408857,0.0010065911431513899
0.9,0.9,20.0,0.0,0.01,21.078076270678608,0.9,0.11986071371837265,0.0,0.0,0.0010012358393408857,0.0010065911431513899
0.9,0.95,,0.0,0.01,21.078076270678608,0.9,0.11986071371837265,0.0,0.0,0.0010012358393408857,0.0010065911431513899
0.9,0.95,2.0,0.0,0.01,21.078076270678608,0.9,0.11986071371837265,0.0,0.0,0.0010012358393408857,0.0010065911431513899
0.9,0.95,4.0,0.0,0.01,21.078076270678608,0.9,0.11986071371837265,0.0,0.0,0.0010012358393408857,0.0010065911431513899
0.9,0.95,6.0,0.0,0.01,21.078076270678608,0.9,0.11986071371837265,0.0,0.0,0.0010012358393408857,0.0010065911431513899
0.9,0.95,8.0,0.0,0.01,21.078076270678608,0.9,0.11986071371837265,0.0,0.0,0.0010012358393408857,0.0010065911431513899
0.9,0.95,10.0,0.0,0.01,21.078076270678608,0.9,0.11986071371837265,0.0,0.0,0.0010012358393408857,0.0010065911431513899
0.9,0.95,12.0,0.0,0.01,21.078076270678608,0.9,0.11986071371837265,0.0,0.0,0.0010012358393408857,0.0010065911431513899
0.9,0.95,14.0,0.0,0.01,21.078076270678608,0.9,0.11986071371837265,0.0,0.0,0.0010012358393408857,0.0010065911431513899
0.9,0.95,16.0,0.0,0.01,21.078076270678608,0.9,0.11986071371837265,0.0,0.0,0.0010012358393408857,0.0010065911431513899
0.9,0.95,18.0,0.0,0.01,21.078076270678608,0.9,0.11986071371837265,0.0,0.0,0.0010012358393408857,0.0010065911431513899
0.9,0.95,20.0,0.0,0.01,21.078076270678608,0.9,0.11986071371837265,0.0,0.0,0.0010012358393408857,0.0010065911431513899
0.9,1.0,,0.0,0.01,21.078076270678608,0.9,0.11986071371837265,0.0,0.0,0.0010012358393408857,0.0010065911431513899
0.9,1.0,2.0,0.0,0.01,21.078076270678608,0.9,0.11986071371837265,0.0,0.0,0.0010012358393408857,0.0010065911431513899
0.9,1.0,4.0,0.0,0.01,21.078076270678608,0.9,0.11986071371837265,0.0,0.0,0.0010012358393408857,0.0010065911431513899
0.9,1.0,6.0,0.0,0.01,21.078076270678608,0.9,0.11986071371837265,0.0,0.0,0.0010012358393408857,0.0010065911431513899
0.9,1.0,8.0,0.0,0.01,21.078076270678608,0.9,0.11986071371837265,0.0,0.0,0.0010012358393408857,0.0010065911431513899
0.9,1.0,10.0,0.0,0.01,21.078076270678608,0.9,0.11986071371837265,0.0,0.0,0.0010012358393408857,0.0010065911431513899
0.9,1.0,12.0,0.0,0.01,21.078076270678608,0.9,0.11986071371837265,0.0,0.0,0.0010012358393408857,0.0010065911431513899
0.9,1.0,14.0,0.0,0.01,21.078076270678608,0.9,0.11986071371837265,0.0,0.0,0.0010012358393408857,0.0010065911431513899
0.9,1.0,16.0,0.0,0.01,21.078076270678608,0.9,0.11986071371837265,0.0,0.0,0.0010012358393408857,0.0010065911431513899
0.9,1.0,18.0,0.0,0.01,21.078076270678608,0.9,0.11986071371837265,0.0,0.0,0.0010012358393408857,0.0010065911431513899
0.9,1.0,20.0,0.0,0.01,21.078076270678608,0.9,0.11986071371837265,0.0,0.0,0.0010012358393408857,0.0010065911431513899
0.95,0.1,,0.0,0.67,1.8346647488162813,0.03604147949762497,0.09819850237254144,0.0025383561643835617,-0.003436301369863014,-0.00017424593967517492,-0.0017252900232018573
0.95,0.15,,0.0,0.01,21.078076270678608,0.9,0.11986071371837265,0.0,0.0,0.0010012358393408857,0.0010065911431513899
0.95,0.15,2.0,0.0,0.01,21.078076270678608,0.9,0.11986071371837265,0.0,0.0,0.0010012358393408857,0.0010065911431513899
0.95,0.15,4.0,0.0,0.01,21.078076270678608,0.9,0.11986071371837265,0.0,0.0,0.0010012358393408857,0.0010065911431513899
0.95,0.15,6.0,0.0,0.01,21.078076270678608,0.9,0.11986071371837265,0.0,0.0,0.0010012358393408857,0.0010065911431513899
0.95,0.15,8.0,0.0,0.01,21.078076270678608,0.9,0.11986071371837265,0.0,0.0,0.0010012358393408857,0.0010065911431513899
0.95,0.15,10.0,0.0,0.01,21.078076270678608,0.9,0.11986071371837265,0.0,0.0,0.0010012358393408857,0.0010065911431513899
0.95,0.15,12.0,0.0,0.01,21.078076270678608,0.9,0.11986071371837265,0.0,0.0,0.0010012358393408857,0.0010065911431513899
0.95,0.15,14.0,0.0,0.01,21.078076270678608,0.9,0.11986071371837265,0.0,0.0,0.0010012358393408857,0.0010065911431513899
0.95,0.15,16.0,0.0,0.01,21.078076270678608,0.9,0.11986071371837265,0.0,0.0,0.0010012358393408857,0.0010065911431513899
0.95,0.15,18.0,0.0,0.01,21.078076270678608,0.9,0.11986071371837265,0.0,0.0,0.0010012358393408857,0.0010065911431513899
0.95,0.15,20.0,0.0,0.01,21.078076270678608,0.9,0.11986071371837265,0.0,0.0,0.0010012358393408857,0.0010065911431513899
0.95,0.2,,0.0,0.01,21.078076270678608,0.9,0.11986071371837265,0.0,0.0,0.0010012358393408857,0.0010065911431513899
0.95,0.2,2.0,0.0,0.01,21.078076270678608,0.9,0.11986071371837265,0.0,0.0,0.0010012358393408857,0.0010065911431513899
0.95,0.2,4.0,0.0,0.01,21.078076270678608,0.9,0.11986071371837265,0.0,0.0,0.0010012358393408857,0.0010065911431513899
0.95,0.2,6.0,0.0,0.01,21.078076270678608,0.9,0.11986071371837265,0.0,0.0,0.0010012358393408857,0.0010065911431513899
0.95,0.2,8.0,0.0,0.01,21.078076270678608,0.9,0.11986071371837265,0.0,0.0,0.0010012358393408857,0.0010065911431513899
0.95,0.2,10.0,0.0,0.01,21.078076270678608,0.9,0.11986071371837265,0.0,0.0,0.0010012358393408857,0.0010065911431513899
0.95,0.2,12.0,0.0,0.01,21.078076270678608,0.9,0.11986071371837265,0.0,0.0,0.0010012358393408857,0.0010065911431513899
0.95,0.2,14.0,0.0,0.01,21.078076270678608,0.9,0.11986071371837265,0.0,0.0,0.0010012358393408857,0.0010065911431513899
0.95,0.2,16.0,0.0,0.01,21.078076270678608,0.9,0.11986071371837265,0.0,0.0,0.0010012358393408857,0.0010065911431513899
0.95,0.2,18.0,0.0,0.01,21.078076270678608,0.9,0.11986071371837265,0.0,0.0,0.0010012358393408857,0.0010065911431513899
0.95,0.2,20.0,0.0,0.01,21.078076270678608,0.9,0.11986071371837265,0.0,0.0,0.0010012358393408857,0.0010065911431513899
0.95,0.25,,0.0,0.01,21.078076270678608,0.9,0.11986071371837265,0.0,0.0,0.0010012358393408857,0.0010065911431513899
0.95,0.25,2.0,0.0,0.01,21.078076270678608,0.9,0.11986071371837265,0.0,0.0,0.0010012358393408857,0.0010065911431513899
0.95,0.25,4.0,0.0,0.01,21.078076270678608,0.9,0.11986071371837265,0.0,0.0,0.0010012358393408857,0.0010065911431513899
0.95,0.25,6.0,0.0,0.01,21.078076270678608,0.9,0.11986071371837265,0.0,0.0,0.0010012358393408857,0.0010065911431513899
0.95,0.25,8.0,0.0,0.01,21.078076270678608,0.9,0.11986071371837265,0.0,0.0,0.0010012358393408857,0.0010065911431513899
0.95,0.25,10.0,0.0,0.01,21.078076270678608,0.9,0.11986071371837265,0.0,0.0,0.0010012358393408857,0.0010065911431513899
0.95,0.25,12.0,0.0,0.01,21.078076270678608,0.9,0.11986071371837265,0.0,0.0,0.0010012358393408857,0.0010065911431513899
0.95,0.25,14.0,0.0,0.01,21.078076270678608,0.9,0.11986071371837265,0.0,0.0,0.0010012358393408857,0.0010065911431513899
0.95,0.25,16.0,0.0,0.01,21.078076270678608,0.9,0.11986071371837265,0.0,0.0,0.0010012358393408857,0.0010065911431513899
0.95,0.25,18.0,0.0,0.01,21.078076270678608,0.9,0.11986071371837265,0.0,0.0,0.0010012358393408857,0.0010065911431513899
0.95,0.25,20.0,0.0,0.01,21.078076270678608,0.9,0.11986071371837265,0.0,0.0,0.0010012358393408857,0.0010065911431513899
0.95,0.3,,0.0,0.01,21.078076270678608,0.9,0.11986071371837265,0.0,0.0,0.0010012358393408857,0.0010065911431513899
0.95,0.3,2.0,0.0,0.01,21.078076270678608,0.9,0.11986071371837265,0.0,0.0,0.0010012358393408857,0.0010065911431513899
0.95,0.3,4.0,0.0,0.01,21.078076270678608,0.9,0.11986071371837265,0.0,0.0,0.0010012358393408857,0.0010065911431513899
0.95,0.3,6.0,0.0,0.01,21.078076270678608,0.9,0.11986071371837265,0.0,0.0,0.0010012358393408857,0.0010065911431513899
0.95,0.3,8.0,0.0,0.01,21.078076270678608,0.9,0.11986071371837265,0.0,0.0,0.0010012358393408857,0.0010065911431513899
0.95,0.3,10.0,0.0,0.01,21.078076270678608,0.9,0.11986071371837265,0.0,0.0,0.0010012358393408857,0.0010065911431513899
0.95,0.3,12.0,0.0,0.01,21.078076270678608,0.9,0.11986071371837265,0.0,0.0,0.0010012358393408857,0.0010065911431513899
0.95,0.3,14.0,0.0,0.01,21.078076270678608,0.9,0.11986071371837265,0.0,0.0,0.0010012358393408857,0.0010065911431513899
0.95,0.3,16.0,0.0,0.01,21.078076270678608,0.9,0.11986071371837265,0.0,0.0,0.0010012358393408857,0.0010065911431513899
0.95,0.3,18.0,0.0,0.01,21.078076270678608,0.9,0.11986071371837265,0.0,0.0,0.0010012358393408857,0.0010065911431513899
0.95,0.3,20.0,0.0,0.01,21.078076270678608,0.9,0.11986071371837265,0.0,0.0,0.0010012358393408857,0.0010065911431513899
0.95,0.35,,0.0,0.01,21.078076270678608,0.9,0.11986071371837265,0.0,0.0,0.0010012358393408857,0.0010065911431513899
0.95,0.35,2.0,0.0,0.01,21.078076270678608,0.9,0.11986071371837265,0.0,0.0,0.0010012358393408857,0.0010065911431513899
0.95,0.35,4.0,0.0,0.01,21.078076270678608,0.9,0.11986071371837265,0.0,0.0,0.0010012358393408857,0.0010065911431513899
0.95,0.35,6.0,0.0,0.01,21.078076270678608,0.9,0.11986071371837265,0.0,0.0,0.0010012358393408857,0.0010065911431513899
0.95,0.35,8.0,0.0,0.01,21.078076270678608,0.9,0.11986071371837265,0.0,0.0,0.0010012358393408857,0.0010065911431513899
0.95,0.35,10.0,0.0,0.01,21.078076270678608,0.9,0.11986071371837265,0.0,0.0,0.0010012358393408857,0.0010065911431513899
0.95,0.35,12.0,0.0,0.01,21.078076270678608,0.9,0.11986071371837265,0.0,0.0,0.0010012358393408857,0.0010065911431513899
0.95,0.35,14.0,0.0,0.01,21.078076270678608,0.9,0.11986071371837265,0.0,0.0,0.0010012358393408857,0.0010065911431513899
0.95,0.35,16.0,0.0,0.01,21.078076270678608,0.9,0.11986071371837265,0.0,0.0,0.0010012358393408857,0.0010065911431513899
0.95,0.35,18.0,0.0,0.01,21.078076270678608,0.9,0.11986071371837265,0.0,0.0,0.0010012358393408857,0.0010065911431513899
0.95,0.35,20.0,0.0,0.01,21.078076270678608,0.9,0.11986071371837265,0.0,0.0,0.0010012358393408857,0.0010065911431513899
0.95,0.4,,0.0,0.01,21.078076270678608,0.9,0.11986071371837265,0.0,0.0,0.0010012358393408857,0.0010065911431513899
0.95,0.4,2.0,0.0,0.01,21.078076270678608,0.9,0.11986071371837265,0.0,0.0,0.0010012358393408857,0.0010065911431513899
0.95,0.4,4.0,0.0,0.01,21.078076270678608,0.9,0.11986071371837265,0.0,0.0,0.0010012358393408857,0.0010065911431513899
0.95,0.4,6.0,0.0,0.01,21.078076270678608,0.9,0.11986071371837265,0.0,0.0,0.0010012358393408857,0.0010065911431513899
0.95,0.4,8.0,0.0,0.01,21.078076270678608,0.9,0.11986071371837265,0.0,0.0,0.0010012358393408857,0.0010065911431513899
0.95,0.4,10.0,0.0,0.01,21.078076270678608,0.9,0.11986071371837265,0.0,0.0,0.0010012358393408857,0.0010065911431513899
0.95,0.4,12.0,0.0,0.01,21.078076270678608,0.9,0.11986071371837265,0.0,0.0,0.0010012358393408857,0.0010065911431513899
0.95,0.4,14.0,0.0,0.01,21.078076270678608,0.9,0.11986071371837265,0.0,0.0,0.0010012358393408857,0.0010065911431513899
0.95,0.4,16.0,0.0,0.01,21.078076270678608,0.9,0.11986071371837265,0.0,0.0,0.0010012358393408857,0.0010065911431513899
0.95,0.4,18.0,0.0,0.01,21.078076270678608,0.9,0.11986071371837265,0.0,0.0,0.0010012358393408857,0.0010065911431513899
0.95,0.4,20.0,0.0,0.01,21.078076270678608,0.9,0.11986071371837265,0.0,0.0,0.0010012358393408857,0.0010065911431513899
0.95,0.45,,0.0,0.01,21.078076270678608,0.9,0.11986071371837265,0.0,0.0,0.0010012358393408857,0.0010065911431513899
0.95,0.45,2.0,0.0,0.01,21.078076270678608,0.9,0.11986071371837265,0.0,0.0,0.0010012358393408857,0.0010065911431513899
0.95,0.45,4.0,0.0,0.01,21.078076270678608,0.9,0.11986071371837265,0.0,0.0,0.0010012358393408857,0.0010065911431513899
0.95,0.45,6.0,0.0,0.01,21.078076270678608,0.9,0.11986071371837265,0.0,0.0,0.0010012358393408857,0.0010065911431513899
0.95,0.45,8.0,0.0,0.01,21.078076270678608,0.9,0.11986071371837265,0.0,0.0,0.0010012358393408857,0.0010065911431513899
0.95,0.45,10.0,0.0,0.01,21.078076270678608,0.9,0.11986071371837265,0.0,0.0,0.0010012358393408857,0.0010065911431513899
0.95,0.45,12.0,0.0,0.01,21.078076270678608,0.9,0.11986071371837265,0.0,0.0,0.0010012358393408857,0.0010065911431513899
0.95,0.45,14.0,0.0,0.01,21.078076270678608,0.9,0.11986071371837265,0.0,0.0,0.0010012358393408857,0.0010065911431513899
0.95,0.45,16.0,0.0,0.01,21.078076270678608,0.9,0.11986071371837265,0.0,0.0,0.0010012358393408857,0.0010065911431513899
0.95,0.45,18.0,0.0,0.01,21.078076270678608,0.9,0.11986071371837265,0.0,0.0,0.0010012358393408857,0.0010065911431513899
0.95,0.45,20.0,0.0,0.01,21.078076270678608,0.9,0.11986071371837265,0.0,0.0,0.0010012358393408857,0.0010065911431513899
0.95,0.5,,0.0,0.01,21.078076270678608,0.9,0.11986071371837265,0.0,0.0,0.0010012358393408857,0.0010065911431513899
0.95,0.5,2.0,0.0,0.01,21.078076270678608,0.9,0.11986071371837265,0.0,0.0,0.0010012358393408857,0.0010065911431513899
0.95,0.5,4.0,0.0,0.01,21.078076270678608,0.9,0.11986071371837265,0.0,0.0,0.0010012358393408857,0.0010065911431513899
0.95,0.5,6.0,0.0,0.01,21.078076270678608,0.9,0.11986071371837265,0.0,0.0,0.0010012358393408857,0.0010065911431513899
0.95,0.5,8.0,0.0,0.01,21.078076270678608,0.9,0.11986071371837265,0.0,0.0,0.0010012358393408857,0.0010065911431513899
0.95,0.5,10.0,0.0,0.01,21.078076270678608,0.9,0.11986071371837265,0.0,0.0,0.0010012358393408857,0.0010065911431513899
0.95,0.5,12.0,0.0,0.01,21.078076270678608,0.9,0.11986071371837265,0.0,0.0,0.0010012358393408857,0.0010065911431513899
0.95,0.5,14.0,0.0,0.01,21.078076270678608,0.9,0.11986071371837265,0.0,0.0,0.0010012358393408857,0.0010065911431513899
0.95,0.5,16.0,0.0,0.01,21.078076270678608,0.9,0.11986071371837265,0.0,0.0,0.0010012358393408857,0.0010065911431513899
0.95,0.5,18.0,0.0,0.01,21.078076270678608,0.9,0.11986071371837265,0.0,0.0,0.0010012358393408857,0.0010065911431513899
0.95,0.5,20.0,0.0,0.01,21.078076270678608,0.9,0.11986071371837265,0.0,0.0,0.0010012358393408857,0.0010065911431513899
0.95,0.55,,0.0,0.01,21.078076270678608,0.9,0.11986071371837265,0.0,0.0,0.0010012358393408857,0.0010065911431513899
0.95,0.55,2.0,0.0,0.01,21.078076270678608,0.9,0.11986071371837265,0.0,0.0,0.0010012358393408857,0.0010065911431513899
0.95,0.55,4.0,0.0,0.01,21.078076270678608,0.9,0.11986071371837265,0.0,0.0,0.0010012358393408857,0.0010065911431513899
0.95,0.55,6.0,0.0,0.01,21.078076270678608,0.9,0.11986071371837265,0.0,0.0,0.0010012358393408857,0.0010065911431513899
0.95,0.55,8.0,0.0,0.01,21.078076270678608,0.9,0.11986071371837265,0.0,0.0,0.0010012358393408857,0.0010065911431513899
0.95,0.55,10.0,0.0,0.01,21.078076270678608,0.9,0.11986071371837265,0.0,0.0,0.0010012358393408857,0.0010065911431513899
0.95,0.55,12.0,0.0,0.01,21.078076270678608,0.9,0.11986071371837265,0.0,0.0,0.0010012358393408857,0.0010065911431513899
0.95,0.55,14.0,0.0,0.01,21.078076270678608,0.9,0.11986071371837265,0.0,0.0,0.0010012358393408857,0.0010065911431513899
0.95,0.55,16.0,0.0,0.01,21.078076270678608,0.9,0.11986071371837265,0.0,0.0,0.0010012358393408857,0.0010065911431513899
0.95,0.55,18.0,0.0,0.01,21.078076270678608,0.9,0.11986071371837265,0.0,0.0,0.0010012358393408857,0.0010065911431513899
0.95,0.55,20.0,0.0,0.01,21.078076270678608,0.9,0.11986071371837265,0.0,0.0,0.0010012358393408857,0.0010065911431513899
0.95,0.6,,0.0,0.01,21.078076270678608,0.9,0.11986071371837265,0.0,0.0,0.0010012358393408857,0.0010065911431513899
0.95,0.6,2.0,0.0,0.01,21.078076270678608,0.9,0.11986071371837265,0.0,0.0,0.0010012358393408857,0.0010065911431513899
0.95,0.6,4.0,0.0,0.01,21.078076270678608,0.9,0.11986071371837265,0.0,0.0,0.0010012358393408857,0.0010065911431513899
0.95,0.6,6.0,0.0,0.01,21.078076270678608,0.9,0.11986071371837265,0.0,0.0,0.0010012358393408857,0.0010065911431513899
0.95,0.6,8.0,0.0,0.01,21.078076270678608,0.9,0.11986071371837265,0.0,0.0,0.0010012358393408857,0.0010065911431513899
0.95,0.6,10.0,0.0,0.01,21.078076270678608,0.9,0.11986071371837265,0.0,0.0,0.0010012358393408857,0.0010065911431513899
0.95,0.6,12.0,0.0,0.01,21.078076270678608,0.9,0.11986071371837265,0.0,0.0,0.0010012358393408857,0.0010065911431513899
0.95,0.6,14.0,0.0,0.01,21.078076270678608,0.9,0.11986071371837265,0.0,0.0,0.0010012358393408857,0.0010065911431513899
0.95,0.6,16.0,0.0,0.01,21.078076270678608,0.9,0.11986071371837265,0.0,0.0,0.0010012358393408857,0.0010065911431513899
0.95,0.6,18.0,0.0,0.01,21.078076270678608,0.9,0.11986071371837265,0.0,0.0,0.0010012358393408857,0.0010065911431513899
0.95,0.6,20.0,0.0,0.01,21.078076270678608,0.9,0.11986071371837265,0.0,0.0,0.0010012358393408857,0.0010065911431513899
0.95,0.65,,0.0,0.01,21.078076270678608,0.9,0.11986071371837265,0.0,0.0,0.0010012358393408857,0.0010065911431513899
0.95,0.65,2.0,0.0,0.01,21.078076270678608,0.9,0.11986071371837265,0.0,0.0,0.0010012358393408857,0.0010065911431513899
0.95,0.65,4.0,0.0,0.01,21.078076270678608,0.9,0.11986071371837265,0.0,0.0,0.0010012358393408857,0.0010065911431513899
0.95,0.65,6.0,0.0,0.01,21.078076270678608,0.9,0.11986071371837265,0.0,0.0,0.0010012358393408857,0.0010065911431513899
0.95,0.65,8.0,0.0,0.01,21.078076270678608,0.9,0.11986071371837265,0.0,0.0,0.0010012358393408857,0.0010065911431513899
0.95,0.65,10.0,0.0,0.01,21.078076270678608,0.9,0.11986071371837265,0.0,0.0,0.0010012358393408857,0.0010065911431513899
0.95,0.65,12.0,0.0,0.01,21.078076270678608,0.9,0.11986071371837265,0.0,0.0,0.0010012358393408857,0.0010065911431513899
0.95,0.65,14.0,0.0,0.01,21.078076270678608,0.9,0.11986071371837265,0.0,0.0,0.0010012358393408857,0.0010065911431513899
0.95,0.65,16.0,0.0,0.01,21.078076270678608,0.9,0.11986071371837265,0.0,0.0,0.0010012358393408857,0.0010065911431513899
0.95,0.65,18.0,0.0,0.01,21.078076270678608,0.9,0.11986071371837265,0.0,0.0,0.0010012358393408857,0.0010065911431513899
0.95,0.65,20.0,0.0,0.01,21.078076270678608,0.9,0.11986071371837265,0.0,0.0,0.0010012358393408857,0.0010065911431513899
0.95,0.7,,0.0,0.01,21.078076270678608,0.9,0.11986071371837265,0.0,0.0,0.0010012358393408857,0.0010065911431513899
0.95,0.7,2.0,0.0,0.01,21.078076270678608,0.9,0.11986071371837265,0.0,0.0,0.0010012358393408857,0.0010065911431513899
0.95,0.7,4.0,0.0,0.01,21.078076270678608,0.9,0.11986071371837265,0.0,0.0,0.0010012358393408857,0.0010065911431513899
0.95,0.7,6.0,0.0,0.01,21.078076270678608,0.9,0.11986071371837265,0.0,0.0,0.0010012358393408857,0.0010065911431513899
0.95,0.7,8.0,0.0,0.01,21.078076270678608,0.9,0.11986071371837265,0.0,0.0,0.0010012358393408857,0.0010065911431513899
0.95,0.7,10.0,0.0,0.01,21.078076270678608,0.9,0.11986071371837265,0.0,0.0,0.0010012358393408857,0.0010065911431513899
0.95,0.7,12.0,0.0,0.01,21.078076270678608,0.9,0.11986071371837265,0.0,0.0,0.0010012358393408857,0.0010065911431513899
0.95,0.7,14.0,0.0,0.01,21.078076270678608,0.9,0.11986071371837265,0.0,0.0,0.0010012358393408857,0.0010065911431513899
0.95,0.7,16.0,0.0,0.01,21.078076270678608,0.9,0.11986071371837265,0.0,0.0,0.0010012358393408857,0.0010065911431513899
0.95,0.7,18.0,0.0,0.01,21.078076270678608,0.9,0.11986071371837265,0.0,0.0,0.0010012358393408857,0.0010065911431513899
0.95,0.7,20.0,0.0,0.01,21.078076270678608,0.9,0.11986071371837265,0.0,0.0,0.0010012358393408857,0.0010065911431513899
0.95,0.75,,0.0,0.01,21.078076270678608,0.9,0.11986071371837265,0.0,0.0,0.0010012358393408857,0.0010065911431513899
0.95,0.75,2.0,0.0,0.01,21.078076270678608,0.9,0.11986071371837265,0.0,0.0,0.0010012358393408857,0.0010065911431513899
0.95,0.75,4.0,0.0,0.01,21.078076270678608,0.9,0.11986071371837265,0.0,0.0,0.0010012358393408857,0.0010065911431513899
0.95,0.75,6.0,0.0,0.01,21.078076270678608,0.9,0.11986071371837265,0.0,0.0,0.0010012358393408857,0.0010065911431513899
0.95,0.75,8.0,0.0,0.01,21.078076270678608,0.9,0.11986071371837265,0.0,0.0,0.0010012358393408857,0.0010065911431513899
0.95,0.75,10.0,0.0,0.01,21.078076270678608,0.9,0.11986071371837265,0.0,0.0,0.0010012358393408857,0.0010065911431513899
0.95,0.75,12.0,0.0,0.01,21.078076270678608,0.9,0.11986071371837265,0.0,0.0,0.0010012358393408857,0.0010065911431513899
0.95,0.75,14.0,0.0,0.01,21.078076270678608,0.9,0.11986071371837265,0.0,0.0,0.0010012358393408857,0.0010065911431513899
0.95,0.75,16.0,0.0,0.01,21.078076270678608,0.9,0.11986071371837265,0.0,0.0,0.0010012358393408857,0.0010065911431513899
0.95,0.75,18.0,0.0,0.01,21.078076270678608,0.9,0.11986071371837265,0.0,0.0,0.0010012358393408857,0.0010065911431513899
0.95,0.75,20.0,0.0,0.01,21.078076270678608,0.9,0.11986071371837265,0.0,0.0,0.0010012358393408857,0.0010065911431513899
0.95,0.8,,0.0,0.01,21.078076270678608,0.9,0.11986071371837265,0.0,0.0,0.0010012358393408857,0.0010065911431513899
0.95,0.8,2.0,0.0,0.01,21.078076270678608,0.9,0.11986071371837265,0.0,0.0,0.0010012358393408857,0.0010065911431513899
0.95,0.8,4.0,0.0,0.01,21.078076270678608,0.9,0.11986071371837265,0.0,0.0,0.0010012358393408857,0.0010065911431513899
0.95,0.8,6.0,0.0,0.01,21.078076270678608,0.9,0.11986071371837265,0.0,0.0,0.0010012358393408857,0.0010065911431513899
0.95,0.8,8.0,0.0,0.01,21.078076270678608,0.9,0.11986071371837265,0.0,0.0,0.0010012358393408857,0.0010065911431513899
0.95,0.8,10.0,0.0,0.01,21.078076270678608,0.9,0.11986071371837265,0.0,0.0,0.0010012358393408857,0.0010065911431513899
0.95,0.8,12.0,0.0,0.01,21.078076270678608,0.9,0.11986071371837265,0.0,0.0,0.0010012358393408857,0.0010065911431513899
0.95,0.8,14.0,0.0,0.01,21.078076270678608,0.9,0.11986071371837265,0.0,0.0,0.0010012358393408857,0.0010065911431513899
0.95,0.8,16.0,0.0,0.01,21.078076270678608,0.9,0.11986071371837265,0.0,0.0,0.0010012358393408857,0.0010065911431513899
0.95,0.8,18.0,0.0,0.01,21.078076270678608,0.9,0.11986071371837265,0.0,0.0,0.0010012358393408857,0.0010065911431513899
0.95,0.8,20.0,0.0,0.01,21.078076270678608,0.9,0.11986071371837265,0.0,0.0,0.0010012358393408857,0.0010065911431513899
0.95,0.85,,0.0,0.01,21.078076270678608,0.9,0.11986071371837265,0.0,0.0,0.0010012358393408857,0.0010065911431513899
0.95,0.85,2.0,0.0,0.01,21.078076270678608,0.9,0.11986071371837265,0.0,0.0,0.0010012358393408857,0.0010065911431513899
0.95,0.85,4.0,0.0,0.01,21.078076270678608,0.9,0.11986071371837265,0.0,0.0,0.0010012358393408857,0.0010065911431513899
0.95,0.85,6.0,0.0,0.01,21.078076270678608,0.9,0.11986071371837265,0.0,0.0,0.0010012358393408857,0.0010065911431513899
0.95,0.85,8.0,0.0,0.01,21.078076270678608,0.9,0.11986071371837265,0.0,0.0,0.0010012358393408857,0.0010065911431513899
0.95,0.85,10.0,0.0,0.01,21.078076270678608,0.9,0.11986071371837265,0.0,0.0,0.0010012358393408857,0.0010065911431513899
0.95,0.85,12.0,0.0,0.01,21.078076270678608,0.9,0.11986071371837265,0.0,0.0,0.0010012358393408857,0.0010065911431513899
0.95,0.85,14.0,0.0,0.01,21.078076270678608,0.9,0.11986071371837265,0.0,0.0,0.0010012358393408857,0.0010065911431513899
0.95,0.85,16.0,0.0,0.01,21.078076270678608,0.9,0.11986071371837265,0.0,0.0,0.0010012358393408857,0.0010065911431513899
0.95,0.85,18.0,0.0,0.01,21.078076270678608,0.9,0.11986071371837265,0.0,0.0,0.0010012358393408857,0.0010065911431513899
0.95,0.85,20.0,0.0,0.01,21.078076270678608,0.9,0.11986071371837265,0.0,0.0,0.0010012358393408857,0.0010065911431513899
0.95,0.9,,0.0,0.01,21.078076270678608,0.9,0.11986071371837265,0.0,0.0,0.0010012358393408857,0.0010065911431513899
0.95,0.9,2.0,0.0,0.01,21.078076270678608,0.9,0.11986071371837265,0.0,0.0,0.0010012358393408857,0.0010065911431513899
0.95,0.9,4.0,0.0,0.01,21.078076270678608,0.9,0.11986071371837265,0.0,0.0,0.0010012358393408857,0.0010065911431513899
0.95,0.9,6.0,0.0,0.01,21.078076270678608,0.9,0.11986071371837265,0.0,0.0,0.0010012358393408857,0.0010065911431513899
0.95,0.9,8.0,0.0,0.01,21.078076270678608,0.9,0.11986071371837265,0.0,0.0,0.0010012358393408857,0.0010065911431513899
0.95,0.9,10.0,0.0,0.01,21.078076270678608,0.9,0.11986071371837265,0.0,0.0,0.0010012358393408857,0.0010065911431513899
0.95,0.9,12.0,0.0,0.01,21.078076270678608,0.9,0.11986071371837265,0.0,0.0,0.0010012358393408857,0.0010065911431513899
0.95,0.9,14.0,0.0,0.01,21.078076270678608,0.9,0.11986071371837265,0.0,0.0,0.0010012358393408857,0.0010065911431513899
0.95,0.9,16.0,0.0,0.01,21.078076270678608,0.9,0.11986071371837265,0.0,0.0,0.0010012358393408857,0.0010065911431513899
0.95,0.9,18.0,0.0,0.01,21.078076270678608,0.9,0.11986071371837265,0.0,0.0,0.0010012358393408857,0.0010065911431513899
0.95,0.9,20.0,0.0,0.01,21.078076270678608,0.9,0.11986071371837265,0.0,0.0,0.0010012358393408857,0.0010065911431513899
0.95,0.95,,0.0,0.01,21.078076270678608,0.9,0.11986071371837265,0.0,0.0,0.0010012358393408857,0.0010065911431513899
0.95,0.95,2.0,0.0,0.01,21.078076270678608,0.9,0.11986071371837265,0.0,0.0,0.0010012358393408857,0.0010065911431513899
0.95,0.95,4.0,0.0,0.01,21.078076270678608,0.9,0.11986071371837265,0.0,0.0,0.0010012358393408857,0.0010065911431513899
0.95,0.95,6.0,0.0,0.01,21.078076270678608,0.9,0.11986071371837265,0.0,0.0,0.0010012358393408857,0.0010065911431513899
0.95,0.95,8.0,0.0,0.01,21.078076270678608,0.9,0.11986071371837265,0.0,0.0,0.0010012358393408857,0.0010065911431513899
0.95,0.95,10.0,0.0,0.01,21.078076270678608,0.9,0.11986071371837265,0.0,0.0,0.0010012358393408857,0.0010065911431513899
0.95,0.95,12.0,0.0,0.01,21.078076270678608,0.9,0.11986071371837265,0.0,0.0,0.0010012358393408857,0.0010065911431513899
0.95,0.95,14.0,0.0,0.01,21.078076270678608,0.9,0.11986071371837265,0.0,0.0,0.0010012358393408857,0.0010065911431513899
0.95,0.95,16.0,0.0,0.01,21.078076270678608,0.9,0.11986071371837265,0.0,0.0,0.0010012358393408857,0.0010065911431513899
0.95,0.95,18.0,0.0,0.01,21.078076270678608,0.9,0.11986071371837265,0.0,0.0,0.0010012358393408857,0.0010065911431513899
0.95,0.95,20.0,0.0,0.01,21.078076270678608,0.9,0.11986071371837265,0.0,0.0,0.0010012358393408857,0.0010065911431513899
0.95,1.0,,0.0,0.01,21.078076270678608,0.9,0.11986071371837265,0.0,0.0,0.0010012358393408857,0.0010065911431513899
0.95,1.0,2.0,0.0,0.01,21.078076270678608,0.9,0.11986071371837265,0.0,0.0,0.0010012358393408857,0.0010065911431513899
0.95,1.0,4.0,0.0,0.01,21.078076270678608,0.9,0.11986071371837265,0.0,0.0,0.0010012358393408857,0.0010065911431513899
0.95,1.0,6.0,0.0,0.01,21.078076270678608,0.9,0.11986071371837265,0.0,0.0,0.0010012358393408857,0.0010065911431513899
0.95,1.0,8.0,0.0,0.01,21.078076270678608,0.9,0.11986071371837265,0.0,0.0,0.0010012358393408857,0.0010065911431513899
0.95,1.0,10.0,0.0,0.01,21.078076270678608,0.9,0.11986071371837265,0.0,0.0,0.0010012358393408857,0.0010065911431513899
0.95,1.0,12.0,0.0,0.01,21.078076270678608,0.9,0.11986071371837265,0.0,0.0,0.0010012358393408857,0.0010065911431513899
0.95,1.0,14.0,0.0,0.01,21.078076270678608,0.9,0.11986071371837265,0.0,0.0,0.0010012358393408857,0.0010065911431513899
0.95,1.0,16.0,0.0,0.01,21.078076270678608,0.9,0.11986071371837265,0.0,0.0,0.0010012358393408857,0.0010065911431513899
0.95,1.0,18.0,0.0,0.01,21.078076270678608,0.9,0.11986071371837265,0.0,0.0,0.0010012358393408857,0.0010065911431513899
0.95,1.0,20.0,0.0,0.01,21.078076270678608,0.9,0.11986071371837265,0.0,0.0,0.0010012358393408857,0.0010065911431513899
1.0,0.1,,0.0,0.67,1.8346647488162813,0.03604147949762497,0.09819850237254144,0.0025383561643835617,-0.003436301369863014,-0.00017424593967517492,-0.0017252900232018573
1.0,0.15,,0.0,0.0,21.4956,1.0,0.1197383524170624,,,0.000955761316872428,0.0007769547325102879
1.0,0.15,2.0,0.0,0.0,21.4956,1.0,0.1197383524170624,,,0.000955761316872428,0.0007769547325102879
1.0,0.15,4.0,0.0,0.0,21.4956,1.0,0.1197383524170624,,,0.000955761316872428,0.0007769547325102879
1.0,0.15,6.0,0.0,0.0,21.4956,1.0,0.1197383524170624,,,0.000955761316872428,0.0007769547325102879
1.0,0.15,8.0,0.0,0.0,21.4956,1.0,0.1197383524170624,,,0.000955761316872428,0.0007769547325102879
1.0,0.15,10.0,0.0,0.0,21.4956,1.0,0.1197383524170624,,,0.000955761316872428,0.0007769547325102879
1.0,0.15,12.0,0.0,0.0,21.4956,1.0,0.1197383524170624,,,0.000955761316872428,0.0007769547325102879
1.0,0.15,14.0,0.0,0.0,21.4956,1.0,0.1197383524170624,,,0.000955761316872428,0.0007769547325102879
1.0,0.15,16.0,0.0,0.0,21.4956,1.0,0.1197383524170624,,,0.000955761316872428,0.0007769547325102879
1.0,0.15,18.0,0.0,0.0,21.4956,1.0,0.1197383524170624,,,0.000955761316872428,0.0007769547325102879
1.0,0.15,20.0,0.0,0.0,21.4956,1.0,0.1197383524170624,,,0.000955761316872428,0.0007769547325102879
1.0,0.2,,0.0,0.0,21.4956,1.0,0.1197383524170624,,,0.000955761316872428,0.0007769547325102879
1.0,0.2,2.0,0.0,0.0,21.4956,1.0,0.1197383524170624,,,0.000955761316872428,0.0007769547325102879
1.0,0.2,4.0,0.0,0.0,21.4956,1.0,0.1197383524170624,,,0.000955761316872428,0.0007769547325102879
1.0,0.2,6.0,0.0,0.0,21.4956,1.0,0.1197383524170624,,,0.000955761316872428,0.0007769547325102879
1.0,0.2,8.0,0.0,0.0,21.4956,1.0,0.1197383524170624,,,0.000955761316872428,0.0007769547325102879
1.0,0.2,10.0,0.0,0.0,21.4956,1.0,0.1197383524170624,,,0.000955761316872428,0.0007769547325102879
1.0,0.2,12.0,0.0,0.0,21.4956,1.0,0.1197383524170624,,,0.000955761316872428,0.0007769547325102879
1.0,0.2,14.0,0.0,0.0,21.4956,1.0,0.1197383524170624,,,0.000955761316872428,0.0007769547325102879
1.0,0.2,16.0,0.0,0.0,21.4956,1.0,0.1197383524170624,,,0.000955761316872428,0.0007769547325102879
1.0,0.2,18.0,0.0,0.0,21.4956,1.0,0.1197383524170624,,,0.000955761316872428,0.0007769547325102879
1.0,0.2,20.0,0.0,0.0,21.4956,1.0,0.1197383524170624,,,0.000955761316872428,0.0007769547325102879
1.0,0.25,,0.0,0.0,21.4956,1.0,0.1197383524170624,,,0.000955761316872428,0.0007769547325102879
1.0,0.25,2.0,0.0,0.0,21.4956,1.0,0.1197383524170624,,,0.000955761316872428,0.0007769547325102879
1.0,0.25,4.0,0.0,0.0,21.4956,1.0,0.1197383524170624,,,0.000955761316872428,0.0007769547325102879
1.0,0.25,6.0,0.0,0.0,21.4956,1.0,0.1197383524170624,,,0.000955761316872428,0.0007769547325102879
1.0,0.25,8.0,0.0,0.0,21.4956,1.0,0.1197383524170624,,,0.000955761316872428,0.0007769547325102879
1.0,0.25,10.0,0.0,0.0,21.4956,1.0,0.1197383524170624,,,0.000955761316872428,0.0007769547325102879
1.0,0.25,12.0,0.0,0.0,21.4956,1.0,0.1197383524170624,,,0.000955761316872428,0.0007769547325102879
1.0,0.25,14.0,0.0,0.0,21.4956,1.0,0.1197383524170624,,,0.000955761316872428,0.0007769547325102879
1.0,0.25,16.0,0.0,0.0,21.4956,1.0,0.1197383524170624,,,0.000955761316872428,0.0007769547325102879
1.0,0.25,18.0,0.0,0.0,21.4956,1.0,0.1197383524170624,,,0.000955761316872428,0.0007769547325102879
1.0,0.25,20.0,0.0,0.0,21.4956,1.0,0.1197383524170624,,,0.000955761316872428,0.0007769547325102879
1.0,0.3,,0.0,0.0,21.4956,1.0,0.1197383524170624,,,0.000955761316872428,0.0007769547325102879
1.0,0.3,2.0,0.0,0.0,21.4956,1.0,0.1197383524170624,,,0.000955761316872428,0.0007769547325102879
1.0,0.3,4.0,0.0,0.0,21.4956,1.0,0.1197383524170624,,,0.000955761316872428,0.0007769547325102879
1.0,0.3,6.0,0.0,0.0,21.4956,1.0,0.1197383524170624,,,0.000955761316872428,0.0007769547325102879
1.0,0.3,8.0,0.0,0.0,21.4956,1.0,0.1197383524170624,,,0.000955761316872428,0.0007769547325102879
1.0,0.3,10.0,0.0,0.0,21.4956,1.0,0.1197383524170624,,,0.000955761316872428,0.0007769547325102879
1.0,0.3,12.0,0.0,0.0,21.4956,1.0,0.1197383524170624,,,0.000955761316872428,0.0007769547325102879
1.0,0.3,14.0,0.0,0.0,21.4956,1.0,0.1197383524170624,,,0.000955761316872428,0.0007769547325102879
1.0,0.3,16.0,0.0,0.0,21.4956,1.0,0.1197383524170624,,,0.000955761316872428,0.0007769547325102879
1.0,0.3,18.0,0.0,0.0,21.4956,1.0,0.1197383524170624,,,0.000955761316872428,0.0007769547325102879
1.0,0.3,20.0,0.0,0.0,21.4956,1.0,0.1197383524170624,,,0.000955761316872428,0.0007769547325102879
1.0,0.35,,0.0,0.0,21.4956,1.0,0.1197383524170624,,,0.000955761316872428,0.0007769547325102879
1.0,0.35,2.0,0.0,0.0,21.4956,1.0,0.1197383524170624,,,0.000955761316872428,0.0007769547325102879
1.0,0.35,4.0,0.0,0.0,21.4956,1.0,0.1197383524170624,,,0.000955761316872428,0.0007769547325102879
1.0,0.35,6.0,0.0,0.0,21.4956,1.0,0.1197383524170624,,,0.000955761316872428,0.0007769547325102879
1.0,0.35,8.0,0.0,0.0,21.4956,1.0,0.1197383524170624,,,0.000955761316872428,0.0007769547325102879
1.0,0.35,10.0,0.0,0.0,21.4956,1.0,0.1197383524170624,,,0.000955761316872428,0.0007769547325102879
1.0,0.35,12.0,0.0,0.0,21.4956,1.0,0.1197383524170624,,,0.000955761316872428,0.0007769547325102879
1.0,0.35,14.0,0.0,0.0,21.4956,1.0,0.1197383524170624,,,0.000955761316872428,0.0007769547325102879
1.0,0.35,16.0,0.0,0.0,21.4956,1.0,0.1197383524170624,,,0.000955761316872428,0.0007769547325102879
1.0,0.35,18.0,0.0,0.0,21.4956,1.0,0.1197383524170624,,,0.000955761316872428,0.0007769547325102879
1.0,0.35,20.0,0.0,0.0,21.4956,1.0,0.1197383524170624,,,0.000955761316872428,0.0007769547325102879
1.0,0.4,,0.0,0.0,21.4956,1.0,0.1197383524170624,,,0.000955761316872428,0.0007769547325102879
1.0,0.4,2.0,0.0,0.0,21.4956,1.0,0.1197383524170624,,,0.000955761316872428,0.0007769547325102879
1.0,0.4,4.0,0.0,0.0,21.4956,1.0,0.1197383524170624,,,0.000955761316872428,0.0007769547325102879
1.0,0.4,6.0,0.0,0.0,21.4956,1.0,0.1197383524170624,,,0.000955761316872428,0.0007769547325102879
1.0,0.4,8.0,0.0,0.0,21.4956,1.0,0.1197383524170624,,,0.000955761316872428,0.0007769547325102879
1.0,0.4,10.0,0.0,0.0,21.4956,1.0,0.1197383524170624,,,0.000955761316872428,0.0007769547325102879
1.0,0.4,12.0,0.0,0.0,21.4956,1.0,0.1197383524170624,,,0.000955761316872428,0.0007769547325102879
1.0,0.4,14.0,0.0,0.0,21.4956,1.0,0.1197383524170624,,,0.000955761316872428,0.0007769547325102879
1.0,0.4,16.0,0.0,0.0,21.4956,1.0,0.1197383524170624,,,0.000955761316872428,0.0007769547325102879
1.0,0.4,18.0,0.0,0.0,21.4956,1.0,0.1197383524170624,,,0.000955761316872428,0.0007769547325102879
1.0,0.4,20.0,0.0,0.0,21.4956,1.0,0.1197383524170624,,,0.000955761316872428,0.0007769547325102879
1.0,0.45,,0.0,0.0,21.4956,1.0,0.1197383524170624,,,0.000955761316872428,0.0007769547325102879
1.0,0.45,2.0,0.0,0.0,21.4956,1.0,0.1197383524170624,,,0.000955761316872428,0.0007769547325102879
1.0,0.45,4.0,0.0,0.0,21.4956,1.0,0.1197383524170624,,,0.000955761316872428,0.0007769547325102879
1.0,0.45,6.0,0.0,0.0,21.4956,1.0,0.1197383524170624,,,0.000955761316872428,0.0007769547325102879
1.0,0.45,8.0,0.0,0.0,21.4956,1.0,0.1197383524170624,,,0.000955761316872428,0.0007769547325102879
1.0,0.45,10.0,0.0,0.0,21.4956,1.0,0.1197383524170624,,,0.000955761316872428,0.0007769547325102879
1.0,0.45,12.0,0.0,0.0,21.4956,1.0,0.1197383524170624,,,0.000955761316872428,0.0007769547325102879
1.0,0.45,14.0,0.0,0.0,21.4956,1.0,0.1197383524170624,,,0.000955761316872428,0.0007769547325102879
1.0,0.45,16.0,0.0,0.0,21.4956,1.0,0.1197383524170624,,,0.000955761316872428,0.0007769547325102879
1.0,0.45,18.0,0.0,0.0,21.4956,1.0,0.1197383524170624,,,0.000955761316872428,0.0007769547325102879
1.0,0.45,20.0,0.0,0.0,21.4956,1.0,0.1197383524170624,,,0.000955761316872428,0.0007769547325102879
1.0,0.5,,0.0,0.0,21.4956,1.0,0.1197383524170624,,,0.000955761316872428,0.0007769547325102879
1.0,0.5,2.0,0.0,0.0,21.4956,1.0,0.1197383524170624,,,0.000955761316872428,0.0007769547325102879
1.0,0.5,4.0,0.0,0.0,21.4956,1.0,0.1197383524170624,,,0.000955761316872428,0.0007769547325102879
1.0,0.5,6.0,0.0,0.0,21.4956,1.0,0.1197383524170624,,,0.000955761316872428,0.0007769547325102879
1.0,0.5,8.0,0.0,0.0,21.4956,1.0,0.1197383524170624,,,0.000955761316872428,0.0007769547325102879
1.0,0.5,10.0,0.0,0.0,21.4956,1.0,0.1197383524170624,,,0.000955761316872428,0.0007769547325102879
1.0,0.5,12.0,0.0,0.0,21.4956,1.0,0.1197383524170624,,,0.000955761316872428,0.0007769547325102879
1.0,0.5,14.0,0.0,0.0,21.4956,1.0,0.1197383524170624,,,0.000955761316872428,0.0007769547325102879
1.0,0.5,16.0,0.0,0.0,21.4956,1.0,0.1197383524170624,,,0.000955761316872428,0.0007769547325102879
1.0,0.5,18.0,0.0,0.0,21.4956,1.0,0.1197383524170624,,,0.000955761316872428,0.0007769547325102879
1.0,0.5,20.0,0.0,0.0,21.4956,1.0,0.1197383524170624,,,0.000955761316872428,0.0007769547325102879
1.0,0.55,,0.0,0.0,21.4956,1.0,0.1197383524170624,,,0.000955761316872428,0.0007769547325102879
1.0,0.55,2.0,0.0,0.0,21.4956,1.0,0.1197383524170624,,,0.000955761316872428,0.0007769547325102879
1.0,0.55,4.0,0.0,0.0,21.4956,1.0,0.1197383524170624,,,0.000955761316872428,0.0007769547325102879
1.0,0.55,6.0,0.0,0.0,21.4956,1.0,0.1197383524170624,,,0.000955761316872428,0.0007769547325102879
1.0,0.55,8.0,0.0,0.0,21.4956,1.0,0.1197383524170624,,,0.000955761316872428,0.0007769547325102879
1.0,0.55,10.0,0.0,0.0,21.4956,1.0,0.1197383524170624,,,0.000955761316872428,0.0007769547325102879
1.0,0.55,12.0,0.0,0.0,21.4956,1.0,0.1197383524170624,,,0.000955761316872428,0.0007769547325102879
1.0,0.55,14.0,0.0,0.0,21.4956,1.0,0.1197383524170624,,,0.000955761316872428,0.0007769547325102879
1.0,0.55,16.0,0.0,0.0,21.4956,1.0,0.1197383524170624,,,0.000955761316872428,0.0007769547325102879
1.0,0.55,18.0,0.0,0.0,21.4956,1.0,0.1197383524170624,,,0.000955761316872428,0.0007769547325102879
1.0,0.55,20.0,0.0,0.0,21.4956,1.0,0.1197383524170624,,,0.000955761316872428,0.0007769547325102879
1.0,0.6,,0.0,0.0,21.4956,1.0,0.1197383524170624,,,0.000955761316872428,0.0007769547325102879
1.0,0.6,2.0,0.0,0.0,21.4956,1.0,0.1197383524170624,,,0.000955761316872428,0.0007769547325102879
1.0,0.6,4.0,0.0,0.0,21.4956,1.0,0.1197383524170624,,,0.000955761316872428,0.0007769547325102879
1.0,0.6,6.0,0.0,0.0,21.4956,1.0,0.1197383524170624,,,0.000955761316872428,0.0007769547325102879
1.0,0.6,8.0,0.0,0.0,21.4956,1.0,0.1197383524170624,,,0.000955761316872428,0.0007769547325102879
1.0,0.6,10.0,0.0,0.0,21.4956,1.0,0.1197383524170624,,,0.000955761316872428,0.0007769547325102879
1.0,0.6,12.0,0.0,0.0,21.4956,1.0,0.1197383524170624,,,0.000955761316872428,0.0007769547325102879
1.0,0.6,14.0,0.0,0.0,21.4956,1.0,0.1197383524170624,,,0.000955761316872428,0.0007769547325102879
1.0,0.6,16.0,0.0,0.0,21.4956,1.0,0.1197383524170624,,,0.000955761316872428,0.0007769547325102879
1.0,0.6,18.0,0.0,0.0,21.4956,1.0,0.1197383524170624,,,0.000955761316872428,0.0007769547325102879
1.0,0.6,20.0,0.0,0.0,21.4956,1.0,0.1197383524170624,,,0.000955761316872428,0.0007769547325102879
1.0,0.65,,0.0,0.0,21.4956,1.0,0.1197383524170624,,,0.000955761316872428,0.0007769547325102879
1.0,0.65,2.0,0.0,0.0,21.4956,1.0,0.1197383524170624,,,0.000955761316872428,0.0007769547325102879
1.0,0.65,4.0,0.0,0.0,21.4956,1.0,0.1197383524170624,,,0.000955761316872428,0.0007769547325102879
1.0,0.65,6.0,0.0,0.0,21.4956,1.0,0.1197383524170624,,,0.000955761316872428,0.0007769547325102879
1.0,0.65,8.0,0.0,0.0,21.4956,1.0,0.1197383524170624,,,0.000955761316872428,0.0007769547325102879
1.0,0.65,10.0,0.0,0.0,21.4956,1.0,0.1197383524170624,,,0.000955761316872428,0.0007769547325102879
1.0,0.65,12.0,0.0,0.0,21.4956,1.0,0.1197383524170624,,,0.000955761316872428,0.0007769547325102879
1.0,0.65,14.0,0.0,0.0,21.4956,1.0,0.1197383524170624,,,0.000955761316872428,0.0007769547325102879
1.0,0.65,16.0,0.0,0.0,21.4956,1.0,0.1197383524170624,,,0.000955761316872428,0.0007769547325102879
1.0,0.65,18.0,0.0,0.0,21.4956,1.0,0.1197383524170624,,,0.000955761316872428,0.0007769547325102879
1.0,0.65,20.0,0.0,0.0,21.4956,1.0,0.1197383524170624,,,0.000955761316872428,0.0007769547325102879
1.0,0.7,,0.0,0.0,21.4956,1.0,0.1197383524170624,,,0.000955761316872428,0.0007769547325102879
1.0,0.7,2.0,0.0,0.0,21.4956,1.0,0.1197383524170624,,,0.000955761316872428,0.0007769547325102879
1.0,0.7,4.0,0.0,0.0,21.4956,1.0,0.1197383524170624,,,0.000955761316872428,0.0007769547325102879
1.0,0.7,6.0,0.0,0.0,21.4956,1.0,0.1197383524170624,,,0.000955761316872428,0.0007769547325102879
1.0,0.7,8.0,0.0,0.0,21.4956,1.0,0.1197383524170624,,,0.000955761316872428,0.0007769547325102879
1.0,0.7,10.0,0.0,0.0,21.4956,1.0,0.1197383524170624,,,0.000955761316872428,0.0007769547325102879
1.0,0.7,12.0,0.0,0.0,21.4956,1.0,0.1197383524170624,,,0.000955761316872428,0.0007769547325102879
1.0,0.7,14.0,0.0,0.0,21.4956,1.0,0.1197383524170624,,,0.000955761316872428,0.0007769547325102879
1.0,0.7,16.0,0.0,0.0,21.4956,1.0,0.1197383524170624,,,0.000955761316872428,0.0007769547325102879
1.0,0.7,18.0,0.0,0.0,21.4956,1.0,0.1197383524170624,,,0.000955761316872428,0.0007769547325102879
1.0,0.7,20.0,0.0,0.0,21.4956,1.0,0.1197383524170624,,,0.000955761316872428,0.0007769547325102879
1.0,0.75,,0.0,0.0,21.4956,1.0,0.1197383524170624,,,0.000955761316872428,0.0007769547325102879
1.0,0.75,2.0,0.0,0.0,21.4956,1.0,0.1197383524170624,,,0.000955761316872428,0.0007769547325102879
1.0,0.75,4.0,0.0,0.0,21.4956,1.0,0.1197383524170624,,,0.000955761316872428,0.0007769547325102879
1.0,0.75,6.0,0.0,0.0,21.4956,1.0,0.1197383524170624,,,0.000955761316872428,0.0007769547325102879
1.0,0.75,8.0,0.0,0.0,21.4956,1.0,0.1197383524170624,,,0.000955761316872428,0.0007769547325102879
1.0,0.75,10.0,0.0,0.0,21.4956,1.0,0.1197383524170624,,,0.000955761316872428,0.0007769547325102879
1.0,0.75,12.0,0.0,0.0,21.4956,1.0,0.1197383524170624,,,0.000955761316872428,0.0007769547325102879
1.0,0.75,14.0,0.0,0.0,21.4956,1.0,0.1197383524170624,,,0.000955761316872428,0.0007769547325102879
1.0,0.75,16.0,0.0,0.0,21.4956,1.0,0.1197383524170624,,,0.000955761316872428,0.0007769547325102879
1.0,0.75,18.0,0.0,0.0,21.4956,1.0,0.1197383524170624,,,0.000955761316872428,0.0007769547325102879
1.0,0.75,20.0,0.0,0.0,21.4956,1.0,0.1197383524170624,,,0.000955761316872428,0.0007769547325102879
1.0,0.8,,0.0,0.0,21.4956,1.0,0.1197383524170624,,,0.000955761316872428,0.0007769547325102879
1.0,0.8,2.0,0.0,0.0,21.4956,1.0,0.1197383524170624,,,0.000955761316872428,0.0007769547325102879
1.0,0.8,4.0,0.0,0.0,21.4956,1.0,0.1197383524170624,,,0.000955761316872428,0.0007769547325102879
1.0,0.8,6.0,0.0,0.0,21.4956,1.0,0.1197383524170624,,,0.000955761316872428,0.0007769547325102879
1.0,0.8,8.0,0.0,0.0,21.4956,1.0,0.1197383524170624,,,0.000955761316872428,0.0007769547325102879
1.0,0.8,10.0,0.0,0.0,21.4956,1.0,0.1197383524170624,,,0.000955761316872428,0.0007769547325102879
1.0,0.8,12.0,0.0,0.0,21.4956,1.0,0.1197383524170624,,,0.000955761316872428,0.0007769547325102879
1.0,0.8,14.0,0.0,0.0,21.4956,1.0,0.1197383524170624,,,0.000955761316872428,0.0007769547325102879
1.0,0.8,16.0,0.0,0.0,21.4956,1.0,0.1197383524170624,,,0.000955761316872428,0.0007769547325102879
1.0,0.8,18.0,0.0,0.0,21.4956,1.0,0.1197383524170624,,,0.000955761316872428,0.0007769547325102879
1.0,0.8,20.0,0.0,0.0,21.4956,1.0,0.1197383524170624,,,0.000955761316872428,0.0007769547325102879
1.0,0.85,,0.0,0.0,21.4956,1.0,0.1197383524170624,,,0.000955761316872428,0.0007769547325102879
1.0,0.85,2.0,0.0,0.0,21.4956,1.0,0.1197383524170624,,,0.000955761316872428,0.0007769547325102879
1.0,0.85,4.0,0.0,0.0,21.4956,1.0,0.1197383524170624,,,0.000955761316872428,0.0007769547325102879
1.0,0.85,6.0,0.0,0.0,21.4956,1.0,0.1197383524170624,,,0.000955761316872428,0.0007769547325102879
1.0,0.85,8.0,0.0,0.0,21.4956,1.0,0.1197383524170624,,,0.000955761316872428,0.0007769547325102879
1.0,0.85,10.0,0.0,0.0,21.4956,1.0,0.1197383524170624,,,0.000955761316872428,0.0007769547325102879
1.0,0.85,12.0,0.0,0.0,21.4956,1.0,0.1197383524170624,,,0.000955761316872428,0.0007769547325102879
1.0,0.85,14.0,0.0,0.0,21.4956,1.0,0.1197383524170624,,,0.000955761316872428,0.0007769547325102879
1.0,0.85,16.0,0.0,0.0,21.4956,1.0,0.1197383524170624,,,0.000955761316872428,0.0007769547325102879
1.0,0.85,18.0,0.0,0.0,21.4956,1.0,0.1197383524170624,,,0.000955761316872428,0.0007769547325102879
1.0,0.85,20.0,0.0,0.0,21.4956,1.0,0.1197383524170624,,,0.000955761316872428,0.0007769547325102879
1.0,0.9,,0.0,0.0,21.4956,1.0,0.1197383524170624,,,0.000955761316872428,0.0007769547325102879
1.0,0.9,2.0,0.0,0.0,21.4956,1.0,0.1197383524170624,,,0.000955761316872428,0.0007769547325102879
1.0,0.9,4.0,0.0,0.0,21.4956,1.0,0.1197383524170624,,,0.000955761316872428,0.0007769547325102879
1.0,0.9,6.0,0.0,0.0,21.4956,1.0,0.1197383524170624,,,0.000955761316872428,0.0007769547325102879
1.0,0.9,8.0,0.0,0.0,21.4956,1.0,0.1197383524170624,,,0.000955761316872428,0.0007769547325102879
1.0,0.9,10.0,0.0,0.0,21.4956,1.0,0.1197383524170624,,,0.000955761316872428,0.0007769547325102879
1.0,0.9,12.0,0.0,0.0,21.4956,1.0,0.1197383524170624,,,0.000955761316872428,0.0007769547325102879
1.0,0.9,14.0,0.0,0.0,21.4956,1.0,0.1197383524170624,,,0.000955761316872428,0.0007769547325102879
1.0,0.9,16.0,0.0,0.0,21.4956,1.0,0.1197383524170624,,,0.000955761316872428,0.0007769547325102879
1.0,0.9,18.0,0.0,0.0,21.4956,1.0,0.1197383524170624,,,0.000955761316872428,0.0007769547325102879
1.0,0.9,20.0,0.0,0.0,21.4956,1.0,0.1197383524170624,,,0.000955761316872428,0.0007769547325102879
1.0,0.95,,0.0,0.0,21.4956,1.0,0.1197383524170624,,,0.000955761316872428,0.0007769547325102879
1.0,0.95,2.0,0.0,0.0,21.4956,1.0,0.1197383524170624,,,0.000955761316872428,0.0007769547325102879
1.0,0.95,4.0,0.0,0.0,21.4956,1.0,0.1197383524170624,,,0.000955761316872428,0.0007769547325102879
1.0,0.95,6.0,0.0,0.0,21.4956,1.0,0.1197383524170624,,,0.000955761316872428,0.0007769547325102879
1.0,0.95,8.0,0.0,0.0,21.4956,1.0,0.1197383524170624,,,0.000955761316872428,0.0007769547325102879
1.0,0.95,10.0,0.0,0.0,21.4956,1.0,0.1197383524170624,,,0.000955761316872428,0.0007769547325102879
1.0,0.95,12.0,0.0,0.0,21.4956,1.0,0.1197383524170624,,,0.000955761316872428,0.0007769547325102879
1.0,0.95,14.0,0.0,0.0,21.4956,1.0,0.1197383524170624,,,0.000955761316872428,0.0007769547325102879
1.0,0.95,16.0,0.0,0.0,21.4956,1.0,0.1197383524170624,,,0.000955761316872428,0.0007769547325102879
1.0,0.95,18.0,0.0,0.0,21.4956,1.0,0.1197383524170624,,,0.000955761316872428,0.0007769547325102879
1.0,0.95,20.0,0.0,0.0,21.4956,1.0,0.1197383524170624,,,0.000955761316872428,0.0007769547325102879
1.0,1.0,,0.0,0.0,21.4956,1.0,0.1197383524170624,,,0.000955761316872428,0.0007769547325102879
1.0,1.0,2.0,0.0,0.0,21.4956,1.0,0.1197383524170624,,,0.000955761316872428,0.0007769547325102879
1.0,1.0,4.0,0.0,0.0,21.4956,1.0,0.1197383524170624,,,0.000955761316872428,0.0007769547325102879
1.0,1.0,6.0,0.0,0.0,21.4956,1.0,0.1197383524170624,,,0.000955761316872428,0.0007769547325102879
1.0,1.0,8.0,0.0,0.0,21.4956,1.0,0.1197383524170624,,,0.000955761316872428,0.0007769547325102879
1.0,1.0,10.0,0.0,0.0,21.4956,1.0,0.1197383524170624,,,0.000955761316872428,0.0007769547325102879
1.0,1.0,12.0,0.0,0.0,21.4956,1.0,0.1197383524170624,,,0.000955761316872428,0.0007769547325102879
1.0,1.0,14.0,0.0,0.0,21.4956,1.0,0.1197383524170624,,,0.000955761316872428,0.0007769547325102879
1.0,1.0,16.0,0.0,0.0,21.4956,1.0,0.1197383524170624,,,0.000955761316872428,0.0007769547325102879
1.0,1.0,18.0,0.0,0.0,21.4956,1.0,0.1197383524170624,,,0.000955761316872428,0.0007769547325102879
1.0,1.0,20.0,0.0,0.0,21.4956,1.0,0.1197383524170624,,,0.000955761316872428,0.0007769547325102879
