max_ia_risk,max_copy_risk,min_speedup,t_l,t_h,speedup,ia_risk,copy_risk,delta_miou_ia,delta_accuracy_ia,delta_miou_copy,delta_accuracy_copy
0.1,0.1,,0.74,0.84,1.3286848909237814,0.0986663140324283,0.027062280151532055,0.019351737451737454,0.016102702702702705,-0.000148717948717946,-0.004276923076923073
0.1,0.15,,0.74,0.84,1.3286848909237814,0.0986663140324283,0.027062280151532055,0.019351737451737454,0.016102702702702705,-0.000148717948717946,-0.004276923076923073
0.1,0.2,,0.74,0.84,1.3286848909237814,0.0986663140324283,0.027062280151532055,0.019351737451737454,0.016102702702702705,-0.000148717948717946,-0.004276923076923073
0.1,0.25,,0.74,0.84,1.3286848909237814,0.0986663140324283,0.027062280151532055,0.019351737451737454,0.016102702702702705,-0.000148717948717946,-0.004276923076923073
0.1,0.3,,0.74,0.84,1.3286848909237814,0.0986663140324283,0.027062280151532055,0.019351737451737454,0.016102702702702705,-0.000148717948717946,-0.004276923076923073
0.1,0.35,,0.74,0.84,1.3286848909237814,0.0986663140324283,0.027062280151532055,0.019351737451737454,0.016102702702702705,-0.000148717948717946,-0.004276923076923073
0.1,0.4,,0.74,0.84,1.3286848909237814,0.0986663140324283,0.027062280151532055,0.019351737451737454,0.016102702702702705,-0.000148717948717946,-0.004276923076923073
0.1,0.45,,0.74,0.84,1.3286848909237814,0.0986663140324283,0.027062280151532055,0.019351737451737454,0.016102702702702705,-0.000148717948717946,-0.004276923076923073
0.1,0.5,,0.74,0.84,1.3286848909237814,0.0986663140324283,0.027062280151532055,0.019351737451737454,0.016102702702702705,-0.000148717948717946,-0.004276923076923073
0.1,0.55,,0.74,0.84,1.3286848909237814,0.0986663140324283,0.027062280151532055,0.019351737451737454,0.016102702702702705,-0.000148717948717946,-0.004276923076923073
0.1,0.6,,0.74,0.84,1.3286848909237814,0.0986663140324283,0.027062280151532055,0.019351737451737454,0.016102702702702705,-0.000148717948717946,-0.004276923076923073
0.1,0.65,,0.74,0.84,1.3286848909237814,0.0986663140324283,0.027062280151532055,0.019351737451737454,0.016102702702702705,-0.000148717948717946,-0.004276923076923073
0.1,0.7,,0.74,0.84,1.3286848909237814,0.0986663140324283,0.027062280151532055,0.019351737451737454,0.016102702702702705,-0.000148717948717946,-0.004276923076923073
0.1,0.75,,0.74,0.84,1.3286848909237814,0.0986663140324283,0.027062280151532055,0.019351737451737454,0.016102702702702705,-0.000148717948717946,-0.004276923076923073
0.1,0.8,,0.74,0.84,1.3286848909237814,0.0986663140324283,0.027062280151532055,0.019351737451737454,0.016102702702702705,-0.000148717948717946,-0.004276923076923073
0.1,0.85,,0.74,0.84,1.3286848909237814,0.0986663140324283,0.027062280151532055,0.019351737451737454,0.016102702702702705,-0.000148717948717946,-0.004276923076923073
0.1,0.9,,0.74,0.84,1.3286848909237814,0.0986663140324283,0.027062280151532055,0.019351737451737454,0.016102702702702705,-0.000148717948717946,-0.004276923076923073
0.1,0.95,,0.74,0.84,1.3286848909237814,0.0986663140324283,0.027062280151532055,0.019351737451737454,0.016102702702702705,-0.000148717948717946,-0.004276923076923073
0.1,1.0,,0.74,0.84,1.3286848909237814,0.0986663140324283,0.027062280151532055,0.019351737451737454,0.016102702702702705,-0.000148717948717946,-0.004276923076923073
0.15,0.1,,0.29,0.83,2.6873815050411802,0.14958029920525473,0.019307066435143006,0.020491059147180194,0.02322022008253095,-0.00018321167883211283,-0.0032857664233576626
0.15,0.1,2.0,0.29,0.83,2.6873815050411802,0.14958029920525473,0.019307066435143006,0.020491059147180194,0.02322022008253095,-0.00018321167883211283,-0.0032857664233576626
0.15,0.15,,0.29,0.83,2.6873815050411802,0.14958029920525473,0.019307066435143006,0.020491059147180194,0.02322022008253095,-0.00018321167883211283,-0.0032857664233576626
0.15,0.15,2.0,0.29,0.83,2.6873815050411802,0.14958029920525473,0.019307066435143006,0.020491059147180194,0.02322022008253095,-0.00018321167883211283,-0.0032857664233576626
0.15,0.2,,0.29,0.83,2.6873815050411802,0.14958029920525473,0.019307066435143006,0.020491059147180194,0.02322022008253095,-0.00018321167883211283,-0.0032857664233576626
0.15,0.2,2.0,0.29,0.83,2.6873815050411802,0.14958029920525473,0.019307066435143006,0.020491059147180194,0.02322022008253095,-0.00018321167883211283,-0.0032857664233576626
0.15,0.25,,0.29,0.83,2.6873815050411802,0.14958029920525473,0.019307066435143006,0.020491059147180194,0.02322022008253095,-0.00018321167883211283,-0.0032857664233576626
0.15,0.25,2.0,0.29,0.83,2.6873815050411802,0.14958029920525473,0.019307066435143006,0.020491059147180194,0.02322022008253095,-0.00018321167883211283,-0.0032857664233576626
0.15,0.3,,0.29,0.83,2.6873815050411802,0.14958029920525473,0.019307066435143006,0.020491059147180194,0.02322022008253095,-0.00018321167883211283,-0.0032857664233576626
0.15,0.3,2.0,0.29,0.83,2.6873815050411802,0.14958029920525473,0.019307066435143006,0.020491059147180194,0.02322022008253095,-0.00018321167883211283,-0.0032857664233576626
0.15,0.35,,0.29,0.83,2.6873815050411802,0.14958029920525473,0.019307066435143006,0.020491059147180194,0.02322022008253095,-0.00018321167883211283,-0.0032857664233576626
0.15,0.35,2.0,0.29,0.83,2.6873815050411802,0.14958029920525473,0.019307066435143006,0.020491059147180194,0.02322022008253095,-0.00018321167883211283,-0.0032857664233576626
0.15,0.4,,0.29,0.83,2.6873815050411802,0.14958029920525473,0.019307066435143006,0.020491059147180194,0.02322022008253095,-0.00018321167883211283,-0.0032857664233576626
0.15,0.4,2.0,0.29,0.83,2.6873815050411802,0.14958029920525473,0.019307066435143006,0.020491059147180194,0.02322022008253095,-0.00018321167883211283,-0.0032857664233576626
0.15,0.45,,0.29,0.83,2.6873815050411802,0.14958029920525473,0.019307066435143006,0.020491059147180194,0.02322022008253095,-0.00018321167883211283,-0.0032857664233576626
0.15,0.45,2.0,0.29,0.83,2.6873815050411802,0.14958029920525473,0.019307066435143006,0.020491059147180194,0.02322022008253095,-0.00018321167883211283,-0.0032857664233576626
0.15,0.5,,0.29,0.83,2.6873815050411802,0.14958029920525473,0.019307066435143006,0.020491059147180194,0.02322022008253095,-0.00018321167883211283,-0.0032857664233576626
0.15,0.5,2.0,0.29,0.83,2.6873815050411802,0.14958029920525473,0.019307066435143006,0.020491059147180194,0.02322022008253095,-0.00018321167883211283,-0.0032857664233576626
0.15,0.55,,0.29,0.83,2.6873815050411802,0.14958029920525473,0.019307066435143006,0.020491059147180194,0.02322022008253095,-0.00018321167883211283,-0.0032857664233576626
0.15,0.55,2.0,0.29,0.83,2.6873815050411802,0.14958029920525473,0.019307066435143006,0.020491059147180194,0.02322022008253095,-0.00018321167883211283,-0.0032857664233576626
0.15,0.6,,0.29,0.83,2.6873815050411802,0.14958029920525473,0.019307066435143006,0.020491059147180194,0.02322022008253095,-0.00018321167883211283,-0.0032857664233576626
0.15,0.6,2.0,0.29,0.83,2.6873815050411802,0.14958029920525473,0.019307066435143006,0.020491059147180194,0.02322022008253095,-0.00018321167883211283,-0.0032857664233576626
0.15,0.65,,0.29,0.83,2.6873815050411802,0.14958029920525473,0.019307066435143006,0.020491059147180194,0.02322022008253095,-0.00018321167883211283,-0.0032857664233576626
0.15,0.65,2.0,0.29,0.83,2.6873815050411802,0.14958029920525473,0.019307066435143006,0.020491059147180194,0.02322022008253095,-0.00018321167883211283,-0.0032857664233576626
0.15,0.7,,0.29,0.83,2.6873815050411802,0.14958029920525473,0.019307066435143006,0.020491059147180194,0.02322022008253095,-0.00018321167883211283,-0.0032857664233576626
0.15,0.7,2.0,0.29,0.83,2.6873815050411802,0.14958029920525473,0.019307066435143006,0.020491059147180194,0.02322022008253095,-0.00018321167883211283,-0.0032857664233576626
0.15,0.75,,0.29,0.83,2.6873815050411802,0.14958029920525473,0.019307066435143006,0.020491059147180194,0.02322022008253095,-0.00018321167883211283,-0.0032857664233576626
0.15,0.75,2.0,0.29,0.83,2.6873815050411802,0.14958029920525473,0.019307066435143006,0.020491059147180194,0.02322022008253095,-0.00018321167883211283,-0.0032857664233576626
0.15,0.8,,0.29,0.83,2.6873815050411802,0.14958029920525473,0.019307066435143006,0.020491059147180194,0.02322022008253095,-0.00018321167883211283,-0.0032857664233576626
0.15,0.8,2.0,0.29,0.83,2.6873815050411802,0.14958029920525473,0.019307066435143006,0.020491059147180194,0.02322022008253095,-0.00018321167883211283,-0.0032857664233576626
0.15,0.85,,0.29,0.83,2.6873815050411802,0.14958029920525473,0.019307066435143006,0.020491059147180194,0.02322022008253095,-0.00018321167883211283,-0.0032857664233576626
0.15,0.85,2.0,0.29,0.83,2.6873815050411802,0.14958029920525473,0.019307066435143006,0.020491059147180194,0.02322022008253095,-0.00018321167883211283,-0.0032857664233576626
0.15,0.9,,0.29,0.83,2.6873815050411802,0.14958029920525473,0.019307066435143006,0.020491059147180194,0.02322022008253095,-0.00018321167883211283,-0.0032857664233576626
0.15,0.9,2.0,0.29,0.83,2.6873815050411802,0.14958029920525473,0.019307066435143006,0.020491059147180194,0.02322022008253095,-0.00018321167883211283,-0.0032857664233576626
0.15,0.95,,0.29,0.83,2.6873815050411802,0.14958029920525473,0.019307066435143006,0.020491059147180194,0.02322022008253095,-0.00018321167883211283,-0.0032857664233576626
0.15,0.95,2.0,0.29,0.83,2.6873815050411802,0.14958029920525473,0.019307066435143006,0.020491059147180194,0.02322022008253095,-0.00018321167883211283,-0.0032857664233576626
0.15,1.0,,0.29,0.83,2.6873815050411802,0.14958029920525473,0.019307066435143006,0.020491059147180194,0.02322022008253095,-0.00018321167883211283,-0.0032857664233576626
0.15,1.0,2.0,0.29,0.83,2.6873815050411802,0.14958029920525473,0.019307066435143006,0.020491059147180194,0.02322022008253095,-0.00018321167883211283,-0.0032857664233576626
0.2,0.1,,0.29,0.48,14.941574269216497,0.1945966022822282,0.03248766476129407,0.02861025641025641,0.01104102564102564,-0.00018068577551567095,2.7645325475488826e-05
0.2,0.1,2.0,0.29,0.48,14.941574269216497,0.1945966022822282,0.03248766476129407,0.02861025641025641,0.01104102564102564,-0.00018068577551567095,2.7645325475488826e-05
0.2,0.1,4.0,0.29,0.48,14.941574269216497,0.1945966022822282,0.03248766476129407,0.02861025641025641,0.01104102564102564,-0.00018068577551567095,2.7645325475488826e-05
0.2,0.1,6.0,0.29,0.48,14.941574269216497,0.1945966022822282,0.03248766476129407,0.02861025641025641,0.01104102564102564,-0.00018068577551567095,2.7645325475488826e-05
0.2,0.1,8.0,0.29,0.48,14.941574269216497,0.1945966022822282,0.03248766476129407,0.02861025641025641,0.01104102564102564,-0.00018068577551567095,2.7645325475488826e-05
0.2,0.1,10.0,0.29,0.48,14.941574269216497,0.1945966022822282,0.03248766476129407,0.02861025641025641,0.01104102564102564,-0.00018068577551567095,2.7645325475488826e-05
0.2,0.1,12.0,0.29,0.48,14.941574269216497,0.1945966022822282,0.03248766476129407,0.02861025641025641,0.01104102564102564,-0.00018068577551567095,2.7645325475488826e-05
0.2,0.1,14.0,0.29,0.48,14.941574269216497,0.1945966022822282,0.03248766476129407,0.02861025641025641,0.01104102564102564,-0.00018068577551567095,2.7645325475488826e-05
0.2,0.15,,0.29,0.48,14.941574269216497,0.1945966022822282,0.03248766476129407,0.02861025641025641,0.01104102564102564,-0.00018068577551567095,2.7645325475488826e-05
0.2,0.15,2.0,0.29,0.48,14.941574269216497,0.1945966022822282,0.03248766476129407,0.02861025641025641,0.01104102564102564,-0.00018068577551567095,2.7645325475488826e-05
0.2,0.15,4.0,0.29,0.48,14.941574269216497,0.1945966022822282,0.03248766476129407,0.02861025641025641,0.01104102564102564,-0.00018068577551567095,2.7645325475488826e-05
0.2,0.15,6.0,0.29,0.48,14.941574269216497,0.1945966022822282,0.03248766476129407,0.02861025641025641,0.01104102564102564,-0.00018068577551567095,2.7645325475488826e-05
0.2,0.15,8.0,0.29,0.48,14.941574269216497,0.1945966022822282,0.03248766476129407,0.02861025641025641,0.01104102564102564,-0.00018068577551567095,2.7645325475488826e-05
0.2,0.15,10.0,0.29,0.48,14.941574269216497,0.1945966022822282,0.03248766476129407,0.02861025641025641,0.01104102564102564,-0.00018068577551567095,2.7645325475488826e-05
0.2,0.15,12.0,0.29,0.48,14.941574269216497,0.1945966022822282,0.03248766476129407,0.02861025641025641,0.01104102564102564,-0.00018068577551567095,2.7645325475488826e-05
0.2,0.15,14.0,0.29,0.48,14.941574269216497,0.1945966022822282,0.03248766476129407,0.02861025641025641,0.01104102564102564,-0.00018068577551567095,2.7645325475488826e-05
0.2,0.2,,0.29,0.48,14.941574269216497,0.1945966022822282,0.03248766476129407,0.02861025641025641,0.01104102564102564,-0.00018068577551567095,2.7645325475488826e-05
0.2,0.2,2.0,0.29,0.48,14.941574269216497,0.1945966022822282,0.03248766476129407,0.02861025641025641,0.01104102564102564,-0.00018068577551567095,2.7645325475488826e-05
0.2,0.2,4.0,0.29,0.48,14.941574269216497,0.1945966022822282,0.03248766476129407,0.02861025641025641,0.01104102564102564,-0.00018068577551567095,2.7645325475488826e-05
0.2,0.2,6.0,0.29,0.48,14.941574269216497,0.1945966022822282,0.03248766476129407,0.02861025641025641,0.01104102564102564,-0.00018068577551567095,2.7645325475488826e-05
0.2,0.2,8.0,0.29,0.48,14.941574269216497,0.1945966022822282,0.03248766476129407,0.02861025641025641,0.01104102564102564,-0.00018068577551567095,2.7645325475488826e-05
0.2,0.2,10.0,0.29,0.48,14.941574269216497,0.1945966022822282,0.03248766476129407,0.02861025641025641,0.01104102564102564,-0.00018068577551567095,2.7645325475488826e-05
0.2,0.2,12.0,0.29,0.48,14.941574269216497,0.1945966022822282,0.03248766476129407,0.02861025641025641,0.01104102564102564,-0.00018068577551567095,2.7645325475488826e-05
0.2,0.2,14.0,0.29,0.48,14.941574269216497,0.1945966022822282,0.03248766476129407,0.02861025641025641,0.01104102564102564,-0.00018068577551567095,2.7645325475488826e-05
0.2,0.25,,0.29,0.48,14.941574269216497,0.1945966022822282,0.03248766476129407,0.02861025641025641,0.01104102564102564,-0.00018068577551567095,2.7645325475488826e-05
0.2,0.25,2.0,0.29,0.48,14.941574269216497,0.1945966022822282,0.03248766476129407,0.02861025641025641,0.01104102564102564,-0.00018068577551567095,2.7645325475488826e-05
0.2,0.25,4.0,0.29,0.48,14.941574269216497,0.1945966022822282,0.03248766476129407,0.02861025641025641,0.01104102564102564,-0.00018068577551567095,2.7645325475488826e-05
0.2,0.25,6.0,0.29,0.48,14.941574269216497,0.1945966022822282,0.03248766476129407,0.02861025641025641,0.01104102564102564,-0.00018068577551567095,2.7645325475488826e-05
0.2,0.25,8.0,0.29,0.48,14.941574269216497,0.1945966022822282,0.03248766476129407,0.02861025641025641,0.01104102564102564,-0.00018068577551567095,2.7645325475488826e-05
0.2,0.25,10.0,0.29,0.48,14.941574269216497,0.1945966022822282,0.03248766476129407,0.02861025641025641,0.01104102564102564,-0.00018068577551567095,2.7645325475488826e-05
0.2,0.25,12.0,0.29,0.48,14.941574269216497,0.1945966022822282,0.03248766476129407,0.02861025641025641,0.01104102564102564,-0.00018068577551567095,2.7645325475488826e-05
0.2,0.25,14.0,0.29,0.48,14.941574269216497,0.1945966022822282,0.03248766476129407,0.02861025641025641,0.01104102564102564,-0.00018068577551567095,2.7645325475488826e-05
0.2,0.3,,0.29,0.48,14.941574269216497,0.1945966022822282,0.03248766476129407,0.02861025641025641,0.01104102564102564,-0.00018068577551567095,2.7645325475488826e-05
0.2,0.3,2.0,0.29,0.48,14.941574269216497,0.1945966022822282,0.03248766476129407,0.02861025641025641,0.01104102564102564,-0.00018068577551567095,2.7645325475488826e-05
0.2,0.3,4.0,0.29,0.48,14.941574269216497,0.1945966022822282,0.03248766476129407,0.02861025641025641,0.01104102564102564,-0.00018068577551567095,2.7645325475488826e-05
0.2,0.3,6.0,0.29,0.48,14.941574269216497,0.1945966022822282,0.03248766476129407,0.02861025641025641,0.01104102564102564,-0.00018068577551567095,2.7645325475488826e-05
0.2,0.3,8.0,0.29,0.48,14.941574269216497,0.1945966022822282,0.03248766476129407,0.02861025641025641,0.01104102564102564,-0.00018068577551567095,2.7645325475488826e-05
0.2,0.3,10.0,0.29,0.48,14.941574269216497,0.1945966022822282,0.03248766476129407,0.02861025641025641,0.01104102564102564,-0.00018068577551567095,2.7645325475488826e-05
0.2,0.3,12.0,0.29,0.48,14.941574269216497,0.1945966022822282,0.03248766476129407,0.02861025641025641,0.01104102564102564,-0.00018068577551567095,2.7645325475488826e-05
0.2,0.3,14.0,0.29,0.48,14.941574269216497,0.1945966022822282,0.03248766476129407,0.02861025641025641,0.01104102564102564,-0.00018068577551567095,2.7645325475488826e-05
0.2,0.35,,0.29,0.48,14.941574269216497,0.1945966022822282,0.03248766476129407,0.02861025641025641,0.01104102564102564,-0.00018068577551567095,2.7645325475488826e-05
0.2,0.35,2.0,0.29,0.48,14.941574269216497,0.1945966022822282,0.03248766476129407,0.02861025641025641,0.01104102564102564,-0.00018068577551567095,2.7645325475488826e-05
0.2,0.35,4.0,0.29,0.48,14.941574269216497,0.1945966022822282,0.03248766476129407,0.02861025641025641,0.01104102564102564,-0.00018068577551567095,2.7645325475488826e-05
0.2,0.35,6.0,0.29,0.48,14.941574269216497,0.1945966022822282,0.03248766476129407,0.02861025641025641,0.01104102564102564,-0.00018068577551567095,2.7645325475488826e-05
0.2,0.35,8.0,0.29,0.48,14.941574269216497,0.1945966022822282,0.03248766476129407,0.02861025641025641,0.01104102564102564,-0.00018068577551567095,2.7645325475488826e-05
0.2,0.35,10.0,0.29,0.48,14.941574269216497,0.1945966022822282,0.03248766476129407,0.02861025641025641,0.01104102564102564,-0.00018068577551567095,2.7645325475488826e-05
0.2,0.35,12.0,0.29,0.48,14.941574269216497,0.1945966022822282,0.03248766476129407,0.02861025641025641,0.01104102564102564,-0.00018068577551567095,2.7645325475488826e-05
0.2,0.35,14.0,0.29,0.48,14.941574269216497,0.1945966022822282,0.03248766476129407,0.02861025641025641,0.01104102564102564,-0.00018068577551567095,2.7645325475488826e-05
0.2,0.4,,0.29,0.48,14.941574269216497,0.1945966022822282,0.03248766476129407,0.02861025641025641,0.01104102564102564,-0.00018068577551567095,2.7645325475488826e-05
0.2,0.4,2.0,0.29,0.48,14.941574269216497,0.1945966022822282,0.03248766476129407,0.02861025641025641,0.01104102564102564,-0.00018068577551567095,2.7645325475488826e-05
0.2,0.4,4.0,0.29,0.48,14.941574269216497,0.1945966022822282,0.03248766476129407,0.02861025641025641,0.01104102564102564,-0.00018068577551567095,2.7645325475488826e-05
0.2,0.4,6.0,0.29,0.48,14.941574269216497,0.1945966022822282,0.03248766476129407,0.02861025641025641,0.01104102564102564,-0.00018068577551567095,2.7645325475488826e-05
0.2,0.4,8.0,0.29,0.48,14.941574269216497,0.1945966022822282,0.03248766476129407,0.02861025641025641,0.01104102564102564,-0.00018068577551567095,2.7645325475488826e-05
0.2,0.4,10.0,0.29,0.48,14.941574269216497,0.1945966022822282,0.03248766476129407,0.02861025641025641,0.01104102564102564,-0.00018068577551567095,2.7645325475488826e-05
0.2,0.4,12.0,0.29,0.48,14.941574269216497,0.1945966022822282,0.03248766476129407,0.02861025641025641,0.01104102564102564,-0.00018068577551567095,2.7645325475488826e-05
0.2,0.4,14.0,0.29,0.48,14.941574269216497,0.1945966022822282,0.03248766476129407,0.02861025641025641,0.01104102564102564,-0.00018068577551567095,2.7645325475488826e-05
0.2,0.45,,0.29,0.48,14.941574269216497,0.1945966022822282,0.03248766476129407,0.02861025641025641,0.01104102564102564,-0.00018068577551567095,2.7645325475488826e-05
0.2,0.45,2.0,0.29,0.48,14.941574269216497,0.1945966022822282,0.03248766476129407,0.02861025641025641,0.01104102564102564,-0.00018068577551567095,2.7645325475488826e-05
0.2,0.45,4.0,0.29,0.48,14.941574269216497,0.1945966022822282,0.03248766476129407,0.02861025641025641,0.01104102564102564,-0.00018068577551567095,2.7645325475488826e-05
0.2,0.45,6.0,0.29,0.48,14.941574269216497,0.1945966022822282,0.03248766476129407,0.02861025641025641,0.01104102564102564,-0.00018068577551567095,2.7645325475488826e-05
0.2,0.45,8.0,0.29,0.48,14.941574269216497,0.1945966022822282,0.03248766476129407,0.02861025641025641,0.01104102564102564,-0.00018068577551567095,2.7645325475488826e-05
0.2,0.45,10.0,0.29,0.48,14.941574269216497,0.1945966022822282,0.03248766476129407,0.02861025641025641,0.01104102564102564,-0.00018068577551567095,2.7645325475488826e-05
0.2,0.45,12.0,0.29,0.48,14.941574269216497,0.1945966022822282,0.03248766476129407,0.02861025641025641,0.01104102564102564,-0.00018068577551567095,2.7645325475488826e-05
0.2,0.45,14.0,0.29,0.48,14.941574269216497,0.1945966022822282,0.03248766476129407,0.02861025641025641,0.01104102564102564,-0.00018068577551567095,2.7645325475488826e-05
0.2,0.5,,0.29,0.48,14.941574269216497,0.1945966022822282,0.03248766476129407,0.02861025641025641,0.01104102564102564,-0.00018068577551567095,2.7645325475488826e-05
0.2,0.5,2.0,0.29,0.48,14.941574269216497,0.1945966022822282,0.03248766476129407,0.02861025641025641,0.01104102564102564,-0.00018068577551567095,2.7645325475488826e-05
0.2,0.5,4.0,0.29,0.48,14.941574269216497,0.1945966022822282,0.03248766476129407,0.02861025641025641,0.01104102564102564,-0.00018068577551567095,2.7645325475488826e-05
0.2,0.5,6.0,0.29,0.48,14.941574269216497,0.1945966022822282,0.03248766476129407,0.02861025641025641,0.01104102564102564,-0.00018068577551567095,2.7645325475488826e-05
0.2,0.5,8.0,0.29,0.48,14.941574269216497,0.1945966022822282,0.03248766476129407,0.02861025641025641,0.01104102564102564,-0.00018068577551567095,2.7645325475488826e-05
0.2,0.5,10.0,0.29,0.48,14.941574269216497,0.1945966022822282,0.03248766476129407,0.02861025641025641,0.01104102564102564,-0.00018068577551567095,2.7645325475488826e-05
0.2,0.5,12.0,0.29,0.48,14.941574269216497,0.1945966022822282,0.03248766476129407,0.02861025641025641,0.01104102564102564,-0.00018068577551567095,2.7645325475488826e-05
0.2,0.5,14.0,0.29,0.48,14.941574269216497,0.1945966022822282,0.03248766476129407,0.02861025641025641,0.01104102564102564,-0.00018068577551567095,2.7645325475488826e-05
0.2,0.55,,0.29,0.48,14.941574269216497,0.1945966022822282,0.03248766476129407,0.02861025641025641,0.01104102564102564,-0.00018068577551567095,2.7645325475488826e-05
0.2,0.55,2.0,0.29,0.48,14.941574269216497,0.1945966022822282,0.03248766476129407,0.02861025641025641,0.01104102564102564,-0.00018068577551567095,2.7645325475488826e-05
0.2,0.55,4.0,0.29,0.48,14.941574269216497,0.1945966022822282,0.03248766476129407,0.02861025641025641,0.01104102564102564,-0.00018068577551567095,2.7645325475488826e-05
0.2,0.55,6.0,0.29,0.48,14.941574269216497,0.1945966022822282,0.03248766476129407,0.02861025641025641,0.01104102564102564,-0.00018068577551567095,2.7645325475488826e-05
0.2,0.55,8.0,0.29,0.48,14.941574269216497,0.1945966022822282,0.03248766476129407,0.02861025641025641,0.01104102564102564,-0.00018068577551567095,2.7645325475488826e-05
0.2,0.55,10.0,0.29,0.48,14.941574269216497,0.1945966022822282,0.03248766476129407,0.02861025641025641,0.01104102564102564,-0.00018068577551567095,2.7645325475488826e-05
0.2,0.55,12.0,0.29,0.48,14.941574269216497,0.1945966022822282,0.03248766476129407,0.02861025641025641,0.01104102564102564,-0.00018068577551567095,2.7645325475488826e-05
0.2,0.55,14.0,0.29,0.48,14.941574269216497,0.1945966022822282,0.03248766476129407,0.02861025641025641,0.01104102564102564,-0.00018068577551567095,2.7645325475488826e-05
0.2,0.6,,0.29,0.48,14.941574269216497,0.1945966022822282,0.03248766476129407,0.02861025641025641,0.01104102564102564,-0.00018068577551567095,2.7645325475488826e-05
0.2,0.6,2.0,0.29,0.48,14.941574269216497,0.1945966022822282,0.03248766476129407,0.02861025641025641,0.01104102564102564,-0.00018068577551567095,2.7645325475488826e-05
0.2,0.6,4.0,0.29,0.48,14.941574269216497,0.1945966022822282,0.03248766476129407,0.02861025641025641,0.01104102564102564,-0.00018068577551567095,2.7645325475488826e-05
0.2,0.6,6.0,0.29,0.48,14.941574269216497,0.1945966022822282,0.03248766476129407,0.02861025641025641,0.01104102564102564,-0.00018068577551567095,2.7645325475488826e-05
0.2,0.6,8.0,0.29,0.48,14.941574269216497,0.1945966022822282,0.03248766476129407,0.02861025641025641,0.01104102564102564,-0.00018068577551567095,2.7645325475488826e-05
0.2,0.6,10.0,0.29,0.48,14.941574269216497,0.1945966022822282,0.03248766476129407,0.02861025641025641,0.01104102564102564,-0.00018068577551567095,2.7645325475488826e-05
0.2,0.6,12.0,0.29,0.48,14.941574269216497,0.1945966022822282,0.03248766476129407,0.02861025641025641,0.01104102564102564,-0.00018068577551567095,2.7645325475488826e-05
0.2,0.6,14.0,0.29,0.48,14.941574269216497,0.1945966022822282,0.03248766476129407,0.02861025641025641,0.01104102564102564,-0.00018068577551567095,2.7645325475488826e-05
0.2,0.65,,0.29,0.48,14.941574269216497,0.1945966022822282,0.03248766476129407,0.02861025641025641,0.01104102564102564,-0.00018068577551567095,2.7645325475488826e-05
0.2,0.65,2.0,0.29,0.48,14.941574269216497,0.1945966022822282,0.03248766476129407,0.02861025641025641,0.01104102564102564,-0.00018068577551567095,2.7645325475488826e-05
0.2,0.65,4.0,0.29,0.48,14.941574269216497,0.1945966022822282,0.03248766476129407,0.02861025641025641,0.01104102564102564,-0.00018068577551567095,2.7645325475488826e-05
0.2,0.65,6.0,0.29,0.48,14.941574269216497,0.1945966022822282,0.03248766476129407,0.02861025641025641,0.01104102564102564,-0.00018068577551567095,2.7645325475488826e-05
0.2,0.65,8.0,0.29,0.48,14.941574269216497,0.1945966022822282,0.03248766476129407,0.02861025641025641,0.01104102564102564,-0.00018068577551567095,2.7645325475488826e-05
0.2,0.65,10.0,0.29,0.48,14.941574269216497,0.1945966022822282,0.03248766476129407,0.02861025641025641,0.01104102564102564,-0.00018068577551567095,2.7645325475488826e-05
0.2,0.65,12.0,0.29,0.48,14.941574269216497,0.1945966022822282,0.03248766476129407,0.02861025641025641,0.01104102564102564,-0.00018068577551567095,2.7645325475488826e-05
0.2,0.65,14.0,0.29,0.48,14.941574269216497,0.1945966022822282,0.03248766476129407,0.02861025641025641,0.01104102564102564,-0.00018068577551567095,2.7645325475488826e-05
0.2,0.7,,0.29,0.48,14.941574269216497,0.1945966022822282,0.03248766476129407,0.02861025641025641,0.01104102564102564,-0.00018068577551567095,2.7645325475488826e-05
0.2,0.7,2.0,0.29,0.48,14.941574269216497,0.1945966022822282,0.03248766476129407,0.02861025641025641,0.01104102564102564,-0.00018068577551567095,2.7645325475488826e-05
0.2,0.7,4.0,0.29,0.48,14.941574269216497,0.1945966022822282,0.03248766476129407,0.02861025641025641,0.01104102564102564,-0.00018068577551567095,2.7645325475488826e-05
0.2,0.7,6.0,0.29,0.48,14.941574269216497,0.1945966022822282,0.03248766476129407,0.02861025641025641,0.01104102564102564,-0.00018068577551567095,2.7645325475488826e-05
0.2,0.7,8.0,0.29,0.48,14.941574269216497,0.1945966022822282,0.03248766476129407,0.02861025641025641,0.01104102564102564,-0.00018068577551567095,2.7645325475488826e-05
0.2,0.7,10.0,0.29,0.48,14.941574269216497,0.1945966022822282,0.03248766476129407,0.02861025641025641,0.01104102564102564,-0.00018068577551567095,2.7645325475488826e-05
0.2,0.7,12.0,0.29,0.48,14.941574269216497,0.1945966022822282,0.03248766476129407,0.02861025641025641,0.01104102564102564,-0.00018068577551567095,2.7645325475488826e-05
0.2,0.7,14.0,0.29,0.48,14.941574269216497,0.1945966022822282,0.03248766476129407,0.02861025641025641,0.01104102564102564,-0.00018068577551567095,2.7645325475488826e-05
0.2,0.75,,0.29,0.48,14.941574269216497,0.1945966022822282,0.03248766476129407,0.02861025641025641,0.01104102564102564,-0.00018068577551567095,2.7645325475488826e-05
0.2,0.75,2.0,0.29,0.48,14.941574269216497,0.1945966022822282,0.03248766476129407,0.02861025641025641,0.01104102564102564,-0.00018068577551567095,2.7645325475488826e-05
0.2,0.75,4.0,0.29,0.48,14.941574269216497,0.1945966022822282,0.03248766476129407,0.02861025641025641,0.01104102564102564,-0.00018068577551567095,2.7645325475488826e-05
0.2,0.75,6.0,0.29,0.48,14.941574269216497,0.1945966022822282,0.03248766476129407,0.02861025641025641,0.01104102564102564,-0.00018068577551567095,2.7645325475488826e-05
0.2,0.75,8.0,0.29,0.48,14.941574269216497,0.1945966022822282,0.03248766476129407,0.02861025641025641,0.01104102564102564,-0.00018068577551567095,2.7645325475488826e-05
0.2,0.75,10.0,0.29,0.48,14.941574269216497,0.1945966022822282,0.03248766476129407,0.02861025641025641,0.01104102564102564,-0.00018068577551567095,2.7645325475488826e-05
0.2,0.75,12.0,0.29,0.48,14.941574269216497,0.1945966022822282,0.03248766476129407,0.02861025641025641,0.01104102564102564,-0.00018068577551567095,2.7645325475488826e-05
0.2,0.75,14.0,0.29,0.48,14.941574269216497,0.1945966022822282,0.03248766476129407,0.02861025641025641,0.01104102564102564,-0.00018068577551567095,2.7645325475488826e-05
0.2,0.8,,0.29,0.48,14.941574269216497,0.1945966022822282,0.03248766476129407,0.02861025641025641,0.01104102564102564,-0.00018068577551567095,2.7645325475488826e-05
0.2,0.8,2.0,0.29,0.48,14.941574269216497,0.1945966022822282,0.03248766476129407,0.02861025641025641,0.01104102564102564,-0.00018068577551567095,2.7645325475488826e-05
0.2,0.8,4.0,0.29,0.48,14.941574269216497,0.1945966022822282,0.03248766476129407,0.02861025641025641,0.01104102564102564,-0.00018068577551567095,2.7645325475488826e-05
0.2,0.8,6.0,0.29,0.48,14.941574269216497,0.1945966022822282,0.03248766476129407,0.02861025641025641,0.01104102564102564,-0.00018068577551567095,2.7645325475488826e-05
0.2,0.8,8.0,0.29,0.48,14.941574269216497,0.1945966022822282,0.03248766476129407,0.02861025641025641,0.01104102564102564,-0.00018068577551567095,2.7645325475488826e-05
0.2,0.8,10.0,0.29,0.48,14.941574269216497,0.1945966022822282,0.03248766476129407,0.02861025641025641,0.01104102564102564,-0.00018068577551567095,2.7645325475488826e-05
0.2,0.8,12.0,0.29,0.48,14.941574269216497,0.1945966022822282,0.03248766476129407,0.02861025641025641,0.01104102564102564,-0.00018068577551567095,2.7645325475488826e-05
0.2,0.8,14.0,0.29,0.48,14.941574269216497,0.1945966022822282,0.03248766476129407,0.02861025641025641,0.01104102564102564,-0.00018068577551567095,2.7645325475488826e-05
0.2,0.85,,0.29,0.48,14.941574269216497,0.1945966022822282,0.03248766476129407,0.02861025641025641,0.01104102564102564,-0.00018068577551567095,2.7645325475488826e-05
0.2,0.85,2.0,0.29,0.48,14.941574269216497,0.1945966022822282,0.03248766476129407,0.02861025641025641,0.01104102564102564,-0.00018068577551567095,2.7645325475488826e-05
0.2,0.85,4.0,0.29,0.48,14.941574269216497,0.1945966022822282,0.03248766476129407,0.02861025641025641,0.01104102564102564,-0.00018068577551567095,2.7645325475488826e-05
0.2,0.85,6.0,0.29,0.48,14.941574269216497,0.1945966022822282,0.03248766476129407,0.02861025641025641,0.01104102564102564,-0.00018068577551567095,2.7645325475488826e-05
0.2,0.85,8.0,0.29,0.48,14.941574269216497,0.1945966022822282,0.03248766476129407,0.02861025641025641,0.01104102564102564,-0.00018068577551567095,2.7645325475488826e-05
0.2,0.85,10.0,0.29,0.48,14.941574269216497,0.1945966022822282,0.03248766476129407,0.02861025641025641,0.01104102564102564,-0.00018068577551567095,2.7645325475488826e-05
0.2,0.85,12.0,0.29,0.48,14.941574269216497,0.1945966022822282,0.03248766476129407,0.02861025641025641,0.01104102564102564,-0.00018068577551567095,2.7645325475488826e-05
0.2,0.85,14.0,0.29,0.48,14.941574269216497,0.1945966022822282,0.03248766476129407,0.02861025641025641,0.01104102564102564,-0.00018068577551567095,2.7645325475488826e-05
0.2,0.9,,0.29,0.48,14.941574269216497,0.1945966022822282,0.03248766476129407,0.02861025641025641,0.01104102564102564,-0.00018068577551567095,2.7645325475488826e-05
0.2,0.9,2.0,0.29,0.48,14.941574269216497,0.1945966022822282,0.03248766476129407,0.02861025641025641,0.01104102564102564,-0.00018068577551567095,2.7645325475488826e-05
0.2,0.9,4.0,0.29,0.48,14.941574269216497,0.1945966022822282,0.03248766476129407,0.02861025641025641,0.01104102564102564,-0.00018068577551567095,2.7645325475488826e-05
0.2,0.9,6.0,0.29,0.48,14.941574269216497,0.1945966022822282,0.03248766476129407,0.02861025641025641,0.01104102564102564,-0.00018068577551567095,2.7645325475488826e-05
0.2,0.9,8.0,0.29,0.48,14.941574269216497,0.1945966022822282,0.03248766476129407,0.02861025641025641,0.01104102564102564,-0.00018068577551567095,2.7645325475488826e-05
0.2,0.9,10.0,0.29,0.48,14.941574269216497,0.1945966022822282,0.03248766476129407,0.02861025641025641,0.01104102564102564,-0.00018068577551567095,2.7645325475488826e-05
0.2,0.9,12.0,0.29,0.48,14.941574269216497,0.1945966022822282,0.03248766476129407,0.02861025641025641,0.01104102564102564,-0.00018068577551567095,2.7645325475488826e-05
0.2,0.9,14.0,0.29,0.48,14.941574269216497,0.1945966022822282,0.03248766476129407,0.02861025641025641,0.01104102564102564,-0.00018068577551567095,2.7645325475488826e-05
0.2,0.95,,0.29,0.48,14.941574269216497,0.1945966022822282,0.03248766476129407,0.02861025641025641,0.01104102564102564,-0.00018068577551567095,2.7645325475488826e-05
0.2,0.95,2.0,0.29,0.48,14.941574269216497,0.1945966022822282,0.03248766476129407,0.02861025641025641,0.01104102564102564,-0.00018068577551567095,2.7645325475488826e-05
0.2,0.95,4.0,0.29,0.48,14.941574269216497,0.1945966022822282,0.03248766476129407,0.02861025641025641,0.01104102564102564,-0.00018068577551567095,2.7645325475488826e-05
0.2,0.95,6.0,0.29,0.48,14.941574269216497,0.1945966022822282,0.03248766476129407,0.02861025641025641,0.01104102564102564,-0.00018068577551567095,2.7645325475488826e-05
0.2,0.95,8.0,0.29,0.48,14.941574269216497,0.1945966022822282,0.03248766476129407,0.02861025641025641,0.01104102564102564,-0.00018068577551567095,2.7645325475488826e-05
0.2,0.95,10.0,0.29,0.48,14.941574269216497,0.1945966022822282,0.03248766476129407,0.02861025641025641,0.01104102564102564,-0.00018068577551567095,2.7645325475488826e-05
0.2,0.95,12.0,0.29,0.48,14.941574269216497,0.1945966022822282,0.03248766476129407,0.02861025641025641,0.01104102564102564,-0.00018068577551567095,2.7645325475488826e-05
0.2,0.95,14.0,0.29,0.48,14.941574269216497,0.1945966022822282,0.03248766476129407,0.02861025641025641,0.01104102564102564,-0.00018068577551567095,2.7645325475488826e-05
0.2,1.0,,0.29,0.48,14.941574269216497,0.1945966022822282,0.03248766476129407,0.02861025641025641,0.01104102564102564,-0.00018068577551567095,2.7645325475488826e-05
0.2,1.0,2.0,0.29,0.48,14.941574269216497,0.1945966022822282,0.03248766476129407,0.02861025641025641,0.01104102564102564,-0.00018068577551567095,2.7645325475488826e-05
0.2,1.0,4.0,0.29,0.48,14.941574269216497,0.1945966022822282,0.03248766476129407,0.02861025641025641,0.01104102564102564,-0.00018068577551567095,2.7645325475488826e-05
0.2,1.0,6.0,0.29,0.48,14.941574269216497,0.1945966022822282,0.03248766476129407,0.02861025641025641,0.01104102564102564,-0.00018068577551567095,2.7645325475488826e-05
0.2,1.0,8.0,0.29,0.48,14.941574269216497,0.1945966022822282,0.03248766476129407,0.02861025641025641,0.01104102564102564,-0.00018068577551567095,2.7645325475488826e-05
0.2,1.0,10.0,0.29,0.48,14.941574269216497,0.1945966022822282,0.03248766476129407,0.02861025641025641,0.01104102564102564,-0.00018068577551567095,2.7645325475488826e-05
0.2,1.0,12.0,0.29,0.48,14.941574269216497,0.1945966022822282,0.03248766476129407,0.02861025641025641,0.01104102564102564,-0.00018068577551567095,2.7645325475488826e-05
0.2,1.0,14.0,0.29,0.48,14.941574269216497,0.1945966022822282,0.03248766476129407,0.02861025641025641,0.01104102564102564,-0.00018068577551567095,2.7645325475488826e-05
0.25,0.1,,0.29,0.48,14.941574269216497,0.1945966022822282,0.03248766476129407,0.02861025641025641,0.01104102564102564,-0.00018068577551567095,2.7645325475488826e-05
0.25,0.1,2.0,0.29,0.48,14.941574269216497,0.1945966022822282,0.03248766476129407,0.02861025641025641,0.01104102564102564,-0.00018068577551567095,2.7645325475488826e-05
0.25,0.1,4.0,0.29,0.48,14.941574269216497,0.1945966022822282,0.03248766476129407,0.02861025641025641,0.01104102564102564,-0.00018068577551567095,2.7645325475488826e-05
0.25,0.1,6.0,0.29,0.48,14.941574269216497,0.1945966022822282,0.03248766476129407,0.02861025641025641,0.01104102564102564,-0.00018068577551567095,2.7645325475488826e-05
0.25,0.1,8.0,0.29,0.48,14.941574269216497,0.1945966022822282,0.03248766476129407,0.02861025641025641,0.01104102564102564,-0.00018068577551567095,2.7645325475488826e-05
0.25,0.1,10.0,0.29,0.48,14.941574269216497,0.1945966022822282,0.03248766476129407,0.02861025641025641,0.01104102564102564,-0.00018068577551567095,2.7645325475488826e-05
0.25,0.1,12.0,0.29,0.48,14.941574269216497,0.1945966022822282,0.03248766476129407,0.02861025641025641,0.01104102564102564,-0.00018068577551567095,2.7645325475488826e-05
0.25,0.1,14.0,0.29,0.48,14.941574269216497,0.1945966022822282,0.03248766476129407,0.02861025641025641,0.01104102564102564,-0.00018068577551567095,2.7645325475488826e-05
0.25,0.15,,0.29,0.48,14.941574269216497,0.1945966022822282,0.03248766476129407,0.02861025641025641,0.01104102564102564,-0.00018068577551567095,2.7645325475488826e-05
0.25,0.15,2.0,0.29,0.48,14.941574269216497,0.1945966022822282,0.03248766476129407,0.02861025641025641,0.01104102564102564,-0.00018068577551567095,2.7645325475488826e-05
0.25,0.15,4.0,0.29,0.48,14.941574269216497,0.1945966022822282,0.03248766476129407,0.02861025641025641,0.01104102564102564,-0.00018068577551567095,2.7645325475488826e-05
0.25,0.15,6.0,0.29,0.48,14.941574269216497,0.1945966022822282,0.03248766476129407,0.02861025641025641,0.01104102564102564,-0.00018068577551567095,2.7645325475488826e-05
0.25,0.15,8.0,0.29,0.48,14.941574269216497,0.1945966022822282,0.03248766476129407,0.02861025641025641,0.01104102564102564,-0.00018068577551567095,2.7645325475488826e-05
0.25,0.15,10.0,0.29,0.48,14.941574269216497,0.1945966022822282,0.03248766476129407,0.02861025641025641,0.01104102564102564,-0.00018068577551567095,2.7645325475488826e-05
0.25,0.15,12.0,0.29,0.48,14.941574269216497,0.1945966022822282,0.03248766476129407,0.02861025641025641,0.01104102564102564,-0.00018068577551567095,2.7645325475488826e-05
0.25,0.15,14.0,0.29,0.48,14.941574269216497,0.1945966022822282,0.03248766476129407,0.02861025641025641,0.01104102564102564,-0.00018068577551567095,2.7645325475488826e-05
0.25,0.2,,0.29,0.48,14.941574269216497,0.1945966022822282,0.03248766476129407,0.02861025641025641,0.01104102564102564,-0.00018068577551567095,2.7645325475488826e-05
0.25,0.2,2.0,0.29,0.48,14.941574269216497,0.1945966022822282,0.03248766476129407,0.02861025641025641,0.01104102564102564,-0.00018068577551567095,2.7645325475488826e-05
0.25,0.2,4.0,0.29,0.48,14.941574269216497,0.1945966022822282,0.03248766476129407,0.02861025641025641,0.01104102564102564,-0.00018068577551567095,2.7645325475488826e-05
0.25,0.2,6.0,0.29,0.48,14.941574269216497,0.1945966022822282,0.03248766476129407,0.02861025641025641,0.01104102564102564,-0.00018068577551567095,2.7645325475488826e-05
0.25,0.2,8.0,0.29,0.48,14.941574269216497,0.1945966022822282,0.03248766476129407,0.02861025641025641,0.01104102564102564,-0.00018068577551567095,2.7645325475488826e-05
0.25,0.2,10.0,0.29,0.48,14.941574269216497,0.1945966022822282,0.03248766476129407,0.02861025641025641,0.01104102564102564,-0.00018068577551567095,2.7645325475488826e-05
0.25,0.2,12.0,0.29,0.48,14.941574269216497,0.1945966022822282,0.03248766476129407,0.02861025641025641,0.01104102564102564,-0.00018068577551567095,2.7645325475488826e-05
0.25,0.2,14.0,0.29,0.48,14.941574269216497,0.1945966022822282,0.03248766476129407,0.02861025641025641,0.01104102564102564,-0.00018068577551567095,2.7645325475488826e-05
0.25,0.25,,0.29,0.48,14.941574269216497,0.1945966022822282,0.03248766476129407,0.02861025641025641,0.01104102564102564,-0.00018068577551567095,2.7645325475488826e-05
0.25,0.25,2.0,0.29,0.48,14.941574269216497,0.1945966022822282,0.03248766476129407,0.02861025641025641,0.01104102564102564,-0.00018068577551567095,2.7645325475488826e-05
0.25,0.25,4.0,0.29,0.48,14.941574269216497,0.1945966022822282,0.03248766476129407,0.02861025641025641,0.01104102564102564,-0.00018068577551567095,2.7645325475488826e-05
0.25,0.25,6.0,0.29,0.48,14.941574269216497,0.1945966022822282,0.03248766476129407,0.02861025641025641,0.01104102564102564,-0.00018068577551567095,2.7645325475488826e-05
0.25,0.25,8.0,0.29,0.48,14.941574269216497,0.1945966022822282,0.03248766476129407,0.02861025641025641,0.01104102564102564,-0.00018068577551567095,2.7645325475488826e-05
0.25,0.25,10.0,0.29,0.48,14.941574269216497,0.1945966022822282,0.03248766476129407,0.02861025641025641,0.01104102564102564,-0.00018068577551567095,2.7645325475488826e-05
0.25,0.25,12.0,0.29,0.48,14.941574269216497,0.1945966022822282,0.03248766476129407,0.02861025641025641,0.01104102564102564,-0.00018068577551567095,2.7645325475488826e-05
0.25,0.25,14.0,0.29,0.48,14.941574269216497,0.1945966022822282,0.03248766476129407,0.02861025641025641,0.01104102564102564,-0.00018068577551567095,2.7645325475488826e-05
0.25,0.3,,0.29,0.48,14.941574269216497,0.1945966022822282,0.03248766476129407,0.02861025641025641,0.01104102564102564,-0.00018068577551567095,2.7645325475488826e-05
0.25,0.3,2.0,0.29,0.48,14.941574269216497,0.1945966022822282,0.03248766476129407,0.02861025641025641,0.01104102564102564,-0.00018068577551567095,2.7645325475488826e-05
0.25,0.3,4.0,0.29,0.48,14.941574269216497,0.1945966022822282,0.03248766476129407,0.02861025641025641,0.01104102564102564,-0.00018068577551567095,2.7645325475488826e-05
0.25,0.3,6.0,0.29,0.48,14.941574269216497,0.1945966022822282,0.03248766476129407,0.02861025641025641,0.01104102564102564,-0.00018068577551567095,2.7645325475488826e-05
0.25,0.3,8.0,0.29,0.48,14.941574269216497,0.1945966022822282,0.03248766476129407,0.02861025641025641,0.01104102564102564,-0.00018068577551567095,2.7645325475488826e-05
0.25,0.3,10.0,0.29,0.48,14.941574269216497,0.1945966022822282,0.03248766476129407,0.02861025641025641,0.01104102564102564,-0.00018068577551567095,2.7645325475488826e-05
0.25,0.3,12.0,0.29,0.48,14.941574269216497,0.1945966022822282,0.03248766476129407,0.02861025641025641,0.01104102564102564,-0.00018068577551567095,2.7645325475488826e-05
0.25,0.3,14.0,0.29,0.48,14.941574269216497,0.1945966022822282,0.03248766476129407,0.02861025641025641,0.01104102564102564,-0.00018068577551567095,2.7645325475488826e-05
0.25,0.35,,0.29,0.48,14.941574269216497,0.1945966022822282,0.03248766476129407,0.02861025641025641,0.01104102564102564,-0.00018068577551567095,2.7645325475488826e-05
0.25,0.35,2.0,0.29,0.48,14.941574269216497,0.1945966022822282,0.03248766476129407,0.02861025641025641,0.01104102564102564,-0.00018068577551567095,2.7645325475488826e-05
0.25,0.35,4.0,0.29,0.48,14.941574269216497,0.1945966022822282,0.03248766476129407,0.02861025641025641,0.01104102564102564,-0.00018068577551567095,2.7645325475488826e-05
0.25,0.35,6.0,0.29,0.48,14.941574269216497,0.1945966022822282,0.03248766476129407,0.02861025641025641,0.01104102564102564,-0.00018068577551567095,2.7645325475488826e-05
0.25,0.35,8.0,0.29,0.48,14.941574269216497,0.1945966022822282,0.03248766476129407,0.02861025641025641,0.01104102564102564,-0.00018068577551567095,2.7645325475488826e-05
0.25,0.35,10.0,0.29,0.48,14.941574269216497,0.1945966022822282,0.03248766476129407,0.02861025641025641,0.01104102564102564,-0.00018068577551567095,2.7645325475488826e-05
0.25,0.35,12.0,0.29,0.48,14.941574269216497,0.1945966022822282,0.03248766476129407,0.02861025641025641,0.01104102564102564,-0.00018068577551567095,2.7645325475488826e-05
0.25,0.35,14.0,0.29,0.48,14.941574269216497,0.1945966022822282,0.03248766476129407,0.02861025641025641,0.01104102564102564,-0.00018068577551567095,2.7645325475488826e-05
0.25,0.4,,0.29,0.48,14.941574269216497,0.1945966022822282,0.03248766476129407,0.02861025641025641,0.01104102564102564,-0.00018068577551567095,2.7645325475488826e-05
0.25,0.4,2.0,0.29,0.48,14.941574269216497,0.1945966022822282,0.03248766476129407,0.02861025641025641,0.01104102564102564,-0.00018068577551567095,2.7645325475488826e-05
0.25,0.4,4.0,0.29,0.48,14.941574269216497,0.1945966022822282,0.03248766476129407,0.02861025641025641,0.01104102564102564,-0.00018068577551567095,2.7645325475488826e-05
0.25,0.4,6.0,0.29,0.48,14.941574269216497,0.1945966022822282,0.03248766476129407,0.02861025641025641,0.01104102564102564,-0.00018068577551567095,2.7645325475488826e-05
0.25,0.4,8.0,0.29,0.48,14.941574269216497,0.1945966022822282,0.03248766476129407,0.02861025641025641,0.01104102564102564,-0.00018068577551567095,2.7645325475488826e-05
0.25,0.4,10.0,0.29,0.48,14.941574269216497,0.1945966022822282,0.03248766476129407,0.02861025641025641,0.01104102564102564,-0.00018068577551567095,2.7645325475488826e-05
0.25,0.4,12.0,0.29,0.48,14.941574269216497,0.1945966022822282,0.03248766476129407,0.02861025641025641,0.01104102564102564,-0.00018068577551567095,2.7645325475488826e-05
0.25,0.4,14.0,0.29,0.48,14.941574269216497,0.1945966022822282,0.03248766476129407,0.02861025641025641,0.01104102564102564,-0.00018068577551567095,2.7645325475488826e-05
0.25,0.45,,0.29,0.48,14.941574269216497,0.1945966022822282,0.03248766476129407,0.02861025641025641,0.01104102564102564,-0.00018068577551567095,2.7645325475488826e-05
0.25,0.45,2.0,0.29,0.48,14.941574269216497,0.1945966022822282,0.03248766476129407,0.02861025641025641,0.01104102564102564,-0.00018068577551567095,2.7645325475488826e-05
0.25,0.45,4.0,0.29,0.48,14.941574269216497,0.1945966022822282,0.03248766476129407,0.02861025641025641,0.01104102564102564,-0.00018068577551567095,2.7645325475488826e-05
0.25,0.45,6.0,0.29,0.48,14.941574269216497,0.1945966022822282,0.03248766476129407,0.02861025641025641,0.01104102564102564,-0.00018068577551567095,2.7645325475488826e-05
0.25,0.45,8.0,0.29,0.48,14.941574269216497,0.1945966022822282,0.03248766476129407,0.02861025641025641,0.01104102564102564,-0.00018068577551567095,2.7645325475488826e-05
0.25,0.45,10.0,0.29,0.48,14.941574269216497,0.1945966022822282,0.03248766476129407,0.02861025641025641,0.01104102564102564,-0.00018068577551567095,2.7645325475488826e-05
0.25,0.45,12.0,0.29,0.48,14.941574269216497,0.1945966022822282,0.03248766476129407,0.02861025641025641,0.01104102564102564,-0.00018068577551567095,2.7645325475488826e-05
0.25,0.45,14.0,0.29,0.48,14.941574269216497,0.1945966022822282,0.03248766476129407,0.02861025641025641,0.01104102564102564,-0.00018068577551567095,2.7645325475488826e-05
0.25,0.5,,0.29,0.48,14.941574269216497,0.1945966022822282,0.03248766476129407,0.02861025641025641,0.01104102564102564,-0.00018068577551567095,2.7645325475488826e-05
0.25,0.5,2.0,0.29,0.48,14.941574269216497,0.1945966022822282,0.03248766476129407,0.02861025641025641,0.01104102564102564,-0.00018068577551567095,2.7645325475488826e-05
0.25,0.5,4.0,0.29,0.48,14.941574269216497,0.1945966022822282,0.03248766476129407,0.02861025641025641,0.01104102564102564,-0.00018068577551567095,2.7645325475488826e-05
0.25,0.5,6.0,0.29,0.48,14.941574269216497,0.1945966022822282,0.03248766476129407,0.02861025641025641,0.01104102564102564,-0.00018068577551567095,2.7645325475488826e-05
0.25,0.5,8.0,0.29,0.48,14.941574269216497,0.1945966022822282,0.03248766476129407,0.02861025641025641,0.01104102564102564,-0.00018068577551567095,2.7645325475488826e-05
0.25,0.5,10.0,0.29,0.48,14.941574269216497,0.1945966022822282,0.03248766476129407,0.02861025641025641,0.01104102564102564,-0.00018068577551567095,2.7645325475488826e-05
0.25,0.5,12.0,0.29,0.48,14.941574269216497,0.1945966022822282,0.03248766476129407,0.02861025641025641,0.01104102564102564,-0.00018068577551567095,2.7645325475488826e-05
0.25,0.5,14.0,0.29,0.48,14.941574269216497,0.1945966022822282,0.03248766476129407,0.02861025641025641,0.01104102564102564,-0.00018068577551567095,2.7645325475488826e-05
0.25,0.55,,0.29,0.48,14.941574269216497,0.1945966022822282,0.03248766476129407,0.02861025641025641,0.01104102564102564,-0.00018068577551567095,2.7645325475488826e-05
0.25,0.55,2.0,0.29,0.48,14.941574269216497,0.1945966022822282,0.03248766476129407,0.02861025641025641,0.01104102564102564,-0.00018068577551567095,2.7645325475488826e-05
0.25,0.55,4.0,0.29,0.48,14.941574269216497,0.1945966022822282,0.03248766476129407,0.02861025641025641,0.01104102564102564,-0.00018068577551567095,2.7645325475488826e-05
0.25,0.55,6.0,0.29,0.48,14.941574269216497,0.1945966022822282,0.03248766476129407,0.02861025641025641,0.01104102564102564,-0.00018068577551567095,2.7645325475488826e-05
0.25,0.55,8.0,0.29,0.48,14.941574269216497,0.1945966022822282,0.03248766476129407,0.02861025641025641,0.01104102564102564,-0.00018068577551567095,2.7645325475488826e-05
0.25,0.55,10.0,0.29,0.48,14.941574269216497,0.1945966022822282,0.03248766476129407,0.02861025641025641,0.01104102564102564,-0.00018068577551567095,2.7645325475488826e-05
0.25,0.55,12.0,0.29,0.48,14.941574269216497,0.1945966022822282,0.03248766476129407,0.02861025641025641,0.01104102564102564,-0.00018068577551567095,2.7645325475488826e-05
0.25,0.55,14.0,0.29,0.48,14.941574269216497,0.1945966022822282,0.03248766476129407,0.02861025641025641,0.01104102564102564,-0.00018068577551567095,2.7645325475488826e-05
0.25,0.6,,0.29,0.48,14.941574269216497,0.1945966022822282,0.03248766476129407,0.02861025641025641,0.01104102564102564,-0.00018068577551567095,2.7645325475488826e-05
0.25,0.6,2.0,0.29,0.48,14.941574269216497,0.1945966022822282,0.03248766476129407,0.02861025641025641,0.01104102564102564,-0.00018068577551567095,2.7645325475488826e-05
0.25,0.6,4.0,0.29,0.48,14.941574269216497,0.1945966022822282,0.03248766476129407,0.02861025641025641,0.01104102564102564,-0.00018068577551567095,2.7645325475488826e-05
0.25,0.6,6.0,0.29,0.48,14.941574269216497,0.1945966022822282,0.03248766476129407,0.02861025641025641,0.01104102564102564,-0.00018068577551567095,2.7645325475488826e-05
0.25,0.6,8.0,0.29,0.48,14.941574269216497,0.1945966022822282,0.03248766476129407,0.02861025641025641,0.01104102564102564,-0.00018068577551567095,2.7645325475488826e-05
0.25,0.6,10.0,0.29,0.48,14.941574269216497,0.1945966022822282,0.03248766476129407,0.02861025641025641,0.01104102564102564,-0.00018068577551567095,2.7645325475488826e-05
0.25,0.6,12.0,0.29,0.48,14.941574269216497,0.1945966022822282,0.03248766476129407,0.02861025641025641,0.01104102564102564,-0.00018068577551567095,2.7645325475488826e-05
0.25,0.6,14.0,0.29,0.48,14.941574269216497,0.1945966022822282,0.03248766476129407,0.02861025641025641,0.01104102564102564,-0.00018068577551567095,2.7645325475488826e-05
0.25,0.65,,0.29,0.48,14.941574269216497,0.1945966022822282,0.03248766476129407,0.02861025641025641,0.01104102564102564,-0.00018068577551567095,2.7645325475488826e-05
0.25,0.65,2.0,0.29,0.48,14.941574269216497,0.1945966022822282,0.03248766476129407,0.02861025641025641,0.01104102564102564,-0.00018068577551567095,2.7645325475488826e-05
0.25,0.65,4.0,0.29,0.48,14.941574269216497,0.1945966022822282,0.03248766476129407,0.02861025641025641,0.01104102564102564,-0.00018068577551567095,2.7645325475488826e-05
0.25,0.65,6.0,0.29,0.48,14.941574269216497,0.1945966022822282,0.03248766476129407,0.02861025641025641,0.01104102564102564,-0.00018068577551567095,2.7645325475488826e-05
0.25,0.65,8.0,0.29,0.48,14.941574269216497,0.1945966022822282,0.03248766476129407,0.02861025641025641,0.01104102564102564,-0.00018068577551567095,2.7645325475488826e-05
0.25,0.65,10.0,0.29,0.48,14.941574269216497,0.1945966022822282,0.03248766476129407,0.02861025641025641,0.01104102564102564,-0.00018068577551567095,2.7645325475488826e-05
0.25,0.65,12.0,0.29,0.48,14.941574269216497,0.1945966022822282,0.03248766476129407,0.02861025641025641,0.01104102564102564,-0.00018068577551567095,2.7645325475488826e-05
0.25,0.65,14.0,0.29,0.48,14.941574269216497,0.1945966022822282,0.03248766476129407,0.02861025641025641,0.01104102564102564,-0.00018068577551567095,2.7645325475488826e-05
0.25,0.7,,0.29,0.48,14.941574269216497,0.1945966022822282,0.03248766476129407,0.02861025641025641,0.01104102564102564,-0.00018068577551567095,2.7645325475488826e-05
0.25,0.7,2.0,0.29,0.48,14.941574269216497,0.1945966022822282,0.03248766476129407,0.02861025641025641,0.01104102564102564,-0.00018068577551567095,2.7645325475488826e-05
0.25,0.7,4.0,0.29,0.48,14.941574269216497,0.1945966022822282,0.03248766476129407,0.02861025641025641,0.01104102564102564,-0.00018068577551567095,2.7645325475488826e-05
0.25,0.7,6.0,0.29,0.48,14.941574269216497,0.1945966022822282,0.03248766476129407,0.02861025641025641,0.01104102564102564,-0.00018068577551567095,2.7645325475488826e-05
0.25,0.7,8.0,0.29,0.48,14.941574269216497,0.1945966022822282,0.03248766476129407,0.02861025641025641,0.01104102564102564,-0.00018068577551567095,2.7645325475488826e-05
0.25,0.7,10.0,0.29,0.48,14.941574269216497,0.1945966022822282,0.03248766476129407,0.02861025641025641,0.01104102564102564,-0.00018068577551567095,2.7645325475488826e-05
0.25,0.7,12.0,0.29,0.48,14.941574269216497,0.1945966022822282,0.03248766476129407,0.02861025641025641,0.01104102564102564,-0.00018068577551567095,2.7645325475488826e-05
0.25,0.7,14.0,0.29,0.48,14.941574269216497,0.1945966022822282,0.03248766476129407,0.02861025641025641,0.01104102564102564,-0.00018068577551567095,2.7645325475488826e-05
0.25,0.75,,0.29,0.48,14.941574269216497,0.1945966022822282,0.03248766476129407,0.02861025641025641,0.01104102564102564,-0.00018068577551567095,2.7645325475488826e-05
0.25,0.75,2.0,0.29,0.48,14.941574269216497,0.1945966022822282,0.03248766476129407,0.02861025641025641,0.01104102564102564,-0.00018068577551567095,2.7645325475488826e-05
0.25,0.75,4.0,0.29,0.48,14.941574269216497,0.1945966022822282,0.03248766476129407,0.02861025641025641,0.01104102564102564,-0.00018068577551567095,2.7645325475488826e-05
0.25,0.75,6.0,0.29,0.48,14.941574269216497,0.1945966022822282,0.03248766476129407,0.02861025641025641,0.01104102564102564,-0.00018068577551567095,2.7645325475488826e-05
0.25,0.75,8.0,0.29,0.48,14.941574269216497,0.1945966022822282,0.03248766476129407,0.02861025641025641,0.01104102564102564,-0.00018068577551567095,2.7645325475488826e-05
0.25,0.75,10.0,0.29,0.48,14.941574269216497,0.1945966022822282,0.03248766476129407,0.02861025641025641,0.01104102564102564,-0.00018068577551567095,2.7645325475488826e-05
0.25,0.75,12.0,0.29,0.48,14.941574269216497,0.1945966022822282,0.03248766476129407,0.02861025641025641,0.01104102564102564,-0.00018068577551567095,2.7645325475488826e-05
0.25,0.75,14.0,0.29,0.48,14.941574269216497,0.1945966022822282,0.03248766476129407,0.02861025641025641,0.01104102564102564,-0.00018068577551567095,2.7645325475488826e-05
0.25,0.8,,0.29,0.48,14.941574269216497,0.1945966022822282,0.03248766476129407,0.02861025641025641,0.01104102564102564,-0.00018068577551567095,2.7645325475488826e-05
0.25,0.8,2.0,0.29,0.48,14.941574269216497,0.1945966022822282,0.03248766476129407,0.02861025641025641,0.01104102564102564,-0.00018068577551567095,2.7645325475488826e-05
0.25,0.8,4.0,0.29,0.48,14.941574269216497,0.1945966022822282,0.03248766476129407,0.02861025641025641,0.01104102564102564,-0.00018068577551567095,2.7645325475488826e-05
0.25,0.8,6.0,0.29,0.48,14.941574269216497,0.1945966022822282,0.03248766476129407,0.02861025641025641,0.01104102564102564,-0.00018068577551567095,2.7645325475488826e-05
0.25,0.8,8.0,0.29,0.48,14.941574269216497,0.1945966022822282,0.03248766476129407,0.02861025641025641,0.01104102564102564,-0.00018068577551567095,2.7645325475488826e-05
0.25,0.8,10.0,0.29,0.48,14.941574269216497,0.1945966022822282,0.03248766476129407,0.02861025641025641,0.01104102564102564,-0.00018068577551567095,2.7645325475488826e-05
0.25,0.8,12.0,0.29,0.48,14.941574269216497,0.1945966022822282,0.03248766476129407,0.02861025641025641,0.01104102564102564,-0.00018068577551567095,2.7645325475488826e-05
0.25,0.8,14.0,0.29,0.48,14.941574269216497,0.1945966022822282,0.03248766476129407,0.02861025641025641,0.01104102564102564,-0.00018068577551567095,2.7645325475488826e-05
0.25,0.85,,0.29,0.48,14.941574269216497,0.1945966022822282,0.03248766476129407,0.02861025641025641,0.01104102564102564,-0.00018068577551567095,2.7645325475488826e-05
0.25,0.85,2.0,0.29,0.48,14.941574269216497,0.1945966022822282,0.03248766476129407,0.02861025641025641,0.01104102564102564,-0.00018068577551567095,2.7645325475488826e-05
0.25,0.85,4.0,0.29,0.48,14.941574269216497,0.1945966022822282,0.03248766476129407,0.02861025641025641,0.01104102564102564,-0.00018068577551567095,2.7645325475488826e-05
0.25,0.85,6.0,0.29,0.48,14.941574269216497,0.1945966022822282,0.03248766476129407,0.02861025641025641,0.01104102564102564,-0.00018068577551567095,2.7645325475488826e-05
0.25,0.85,8.0,0.29,0.48,14.941574269216497,0.1945966022822282,0.03248766476129407,0.02861025641025641,0.01104102564102564,-0.00018068577551567095,2.7645325475488826e-05
0.25,0.85,10.0,0.29,0.48,14.941574269216497,0.1945966022822282,0.03248766476129407,0.02861025641025641,0.01104102564102564,-0.00018068577551567095,2.7645325475488826e-05
0.25,0.85,12.0,0.29,0.48,14.941574269216497,0.1945966022822282,0.03248766476129407,0.02861025641025641,0.01104102564102564,-0.00018068577551567095,2.7645325475488826e-05
0.25,0.85,14.0,0.29,0.48,14.941574269216497,0.1945966022822282,0.03248766476129407,0.02861025641025641,0.01104102564102564,-0.00018068577551567095,2.7645325475488826e-05
0.25,0.9,,0.29,0.48,14.941574269216497,0.1945966022822282,0.03248766476129407,0.02861025641025641,0.01104102564102564,-0.00018068577551567095,2.7645325475488826e-05
0.25,0.9,2.0,0.29,0.48,14.941574269216497,0.1945966022822282,0.03248766476129407,0.02861025641025641,0.01104102564102564,-0.00018068577551567095,2.7645325475488826e-05
0.25,0.9,4.0,0.29,0.48,14.941574269216497,0.1945966022822282,0.03248766476129407,0.02861025641025641,0.01104102564102564,-0.00018068577551567095,2.7645325475488826e-05
0.25,0.9,6.0,0.29,0.48,14.941574269216497,0.1945966022822282,0.03248766476129407,0.02861025641025641,0.01104102564102564,-0.00018068577551567095,2.7645325475488826e-05
0.25,0.9,8.0,0.29,0.48,14.941574269216497,0.1945966022822282,0.03248766476129407,0.02861025641025641,0.01104102564102564,-0.00018068577551567095,2.7645325475488826e-05
0.25,0.9,10.0,0.29,0.48,14.941574269216497,0.1945966022822282,0.03248766476129407,0.02861025641025641,0.01104102564102564,-0.00018068577551567095,2.7645325475488826e-05
0.25,0.9,12.0,0.29,0.48,14.941574269216497,0.1945966022822282,0.03248766476129407,0.02861025641025641,0.01104102564102564,-0.00018068577551567095,2.7645325475488826e-05
0.25,0.9,14.0,0.29,0.48,14.941574269216497,0.1945966022822282,0.03248766476129407,0.02861025641025641,0.01104102564102564,-0.00018068577551567095,2.7645325475488826e-05
0.25,0.95,,0.29,0.48,14.941574269216497,0.1945966022822282,0.03248766476129407,0.02861025641025641,0.01104102564102564,-0.00018068577551567095,2.7645325475488826e-05
0.25,0.95,2.0,0.29,0.48,14.941574269216497,0.1945966022822282,0.03248766476129407,0.02861025641025641,0.01104102564102564,-0.00018068577551567095,2.7645325475488826e-05
0.25,0.95,4.0,0.29,0.48,14.941574269216497,0.1945966022822282,0.03248766476129407,0.02861025641025641,0.01104102564102564,-0.00018068577551567095,2.7645325475488826e-05
0.25,0.95,6.0,0.29,0.48,14.941574269216497,0.1945966022822282,0.03248766476129407,0.02861025641025641,0.01104102564102564,-0.00018068577551567095,2.7645325475488826e-05
0.25,0.95,8.0,0.29,0.48,14.941574269216497,0.1945966022822282,0.03248766476129407,0.02861025641025641,0.01104102564102564,-0.00018068577551567095,2.7645325475488826e-05
0.25,0.95,10.0,0.29,0.48,14.941574269216497,0.1945966022822282,0.03248766476129407,0.02861025641025641,0.01104102564102564,-0.00018068577551567095,2.7645325475488826e-05
0.25,0.95,12.0,0.29,0.48,14.941574269216497,0.1945966022822282,0.03248766476129407,0.02861025641025641,0.01104102564102564,-0.00018068577551567095,2.7645325475488826e-05
0.25,0.95,14.0,0.29,0.48,14.941574269216497,0.1945966022822282,0.03248766476129407,0.02861025641025641,0.01104102564102564,-0.00018068577551567095,2.7645325475488826e-05
0.25,1.0,,0.29,0.48,14.941574269216497,0.1945966022822282,0.03248766476129407,0.02861025641025641,0.01104102564102564,-0.00018068577551567095,2.7645325475488826e-05
0.25,1.0,2.0,0.29,0.48,14.941574269216497,0.1945966022822282,0.03248766476129407,0.02861025641025641,0.01104102564102564,-0.00018068577551567095,2.7645325475488826e-05
0.25,1.0,4.0,0.29,0.48,14.941574269216497,0.1945966022822282,0.03248766476129407,0.02861025641025641,0.01104102564102564,-0.00018068577551567095,2.7645325475488826e-05
0.25,1.0,6.0,0.29,0.48,14.941574269216497,0.1945966022822282,0.03248766476129407,0.02861025641025641,0.01104102564102564,-0.00018068577551567095,2.7645325475488826e-05
0.25,1.0,8.0,0.29,0.48,14.941574269216497,0.1945966022822282,0.03248766476129407,0.02861025641025641,0.01104102564102564,-0.00018068577551567095,2.7645325475488826e-05
0.25,1.0,10.0,0.29,0.48,14.941574269216497,0.1945966022822282,0.03248766476129407,0.02861025641025641,0.01104102564102564,-0.00018068577551567095,2.7645325475488826e-05
0.25,1.0,12.0,0.29,0.48,14.941574269216497,0.1945966022822282,0.03248766476129407,0.02861025641025641,0.01104102564102564,-0.00018068577551567095,2.7645325475488826e-05
0.25,1.0,14.0,0.29,0.48,14.941574269216497,0.1945966022822282,0.03248766476129407,0.02861025641025641,0.01104102564102564,-0.00018068577551567095,2.7645325475488826e-05
0.3,0.1,,0.29,0.4,17.917752207966792,0.280314326998848,0.03444239609274857,0.029885714285714276,0.011042857142857144,-0.000234646281420057,5.338170510494934e-06
0.3,0.1,2.0,0.29,0.4,17.917752207966792,0.280314326998848,0.03444239609274857,0.029885714285714276,0.011042857142857144,-0.000234646281420057,5.338170510494934e-06
0.3,0.1,4.0,0.29,0.4,17.917752207966792,0.280314326998848,0.03444239609274857,0.029885714285714276,0.011042857142857144,-0.000234646281420057,5.338170510494934e-06
0.3,0.1,6.0,0.29,0.4,17.917752207966792,0.280314326998848,0.03444239609274857,0.029885714285714276,0.011042857142857144,-0.000234646281420057,5.338170510494934e-06
0.3,0.1,8.0,0.29,0.4,17.917752207966792,0.280314326998848,0.03444239609274857,0.029885714285714276,0.011042857142857144,-0.000234646281420057,5.338170510494934e-06
0.3,0.1,10.0,0.29,0.4,17.917752207966792,0.280314326998848,0.03444239609274857,0.029885714285714276,0.011042857142857144,-0.000234646281420057,5.338170510494934e-06
0.3,0.1,12.0,0.29,0.4,17.917752207966792,0.280314326998848,0.03444239609274857,0.029885714285714276,0.011042857142857144,-0.000234646281420057,5.338170510494934e-06
0.3,0.1,14.0,0.29,0.4,17.917752207966792,0.280314326998848,0.03444239609274857,0.029885714285714276,0.011042857142857144,-0.000234646281420057,5.338170510494934e-06
0.3,0.1,16.0,0.29,0.4,17.917752207966792,0.280314326998848,0.03444239609274857,0.029885714285714276,0.011042857142857144,-0.000234646281420057,5.338170510494934e-06
0.3,0.15,,0.29,0.4,17.917752207966792,0.280314326998848,0.03444239609274857,0.029885714285714276,0.011042857142857144,-0.000234646281420057,5.338170510494934e-06
0.3,0.15,2.0,0.29,0.4,17.917752207966792,0.280314326998848,0.03444239609274857,0.029885714285714276,0.011042857142857144,-0.000234646281420057,5.338170510494934e-06
0.3,0.15,4.0,0.29,0.4,17.917752207966792,0.280314326998848,0.03444239609274857,0.029885714285714276,0.011042857142857144,-0.000234646281420057,5.338170510494934e-06
0.3,0.15,6.0,0.29,0.4,17.917752207966792,0.280314326998848,0.03444239609274857,0.029885714285714276,0.011042857142857144,-0.000234646281420057,5.338170510494934e-06
0.3,0.15,8.0,0.29,0.4,17.917752207966792,0.280314326998848,0.03444239609274857,0.029885714285714276,0.011042857142857144,-0.000234646281420057,5.338170510494934e-06
0.3,0.15,10.0,0.29,0.4,17.917752207966792,0.280314326998848,0.03444239609274857,0.029885714285714276,0.011042857142857144,-0.000234646281420057,5.338170510494934e-06
0.3,0.15,12.0,0.29,0.4,17.917752207966792,0.280314326998848,0.03444239609274857,0.029885714285714276,0.011042857142857144,-0.000234646281420057,5.338170510494934e-06
0.3,0.15,14.0,0.29,0.4,17.917752207966792,0.280314326998848,0.03444239609274857,0.029885714285714276,0.011042857142857144,-0.000234646281420057,5.338170510494934e-06
0.3,0.15,16.0,0.29,0.4,17.917752207966792,0.280314326998848,0.03444239609274857,0.029885714285714276,0.011042857142857144,-0.000234646281420057,5.338170510494934e-06
0.3,0.2,,0.29,0.4,17.917752207966792,0.280314326998848,0.03444239609274857,0.029885714285714276,0.011042857142857144,-0.000234646281420057,5.338170510494934e-06
0.3,0.2,2.0,0.29,0.4,17.917752207966792,0.280314326998848,0.03444239609274857,0.029885714285714276,0.011042857142857144,-0.000234646281420057,5.338170510494934e-06
0.3,0.2,4.0,0.29,0.4,17.917752207966792,0.280314326998848,0.03444239609274857,0.029885714285714276,0.011042857142857144,-0.000234646281420057,5.338170510494934e-06
0.3,0.2,6.0,0.29,0.4,17.917752207966792,0.280314326998848,0.03444239609274857,0.029885714285714276,0.011042857142857144,-0.000234646281420057,5.338170510494934e-06
0.3,0.2,8.0,0.29,0.4,17.917752207966792,0.280314326998848,0.03444239609274857,0.029885714285714276,0.011042857142857144,-0.000234646281420057,5.338170510494934e-06
0.3,0.2,10.0,0.29,0.4,17.917752207966792,0.280314326998848,0.03444239609274857,0.029885714285714276,0.011042857142857144,-0.000234646281420057,5.338170510494934e-06
0.3,0.2,12.0,0.29,0.4,17.917752207966792,0.280314326998848,0.03444239609274857,0.029885714285714276,0.011042857142857144,-0.000234646281420057,5.338170510494934e-06
0.3,0.2,14.0,0.29,0.4,17.917752207966792,0.280314326998848,0.03444239609274857,0.029885714285714276,0.011042857142857144,-0.000234646281420057,5.338170510494934e-06
0.3,0.2,16.0,0.29,0.4,17.917752207966792,0.280314326998848,0.03444239609274857,0.029885714285714276,0.011042857142857144,-0.000234646281420057,5.338170510494934e-06
0.3,0.25,,0.29,0.4,17.917752207966792,0.280314326998848,0.03444239609274857,0.029885714285714276,0.011042857142857144,-0.000234646281420057,5.338170510494934e-06
0.3,0.25,2.0,0.29,0.4,17.917752207966792,0.280314326998848,0.03444239609274857,0.029885714285714276,0.011042857142857144,-0.000234646281420057,5.338170510494934e-06
0.3,0.25,4.0,0.29,0.4,17.917752207966792,0.280314326998848,0.03444239609274857,0.029885714285714276,0.011042857142857144,-0.000234646281420057,5.338170510494934e-06
0.3,0.25,6.0,0.29,0.4,17.917752207966792,0.280314326998848,0.03444239609274857,0.029885714285714276,0.011042857142857144,-0.000234646281420057,5.338170510494934e-06
0.3,0.25,8.0,0.29,0.4,17.917752207966792,0.280314326998848,0.03444239609274857,0.029885714285714276,0.011042857142857144,-0.000234646281420057,5.338170510494934e-06
0.3,0.25,10.0,0.29,0.4,17.917752207966792,0.280314326998848,0.03444239609274857,0.029885714285714276,0.011042857142857144,-0.000234646281420057,5.338170510494934e-06
0.3,0.25,12.0,0.29,0.4,17.917752207966792,0.280314326998848,0.03444239609274857,0.029885714285714276,0.011042857142857144,-0.000234646281420057,5.338170510494934e-06
0.3,0.25,14.0,0.29,0.4,17.917752207966792,0.280314326998848,0.03444239609274857,0.029885714285714276,0.011042857142857144,-0.000234646281420057,5.338170510494934e-06
0.3,0.25,16.0,0.29,0.4,17.917752207966792,0.280314326998848,0.03444239609274857,0.029885714285714276,0.011042857142857144,-0.000234646281420057,5.338170510494934e-06
0.3,0.3,,0.29,0.4,17.917752207966792,0.280314326998848,0.03444239609274857,0.029885714285714276,0.011042857142857144,-0.000234646281420057,5.338170510494934e-06
0.3,0.3,2.0,0.29,0.4,17.917752207966792,0.280314326998848,0.03444239609274857,0.029885714285714276,0.011042857142857144,-0.000234646281420057,5.338170510494934e-06
0.3,0.3,4.0,0.29,0.4,17.917752207966792,0.280314326998848,0.03444239609274857,0.029885714285714276,0.011042857142857144,-0.000234646281420057,5.338170510494934e-06
0.3,0.3,6.0,0.29,0.4,17.917752207966792,0.280314326998848,0.03444239609274857,0.029885714285714276,0.011042857142857144,-0.000234646281420057,5.338170510494934e-06
0.3,0.3,8.0,0.29,0.4,17.917752207966792,0.280314326998848,0.03444239609274857,0.029885714285714276,0.011042857142857144,-0.000234646281420057,5.338170510494934e-06
0.3,0.3,10.0,0.29,0.4,17.917752207966792,0.280314326998848,0.03444239609274857,0.029885714285714276,0.011042857142857144,-0.000234646281420057,5.338170510494934e-06
0.3,0.3,12.0,0.29,0.4,17.917752207966792,0.280314326998848,0.03444239609274857,0.029885714285714276,0.011042857142857144,-0.000234646281420057,5.338170510494934e-06
0.3,0.3,14.0,0.29,0.4,17.917752207966792,0.280314326998848,0.03444239609274857,0.029885714285714276,0.011042857142857144,-0.000234646281420057,5.338170510494934e-06
0.3,0.3,16.0,0.29,0.4,17.917752207966792,0.280314326998848,0.03444239609274857,0.029885714285714276,0.011042857142857144,-0.000234646281420057,5.338170510494934e-06
0.3,0.35,,0.29,0.4,17.917752207966792,0.280314326998848,0.03444239609274857,0.029885714285714276,0.011042857142857144,-0.000234646281420057,5.338170510494934e-06
0.3,0.35,2.0,0.29,0.4,17.917752207966792,0.280314326998848,0.03444239609274857,0.029885714285714276,0.011042857142857144,-0.000234646281420057,5.338170510494934e-06
0.3,0.35,4.0,0.29,0.4,17.917752207966792,0.280314326998848,0.03444239609274857,0.029885714285714276,0.011042857142857144,-0.000234646281420057,5.338170510494934e-06
0.3,0.35,6.0,0.29,0.4,17.917752207966792,0.280314326998848,0.03444239609274857,0.029885714285714276,0.011042857142857144,-0.000234646281420057,5.338170510494934e-06
0.3,0.35,8.0,0.29,0.4,17.917752207966792,0.280314326998848,0.03444239609274857,0.029885714285714276,0.011042857142857144,-0.000234646281420057,5.338170510494934e-06
0.3,0.35,10.0,0.29,0.4,17.917752207966792,0.280314326998848,0.03444239609274857,0.029885714285714276,0.011042857142857144,-0.000234646281420057,5.338170510494934e-06
0.3,0.35,12.0,0.29,0.4,17.917752207966792,0.280314326998848,0.03444239609274857,0.029885714285714276,0.011042857142857144,-0.000234646281420057,5.338170510494934e-06
0.3,0.35,14.0,0.29,0.4,17.917752207966792,0.280314326998848,0.03444239609274857,0.029885714285714276,0.011042857142857144,-0.000234646281420057,5.338170510494934e-06
0.3,0.35,16.0,0.29,0.4,17.917752207966792,0.280314326998848,0.03444239609274857,0.029885714285714276,0.011042857142857144,-0.000234646281420057,5.338170510494934e-06
0.3,0.4,,0.29,0.4,17.917752207966792,0.280314326998848,0.03444239609274857,0.029885714285714276,0.011042857142857144,-0.000234646281420057,5.338170510494934e-06
0.3,0.4,2.0,0.29,0.4,17.917752207966792,0.280314326998848,0.03444239609274857,0.029885714285714276,0.011042857142857144,-0.000234646281420057,5.338170510494934e-06
0.3,0.4,4.0,0.29,0.4,17.917752207966792,0.280314326998848,0.03444239609274857,0.029885714285714276,0.011042857142857144,-0.000234646281420057,5.338170510494934e-06
0.3,0.4,6.0,0.29,0.4,17.917752207966792,0.280314326998848,0.03444239609274857,0.029885714285714276,0.011042857142857144,-0.000234646281420057,5.338170510494934e-06
0.3,0.4,8.0,0.29,0.4,17.917752207966792,0.280314326998848,0.03444239609274857,0.029885714285714276,0.011042857142857144,-0.000234646281420057,5.338170510494934e-06
0.3,0.4,10.0,0.29,0.4,17.917752207966792,0.280314326998848,0.03444239609274857,0.029885714285714276,0.011042857142857144,-0.000234646281420057,5.338170510494934e-06
0.3,0.4,12.0,0.29,0.4,17.917752207966792,0.280314326998848,0.03444239609274857,0.029885714285714276,0.011042857142857144,-0.000234646281420057,5.338170510494934e-06
0.3,0.4,14.0,0.29,0.4,17.917752207966792,0.280314326998848,0.03444239609274857,0.029885714285714276,0.011042857142857144,-0.000234646281420057,5.338170510494934e-06
0.3,0.4,16.0,0.29,0.4,17.917752207966792,0.280314326998848,0.03444239609274857,0.029885714285714276,0.011042857142857144,-0.000234646281420057,5.338170510494934e-06
0.3,0.45,,0.29,0.4,17.917752207966792,0.280314326998848,0.03444239609274857,0.029885714285714276,0.011042857142857144,-0.000234646281420057,5.338170510494934e-06
0.3,0.45,2.0,0.29,0.4,17.917752207966792,0.280314326998848,0.03444239609274857,0.029885714285714276,0.011042857142857144,-0.000234646281420057,5.338170510494934e-06
0.3,0.45,4.0,0.29,0.4,17.917752207966792,0.280314326998848,0.03444239609274857,0.029885714285714276,0.011042857142857144,-0.000234646281420057,5.338170510494934e-06
0.3,0.45,6.0,0.29,0.4,17.917752207966792,0.280314326998848,0.03444239609274857,0.029885714285714276,0.011042857142857144,-0.000234646281420057,5.338170510494934e-06
0.3,0.45,8.0,0.29,0.4,17.917752207966792,0.280314326998848,0.03444239609274857,0.029885714285714276,0.011042857142857144,-0.000234646281420057,5.338170510494934e-06
0.3,0.45,10.0,0.29,0.4,17.917752207966792,0.280314326998848,0.03444239609274857,0.029885714285714276,0.011042857142857144,-0.000234646281420057,5.338170510494934e-06
0.3,0.45,12.0,0.29,0.4,17.917752207966792,0.280314326998848,0.03444239609274857,0.029885714285714276,0.011042857142857144,-0.000234646281420057,5.338170510494934e-06
0.3,0.45,14.0,0.29,0.4,17.917752207966792,0.280314326998848,0.03444239609274857,0.029885714285714276,0.011042857142857144,-0.000234646281420057,5.338170510494934e-06
0.3,0.45,16.0,0.29,0.4,17.917752207966792,0.280314326998848,0.03444239609274857,0.029885714285714276,0.011042857142857144,-0.000234646281420057,5.338170510494934e-06
0.3,0.5,,0.29,0.4,17.917752207966792,0.280314326998848,0.03444239609274857,0.029885714285714276,0.011042857142857144,-0.000234646281420057,5.338170510494934e-06
0.3,0.5,2.0,0.29,0.4,17.917752207966792,0.280314326998848,0.03444239609274857,0.029885714285714276,0.011042857142857144,-0.000234646281420057,5.338170510494934e-06
0.3,0.5,4.0,0.29,0.4,17.917752207966792,0.280314326998848,0.03444239609274857,0.029885714285714276,0.011042857142857144,-0.000234646281420057,5.338170510494934e-06
0.3,0.5,6.0,0.29,0.4,17.917752207966792,0.280314326998848,0.03444239609274857,0.029885714285714276,0.011042857142857144,-0.000234646281420057,5.338170510494934e-06
0.3,0.5,8.0,0.29,0.4,17.917752207966792,0.280314326998848,0.03444239609274857,0.029885714285714276,0.011042857142857144,-0.000234646281420057,5.338170510494934e-06
0.3,0.5,10.0,0.29,0.4,17.917752207966792,0.280314326998848,0.03444239609274857,0.029885714285714276,0.011042857142857144,-0.000234646281420057,5.338170510494934e-06
0.3,0.5,12.0,0.29,0.4,17.917752207966792,0.280314326998848,0.03444239609274857,0.029885714285714276,0.011042857142857144,-0.000234646281420057,5.338170510494934e-06
0.3,0.5,14.0,0.29,0.4,17.917752207966792,0.280314326998848,0.03444239609274857,0.029885714285714276,0.011042857142857144,-0.000234646281420057,5.338170510494934e-06
0.3,0.5,16.0,0.29,0.4,17.917752207966792,0.280314326998848,0.03444239609274857,0.029885714285714276,0.011042857142857144,-0.000234646281420057,5.338170510494934e-06
0.3,0.55,,0.29,0.4,17.917752207966792,0.280314326998848,0.03444239609274857,0.029885714285714276,0.011042857142857144,-0.000234646281420057,5.338170510494934e-06
0.3,0.55,2.0,0.29,0.4,17.917752207966792,0.280314326998848,0.03444239609274857,0.029885714285714276,0.011042857142857144,-0.000234646281420057,5.338170510494934e-06
0.3,0.55,4.0,0.29,0.4,17.917752207966792,0.280314326998848,0.03444239609274857,0.029885714285714276,0.011042857142857144,-0.000234646281420057,5.338170510494934e-06
0.3,0.55,6.0,0.29,0.4,17.917752207966792,0.280314326998848,0.03444239609274857,0.029885714285714276,0.011042857142857144,-0.000234646281420057,5.338170510494934e-06
0.3,0.55,8.0,0.29,0.4,17.917752207966792,0.280314326998848,0.03444239609274857,0.029885714285714276,0.011042857142857144,-0.000234646281420057,5.338170510494934e-06
0.3,0.55,10.0,0.29,0.4,17.917752207966792,0.280314326998848,0.03444239609274857,0.029885714285714276,0.011042857142857144,-0.000234646281420057,5.338170510494934e-06
0.3,0.55,12.0,0.29,0.4,17.917752207966792,0.280314326998848,0.03444239609274857,0.029885714285714276,0.011042857142857144,-0.000234646281420057,5.338170510494934e-06
0.3,0.55,14.0,0.29,0.4,17.917752207966792,0.280314326998848,0.03444239609274857,0.029885714285714276,0.011042857142857144,-0.000234646281420057,5.338170510494934e-06
0.3,0.55,16.0,0.29,0.4,17.917752207966792,0.280314326998848,0.03444239609274857,0.029885714285714276,0.011042857142857144,-0.000234646281420057,5.338170510494934e-06
0.3,0.6,,0.29,0.4,17.917752207966792,0.280314326998848,0.03444239609274857,0.029885714285714276,0.011042857142857144,-0.000234646281420057,5.338170510494934e-06
0.3,0.6,2.0,0.29,0.4,17.917752207966792,0.280314326998848,0.03444239609274857,0.029885714285714276,0.011042857142857144,-0.000234646281420057,5.338170510494934e-06
0.3,0.6,4.0,0.29,0.4,17.917752207966792,0.280314326998848,0.03444239609274857,0.029885714285714276,0.011042857142857144,-0.000234646281420057,5.338170510494934e-06
0.3,0.6,6.0,0.29,0.4,17.917752207966792,0.280314326998848,0.03444239609274857,0.029885714285714276,0.011042857142857144,-0.000234646281420057,5.338170510494934e-06
0.3,0.6,8.0,0.29,0.4,17.917752207966792,0.280314326998848,0.03444239609274857,0.029885714285714276,0.011042857142857144,-0.000234646281420057,5.338170510494934e-06
0.3,0.6,10.0,0.29,0.4,17.917752207966792,0.280314326998848,0.03444239609274857,0.029885714285714276,0.011042857142857144,-0.000234646281420057,5.338170510494934e-06
0.3,0.6,12.0,0.29,0.4,17.917752207966792,0.280314326998848,0.03444239609274857,0.029885714285714276,0.011042857142857144,-0.000234646281420057,5.338170510494934e-06
0.3,0.6,14.0,0.29,0.4,17.917752207966792,0.280314326998848,0.03444239609274857,0.029885714285714276,0.011042857142857144,-0.000234646281420057,5.338170510494934e-06
0.3,0.6,16.0,0.29,0.4,17.917752207966792,0.280314326998848,0.03444239609274857,0.029885714285714276,0.011042857142857144,-0.000234646281420057,5.338170510494934e-06
0.3,0.65,,0.29,0.4,17.917752207966792,0.280314326998848,0.03444239609274857,0.029885714285714276,0.011042857142857144,-0.000234646281420057,5.338170510494934e-06
0.3,0.65,2.0,0.29,0.4,17.917752207966792,0.280314326998848,0.03444239609274857,0.029885714285714276,0.011042857142857144,-0.000234646281420057,5.338170510494934e-06
0.3,0.65,4.0,0.29,0.4,17.917752207966792,0.280314326998848,0.03444239609274857,0.029885714285714276,0.011042857142857144,-0.000234646281420057,5.338170510494934e-06
0.3,0.65,6.0,0.29,0.4,17.917752207966792,0.280314326998848,0.03444239609274857,0.029885714285714276,0.011042857142857144,-0.000234646281420057,5.338170510494934e-06
0.3,0.65,8.0,0.29,0.4,17.917752207966792,0.280314326998848,0.03444239609274857,0.029885714285714276,0.011042857142857144,-0.000234646281420057,5.338170510494934e-06
0.3,0.65,10.0,0.29,0.4,17.917752207966792,0.280314326998848,0.03444239609274857,0.029885714285714276,0.011042857142857144,-0.000234646281420057,5.338170510494934e-06
0.3,0.65,12.0,0.29,0.4,17.917752207966792,0.280314326998848,0.03444239609274857,0.029885714285714276,0.011042857142857144,-0.000234646281420057,5.338170510494934e-06
0.3,0.65,14.0,0.29,0.4,17.917752207966792,0.280314326998848,0.03444239609274857,0.029885714285714276,0.011042857142857144,-0.000234646281420057,5.338170510494934e-06
0.3,0.65,16.0,0.29,0.4,17.917752207966792,0.280314326998848,0.03444239609274857,0.029885714285714276,0.011042857142857144,-0.000234646281420057,5.338170510494934e-06
0.3,0.7,,0.29,0.4,17.917752207966792,0.280314326998848,0.03444239609274857,0.029885714285714276,0.011042857142857144,-0.000234646281420057,5.338170510494934e-06
0.3,0.7,2.0,0.29,0.4,17.917752207966792,0.280314326998848,0.03444239609274857,0.029885714285714276,0.011042857142857144,-0.000234646281420057,5.338170510494934e-06
0.3,0.7,4.0,0.29,0.4,17.917752207966792,0.280314326998848,0.03444239609274857,0.029885714285714276,0.011042857142857144,-0.000234646281420057,5.338170510494934e-06
0.3,0.7,6.0,0.29,0.4,17.917752207966792,0.280314326998848,0.03444239609274857,0.029885714285714276,0.011042857142857144,-0.000234646281420057,5.338170510494934e-06
0.3,0.7,8.0,0.29,0.4,17.917752207966792,0.280314326998848,0.03444239609274857,0.029885714285714276,0.011042857142857144,-0.000234646281420057,5.338170510494934e-06
0.3,0.7,10.0,0.29,0.4,17.917752207966792,0.280314326998848,0.03444239609274857,0.029885714285714276,0.011042857142857144,-0.000234646281420057,5.338170510494934e-06
0.3,0.7,12.0,0.29,0.4,17.917752207966792,0.280314326998848,0.03444239609274857,0.029885714285714276,0.011042857142857144,-0.000234646281420057,5.338170510494934e-06
0.3,0.7,14.0,0.29,0.4,17.917752207966792,0.280314326998848,0.03444239609274857,0.029885714285714276,0.011042857142857144,-0.000234646281420057,5.338170510494934e-06
0.3,0.7,16.0,0.29,0.4,17.917752207966792,0.280314326998848,0.03444239609274857,0.029885714285714276,0.011042857142857144,-0.000234646281420057,5.338170510494934e-06
0.3,0.75,,0.29,0.4,17.917752207966792,0.280314326998848,0.03444239609274857,0.029885714285714276,0.011042857142857144,-0.000234646281420057,5.338170510494934e-06
0.3,0.75,2.0,0.29,0.4,17.917752207966792,0.280314326998848,0.03444239609274857,0.029885714285714276,0.011042857142857144,-0.000234646281420057,5.338170510494934e-06
0.3,0.75,4.0,0.29,0.4,17.917752207966792,0.280314326998848,0.03444239609274857,0.029885714285714276,0.011042857142857144,-0.000234646281420057,5.338170510494934e-06
0.3,0.75,6.0,0.29,0.4,17.917752207966792,0.280314326998848,0.03444239609274857,0.029885714285714276,0.011042857142857144,-0.000234646281420057,5.338170510494934e-06
0.3,0.75,8.0,0.29,0.4,17.917752207966792,0.280314326998848,0.03444239609274857,0.029885714285714276,0.011042857142857144,-0.000234646281420057,5.338170510494934e-06
0.3,0.75,10.0,0.29,0.4,17.917752207966792,0.280314326998848,0.03444239609274857,0.029885714285714276,0.011042857142857144,-0.000234646281420057,5.338170510494934e-06
0.3,0.75,12.0,0.29,0.4,17.917752207966792,0.280314326998848,0.03444239609274857,0.029885714285714276,0.011042857142857144,-0.000234646281420057,5.338170510494934e-06
0.3,0.75,14.0,0.29,0.4,17.917752207966792,0.280314326998848,0.03444239609274857,0.029885714285714276,0.011042857142857144,-0.000234646281420057,5.338170510494934e-06
0.3,0.75,16.0,0.29,0.4,17.917752207966792,0.280314326998848,0.03444239609274857,0.029885714285714276,0.011042857142857144,-0.000234646281420057,5.338170510494934e-06
0.3,0.8,,0.29,0.4,17.917752207966792,0.280314326998848,0.03444239609274857,0.029885714285714276,0.011042857142857144,-0.000234646281420057,5.338170510494934e-06
0.3,0.8,2.0,0.29,0.4,17.917752207966792,0.280314326998848,0.03444239609274857,0.029885714285714276,0.011042857142857144,-0.000234646281420057,5.338170510494934e-06
0.3,0.8,4.0,0.29,0.4,17.917752207966792,0.280314326998848,0.03444239609274857,0.029885714285714276,0.011042857142857144,-0.000234646281420057,5.338170510494934e-06
0.3,0.8,6.0,0.29,0.4,17.917752207966792,0.280314326998848,0.03444239609274857,0.029885714285714276,0.011042857142857144,-0.000234646281420057,5.338170510494934e-06
0.3,0.8,8.0,0.29,0.4,17.917752207966792,0.280314326998848,0.03444239609274857,0.029885714285714276,0.011042857142857144,-0.000234646281420057,5.338170510494934e-06
0.3,0.8,10.0,0.29,0.4,17.917752207966792,0.280314326998848,0.03444239609274857,0.029885714285714276,0.011042857142857144,-0.000234646281420057,5.338170510494934e-06
0.3,0.8,12.0,0.29,0.4,17.917752207966792,0.280314326998848,0.03444239609274857,0.029885714285714276,0.011042857142857144,-0.000234646281420057,5.338170510494934e-06
0.3,0.8,14.0,0.29,0.4,17.917752207966792,0.280314326998848,0.03444239609274857,0.029885714285714276,0.011042857142857144,-0.000234646281420057,5.338170510494934e-06
0.3,0.8,16.0,0.29,0.4,17.917752207966792,0.280314326998848,0.03444239609274857,0.029885714285714276,0.011042857142857144,-0.000234646281420057,5.338170510494934e-06
0.3,0.85,,0.29,0.4,17.917752207966792,0.280314326998848,0.03444239609274857,0.029885714285714276,0.011042857142857144,-0.000234646281420057,5.338170510494934e-06
0.3,0.85,2.0,0.29,0.4,17.917752207966792,0.280314326998848,0.03444239609274857,0.029885714285714276,0.011042857142857144,-0.000234646281420057,5.338170510494934e-06
0.3,0.85,4.0,0.29,0.4,17.917752207966792,0.280314326998848,0.03444239609274857,0.029885714285714276,0.011042857142857144,-0.000234646281420057,5.338170510494934e-06
0.3,0.85,6.0,0.29,0.4,17.917752207966792,0.280314326998848,0.03444239609274857,0.029885714285714276,0.011042857142857144,-0.000234646281420057,5.338170510494934e-06
0.3,0.85,8.0,0.29,0.4,17.917752207966792,0.280314326998848,0.03444239609274857,0.029885714285714276,0.011042857142857144,-0.000234646281420057,5.338170510494934e-06
0.3,0.85,10.0,0.29,0.4,17.917752207966792,0.280314326998848,0.03444239609274857,0.029885714285714276,0.011042857142857144,-0.000234646281420057,5.338170510494934e-06
0.3,0.85,12.0,0.29,0.4,17.917752207966792,0.280314326998848,0.03444239609274857,0.029885714285714276,0.011042857142857144,-0.000234646281420057,5.338170510494934e-06
0.3,0.85,14.0,0.29,0.4,17.917752207966792,0.280314326998848,0.03444239609274857,0.029885714285714276,0.011042857142857144,-0.000234646281420057,5.338170510494934e-06
0.3,0.85,16.0,0.29,0.4,17.917752207966792,0.280314326998848,0.03444239609274857,0.029885714285714276,0.011042857142857144,-0.000234646281420057,5.338170510494934e-06
0.3,0.9,,0.29,0.4,17.917752207966792,0.280314326998848,0.03444239609274857,0.029885714285714276,0.011042857142857144,-0.000234646281420057,5.338170510494934e-06
0.3,0.9,2.0,0.29,0.4,17.917752207966792,0.280314326998848,0.03444239609274857,0.029885714285714276,0.011042857142857144,-0.000234646281420057,5.338170510494934e-06
0.3,0.9,4.0,0.29,0.4,17.917752207966792,0.280314326998848,0.03444239609274857,0.029885714285714276,0.011042857142857144,-0.000234646281420057,5.338170510494934e-06
0.3,0.9,6.0,0.29,0.4,17.917752207966792,0.280314326998848,0.03444239609274857,0.029885714285714276,0.011042857142857144,-0.000234646281420057,5.338170510494934e-06
0.3,0.9,8.0,0.29,0.4,17.917752207966792,0.280314326998848,0.03444239609274857,0.029885714285714276,0.011042857142857144,-0.000234646281420057,5.338170510494934e-06
0.3,0.9,10.0,0.29,0.4,17.917752207966792,0.280314326998848,0.03444239609274857,0.029885714285714276,0.011042857142857144,-0.000234646281420057,5.338170510494934e-06
0.3,0.9,12.0,0.29,0.4,17.917752207966792,0.280314326998848,0.03444239609274857,0.029885714285714276,0.011042857142857144,-0.000234646281420057,5.338170510494934e-06
0.3,0.9,14.0,0.29,0.4,17.917752207966792,0.280314326998848,0.03444239609274857,0.029885714285714276,0.011042857142857144,-0.000234646281420057,5.338170510494934e-06
0.3,0.9,16.0,0.29,0.4,17.917752207966792,0.280314326998848,0.03444239609274857,0.029885714285714276,0.011042857142857144,-0.000234646281420057,5.338170510494934e-06
0.3,0.95,,0.29,0.4,17.917752207966792,0.280314326998848,0.03444239609274857,0.029885714285714276,0.011042857142857144,-0.000234646281420057,5.338170510494934e-06
0.3,0.95,2.0,0.29,0.4,17.917752207966792,0.280314326998848,0.03444239609274857,0.029885714285714276,0.011042857142857144,-0.000234646281420057,5.338170510494934e-06
0.3,0.95,4.0,0.29,0.4,17.917752207966792,0.280314326998848,0.03444239609274857,0.029885714285714276,0.011042857142857144,-0.000234646281420057,5.338170510494934e-06
0.3,0.95,6.0,0.29,0.4,17.917752207966792,0.280314326998848,0.03444239609274857,0.029885714285714276,0.011042857142857144,-0.000234646281420057,5.338170510494934e-06
0.3,0.95,8.0,0.29,0.4,17.917752207966792,0.280314326998848,0.03444239609274857,0.029885714285714276,0.011042857142857144,-0.000234646281420057,5.338170510494934e-06
0.3,0.95,10.0,0.29,0.4,17.917752207966792,0.280314326998848,0.03444239609274857,0.029885714285714276,0.011042857142857144,-0.000234646281420057,5.338170510494934e-06
0.3,0.95,12.0,0.29,0.4,17.917752207966792,0.280314326998848,0.03444239609274857,0.029885714285714276,0.011042857142857144,-0.000234646281420057,5.338170510494934e-06
0.3,0.95,14.0,0.29,0.4,17.917752207966792,0.280314326998848,0.03444239609274857,0.029885714285714276,0.011042857142857144,-0.000234646281420057,5.338170510494934e-06
0.3,0.95,16.0,0.29,0.4,17.917752207966792,0.280314326998848,0.03444239609274857,0.029885714285714276,0.011042857142857144,-0.000234646281420057,5.338170510494934e-06
0.3,1.0,,0.29,0.4,17.917752207966792,0.280314326998848,0.03444239609274857,0.029885714285714276,0.011042857142857144,-0.000234646281420057,5.338170510494934e-06
0.3,1.0,2.0,0.29,0.4,17.917752207966792,0.280314326998848,0.03444239609274857,0.029885714285714276,0.011042857142857144,-0.000234646281420057,5.338170510494934e-06
0.3,1.0,4.0,0.29,0.4,17.917752207966792,0.280314326998848,0.03444239609274857,0.029885714285714276,0.011042857142857144,-0.000234646281420057,5.338170510494934e-06
0.3,1.0,6.0,0.29,0.4,17.917752207966792,0.280314326998848,0.03444239609274857,0.029885714285714276,0.011042857142857144,-0.000234646281420057,5.338170510494934e-06
0.3,1.0,8.0,0.29,0.4,17.917752207966792,0.280314326998848,0.03444239609274857,0.029885714285714276,0.011042857142857144,-0.000234646281420057,5.338170510494934e-06
0.3,1.0,10.0,0.29,0.4,17.917752207966792,0.280314326998848,0.03444239609274857,0.029885714285714276,0.011042857142857144,-0.000234646281420057,5.338170510494934e-06
0.3,1.0,12.0,0.29,0.4,17.917752207966792,0.280314326998848,0.03444239609274857,0.029885714285714276,0.011042857142857144,-0.000234646281420057,5.338170510494934e-06
0.3,1.0,14.0,0.29,0.4,17.917752207966792,0.280314326998848,0.03444239609274857,0.029885714285714276,0.011042857142857144,-0.000234646281420057,5.338170510494934e-06
0.3,1.0,16.0,0.29,0.4,17.917752207966792,0.280314326998848,0.03444239609274857,0.029885714285714276,0.011042857142857144,-0.000234646281420057,5.338170510494934e-06
0.35,0.1,,0.29,0.4,17.917752207966792,0.280314326998848,0.03444239609274857,0.029885714285714276,0.011042857142857144,-0.000234646281420057,5.338170510494934e-06
0.35,0.1,2.0,0.29,0.4,17.917752207966792,0.280314326998848,0.03444239609274857,0.029885714285714276,0.011042857142857144,-0.000234646281420057,5.338170510494934e-06
0.35,0.1,4.0,0.29,0.4,17.917752207966792,0.280314326998848,0.03444239609274857,0.029885714285714276,0.011042857142857144,-0.000234646281420057,5.338170510494934e-06
0.35,0.1,6.0,0.29,0.4,17.917752207966792,0.280314326998848,0.03444239609274857,0.029885714285714276,0.011042857142857144,-0.000234646281420057,5.338170510494934e-06
0.35,0.1,8.0,0.29,0.4,17.917752207966792,0.280314326998848,0.03444239609274857,0.029885714285714276,0.011042857142857144,-0.000234646281420057,5.338170510494934e-06
0.35,0.1,10.0,0.29,0.4,17.917752207966792,0.280314326998848,0.03444239609274857,0.029885714285714276,0.011042857142857144,-0.000234646281420057,5.338170510494934e-06
0.35,0.1,12.0,0.29,0.4,17.917752207966792,0.280314326998848,0.03444239609274857,0.029885714285714276,0.011042857142857144,-0.000234646281420057,5.338170510494934e-06
0.35,0.1,14.0,0.29,0.4,17.917752207966792,0.280314326998848,0.03444239609274857,0.029885714285714276,0.011042857142857144,-0.000234646281420057,5.338170510494934e-06
0.35,0.1,16.0,0.29,0.4,17.917752207966792,0.280314326998848,0.03444239609274857,0.029885714285714276,0.011042857142857144,-0.000234646281420057,5.338170510494934e-06
0.35,0.15,,0.29,0.4,17.917752207966792,0.280314326998848,0.03444239609274857,0.029885714285714276,0.011042857142857144,-0.000234646281420057,5.338170510494934e-06
0.35,0.15,2.0,0.29,0.4,17.917752207966792,0.280314326998848,0.03444239609274857,0.029885714285714276,0.011042857142857144,-0.000234646281420057,5.338170510494934e-06
0.35,0.15,4.0,0.29,0.4,17.917752207966792,0.280314326998848,0.03444239609274857,0.029885714285714276,0.011042857142857144,-0.000234646281420057,5.338170510494934e-06
0.35,0.15,6.0,0.29,0.4,17.917752207966792,0.280314326998848,0.03444239609274857,0.029885714285714276,0.011042857142857144,-0.000234646281420057,5.338170510494934e-06
0.35,0.15,8.0,0.29,0.4,17.917752207966792,0.280314326998848,0.03444239609274857,0.029885714285714276,0.011042857142857144,-0.000234646281420057,5.338170510494934e-06
0.35,0.15,10.0,0.29,0.4,17.917752207966792,0.280314326998848,0.03444239609274857,0.029885714285714276,0.011042857142857144,-0.000234646281420057,5.338170510494934e-06
0.35,0.15,12.0,0.29,0.4,17.917752207966792,0.280314326998848,0.03444239609274857,0.029885714285714276,0.011042857142857144,-0.000234646281420057,5.338170510494934e-06
0.35,0.15,14.0,0.29,0.4,17.917752207966792,0.280314326998848,0.03444239609274857,0.029885714285714276,0.011042857142857144,-0.000234646281420057,5.338170510494934e-06
0.35,0.15,16.0,0.29,0.4,17.917752207966792,0.280314326998848,0.03444239609274857,0.029885714285714276,0.011042857142857144,-0.000234646281420057,5.338170510494934e-06
0.35,0.2,,0.29,0.4,17.917752207966792,0.280314326998848,0.03444239609274857,0.029885714285714276,0.011042857142857144,-0.000234646281420057,5.338170510494934e-06
0.35,0.2,2.0,0.29,0.4,17.917752207966792,0.280314326998848,0.03444239609274857,0.029885714285714276,0.011042857142857144,-0.000234646281420057,5.338170510494934e-06
0.35,0.2,4.0,0.29,0.4,17.917752207966792,0.280314326998848,0.03444239609274857,0.029885714285714276,0.011042857142857144,-0.000234646281420057,5.338170510494934e-06
0.35,0.2,6.0,0.29,0.4,17.917752207966792,0.280314326998848,0.03444239609274857,0.029885714285714276,0.011042857142857144,-0.000234646281420057,5.338170510494934e-06
0.35,0.2,8.0,0.29,0.4,17.917752207966792,0.280314326998848,0.03444239609274857,0.029885714285714276,0.011042857142857144,-0.000234646281420057,5.338170510494934e-06
0.35,0.2,10.0,0.29,0.4,17.917752207966792,0.280314326998848,0.03444239609274857,0.029885714285714276,0.011042857142857144,-0.000234646281420057,5.338170510494934e-06
0.35,0.2,12.0,0.29,0.4,17.917752207966792,0.280314326998848,0.03444239609274857,0.029885714285714276,0.011042857142857144,-0.000234646281420057,5.338170510494934e-06
0.35,0.2,14.0,0.29,0.4,17.917752207966792,0.280314326998848,0.03444239609274857,0.029885714285714276,0.011042857142857144,-0.000234646281420057,5.338170510494934e-06
0.35,0.2,16.0,0.29,0.4,17.917752207966792,0.280314326998848,0.03444239609274857,0.029885714285714276,0.011042857142857144,-0.000234646281420057,5.338170510494934e-06
0.35,0.25,,0.29,0.4,17.917752207966792,0.280314326998848,0.03444239609274857,0.029885714285714276,0.011042857142857144,-0.000234646281420057,5.338170510494934e-06
0.35,0.25,2.0,0.29,0.4,17.917752207966792,0.280314326998848,0.03444239609274857,0.029885714285714276,0.011042857142857144,-0.000234646281420057,5.338170510494934e-06
0.35,0.25,4.0,0.29,0.4,17.917752207966792,0.280314326998848,0.03444239609274857,0.029885714285714276,0.011042857142857144,-0.000234646281420057,5.338170510494934e-06
0.35,0.25,6.0,0.29,0.4,17.917752207966792,0.280314326998848,0.03444239609274857,0.029885714285714276,0.011042857142857144,-0.000234646281420057,5.338170510494934e-06
0.35,0.25,8.0,0.29,0.4,17.917752207966792,0.280314326998848,0.03444239609274857,0.029885714285714276,0.011042857142857144,-0.000234646281420057,5.338170510494934e-06
0.35,0.25,10.0,0.29,0.4,17.917752207966792,0.280314326998848,0.03444239609274857,0.029885714285714276,0.011042857142857144,-0.000234646281420057,5.338170510494934e-06
0.35,0.25,12.0,0.29,0.4,17.917752207966792,0.280314326998848,0.03444239609274857,0.029885714285714276,0.011042857142857144,-0.000234646281420057,5.338170510494934e-06
0.35,0.25,14.0,0.29,0.4,17.917752207966792,0.280314326998848,0.03444239609274857,0.029885714285714276,0.011042857142857144,-0.000234646281420057,5.338170510494934e-06
0.35,0.25,16.0,0.29,0.4,17.917752207966792,0.280314326998848,0.03444239609274857,0.029885714285714276,0.011042857142857144,-0.000234646281420057,5.338170510494934e-06
0.35,0.3,,0.29,0.4,17.917752207966792,0.280314326998848,0.03444239609274857,0.029885714285714276,0.011042857142857144,-0.000234646281420057,5.338170510494934e-06
0.35,0.3,2.0,0.29,0.4,17.917752207966792,0.280314326998848,0.03444239609274857,0.029885714285714276,0.011042857142857144,-0.000234646281420057,5.338170510494934e-06
0.35,0.3,4.0,0.29,0.4,17.917752207966792,0.280314326998848,0.03444239609274857,0.029885714285714276,0.011042857142857144,-0.000234646281420057,5.338170510494934e-06
0.35,0.3,6.0,0.29,0.4,17.917752207966792,0.280314326998848,0.03444239609274857,0.029885714285714276,0.011042857142857144,-0.000234646281420057,5.338170510494934e-06
0.35,0.3,8.0,0.29,0.4,17.917752207966792,0.280314326998848,0.03444239609274857,0.029885714285714276,0.011042857142857144,-0.000234646281420057,5.338170510494934e-06
0.35,0.3,10.0,0.29,0.4,17.917752207966792,0.280314326998848,0.03444239609274857,0.029885714285714276,0.011042857142857144,-0.000234646281420057,5.338170510494934e-06
0.35,0.3,12.0,0.29,0.4,17.917752207966792,0.280314326998848,0.03444239609274857,0.029885714285714276,0.011042857142857144,-0.000234646281420057,5.338170510494934e-06
0.35,0.3,14.0,0.29,0.4,17.917752207966792,0.280314326998848,0.03444239609274857,0.029885714285714276,0.011042857142857144,-0.000234646281420057,5.338170510494934e-06
0.35,0.3,16.0,0.29,0.4,17.917752207966792,0.280314326998848,0.03444239609274857,0.029885714285714276,0.011042857142857144,-0.000234646281420057,5.338170510494934e-06
0.35,0.35,,0.29,0.4,17.917752207966792,0.280314326998848,0.03444239609274857,0.029885714285714276,0.011042857142857144,-0.000234646281420057,5.338170510494934e-06
0.35,0.35,2.0,0.29,0.4,17.917752207966792,0.280314326998848,0.03444239609274857,0.029885714285714276,0.011042857142857144,-0.000234646281420057,5.338170510494934e-06
0.35,0.35,4.0,0.29,0.4,17.917752207966792,0.280314326998848,0.03444239609274857,0.029885714285714276,0.011042857142857144,-0.000234646281420057,5.338170510494934e-06
0.35,0.35,6.0,0.29,0.4,17.917752207966792,0.280314326998848,0.03444239609274857,0.029885714285714276,0.011042857142857144,-0.000234646281420057,5.338170510494934e-06
0.35,0.35,8.0,0.29,0.4,17.917752207966792,0.280314326998848,0.03444239609274857,0.029885714285714276,0.011042857142857144,-0.000234646281420057,5.338170510494934e-06
0.35,0.35,10.0,0.29,0.4,17.917752207966792,0.280314326998848,0.03444239609274857,0.029885714285714276,0.011042857142857144,-0.000234646281420057,5.338170510494934e-06
0.35,0.35,12.0,0.29,0.4,17.917752207966792,0.280314326998848,0.03444239609274857,0.029885714285714276,0.011042857142857144,-0.000234646281420057,5.338170510494934e-06
0.35,0.35,14.0,0.29,0.4,17.917752207966792,0.280314326998848,0.03444239609274857,0.029885714285714276,0.011042857142857144,-0.000234646281420057,5.338170510494934e-06
0.35,0.35,16.0,0.29,0.4,17.917752207966792,0.280314326998848,0.03444239609274857,0.029885714285714276,0.011042857142857144,-0.000234646281420057,5.338170510494934e-06
0.35,0.4,,0.29,0.4,17.917752207966792,0.280314326998848,0.03444239609274857,0.029885714285714276,0.011042857142857144,-0.000234646281420057,5.338170510494934e-06
0.35,0.4,2.0,0.29,0.4,17.917752207966792,0.280314326998848,0.03444239609274857,0.029885714285714276,0.011042857142857144,-0.000234646281420057,5.338170510494934e-06
0.35,0.4,4.0,0.29,0.4,17.917752207966792,0.280314326998848,0.03444239609274857,0.029885714285714276,0.011042857142857144,-0.000234646281420057,5.338170510494934e-06
0.35,0.4,6.0,0.29,0.4,17.917752207966792,0.280314326998848,0.03444239609274857,0.029885714285714276,0.011042857142857144,-0.000234646281420057,5.338170510494934e-06
0.35,0.4,8.0,0.29,0.4,17.917752207966792,0.280314326998848,0.03444239609274857,0.029885714285714276,0.011042857142857144,-0.000234646281420057,5.338170510494934e-06
0.35,0.4,10.0,0.29,0.4,17.917752207966792,0.280314326998848,0.03444239609274857,0.029885714285714276,0.011042857142857144,-0.000234646281420057,5.338170510494934e-06
0.35,0.4,12.0,0.29,0.4,17.917752207966792,0.280314326998848,0.03444239609274857,0.029885714285714276,0.011042857142857144,-0.000234646281420057,5.338170510494934e-06
0.35,0.4,14.0,0.29,0.4,17.917752207966792,0.280314326998848,0.03444239609274857,0.029885714285714276,0.011042857142857144,-0.000234646281420057,5.338170510494934e-06
0.35,0.4,16.0,0.29,0.4,17.917752207966792,0.280314326998848,0.03444239609274857,0.029885714285714276,0.011042857142857144,-0.000234646281420057,5.338170510494934e-06
0.35,0.45,,0.29,0.4,17.917752207966792,0.280314326998848,0.03444239609274857,0.029885714285714276,0.011042857142857144,-0.000234646281420057,5.338170510494934e-06
0.35,0.45,2.0,0.29,0.4,17.917752207966792,0.280314326998848,0.03444239609274857,0.029885714285714276,0.011042857142857144,-0.000234646281420057,5.338170510494934e-06
0.35,0.45,4.0,0.29,0.4,17.917752207966792,0.280314326998848,0.03444239609274857,0.029885714285714276,0.011042857142857144,-0.000234646281420057,5.338170510494934e-06
0.35,0.45,6.0,0.29,0.4,17.917752207966792,0.280314326998848,0.03444239609274857,0.029885714285714276,0.011042857142857144,-0.000234646281420057,5.338170510494934e-06
0.35,0.45,8.0,0.29,0.4,17.917752207966792,0.280314326998848,0.03444239609274857,0.029885714285714276,0.011042857142857144,-0.000234646281420057,5.338170510494934e-06
0.35,0.45,10.0,0.29,0.4,17.917752207966792,0.280314326998848,0.03444239609274857,0.029885714285714276,0.011042857142857144,-0.000234646281420057,5.338170510494934e-06
0.35,0.45,12.0,0.29,0.4,17.917752207966792,0.280314326998848,0.03444239609274857,0.029885714285714276,0.011042857142857144,-0.000234646281420057,5.338170510494934e-06
0.35,0.45,14.0,0.29,0.4,17.917752207966792,0.280314326998848,0.03444239609274857,0.029885714285714276,0.011042857142857144,-0.000234646281420057,5.338170510494934e-06
0.35,0.45,16.0,0.29,0.4,17.917752207966792,0.280314326998848,0.03444239609274857,0.029885714285714276,0.011042857142857144,-0.000234646281420057,5.338170510494934e-06
0.35,0.5,,0.29,0.4,17.917752207966792,0.280314326998848,0.03444239609274857,0.029885714285714276,0.011042857142857144,-0.000234646281420057,5.338170510494934e-06
0.35,0.5,2.0,0.29,0.4,17.917752207966792,0.280314326998848,0.03444239609274857,0.029885714285714276,0.011042857142857144,-0.000234646281420057,5.338170510494934e-06
0.35,0.5,4.0,0.29,0.4,17.917752207966792,0.280314326998848,0.03444239609274857,0.029885714285714276,0.011042857142857144,-0.000234646281420057,5.338170510494934e-06
0.35,0.5,6.0,0.29,0.4,17.917752207966792,0.280314326998848,0.03444239609274857,0.029885714285714276,0.011042857142857144,-0.000234646281420057,5.338170510494934e-06
0.35,0.5,8.0,0.29,0.4,17.917752207966792,0.280314326998848,0.03444239609274857,0.029885714285714276,0.011042857142857144,-0.000234646281420057,5.338170510494934e-06
0.35,0.5,10.0,0.29,0.4,17.917752207966792,0.280314326998848,0.03444239609274857,0.029885714285714276,0.011042857142857144,-0.000234646281420057,5.338170510494934e-06
0.35,0.5,12.0,0.29,0.4,17.917752207966792,0.280314326998848,0.03444239609274857,0.029885714285714276,0.011042857142857144,-0.000234646281420057,5.338170510494934e-06
0.35,0.5,14.0,0.29,0.4,17.917752207966792,0.280314326998848,0.03444239609274857,0.029885714285714276,0.011042857142857144,-0.000234646281420057,5.338170510494934e-06
0.35,0.5,16.0,0.29,0.4,17.917752207966792,0.280314326998848,0.03444239609274857,0.029885714285714276,0.011042857142857144,-0.000234646281420057,5.338170510494934e-06
0.35,0.55,,0.29,0.4,17.917752207966792,0.280314326998848,0.03444239609274857,0.029885714285714276,0.011042857142857144,-0.000234646281420057,5.338170510494934e-06
0.35,0.55,2.0,0.29,0.4,17.917752207966792,0.280314326998848,0.03444239609274857,0.029885714285714276,0.011042857142857144,-0.000234646281420057,5.338170510494934e-06
0.35,0.55,4.0,0.29,0.4,17.917752207966792,0.280314326998848,0.03444239609274857,0.029885714285714276,0.011042857142857144,-0.000234646281420057,5.338170510494934e-06
0.35,0.55,6.0,0.29,0.4,17.917752207966792,0.280314326998848,0.03444239609274857,0.029885714285714276,0.011042857142857144,-0.000234646281420057,5.338170510494934e-06
0.35,0.55,8.0,0.29,0.4,17.917752207966792,0.280314326998848,0.03444239609274857,0.029885714285714276,0.011042857142857144,-0.000234646281420057,5.338170510494934e-06
0.35,0.55,10.0,0.29,0.4,17.917752207966792,0.280314326998848,0.03444239609274857,0.029885714285714276,0.011042857142857144,-0.000234646281420057,5.338170510494934e-06
0.35,0.55,12.0,0.29,0.4,17.917752207966792,0.280314326998848,0.03444239609274857,0.029885714285714276,0.011042857142857144,-0.000234646281420057,5.338170510494934e-06
0.35,0.55,14.0,0.29,0.4,17.917752207966792,0.280314326998848,0.03444239609274857,0.029885714285714276,0.011042857142857144,-0.000234646281420057,5.338170510494934e-06
0.35,0.55,16.0,0.29,0.4,17.917752207966792,0.280314326998848,0.03444239609274857,0.029885714285714276,0.011042857142857144,-0.000234646281420057,5.338170510494934e-06
0.35,0.6,,0.29,0.4,17.917752207966792,0.280314326998848,0.03444239609274857,0.029885714285714276,0.011042857142857144,-0.000234646281420057,5.338170510494934e-06
0.35,0.6,2.0,0.29,0.4,17.917752207966792,0.280314326998848,0.03444239609274857,0.029885714285714276,0.011042857142857144,-0.000234646281420057,5.338170510494934e-06
0.35,0.6,4.0,0.29,0.4,17.917752207966792,0.280314326998848,0.03444239609274857,0.029885714285714276,0.011042857142857144,-0.000234646281420057,5.338170510494934e-06
0.35,0.6,6.0,0.29,0.4,17.917752207966792,0.280314326998848,0.03444239609274857,0.029885714285714276,0.011042857142857144,-0.000234646281420057,5.338170510494934e-06
0.35,0.6,8.0,0.29,0.4,17.917752207966792,0.280314326998848,0.03444239609274857,0.029885714285714276,0.011042857142857144,-0.000234646281420057,5.338170510494934e-06
0.35,0.6,10.0,0.29,0.4,17.917752207966792,0.280314326998848,0.03444239609274857,0.029885714285714276,0.011042857142857144,-0.000234646281420057,5.338170510494934e-06
0.35,0.6,12.0,0.29,0.4,17.917752207966792,0.280314326998848,0.03444239609274857,0.029885714285714276,0.011042857142857144,-0.000234646281420057,5.338170510494934e-06
0.35,0.6,14.0,0.29,0.4,17.917752207966792,0.280314326998848,0.03444239609274857,0.029885714285714276,0.011042857142857144,-0.000234646281420057,5.338170510494934e-06
0.35,0.6,16.0,0.29,0.4,17.917752207966792,0.280314326998848,0.03444239609274857,0.029885714285714276,0.011042857142857144,-0.000234646281420057,5.338170510494934e-06
0.35,0.65,,0.29,0.4,17.917752207966792,0.280314326998848,0.03444239609274857,0.029885714285714276,0.011042857142857144,-0.000234646281420057,5.338170510494934e-06
0.35,0.65,2.0,0.29,0.4,17.917752207966792,0.280314326998848,0.03444239609274857,0.029885714285714276,0.011042857142857144,-0.000234646281420057,5.338170510494934e-06
0.35,0.65,4.0,0.29,0.4,17.917752207966792,0.280314326998848,0.03444239609274857,0.029885714285714276,0.011042857142857144,-0.000234646281420057,5.338170510494934e-06
0.35,0.65,6.0,0.29,0.4,17.917752207966792,0.280314326998848,0.03444239609274857,0.029885714285714276,0.011042857142857144,-0.000234646281420057,5.338170510494934e-06
0.35,0.65,8.0,0.29,0.4,17.917752207966792,0.280314326998848,0.03444239609274857,0.029885714285714276,0.011042857142857144,-0.000234646281420057,5.338170510494934e-06
0.35,0.65,10.0,0.29,0.4,17.917752207966792,0.280314326998848,0.03444239609274857,0.029885714285714276,0.011042857142857144,-0.000234646281420057,5.338170510494934e-06
0.35,0.65,12.0,0.29,0.4,17.917752207966792,0.280314326998848,0.03444239609274857,0.029885714285714276,0.011042857142857144,-0.000234646281420057,5.338170510494934e-06
0.35,0.65,14.0,0.29,0.4,17.917752207966792,0.280314326998848,0.03444239609274857,0.029885714285714276,0.011042857142857144,-0.000234646281420057,5.338170510494934e-06
0.35,0.65,16.0,0.29,0.4,17.917752207966792,0.280314326998848,0.03444239609274857,0.029885714285714276,0.011042857142857144,-0.000234646281420057,5.338170510494934e-06
0.35,0.7,,0.29,0.4,17.917752207966792,0.280314326998848,0.03444239609274857,0.029885714285714276,0.011042857142857144,-0.000234646281420057,5.338170510494934e-06
0.35,0.7,2.0,0.29,0.4,17.917752207966792,0.280314326998848,0.03444239609274857,0.029885714285714276,0.011042857142857144,-0.000234646281420057,5.338170510494934e-06
0.35,0.7,4.0,0.29,0.4,17.917752207966792,0.280314326998848,0.03444239609274857,0.029885714285714276,0.011042857142857144,-0.000234646281420057,5.338170510494934e-06
0.35,0.7,6.0,0.29,0.4,17.917752207966792,0.280314326998848,0.03444239609274857,0.029885714285714276,0.011042857142857144,-0.000234646281420057,5.338170510494934e-06
0.35,0.7,8.0,0.29,0.4,17.917752207966792,0.280314326998848,0.03444239609274857,0.029885714285714276,0.011042857142857144,-0.000234646281420057,5.338170510494934e-06
0.35,0.7,10.0,0.29,0.4,17.917752207966792,0.280314326998848,0.03444239609274857,0.029885714285714276,0.011042857142857144,-0.000234646281420057,5.338170510494934e-06
0.35,0.7,12.0,0.29,0.4,17.917752207966792,0.280314326998848,0.03444239609274857,0.029885714285714276,0.011042857142857144,-0.000234646281420057,5.338170510494934e-06
0.35,0.7,14.0,0.29,0.4,17.917752207966792,0.280314326998848,0.03444239609274857,0.029885714285714276,0.011042857142857144,-0.000234646281420057,5.338170510494934e-06
0.35,0.7,16.0,0.29,0.4,17.917752207966792,0.280314326998848,0.03444239609274857,0.029885714285714276,0.011042857142857144,-0.000234646281420057,5.338170510494934e-06
0.35,0.75,,0.29,0.4,17.917752207966792,0.280314326998848,0.03444239609274857,0.029885714285714276,0.011042857142857144,-0.000234646281420057,5.338170510494934e-06
0.35,0.75,2.0,0.29,0.4,17.917752207966792,0.280314326998848,0.03444239609274857,0.029885714285714276,0.011042857142857144,-0.000234646281420057,5.338170510494934e-06
0.35,0.75,4.0,0.29,0.4,17.917752207966792,0.280314326998848,0.03444239609274857,0.029885714285714276,0.011042857142857144,-0.000234646281420057,5.338170510494934e-06
0.35,0.75,6.0,0.29,0.4,17.917752207966792,0.280314326998848,0.03444239609274857,0.029885714285714276,0.011042857142857144,-0.000234646281420057,5.338170510494934e-06
0.35,0.75,8.0,0.29,0.4,17.917752207966792,0.280314326998848,0.03444239609274857,0.029885714285714276,0.011042857142857144,-0.000234646281420057,5.338170510494934e-06
0.35,0.75,10.0,0.29,0.4,17.917752207966792,0.280314326998848,0.03444239609274857,0.029885714285714276,0.011042857142857144,-0.000234646281420057,5.338170510494934e-06
0.35,0.75,12.0,0.29,0.4,17.917752207966792,0.280314326998848,0.03444239609274857,0.029885714285714276,0.011042857142857144,-0.000234646281420057,5.338170510494934e-06
0.35,0.75,14.0,0.29,0.4,17.917752207966792,0.280314326998848,0.03444239609274857,0.029885714285714276,0.011042857142857144,-0.000234646281420057,5.338170510494934e-06
0.35,0.75,16.0,0.29,0.4,17.917752207966792,0.280314326998848,0.03444239609274857,0.029885714285714276,0.011042857142857144,-0.000234646281420057,5.338170510494934e-06
0.35,0.8,,0.29,0.4,17.917752207966792,0.280314326998848,0.03444239609274857,0.029885714285714276,0.011042857142857144,-0.000234646281420057,5.338170510494934e-06
0.35,0.8,2.0,0.29,0.4,17.917752207966792,0.280314326998848,0.03444239609274857,0.029885714285714276,0.011042857142857144,-0.000234646281420057,5.338170510494934e-06
0.35,0.8,4.0,0.29,0.4,17.917752207966792,0.280314326998848,0.03444239609274857,0.029885714285714276,0.011042857142857144,-0.000234646281420057,5.338170510494934e-06
0.35,0.8,6.0,0.29,0.4,17.917752207966792,0.280314326998848,0.03444239609274857,0.029885714285714276,0.011042857142857144,-0.000234646281420057,5.338170510494934e-06
0.35,0.8,8.0,0.29,0.4,17.917752207966792,0.280314326998848,0.03444239609274857,0.029885714285714276,0.011042857142857144,-0.000234646281420057,5.338170510494934e-06
0.35,0.8,10.0,0.29,0.4,17.917752207966792,0.280314326998848,0.03444239609274857,0.029885714285714276,0.011042857142857144,-0.000234646281420057,5.338170510494934e-06
0.35,0.8,12.0,0.29,0.4,17.917752207966792,0.280314326998848,0.03444239609274857,0.029885714285714276,0.011042857142857144,-0.000234646281420057,5.338170510494934e-06
0.35,0.8,14.0,0.29,0.4,17.917752207966792,0.280314326998848,0.03444239609274857,0.029885714285714276,0.011042857142857144,-0.000234646281420057,5.338170510494934e-06
0.35,0.8,16.0,0.29,0.4,17.917752207966792,0.280314326998848,0.03444239609274857,0.029885714285714276,0.011042857142857144,-0.000234646281420057,5.338170510494934e-06
0.35,0.85,,0.29,0.4,17.917752207966792,0.280314326998848,0.03444239609274857,0.029885714285714276,0.011042857142857144,-0.000234646281420057,5.338170510494934e-06
0.35,0.85,2.0,0.29,0.4,17.917752207966792,0.280314326998848,0.03444239609274857,0.029885714285714276,0.011042857142857144,-0.000234646281420057,5.338170510494934e-06
0.35,0.85,4.0,0.29,0.4,17.917752207966792,0.280314326998848,0.03444239609274857,0.029885714285714276,0.011042857142857144,-0.000234646281420057,5.338170510494934e-06
0.35,0.85,6.0,0.29,0.4,17.917752207966792,0.280314326998848,0.03444239609274857,0.029885714285714276,0.011042857142857144,-0.000234646281420057,5.338170510494934e-06
0.35,0.85,8.0,0.29,0.4,17.917752207966792,0.280314326998848,0.03444239609274857,0.029885714285714276,0.011042857142857144,-0.000234646281420057,5.338170510494934e-06
0.35,0.85,10.0,0.29,0.4,17.917752207966792,0.280314326998848,0.03444239609274857,0.029885714285714276,0.011042857142857144,-0.000234646281420057,5.338170510494934e-06
0.35,0.85,12.0,0.29,0.4,17.917752207966792,0.280314326998848,0.03444239609274857,0.029885714285714276,0.011042857142857144,-0.000234646281420057,5.338170510494934e-06
0.35,0.85,14.0,0.29,0.4,17.917752207966792,0.280314326998848,0.03444239609274857,0.029885714285714276,0.011042857142857144,-0.000234646281420057,5.338170510494934e-06
0.35,0.85,16.0,0.29,0.4,17.917752207966792,0.280314326998848,0.03444239609274857,0.029885714285714276,0.011042857142857144,-0.000234646281420057,5.338170510494934e-06
0.35,0.9,,0.29,0.4,17.917752207966792,0.280314326998848,0.03444239609274857,0.029885714285714276,0.011042857142857144,-0.000234646281420057,5.338170510494934e-06
0.35,0.9,2.0,0.29,0.4,17.917752207966792,0.280314326998848,0.03444239609274857,0.029885714285714276,0.011042857142857144,-0.000234646281420057,5.338170510494934e-06
0.35,0.9,4.0,0.29,0.4,17.917752207966792,0.280314326998848,0.03444239609274857,0.029885714285714276,0.011042857142857144,-0.000234646281420057,5.338170510494934e-06
0.35,0.9,6.0,0.29,0.4,17.917752207966792,0.280314326998848,0.03444239609274857,0.029885714285714276,0.011042857142857144,-0.000234646281420057,5.338170510494934e-06
0.35,0.9,8.0,0.29,0.4,17.917752207966792,0.280314326998848,0.03444239609274857,0.029885714285714276,0.011042857142857144,-0.000234646281420057,5.338170510494934e-06
0.35,0.9,10.0,0.29,0.4,17.917752207966792,0.280314326998848,0.03444239609274857,0.029885714285714276,0.011042857142857144,-0.000234646281420057,5.338170510494934e-06
0.35,0.9,12.0,0.29,0.4,17.917752207966792,0.280314326998848,0.03444239609274857,0.029885714285714276,0.011042857142857144,-0.000234646281420057,5.338170510494934e-06
0.35,0.9,14.0,0.29,0.4,17.917752207966792,0.280314326998848,0.03444239609274857,0.029885714285714276,0.011042857142857144,-0.000234646281420057,5.338170510494934e-06
0.35,0.9,16.0,0.29,0.4,17.917752207966792,0.280314326998848,0.03444239609274857,0.029885714285714276,0.011042857142857144,-0.000234646281420057,5.338170510494934e-06
0.35,0.95,,0.29,0.4,17.917752207966792,0.280314326998848,0.03444239609274857,0.029885714285714276,0.011042857142857144,-0.000234646281420057,5.338170510494934e-06
0.35,0.95,2.0,0.29,0.4,17.917752207966792,0.280314326998848,0.03444239609274857,0.029885714285714276,0.011042857142857144,-0.000234646281420057,5.338170510494934e-06
0.35,0.95,4.0,0.29,0.4,17.917752207966792,0.280314326998848,0.03444239609274857,0.029885714285714276,0.011042857142857144,-0.000234646281420057,5.338170510494934e-06
0.35,0.95,6.0,0.29,0.4,17.917752207966792,0.280314326998848,0.03444239609274857,0.029885714285714276,0.011042857142857144,-0.000234646281420057,5.338170510494934e-06
0.35,0.95,8.0,0.29,0.4,17.917752207966792,0.280314326998848,0.03444239609274857,0.029885714285714276,0.011042857142857144,-0.000234646281420057,5.338170510494934e-06
0.35,0.95,10.0,0.29,0.4,17.917752207966792,0.280314326998848,0.03444239609274857,0.029885714285714276,0.011042857142857144,-0.000234646281420057,5.338170510494934e-06
0.35,0.95,12.0,0.29,0.4,17.917752207966792,0.280314326998848,0.03444239609274857,0.029885714285714276,0.011042857142857144,-0.000234646281420057,5.338170510494934e-06
0.35,0.95,14.0,0.29,0.4,17.917752207966792,0.280314326998848,0.03444239609274857,0.029885714285714276,0.011042857142857144,-0.000234646281420057,5.338170510494934e-06
0.35,0.95,16.0,0.29,0.4,17.917752207966792,0.280314326998848,0.03444239609274857,0.029885714285714276,0.011042857142857144,-0.000234646281420057,5.338170510494934e-06
0.35,1.0,,0.29,0.4,17.917752207966792,0.280314326998848,0.03444239609274857,0.029885714285714276,0.011042857142857144,-0.000234646281420057,5.338170510494934e-06
0.35,1.0,2.0,0.29,0.4,17.917752207966792,0.280314326998848,0.03444239609274857,0.029885714285714276,0.011042857142857144,-0.000234646281420057,5.338170510494934e-06
0.35,1.0,4.0,0.29,0.4,17.917752207966792,0.280314326998848,0.03444239609274857,0.029885714285714276,0.011042857142857144,-0.000234646281420057,5.338170510494934e-06
0.35,1.0,6.0,0.29,0.4,17.917752207966792,0.280314326998848,0.03444239609274857,0.029885714285714276,0.011042857142857144,-0.000234646281420057,5.338170510494934e-06
0.35,1.0,8.0,0.29,0.4,17.917752207966792,0.280314326998848,0.03444239609274857,0.029885714285714276,0.011042857142857144,-0.000234646281420057,5.338170510494934e-06
0.35,1.0,10.0,0.29,0.4,17.917752207966792,0.280314326998848,0.03444239609274857,0.029885714285714276,0.011042857142857144,-0.000234646281420057,5.338170510494934e-06
0.35,1.0,12.0,0.29,0.4,17.917752207966792,0.280314326998848,0.03444239609274857,0.029885714285714276,0.011042857142857144,-0.000234646281420057,5.338170510494934e-06
0.35,1.0,14.0,0.29,0.4,17.917752207966792,0.280314326998848,0.03444239609274857,0.029885714285714276,0.011042857142857144,-0.000234646281420057,5.338170510494934e-06
0.35,1.0,16.0,0.29,0.4,17.917752207966792,0.280314326998848,0.03444239609274857,0.029885714285714276,0.011042857142857144,-0.000234646281420057,5.338170510494934e-06
0.4,0.1,,0.29,0.39,18.06050740970064,0.36904265551980675,0.034397916550841595,0.02454,0.014980000000000002,-0.00025688405797101447,-1.4777432712215288e-05
0.4,0.1,2.0,0.29,0.39,18.06050740970064,0.36904265551980675,0.034397916550841595,0.02454,0.014980000000000002,-0.00025688405797101447,-1.4777432712215288e-05
0.4,0.1,4.0,0.29,0.39,18.06050740970064,0.36904265551980675,0.034397916550841595,0.02454,0.014980000000000002,-0.00025688405797101447,-1.4777432712215288e-05
0.4,0.1,6.0,0.29,0.39,18.06050740970064,0.36904265551980675,0.034397916550841595,0.02454,0.014980000000000002,-0.00025688405797101447,-1.4777432712215288e-05
0.4,0.1,8.0,0.29,0.39,18.06050740970064,0.36904265551980675,0.034397916550841595,0.02454,0.014980000000000002,-0.00025688405797101447,-1.4777432712215288e-05
0.4,0.1,10.0,0.29,0.39,18.06050740970064,0.36904265551980675,0.034397916550841595,0.02454,0.014980000000000002,-0.00025688405797101447,-1.4777432712215288e-05
0.4,0.1,12.0,0.29,0.39,18.06050740970064,0.36904265551980675,0.034397916550841595,0.02454,0.014980000000000002,-0.00025688405797101447,-1.4777432712215288e-05
0.4,0.1,14.0,0.29,0.39,18.06050740970064,0.36904265551980675,0.034397916550841595,0.02454,0.014980000000000002,-0.00025688405797101447,-1.4777432712215288e-05
0.4,0.1,16.0,0.29,0.39,18.06050740970064,0.36904265551980675,0.034397916550841595,0.02454,0.014980000000000002,-0.00025688405797101447,-1.4777432712215288e-05
0.4,0.1,18.0,0.29,0.39,18.06050740970064,0.36904265551980675,0.034397916550841595,0.02454,0.014980000000000002,-0.00025688405797101447,-1.4777432712215288e-05
0.4,0.15,,0.29,0.39,18.06050740970064,0.36904265551980675,0.034397916550841595,0.02454,0.014980000000000002,-0.00025688405797101447,-1.4777432712215288e-05
0.4,0.15,2.0,0.29,0.39,18.06050740970064,0.36904265551980675,0.034397916550841595,0.02454,0.014980000000000002,-0.00025688405797101447,-1.4777432712215288e-05
0.4,0.15,4.0,0.29,0.39,18.06050740970064,0.36904265551980675,0.034397916550841595,0.02454,0.014980000000000002,-0.00025688405797101447,-1.4777432712215288e-05
0.4,0.15,6.0,0.29,0.39,18.06050740970064,0.36904265551980675,0.034397916550841595,0.02454,0.014980000000000002,-0.00025688405797101447,-1.4777432712215288e-05
0.4,0.15,8.0,0.29,0.39,18.06050740970064,0.36904265551980675,0.034397916550841595,0.02454,0.014980000000000002,-0.00025688405797101447,-1.4777432712215288e-05
0.4,0.15,10.0,0.29,0.39,18.06050740970064,0.36904265551980675,0.034397916550841595,0.02454,0.014980000000000002,-0.00025688405797101447,-1.4777432712215288e-05
0.4,0.15,12.0,0.29,0.39,18.06050740970064,0.36904265551980675,0.034397916550841595,0.02454,0.014980000000000002,-0.00025688405797101447,-1.4777432712215288e-05
0.4,0.15,14.0,0.29,0.39,18.06050740970064,0.36904265551980675,0.034397916550841595,0.02454,0.014980000000000002,-0.00025688405797101447,-1.4777432712215288e-05
0.4,0.15,16.0,0.29,0.39,18.06050740970064,0.36904265551980675,0.034397916550841595,0.02454,0.014980000000000002,-0.00025688405797101447,-1.4777432712215288e-05
0.4,0.15,18.0,0.29,0.39,18.06050740970064,0.36904265551980675,0.034397916550841595,0.02454,0.014980000000000002,-0.00025688405797101447,-1.4777432712215288e-05
0.4,0.2,,0.29,0.39,18.06050740970064,0.36904265551980675,0.034397916550841595,0.02454,0.014980000000000002,-0.00025688405797101447,-1.4777432712215288e-05
0.4,0.2,2.0,0.29,0.39,18.06050740970064,0.36904265551980675,0.034397916550841595,0.02454,0.014980000000000002,-0.00025688405797101447,-1.4777432712215288e-05
0.4,0.2,4.0,0.29,0.39,18.06050740970064,0.36904265551980675,0.034397916550841595,0.02454,0.014980000000000002,-0.00025688405797101447,-1.4777432712215288e-05
0.4,0.2,6.0,0.29,0.39,18.06050740970064,0.36904265551980675,0.034397916550841595,0.02454,0.014980000000000002,-0.00025688405797101447,-1.4777432712215288e-05
0.4,0.2,8.0,0.29,0.39,18.06050740970064,0.36904265551980675,0.034397916550841595,0.02454,0.014980000000000002,-0.00025688405797101447,-1.4777432712215288e-05
0.4,0.2,10.0,0.29,0.39,18.06050740970064,0.36904265551980675,0.034397916550841595,0.02454,0.014980000000000002,-0.00025688405797101447,-1.4777432712215288e-05
0.4,0.2,12.0,0.29,0.39,18.06050740970064,0.36904265551980675,0.034397916550841595,0.02454,0.014980000000000002,-0.00025688405797101447,-1.4777432712215288e-05
0.4,0.2,14.0,0.29,0.39,18.06050740970064,0.36904265551980675,0.034397916550841595,0.02454,0.014980000000000002,-0.00025688405797101447,-1.4777432712215288e-05
0.4,0.2,16.0,0.29,0.39,18.06050740970064,0.36904265551980675,0.034397916550841595,0.02454,0.014980000000000002,-0.00025688405797101447,-1.4777432712215288e-05
0.4,0.2,18.0,0.29,0.39,18.06050740970064,0.36904265551980675,0.034397916550841595,0.02454,0.014980000000000002,-0.00025688405797101447,-1.4777432712215288e-05
0.4,0.25,,0.29,0.39,18.06050740970064,0.36904265551980675,0.034397916550841595,0.02454,0.014980000000000002,-0.00025688405797101447,-1.4777432712215288e-05
0.4,0.25,2.0,0.29,0.39,18.06050740970064,0.36904265551980675,0.034397916550841595,0.02454,0.014980000000000002,-0.00025688405797101447,-1.4777432712215288e-05
0.4,0.25,4.0,0.29,0.39,18.06050740970064,0.36904265551980675,0.034397916550841595,0.02454,0.014980000000000002,-0.00025688405797101447,-1.4777432712215288e-05
0.4,0.25,6.0,0.29,0.39,18.06050740970064,0.36904265551980675,0.034397916550841595,0.02454,0.014980000000000002,-0.00025688405797101447,-1.4777432712215288e-05
0.4,0.25,8.0,0.29,0.39,18.06050740970064,0.36904265551980675,0.034397916550841595,0.02454,0.014980000000000002,-0.00025688405797101447,-1.4777432712215288e-05
0.4,0.25,10.0,0.29,0.39,18.06050740970064,0.36904265551980675,0.034397916550841595,0.02454,0.014980000000000002,-0.00025688405797101447,-1.4777432712215288e-05
0.4,0.25,12.0,0.29,0.39,18.06050740970064,0.36904265551980675,0.034397916550841595,0.02454,0.014980000000000002,-0.00025688405797101447,-1.4777432712215288e-05
0.4,0.25,14.0,0.29,0.39,18.06050740970064,0.36904265551980675,0.034397916550841595,0.02454,0.014980000000000002,-0.00025688405797101447,-1.4777432712215288e-05
0.4,0.25,16.0,0.29,0.39,18.06050740970064,0.36904265551980675,0.034397916550841595,0.02454,0.014980000000000002,-0.00025688405797101447,-1.4777432712215288e-05
0.4,0.25,18.0,0.29,0.39,18.06050740970064,0.36904265551980675,0.034397916550841595,0.02454,0.014980000000000002,-0.00025688405797101447,-1.4777432712215288e-05
0.4,0.3,,0.29,0.39,18.06050740970064,0.36904265551980675,0.034397916550841595,0.02454,0.014980000000000002,-0.00025688405797101447,-1.4777432712215288e-05
0.4,0.3,2.0,0.29,0.39,18.06050740970064,0.36904265551980675,0.034397916550841595,0.02454,0.014980000000000002,-0.00025688405797101447,-1.4777432712215288e-05
0.4,0.3,4.0,0.29,0.39,18.06050740970064,0.36904265551980675,0.034397916550841595,0.02454,0.014980000000000002,-0.00025688405797101447,-1.4777432712215288e-05
0.4,0.3,6.0,0.29,0.39,18.06050740970064,0.36904265551980675,0.034397916550841595,0.02454,0.014980000000000002,-0.00025688405797101447,-1.4777432712215288e-05
0.4,0.3,8.0,0.29,0.39,18.06050740970064,0.36904265551980675,0.034397916550841595,0.02454,0.014980000000000002,-0.00025688405797101447,-1.4777432712215288e-05
0.4,0.3,10.0,0.29,0.39,18.06050740970064,0.36904265551980675,0.034397916550841595,0.02454,0.014980000000000002,-0.00025688405797101447,-1.4777432712215288e-05
0.4,0.3,12.0,0.29,0.39,18.06050740970064,0.36904265551980675,0.034397916550841595,0.02454,0.014980000000000002,-0.00025688405797101447,-1.4777432712215288e-05
0.4,0.3,14.0,0.29,0.39,18.06050740970064,0.36904265551980675,0.034397916550841595,0.02454,0.014980000000000002,-0.00025688405797101447,-1.4777432712215288e-05
0.4,0.3,16.0,0.29,0.39,18.06050740970064,0.36904265551980675,0.034397916550841595,0.02454,0.014980000000000002,-0.00025688405797101447,-1.4777432712215288e-05
0.4,0.3,18.0,0.29,0.39,18.06050740970064,0.36904265551980675,0.034397916550841595,0.02454,0.014980000000000002,-0.00025688405797101447,-1.4777432712215288e-05
0.4,0.35,,0.29,0.39,18.06050740970064,0.36904265551980675,0.034397916550841595,0.02454,0.014980000000000002,-0.00025688405797101447,-1.4777432712215288e-05
0.4,0.35,2.0,0.29,0.39,18.06050740970064,0.36904265551980675,0.034397916550841595,0.02454,0.014980000000000002,-0.00025688405797101447,-1.4777432712215288e-05
0.4,0.35,4.0,0.29,0.39,18.06050740970064,0.36904265551980675,0.034397916550841595,0.02454,0.014980000000000002,-0.00025688405797101447,-1.4777432712215288e-05
0.4,0.35,6.0,0.29,0.39,18.06050740970064,0.36904265551980675,0.034397916550841595,0.02454,0.014980000000000002,-0.00025688405797101447,-1.4777432712215288e-05
0.4,0.35,8.0,0.29,0.39,18.06050740970064,0.36904265551980675,0.034397916550841595,0.02454,0.014980000000000002,-0.00025688405797101447,-1.4777432712215288e-05
0.4,0.35,10.0,0.29,0.39,18.06050740970064,0.36904265551980675,0.034397916550841595,0.02454,0.014980000000000002,-0.00025688405797101447,-1.4777432712215288e-05
0.4,0.35,12.0,0.29,0.39,18.06050740970064,0.36904265551980675,0.034397916550841595,0.02454,0.014980000000000002,-0.00025688405797101447,-1.4777432712215288e-05
0.4,0.35,14.0,0.29,0.39,18.06050740970064,0.36904265551980675,0.034397916550841595,0.02454,0.014980000000000002,-0.00025688405797101447,-1.4777432712215288e-05
0.4,0.35,16.0,0.29,0.39,18.06050740970064,0.36904265551980675,0.034397916550841595,0.02454,0.014980000000000002,-0.00025688405797101447,-1.4777432712215288e-05
0.4,0.35,18.0,0.29,0.39,18.06050740970064,0.36904265551980675,0.034397916550841595,0.02454,0.014980000000000002,-0.00025688405797101447,-1.4777432712215288e-05
0.4,0.4,,0.29,0.39,18.06050740970064,0.36904265551980675,0.034397916550841595,0.02454,0.014980000000000002,-0.00025688405797101447,-1.4777432712215288e-05
0.4,0.4,2.0,0.29,0.39,18.06050740970064,0.36904265551980675,0.034397916550841595,0.02454,0.014980000000000002,-0.00025688405797101447,-1.4777432712215288e-05
0.4,0.4,4.0,0.29,0.39,18.06050740970064,0.36904265551980675,0.034397916550841595,0.02454,0.014980000000000002,-0.00025688405797101447,-1.4777432712215288e-05
0.4,0.4,6.0,0.29,0.39,18.06050740970064,0.36904265551980675,0.034397916550841595,0.02454,0.014980000000000002,-0.00025688405797101447,-1.4777432712215288e-05
0.4,0.4,8.0,0.29,0.39,18.06050740970064,0.36904265551980675,0.034397916550841595,0.02454,0.014980000000000002,-0.00025688405797101447,-1.4777432712215288e-05
0.4,0.4,10.0,0.29,0.39,18.06050740970064,0.36904265551980675,0.034397916550841595,0.02454,0.014980000000000002,-0.00025688405797101447,-1.4777432712215288e-05
0.4,0.4,12.0,0.29,0.39,18.06050740970064,0.36904265551980675,0.034397916550841595,0.02454,0.014980000000000002,-0.00025688405797101447,-1.4777432712215288e-05
0.4,0.4,14.0,0.29,0.39,18.06050740970064,0.36904265551980675,0.034397916550841595,0.02454,0.014980000000000002,-0.00025688405797101447,-1.4777432712215288e-05
0.4,0.4,16.0,0.29,0.39,18.06050740970064,0.36904265551980675,0.034397916550841595,0.02454,0.014980000000000002,-0.00025688405797101447,-1.4777432712215288e-05
0.4,0.4,18.0,0.29,0.39,18.06050740970064,0.36904265551980675,0.034397916550841595,0.02454,0.014980000000000002,-0.00025688405797101447,-1.4777432712215288e-05
0.4,0.45,,0.29,0.39,18.06050740970064,0.36904265551980675,0.034397916550841595,0.02454,0.014980000000000002,-0.00025688405797101447,-1.4777432712215288e-05
0.4,0.45,2.0,0.29,0.39,18.06050740970064,0.36904265551980675,0.034397916550841595,0.02454,0.014980000000000002,-0.00025688405797101447,-1.4777432712215288e-05
0.4,0.45,4.0,0.29,0.39,18.06050740970064,0.36904265551980675,0.034397916550841595,0.02454,0.014980000000000002,-0.00025688405797101447,-1.4777432712215288e-05
0.4,0.45,6.0,0.29,0.39,18.06050740970064,0.36904265551980675,0.034397916550841595,0.02454,0.014980000000000002,-0.00025688405797101447,-1.4777432712215288e-05
0.4,0.45,8.0,0.29,0.39,18.06050740970064,0.36904265551980675,0.034397916550841595,0.02454,0.014980000000000002,-0.00025688405797101447,-1.4777432712215288e-05
0.4,0.45,10.0,0.29,0.39,18.06050740970064,0.36904265551980675,0.034397916550841595,0.02454,0.014980000000000002,-0.00025688405797101447,-1.4777432712215288e-05
0.4,0.45,12.0,0.29,0.39,18.06050740970064,0.36904265551980675,0.034397916550841595,0.02454,0.014980000000000002,-0.00025688405797101447,-1.4777432712215288e-05
0.4,0.45,14.0,0.29,0.39,18.06050740970064,0.36904265551980675,0.034397916550841595,0.02454,0.014980000000000002,-0.00025688405797101447,-1.4777432712215288e-05
0.4,0.45,16.0,0.29,0.39,18.06050740970064,0.36904265551980675,0.034397916550841595,0.02454,0.014980000000000002,-0.00025688405797101447,-1.4777432712215288e-05
0.4,0.45,18.0,0.29,0.39,18.06050740970064,0.36904265551980675,0.034397916550841595,0.02454,0.014980000000000002,-0.00025688405797101447,-1.4777432712215288e-05
0.4,0.5,,0.29,0.39,18.06050740970064,0.36904265551980675,0.034397916550841595,0.02454,0.014980000000000002,-0.00025688405797101447,-1.4777432712215288e-05
0.4,0.5,2.0,0.29,0.39,18.06050740970064,0.36904265551980675,0.034397916550841595,0.02454,0.014980000000000002,-0.00025688405797101447,-1.4777432712215288e-05
0.4,0.5,4.0,0.29,0.39,18.06050740970064,0.36904265551980675,0.034397916550841595,0.02454,0.014980000000000002,-0.00025688405797101447,-1.4777432712215288e-05
0.4,0.5,6.0,0.29,0.39,18.06050740970064,0.36904265551980675,0.034397916550841595,0.02454,0.014980000000000002,-0.00025688405797101447,-1.4777432712215288e-05
0.4,0.5,8.0,0.29,0.39,18.06050740970064,0.36904265551980675,0.034397916550841595,0.02454,0.014980000000000002,-0.00025688405797101447,-1.4777432712215288e-05
0.4,0.5,10.0,0.29,0.39,18.06050740970064,0.36904265551980675,0.034397916550841595,0.02454,0.014980000000000002,-0.00025688405797101447,-1.4777432712215288e-05
0.4,0.5,12.0,0.29,0.39,18.06050740970064,0.36904265551980675,0.034397916550841595,0.02454,0.014980000000000002,-0.00025688405797101447,-1.4777432712215288e-05
0.4,0.5,14.0,0.29,0.39,18.06050740970064,0.36904265551980675,0.034397916550841595,0.02454,0.014980000000000002,-0.00025688405797101447,-1.4777432712215288e-05
0.4,0.5,16.0,0.29,0.39,18.06050740970064,0.36904265551980675,0.034397916550841595,0.02454,0.014980000000000002,-0.00025688405797101447,-1.4777432712215288e-05
0.4,0.5,18.0,0.29,0.39,18.06050740970064,0.36904265551980675,0.034397916550841595,0.02454,0.014980000000000002,-0.00025688405797101447,-1.4777432712215288e-05
0.4,0.55,,0.29,0.39,18.06050740970064,0.36904265551980675,0.034397916550841595,0.02454,0.014980000000000002,-0.00025688405797101447,-1.4777432712215288e-05
0.4,0.55,2.0,0.29,0.39,18.06050740970064,0.36904265551980675,0.034397916550841595,0.02454,0.014980000000000002,-0.00025688405797101447,-1.4777432712215288e-05
0.4,0.55,4.0,0.29,0.39,18.06050740970064,0.36904265551980675,0.034397916550841595,0.02454,0.014980000000000002,-0.00025688405797101447,-1.4777432712215288e-05
0.4,0.55,6.0,0.29,0.39,18.06050740970064,0.36904265551980675,0.034397916550841595,0.02454,0.014980000000000002,-0.00025688405797101447,-1.4777432712215288e-05
0.4,0.55,8.0,0.29,0.39,18.06050740970064,0.36904265551980675,0.034397916550841595,0.02454,0.014980000000000002,-0.00025688405797101447,-1.4777432712215288e-05
0.4,0.55,10.0,0.29,0.39,18.06050740970064,0.36904265551980675,0.034397916550841595,0.02454,0.014980000000000002,-0.00025688405797101447,-1.4777432712215288e-05
0.4,0.55,12.0,0.29,0.39,18.06050740970064,0.36904265551980675,0.034397916550841595,0.02454,0.014980000000000002,-0.00025688405797101447,-1.4777432712215288e-05
0.4,0.55,14.0,0.29,0.39,18.06050740970064,0.36904265551980675,0.034397916550841595,0.02454,0.014980000000000002,-0.00025688405797101447,-1.4777432712215288e-05
0.4,0.55,16.0,0.29,0.39,18.06050740970064,0.36904265551980675,0.034397916550841595,0.02454,0.014980000000000002,-0.00025688405797101447,-1.4777432712215288e-05
0.4,0.55,18.0,0.29,0.39,18.06050740970064,0.36904265551980675,0.034397916550841595,0.02454,0.014980000000000002,-0.00025688405797101447,-1.4777432712215288e-05
0.4,0.6,,0.29,0.39,18.06050740970064,0.36904265551980675,0.034397916550841595,0.02454,0.014980000000000002,-0.00025688405797101447,-1.4777432712215288e-05
0.4,0.6,2.0,0.29,0.39,18.06050740970064,0.36904265551980675,0.034397916550841595,0.02454,0.014980000000000002,-0.00025688405797101447,-1.4777432712215288e-05
0.4,0.6,4.0,0.29,0.39,18.06050740970064,0.36904265551980675,0.034397916550841595,0.02454,0.014980000000000002,-0.00025688405797101447,-1.4777432712215288e-05
0.4,0.6,6.0,0.29,0.39,18.06050740970064,0.36904265551980675,0.034397916550841595,0.02454,0.014980000000000002,-0.00025688405797101447,-1.4777432712215288e-05
0.4,0.6,8.0,0.29,0.39,18.06050740970064,0.36904265551980675,0.034397916550841595,0.02454,0.014980000000000002,-0.00025688405797101447,-1.4777432712215288e-05
0.4,0.6,10.0,0.29,0.39,18.06050740970064,0.36904265551980675,0.034397916550841595,0.02454,0.014980000000000002,-0.00025688405797101447,-1.4777432712215288e-05
0.4,0.6,12.0,0.29,0.39,18.06050740970064,0.36904265551980675,0.034397916550841595,0.02454,0.014980000000000002,-0.00025688405797101447,-1.4777432712215288e-05
0.4,0.6,14.0,0.29,0.39,18.06050740970064,0.36904265551980675,0.034397916550841595,0.02454,0.014980000000000002,-0.00025688405797101447,-1.4777432712215288e-05
0.4,0.6,16.0,0.29,0.39,18.06050740970064,0.36904265551980675,0.034397916550841595,0.02454,0.014980000000000002,-0.00025688405797101447,-1.4777432712215288e-05
0.4,0.6,18.0,0.29,0.39,18.06050740970064,0.36904265551980675,0.034397916550841595,0.02454,0.014980000000000002,-0.00025688405797101447,-1.4777432712215288e-05
0.4,0.65,,0.29,0.39,18.06050740970064,0.36904265551980675,0.034397916550841595,0.02454,0.014980000000000002,-0.00025688405797101447,-1.4777432712215288e-05
0.4,0.65,2.0,0.29,0.39,18.06050740970064,0.36904265551980675,0.034397916550841595,0.02454,0.014980000000000002,-0.00025688405797101447,-1.4777432712215288e-05
0.4,0.65,4.0,0.29,0.39,18.06050740970064,0.36904265551980675,0.034397916550841595,0.02454,0.014980000000000002,-0.00025688405797101447,-1.4777432712215288e-05
0.4,0.65,6.0,0.29,0.39,18.06050740970064,0.36904265551980675,0.034397916550841595,0.02454,0.014980000000000002,-0.00025688405797101447,-1.4777432712215288e-05
0.4,0.65,8.0,0.29,0.39,18.06050740970064,0.36904265551980675,0.034397916550841595,0.02454,0.014980000000000002,-0.00025688405797101447,-1.4777432712215288e-05
0.4,0.65,10.0,0.29,0.39,18.06050740970064,0.36904265551980675,0.034397916550841595,0.02454,0.014980000000000002,-0.00025688405797101447,-1.4777432712215288e-05
0.4,0.65,12.0,0.29,0.39,18.06050740970064,0.36904265551980675,0.034397916550841595,0.02454,0.014980000000000002,-0.00025688405797101447,-1.4777432712215288e-05
0.4,0.65,14.0,0.29,0.39,18.06050740970064,0.36904265551980675,0.034397916550841595,0.02454,0.014980000000000002,-0.00025688405797101447,-1.4777432712215288e-05
0.4,0.65,16.0,0.29,0.39,18.06050740970064,0.36904265551980675,0.034397916550841595,0.02454,0.014980000000000002,-0.00025688405797101447,-1.4777432712215288e-05
0.4,0.65,18.0,0.29,0.39,18.06050740970064,0.36904265551980675,0.034397916550841595,0.02454,0.014980000000000002,-0.00025688405797101447,-1.4777432712215288e-05
0.4,0.7,,0.29,0.39,18.06050740970064,0.36904265551980675,0.034397916550841595,0.02454,0.014980000000000002,-0.00025688405797101447,-1.4777432712215288e-05
0.4,0.7,2.0,0.29,0.39,18.06050740970064,0.36904265551980675,0.034397916550841595,0.02454,0.014980000000000002,-0.00025688405797101447,-1.4777432712215288e-05
0.4,0.7,4.0,0.29,0.39,18.06050740970064,0.36904265551980675,0.034397916550841595,0.02454,0.014980000000000002,-0.00025688405797101447,-1.4777432712215288e-05
0.4,0.7,6.0,0.29,0.39,18.06050740970064,0.36904265551980675,0.034397916550841595,0.02454,0.014980000000000002,-0.00025688405797101447,-1.4777432712215288e-05
0.4,0.7,8.0,0.29,0.39,18.06050740970064,0.36904265551980675,0.034397916550841595,0.02454,0.014980000000000002,-0.00025688405797101447,-1.4777432712215288e-05
0.4,0.7,10.0,0.29,0.39,18.06050740970064,0.36904265551980675,0.034397916550841595,0.02454,0.014980000000000002,-0.00025688405797101447,-1.4777432712215288e-05
0.4,0.7,12.0,0.29,0.39,18.06050740970064,0.36904265551980675,0.034397916550841595,0.02454,0.014980000000000002,-0.00025688405797101447,-1.4777432712215288e-05
0.4,0.7,14.0,0.29,0.39,18.06050740970064,0.36904265551980675,0.034397916550841595,0.02454,0.014980000000000002,-0.00025688405797101447,-1.4777432712215288e-05
0.4,0.7,16.0,0.29,0.39,18.06050740970064,0.36904265551980675,0.034397916550841595,0.02454,0.014980000000000002,-0.00025688405797101447,-1.4777432712215288e-05
0.4,0.7,18.0,0.29,0.39,18.06050740970064,0.36904265551980675,0.034397916550841595,0.02454,0.014980000000000002,-0.00025688405797101447,-1.4777432712215288e-05
0.4,0.75,,0.29,0.39,18.06050740970064,0.36904265551980675,0.034397916550841595,0.02454,0.014980000000000002,-0.00025688405797101447,-1.4777432712215288e-05
0.4,0.75,2.0,0.29,0.39,18.06050740970064,0.36904265551980675,0.034397916550841595,0.02454,0.014980000000000002,-0.00025688405797101447,-1.4777432712215288e-05
0.4,0.75,4.0,0.29,0.39,18.06050740970064,0.36904265551980675,0.034397916550841595,0.02454,0.014980000000000002,-0.00025688405797101447,-1.4777432712215288e-05
0.4,0.75,6.0,0.29,0.39,18.06050740970064,0.36904265551980675,0.034397916550841595,0.02454,0.014980000000000002,-0.00025688405797101447,-1.4777432712215288e-05
0.4,0.75,8.0,0.29,0.39,18.06050740970064,0.36904265551980675,0.034397916550841595,0.02454,0.014980000000000002,-0.00025688405797101447,-1.4777432712215288e-05
0.4,0.75,10.0,0.29,0.39,18.06050740970064,0.36904265551980675,0.034397916550841595,0.02454,0.014980000000000002,-0.00025688405797101447,-1.4777432712215288e-05
0.4,0.75,12.0,0.29,0.39,18.06050740970064,0.36904265551980675,0.034397916550841595,0.02454,0.014980000000000002,-0.00025688405797101447,-1.4777432712215288e-05
0.4,0.75,14.0,0.29,0.39,18.06050740970064,0.36904265551980675,0.034397916550841595,0.02454,0.014980000000000002,-0.00025688405797101447,-1.4777432712215288e-05
0.4,0.75,16.0,0.29,0.39,18.06050740970064,0.36904265551980675,0.034397916550841595,0.02454,0.014980000000000002,-0.00025688405797101447,-1.4777432712215288e-05
0.4,0.75,18.0,0.29,0.39,18.06050740970064,0.36904265551980675,0.034397916550841595,0.02454,0.014980000000000002,-0.00025688405797101447,-1.4777432712215288e-05
0.4,0.8,,0.29,0.39,18.06050740970064,0.36904265551980675,0.034397916550841595,0.02454,0.014980000000000002,-0.00025688405797101447,-1.4777432712215288e-05
0.4,0.8,2.0,0.29,0.39,18.06050740970064,0.36904265551980675,0.034397916550841595,0.02454,0.014980000000000002,-0.00025688405797101447,-1.4777432712215288e-05
0.4,0.8,4.0,0.29,0.39,18.06050740970064,0.36904265551980675,0.034397916550841595,0.02454,0.014980000000000002,-0.00025688405797101447,-1.4777432712215288e-05
0.4,0.8,6.0,0.29,0.39,18.06050740970064,0.36904265551980675,0.034397916550841595,0.02454,0.014980000000000002,-0.00025688405797101447,-1.4777432712215288e-05
0.4,0.8,8.0,0.29,0.39,18.06050740970064,0.36904265551980675,0.034397916550841595,0.02454,0.014980000000000002,-0.00025688405797101447,-1.4777432712215288e-05
0.4,0.8,10.0,0.29,0.39,18.06050740970064,0.36904265551980675,0.034397916550841595,0.02454,0.014980000000000002,-0.00025688405797101447,-1.4777432712215288e-05
0.4,0.8,12.0,0.29,0.39,18.06050740970064,0.36904265551980675,0.034397916550841595,0.02454,0.014980000000000002,-0.00025688405797101447,-1.4777432712215288e-05
0.4,0.8,14.0,0.29,0.39,18.06050740970064,0.36904265551980675,0.034397916550841595,0.02454,0.014980000000000002,-0.00025688405797101447,-1.4777432712215288e-05
0.4,0.8,16.0,0.29,0.39,18.06050740970064,0.36904265551980675,0.034397916550841595,0.02454,0.014980000000000002,-0.00025688405797101447,-1.4777432712215288e-05
0.4,0.8,18.0,0.29,0.39,18.06050740970064,0.36904265551980675,0.034397916550841595,0.02454,0.014980000000000002,-0.00025688405797101447,-1.4777432712215288e-05
0.4,0.85,,0.29,0.39,18.06050740970064,0.36904265551980675,0.034397916550841595,0.02454,0.014980000000000002,-0.00025688405797101447,-1.4777432712215288e-05
0.4,0.85,2.0,0.29,0.39,18.06050740970064,0.36904265551980675,0.034397916550841595,0.02454,0.014980000000000002,-0.00025688405797101447,-1.4777432712215288e-05
0.4,0.85,4.0,0.29,0.39,18.06050740970064,0.36904265551980675,0.034397916550841595,0.02454,0.014980000000000002,-0.00025688405797101447,-1.4777432712215288e-05
0.4,0.85,6.0,0.29,0.39,18.06050740970064,0.36904265551980675,0.034397916550841595,0.02454,0.014980000000000002,-0.00025688405797101447,-1.4777432712215288e-05
0.4,0.85,8.0,0.29,0.39,18.06050740970064,0.36904265551980675,0.034397916550841595,0.02454,0.014980000000000002,-0.00025688405797101447,-1.4777432712215288e-05
0.4,0.85,10.0,0.29,0.39,18.06050740970064,0.36904265551980675,0.034397916550841595,0.02454,0.014980000000000002,-0.00025688405797101447,-1.4777432712215288e-05
0.4,0.85,12.0,0.29,0.39,18.06050740970064,0.36904265551980675,0.034397916550841595,0.02454,0.014980000000000002,-0.00025688405797101447,-1.4777432712215288e-05
0.4,0.85,14.0,0.29,0.39,18.06050740970064,0.36904265551980675,0.034397916550841595,0.02454,0.014980000000000002,-0.00025688405797101447,-1.4777432712215288e-05
0.4,0.85,16.0,0.29,0.39,18.06050740970064,0.36904265551980675,0.034397916550841595,0.02454,0.014980000000000002,-0.00025688405797101447,-1.4777432712215288e-05
0.4,0.85,18.0,0.29,0.39,18.06050740970064,0.36904265551980675,0.034397916550841595,0.02454,0.014980000000000002,-0.00025688405797101447,-1.4777432712215288e-05
0.4,0.9,,0.29,0.39,18.06050740970064,0.36904265551980675,0.034397916550841595,0.02454,0.014980000000000002,-0.00025688405797101447,-1.4777432712215288e-05
0.4,0.9,2.0,0.29,0.39,18.06050740970064,0.36904265551980675,0.034397916550841595,0.02454,0.014980000000000002,-0.00025688405797101447,-1.4777432712215288e-05
0.4,0.9,4.0,0.29,0.39,18.06050740970064,0.36904265551980675,0.034397916550841595,0.02454,0.014980000000000002,-0.00025688405797101447,-1.4777432712215288e-05
0.4,0.9,6.0,0.29,0.39,18.06050740970064,0.36904265551980675,0.034397916550841595,0.02454,0.014980000000000002,-0.00025688405797101447,-1.4777432712215288e-05
0.4,0.9,8.0,0.29,0.39,18.06050740970064,0.36904265551980675,0.034397916550841595,0.02454,0.014980000000000002,-0.00025688405797101447,-1.4777432712215288e-05
0.4,0.9,10.0,0.29,0.39,18.06050740970064,0.36904265551980675,0.034397916550841595,0.02454,0.014980000000000002,-0.00025688405797101447,-1.4777432712215288e-05
0.4,0.9,12.0,0.29,0.39,18.06050740970064,0.36904265551980675,0.034397916550841595,0.02454,0.014980000000000002,-0.00025688405797101447,-1.4777432712215288e-05
0.4,0.9,14.0,0.29,0.39,18.06050740970064,0.36904265551980675,0.034397916550841595,0.02454,0.014980000000000002,-0.00025688405797101447,-1.4777432712215288e-05
0.4,0.9,16.0,0.29,0.39,18.06050740970064,0.36904265551980675,0.034397916550841595,0.02454,0.014980000000000002,-0.00025688405797101447,-1.4777432712215288e-05
0.4,0.9,18.0,0.29,0.39,18.06050740970064,0.36904265551980675,0.034397916550841595,0.02454,0.014980000000000002,-0.00025688405797101447,-1.4777432712215288e-05
0.4,0.95,,0.29,0.39,18.06050740970064,0.36904265551980675,0.034397916550841595,0.02454,0.014980000000000002,-0.00025688405797101447,-1.4777432712215288e-05
0.4,0.95,2.0,0.29,0.39,18.06050740970064,0.36904265551980675,0.034397916550841595,0.02454,0.014980000000000002,-0.00025688405797101447,-1.4777432712215288e-05
0.4,0.95,4.0,0.29,0.39,18.06050740970064,0.36904265551980675,0.034397916550841595,0.02454,0.014980000000000002,-0.00025688405797101447,-1.4777432712215288e-05
0.4,0.95,6.0,0.29,0.39,18.06050740970064,0.36904265551980675,0.034397916550841595,0.02454,0.014980000000000002,-0.00025688405797101447,-1.4777432712215288e-05
0.4,0.95,8.0,0.29,0.39,18.06050740970064,0.36904265551980675,0.034397916550841595,0.02454,0.014980000000000002,-0.00025688405797101447,-1.4777432712215288e-05
0.4,0.95,10.0,0.29,0.39,18.06050740970064,0.36904265551980675,0.034397916550841595,0.02454,0.014980000000000002,-0.00025688405797101447,-1.4777432712215288e-05
0.4,0.95,12.0,0.29,0.39,18.06050740970064,0.36904265551980675,0.034397916550841595,0.02454,0.014980000000000002,-0.00025688405797101447,-1.4777432712215288e-05
0.4,0.95,14.0,0.29,0.39,18.06050740970064,0.36904265551980675,0.034397916550841595,0.02454,0.014980000000000002,-0.00025688405797101447,-1.4777432712215288e-05
0.4,0.95,16.0,0.29,0.39,18.06050740970064,0.36904265551980675,0.034397916550841595,0.02454,0.014980000000000002,-0.00025688405797101447,-1.4777432712215288e-05
0.4,0.95,18.0,0.29,0.39,18.06050740970064,0.36904265551980675,0.034397916550841595,0.02454,0.014980000000000002,-0.00025688405797101447,-1.4777432712215288e-05
0.4,1.0,,0.29,0.39,18.06050740970064,0.36904265551980675,0.034397916550841595,0.02454,0.014980000000000002,-0.00025688405797101447,-1.4777432712215288e-05
0.4,1.0,2.0,0.29,0.39,18.06050740970064,0.36904265551980675,0.034397916550841595,0.02454,0.014980000000000002,-0.00025688405797101447,-1.4777432712215288e-05
0.4,1.0,4.0,0.29,0.39,18.06050740970064,0.36904265551980675,0.034397916550841595,0.02454,0.014980000000000002,-0.00025688405797101447,-1.4777432712215288e-05
0.4,1.0,6.0,0.29,0.39,18.06050740970064,0.36904265551980675,0.034397916550841595,0.02454,0.014980000000000002,-0.00025688405797101447,-1.4777432712215288e-05
0.4,1.0,8.0,0.29,0.39,18.06050740970064,0.36904265551980675,0.034397916550841595,0.02454,0.014980000000000002,-0.00025688405797101447,-1.4777432712215288e-05
0.4,1.0,10.0,0.29,0.39,18.06050740970064,0.36904265551980675,0.034397916550841595,0.02454,0.014980000000000002,-0.00025688405797101447,-1.4777432712215288e-05
0.4,1.0,12.0,0.29,0.39,18.06050740970064,0.36904265551980675,0.034397916550841595,0.02454,0.014980000000000002,-0.00025688405797101447,-1.4777432712215288e-05
0.4,1.0,14.0,0.29,0.39,18.06050740970064,0.36904265551980675,0.034397916550841595,0.02454,0.014980000000000002,-0.00025688405797101447,-1.4777432712215288e-05
0.4,1.0,16.0,0.29,0.39,18.06050740970064,0.36904265551980675,0.034397916550841595,0.02454,0.014980000000000002,-0.00025688405797101447,-1.4777432712215288e-05
0.4,1.0,18.0,0.29,0.39,18.06050740970064,0.36904265551980675,0.034397916550841595,0.02454,0.014980000000000002,-0.00025688405797101447,-1.4777432712215288e-05
0.45,0.1,,0.29,0.39,18.06050740970064,0.36904265551980675,0.034397916550841595,0.02454,0.014980000000000002,-0.00025688405797101447,-1.4777432712215288e-05
0.45,0.1,2.0,0.29,0.39,18.06050740970064,0.36904265551980675,0.034397916550841595,0.02454,0.014980000000000002,-0.00025688405797101447,-1.4777432712215288e-05
0.45,0.1,4.0,0.29,0.39,18.06050740970064,0.36904265551980675,0.034397916550841595,0.02454,0.014980000000000002,-0.00025688405797101447,-1.4777432712215288e-05
0.45,0.1,6.0,0.29,0.39,18.06050740970064,0.36904265551980675,0.034397916550841595,0.02454,0.014980000000000002,-0.00025688405797101447,-1.4777432712215288e-05
0.45,0.1,8.0,0.29,0.39,18.06050740970064,0.36904265551980675,0.034397916550841595,0.02454,0.014980000000000002,-0.00025688405797101447,-1.4777432712215288e-05
0.45,0.1,10.0,0.29,0.39,18.06050740970064,0.36904265551980675,0.034397916550841595,0.02454,0.014980000000000002,-0.00025688405797101447,-1.4777432712215288e-05
0.45,0.1,12.0,0.29,0.39,18.06050740970064,0.36904265551980675,0.034397916550841595,0.02454,0.014980000000000002,-0.00025688405797101447,-1.4777432712215288e-05
0.45,0.1,14.0,0.29,0.39,18.06050740970064,0.36904265551980675,0.034397916550841595,0.02454,0.014980000000000002,-0.00025688405797101447,-1.4777432712215288e-05
0.45,0.1,16.0,0.29,0.39,18.06050740970064,0.36904265551980675,0.034397916550841595,0.02454,0.014980000000000002,-0.00025688405797101447,-1.4777432712215288e-05
0.45,0.1,18.0,0.29,0.39,18.06050740970064,0.36904265551980675,0.034397916550841595,0.02454,0.014980000000000002,-0.00025688405797101447,-1.4777432712215288e-05
0.45,0.15,,0.29,0.39,18.06050740970064,0.36904265551980675,0.034397916550841595,0.02454,0.014980000000000002,-0.00025688405797101447,-1.4777432712215288e-05
0.45,0.15,2.0,0.29,0.39,18.06050740970064,0.36904265551980675,0.034397916550841595,0.02454,0.014980000000000002,-0.00025688405797101447,-1.4777432712215288e-05
0.45,0.15,4.0,0.29,0.39,18.06050740970064,0.36904265551980675,0.034397916550841595,0.02454,0.014980000000000002,-0.00025688405797101447,-1.4777432712215288e-05
0.45,0.15,6.0,0.29,0.39,18.06050740970064,0.36904265551980675,0.034397916550841595,0.02454,0.014980000000000002,-0.00025688405797101447,-1.4777432712215288e-05
0.45,0.15,8.0,0.29,0.39,18.06050740970064,0.36904265551980675,0.034397916550841595,0.02454,0.014980000000000002,-0.00025688405797101447,-1.4777432712215288e-05
0.45,0.15,10.0,0.29,0.39,18.06050740970064,0.36904265551980675,0.034397916550841595,0.02454,0.014980000000000002,-0.00025688405797101447,-1.4777432712215288e-05
0.45,0.15,12.0,0.29,0.39,18.06050740970064,0.36904265551980675,0.034397916550841595,0.02454,0.014980000000000002,-0.00025688405797101447,-1.4777432712215288e-05
0.45,0.15,14.0,0.29,0.39,18.06050740970064,0.36904265551980675,0.034397916550841595,0.02454,0.014980000000000002,-0.00025688405797101447,-1.4777432712215288e-05
0.45,0.15,16.0,0.29,0.39,18.06050740970064,0.36904265551980675,0.034397916550841595,0.02454,0.014980000000000002,-0.00025688405797101447,-1.4777432712215288e-05
0.45,0.15,18.0,0.29,0.39,18.06050740970064,0.36904265551980675,0.034397916550841595,0.02454,0.014980000000000002,-0.00025688405797101447,-1.4777432712215288e-05
0.45,0.2,,0.29,0.39,18.06050740970064,0.36904265551980675,0.034397916550841595,0.02454,0.014980000000000002,-0.00025688405797101447,-1.4777432712215288e-05
0.45,0.2,2.0,0.29,0.39,18.06050740970064,0.36904265551980675,0.034397916550841595,0.02454,0.014980000000000002,-0.00025688405797101447,-1.4777432712215288e-05
0.45,0.2,4.0,0.29,0.39,18.06050740970064,0.36904265551980675,0.034397916550841595,0.02454,0.014980000000000002,-0.00025688405797101447,-1.4777432712215288e-05
0.45,0.2,6.0,0.29,0.39,18.06050740970064,0.36904265551980675,0.034397916550841595,0.02454,0.014980000000000002,-0.00025688405797101447,-1.4777432712215288e-05
0.45,0.2,8.0,0.29,0.39,18.06050740970064,0.36904265551980675,0.034397916550841595,0.02454,0.014980000000000002,-0.00025688405797101447,-1.4777432712215288e-05
0.45,0.2,10.0,0.29,0.39,18.06050740970064,0.36904265551980675,0.034397916550841595,0.02454,0.014980000000000002,-0.00025688405797101447,-1.4777432712215288e-05
0.45,0.2,12.0,0.29,0.39,18.06050740970064,0.36904265551980675,0.034397916550841595,0.02454,0.014980000000000002,-0.00025688405797101447,-1.4777432712215288e-05
0.45,0.2,14.0,0.29,0.39,18.06050740970064,0.36904265551980675,0.034397916550841595,0.02454,0.014980000000000002,-0.00025688405797101447,-1.4777432712215288e-05
0.45,0.2,16.0,0.29,0.39,18.06050740970064,0.36904265551980675,0.034397916550841595,0.02454,0.014980000000000002,-0.00025688405797101447,-1.4777432712215288e-05
0.45,0.2,18.0,0.29,0.39,18.06050740970064,0.36904265551980675,0.034397916550841595,0.02454,0.014980000000000002,-0.00025688405797101447,-1.4777432712215288e-05
0.45,0.25,,0.29,0.39,18.06050740970064,0.36904265551980675,0.034397916550841595,0.02454,0.014980000000000002,-0.00025688405797101447,-1.4777432712215288e-05
0.45,0.25,2.0,0.29,0.39,18.06050740970064,0.36904265551980675,0.034397916550841595,0.02454,0.014980000000000002,-0.00025688405797101447,-1.4777432712215288e-05
0.45,0.25,4.0,0.29,0.39,18.06050740970064,0.36904265551980675,0.034397916550841595,0.02454,0.014980000000000002,-0.00025688405797101447,-1.4777432712215288e-05
0.45,0.25,6.0,0.29,0.39,18.06050740970064,0.36904265551980675,0.034397916550841595,0.02454,0.014980000000000002,-0.00025688405797101447,-1.4777432712215288e-05
0.45,0.25,8.0,0.29,0.39,18.06050740970064,0.36904265551980675,0.034397916550841595,0.02454,0.014980000000000002,-0.00025688405797101447,-1.4777432712215288e-05
0.45,0.25,10.0,0.29,0.39,18.06050740970064,0.36904265551980675,0.034397916550841595,0.02454,0.014980000000000002,-0.00025688405797101447,-1.4777432712215288e-05
0.45,0.25,12.0,0.29,0.39,18.06050740970064,0.36904265551980675,0.034397916550841595,0.02454,0.014980000000000002,-0.00025688405797101447,-1.4777432712215288e-05
0.45,0.25,14.0,0.29,0.39,18.06050740970064,0.36904265551980675,0.034397916550841595,0.02454,0.014980000000000002,-0.00025688405797101447,-1.4777432712215288e-05
0.45,0.25,16.0,0.29,0.39,18.06050740970064,0.36904265551980675,0.034397916550841595,0.02454,0.014980000000000002,-0.00025688405797101447,-1.4777432712215288e-05
0.45,0.25,18.0,0.29,0.39,18.06050740970064,0.36904265551980675,0.034397916550841595,0.02454,0.014980000000000002,-0.00025688405797101447,-1.4777432712215288e-05
0.45,0.3,,0.29,0.39,18.06050740970064,0.36904265551980675,0.034397916550841595,0.02454,0.014980000000000002,-0.00025688405797101447,-1.4777432712215288e-05
0.45,0.3,2.0,0.29,0.39,18.06050740970064,0.36904265551980675,0.034397916550841595,0.02454,0.014980000000000002,-0.00025688405797101447,-1.4777432712215288e-05
0.45,0.3,4.0,0.29,0.39,18.06050740970064,0.36904265551980675,0.034397916550841595,0.02454,0.014980000000000002,-0.00025688405797101447,-1.4777432712215288e-05
0.45,0.3,6.0,0.29,0.39,18.06050740970064,0.36904265551980675,0.034397916550841595,0.02454,0.014980000000000002,-0.00025688405797101447,-1.4777432712215288e-05
0.45,0.3,8.0,0.29,0.39,18.06050740970064,0.36904265551980675,0.034397916550841595,0.02454,0.014980000000000002,-0.00025688405797101447,-1.4777432712215288e-05
0.45,0.3,10.0,0.29,0.39,18.06050740970064,0.36904265551980675,0.034397916550841595,0.02454,0.014980000000000002,-0.00025688405797101447,-1.4777432712215288e-05
0.45,0.3,12.0,0.29,0.39,18.06050740970064,0.36904265551980675,0.034397916550841595,0.02454,0.014980000000000002,-0.00025688405797101447,-1.4777432712215288e-05
0.45,0.3,14.0,0.29,0.39,18.06050740970064,0.36904265551980675,0.034397916550841595,0.02454,0.014980000000000002,-0.00025688405797101447,-1.4777432712215288e-05
0.45,0.3,16.0,0.29,0.39,18.06050740970064,0.36904265551980675,0.034397916550841595,0.02454,0.014980000000000002,-0.00025688405797101447,-1.4777432712215288e-05
0.45,0.3,18.0,0.29,0.39,18.06050740970064,0.36904265551980675,0.034397916550841595,0.02454,0.014980000000000002,-0.00025688405797101447,-1.4777432712215288e-05
0.45,0.35,,0.29,0.39,18.06050740970064,0.36904265551980675,0.034397916550841595,0.02454,0.014980000000000002,-0.00025688405797101447,-1.4777432712215288e-05
0.45,0.35,2.0,0.29,0.39,18.06050740970064,0.36904265551980675,0.034397916550841595,0.02454,0.014980000000000002,-0.00025688405797101447,-1.4777432712215288e-05
0.45,0.35,4.0,0.29,0.39,18.06050740970064,0.36904265551980675,0.034397916550841595,0.02454,0.014980000000000002,-0.00025688405797101447,-1.4777432712215288e-05
0.45,0.35,6.0,0.29,0.39,18.06050740970064,0.36904265551980675,0.034397916550841595,0.02454,0.014980000000000002,-0.00025688405797101447,-1.4777432712215288e-05
0.45,0.35,8.0,0.29,0.39,18.06050740970064,0.36904265551980675,0.034397916550841595,0.02454,0.014980000000000002,-0.00025688405797101447,-1.4777432712215288e-05
0.45,0.35,10.0,0.29,0.39,18.06050740970064,0.36904265551980675,0.034397916550841595,0.02454,0.014980000000000002,-0.00025688405797101447,-1.4777432712215288e-05
0.45,0.35,12.0,0.29,0.39,18.06050740970064,0.36904265551980675,0.034397916550841595,0.02454,0.014980000000000002,-0.00025688405797101447,-1.4777432712215288e-05
0.45,0.35,14.0,0.29,0.39,18.06050740970064,0.36904265551980675,0.034397916550841595,0.02454,0.014980000000000002,-0.00025688405797101447,-1.4777432712215288e-05
0.45,0.35,16.0,0.29,0.39,18.06050740970064,0.36904265551980675,0.034397916550841595,0.02454,0.014980000000000002,-0.00025688405797101447,-1.4777432712215288e-05
0.45,0.35,18.0,0.29,0.39,18.06050740970064,0.36904265551980675,0.034397916550841595,0.02454,0.014980000000000002,-0.00025688405797101447,-1.4777432712215288e-05
0.45,0.4,,0.29,0.39,18.06050740970064,0.36904265551980675,0.034397916550841595,0.02454,0.014980000000000002,-0.00025688405797101447,-1.4777432712215288e-05
0.45,0.4,2.0,0.29,0.39,18.06050740970064,0.36904265551980675,0.034397916550841595,0.02454,0.014980000000000002,-0.00025688405797101447,-1.4777432712215288e-05
0.45,0.4,4.0,0.29,0.39,18.06050740970064,0.36904265551980675,0.034397916550841595,0.02454,0.014980000000000002,-0.00025688405797101447,-1.4777432712215288e-05
0.45,0.4,6.0,0.29,0.39,18.06050740970064,0.36904265551980675,0.034397916550841595,0.02454,0.014980000000000002,-0.00025688405797101447,-1.4777432712215288e-05
0.45,0.4,8.0,0.29,0.39,18.06050740970064,0.36904265551980675,0.034397916550841595,0.02454,0.014980000000000002,-0.00025688405797101447,-1.4777432712215288e-05
0.45,0.4,10.0,0.29,0.39,18.06050740970064,0.36904265551980675,0.034397916550841595,0.02454,0.014980000000000002,-0.00025688405797101447,-1.4777432712215288e-05
0.45,0.4,12.0,0.29,0.39,18.06050740970064,0.36904265551980675,0.034397916550841595,0.02454,0.014980000000000002,-0.00025688405797101447,-1.4777432712215288e-05
0.45,0.4,14.0,0.29,0.39,18.06050740970064,0.36904265551980675,0.034397916550841595,0.02454,0.014980000000000002,-0.00025688405797101447,-1.4777432712215288e-05
0.45,0.4,16.0,0.29,0.39,18.06050740970064,0.36904265551980675,0.034397916550841595,0.02454,0.014980000000000002,-0.00025688405797101447,-1.4777432712215288e-05
0.45,0.4,18.0,0.29,0.39,18.06050740970064,0.36904265551980675,0.034397916550841595,0.02454,0.014980000000000002,-0.00025688405797101447,-1.4777432712215288e-05
0.45,0.45,,0.29,0.39,18.06050740970064,0.36904265551980675,0.034397916550841595,0.02454,0.014980000000000002,-0.00025688405797101447,-1.4777432712215288e-05
0.45,0.45,2.0,0.29,0.39,18.06050740970064,0.36904265551980675,0.034397916550841595,0.02454,0.014980000000000002,-0.00025688405797101447,-1.4777432712215288e-05
0.45,0.45,4.0,0.29,0.39,18.06050740970064,0.36904265551980675,0.034397916550841595,0.02454,0.014980000000000002,-0.00025688405797101447,-1.4777432712215288e-05
0.45,0.45,6.0,0.29,0.39,18.06050740970064,0.36904265551980675,0.034397916550841595,0.02454,0.014980000000000002,-0.00025688405797101447,-1.4777432712215288e-05
0.45,0.45,8.0,0.29,0.39,18.06050740970064,0.36904265551980675,0.034397916550841595,0.02454,0.014980000000000002,-0.00025688405797101447,-1.4777432712215288e-05
0.45,0.45,10.0,0.29,0.39,18.06050740970064,0.36904265551980675,0.034397916550841595,0.02454,0.014980000000000002,-0.00025688405797101447,-1.4777432712215288e-05
0.45,0.45,12.0,0.29,0.39,18.06050740970064,0.36904265551980675,0.034397916550841595,0.02454,0.014980000000000002,-0.00025688405797101447,-1.4777432712215288e-05
0.45,0.45,14.0,0.29,0.39,18.06050740970064,0.36904265551980675,0.034397916550841595,0.02454,0.014980000000000002,-0.00025688405797101447,-1.4777432712215288e-05
0.45,0.45,16.0,0.29,0.39,18.06050740970064,0.36904265551980675,0.034397916550841595,0.02454,0.014980000000000002,-0.00025688405797101447,-1.4777432712215288e-05
0.45,0.45,18.0,0.29,0.39,18.06050740970064,0.36904265551980675,0.034397916550841595,0.02454,0.014980000000000002,-0.00025688405797101447,-1.4777432712215288e-05
0.45,0.5,,0.29,0.39,18.06050740970064,0.36904265551980675,0.034397916550841595,0.02454,0.014980000000000002,-0.00025688405797101447,-1.4777432712215288e-05
0.45,0.5,2.0,0.29,0.39,18.06050740970064,0.36904265551980675,0.034397916550841595,0.02454,0.014980000000000002,-0.00025688405797101447,-1.4777432712215288e-05
0.45,0.5,4.0,0.29,0.39,18.06050740970064,0.36904265551980675,0.034397916550841595,0.02454,0.014980000000000002,-0.00025688405797101447,-1.4777432712215288e-05
0.45,0.5,6.0,0.29,0.39,18.06050740970064,0.36904265551980675,0.034397916550841595,0.02454,0.014980000000000002,-0.00025688405797101447,-1.4777432712215288e-05
0.45,0.5,8.0,0.29,0.39,18.06050740970064,0.36904265551980675,0.034397916550841595,0.02454,0.014980000000000002,-0.00025688405797101447,-1.4777432712215288e-05
0.45,0.5,10.0,0.29,0.39,18.06050740970064,0.36904265551980675,0.034397916550841595,0.02454,0.014980000000000002,-0.00025688405797101447,-1.4777432712215288e-05
0.45,0.5,12.0,0.29,0.39,18.06050740970064,0.36904265551980675,0.034397916550841595,0.02454,0.014980000000000002,-0.00025688405797101447,-1.4777432712215288e-05
0.45,0.5,14.0,0.29,0.39,18.06050740970064,0.36904265551980675,0.034397916550841595,0.02454,0.014980000000000002,-0.00025688405797101447,-1.4777432712215288e-05
0.45,0.5,16.0,0.29,0.39,18.06050740970064,0.36904265551980675,0.034397916550841595,0.02454,0.014980000000000002,-0.00025688405797101447,-1.4777432712215288e-05
0.45,0.5,18.0,0.29,0.39,18.06050740970064,0.36904265551980675,0.034397916550841595,0.02454,0.014980000000000002,-0.00025688405797101447,-1.4777432712215288e-05
0.45,0.55,,0.29,0.39,18.06050740970064,0.36904265551980675,0.034397916550841595,0.02454,0.014980000000000002,-0.00025688405797101447,-1.4777432712215288e-05
0.45,0.55,2.0,0.29,0.39,18.06050740970064,0.36904265551980675,0.034397916550841595,0.02454,0.014980000000000002,-0.00025688405797101447,-1.4777432712215288e-05
0.45,0.55,4.0,0.29,0.39,18.06050740970064,0.36904265551980675,0.034397916550841595,0.02454,0.014980000000000002,-0.00025688405797101447,-1.4777432712215288e-05
0.45,0.55,6.0,0.29,0.39,18.06050740970064,0.36904265551980675,0.034397916550841595,0.02454,0.014980000000000002,-0.00025688405797101447,-1.4777432712215288e-05
0.45,0.55,8.0,0.29,0.39,18.06050740970064,0.36904265551980675,0.034397916550841595,0.02454,0.014980000000000002,-0.00025688405797101447,-1.4777432712215288e-05
0.45,0.55,10.0,0.29,0.39,18.06050740970064,0.36904265551980675,0.034397916550841595,0.02454,0.014980000000000002,-0.00025688405797101447,-1.4777432712215288e-05
0.45,0.55,12.0,0.29,0.39,18.06050740970064,0.36904265551980675,0.034397916550841595,0.02454,0.014980000000000002,-0.00025688405797101447,-1.4777432712215288e-05
0.45,0.55,14.0,0.29,0.39,18.06050740970064,0.36904265551980675,0.034397916550841595,0.02454,0.014980000000000002,-0.00025688405797101447,-1.4777432712215288e-05
0.45,0.55,16.0,0.29,0.39,18.06050740970064,0.36904265551980675,0.034397916550841595,0.02454,0.014980000000000002,-0.00025688405797101447,-1.4777432712215288e-05
0.45,0.55,18.0,0.29,0.39,18.06050740970064,0.36904265551980675,0.034397916550841595,0.02454,0.014980000000000002,-0.00025688405797101447,-1.4777432712215288e-05
0.45,0.6,,0.29,0.39,18.06050740970064,0.36904265551980675,0.034397916550841595,0.02454,0.014980000000000002,-0.00025688405797101447,-1.4777432712215288e-05
0.45,0.6,2.0,0.29,0.39,18.06050740970064,0.36904265551980675,0.034397916550841595,0.02454,0.014980000000000002,-0.00025688405797101447,-1.4777432712215288e-05
0.45,0.6,4.0,0.29,0.39,18.06050740970064,0.36904265551980675,0.034397916550841595,0.02454,0.014980000000000002,-0.00025688405797101447,-1.4777432712215288e-05
0.45,0.6,6.0,0.29,0.39,18.06050740970064,0.36904265551980675,0.034397916550841595,0.02454,0.014980000000000002,-0.00025688405797101447,-1.4777432712215288e-05
0.45,0.6,8.0,0.29,0.39,18.06050740970064,0.36904265551980675,0.034397916550841595,0.02454,0.014980000000000002,-0.00025688405797101447,-1.4777432712215288e-05
0.45,0.6,10.0,0.29,0.39,18.06050740970064,0.36904265551980675,0.034397916550841595,0.02454,0.014980000000000002,-0.00025688405797101447,-1.4777432712215288e-05
0.45,0.6,12.0,0.29,0.39,18.06050740970064,0.36904265551980675,0.034397916550841595,0.02454,0.014980000000000002,-0.00025688405797101447,-1.4777432712215288e-05
0.45,0.6,14.0,0.29,0.39,18.06050740970064,0.36904265551980675,0.034397916550841595,0.02454,0.014980000000000002,-0.00025688405797101447,-1.4777432712215288e-05
0.45,0.6,16.0,0.29,0.39,18.06050740970064,0.36904265551980675,0.034397916550841595,0.02454,0.014980000000000002,-0.00025688405797101447,-1.4777432712215288e-05
0.45,0.6,18.0,0.29,0.39,18.06050740970064,0.36904265551980675,0.034397916550841595,0.02454,0.014980000000000002,-0.00025688405797101447,-1.4777432712215288e-05
0.45,0.65,,0.29,0.39,18.06050740970064,0.36904265551980675,0.034397916550841595,0.02454,0.014980000000000002,-0.00025688405797101447,-1.4777432712215288e-05
0.45,0.65,2.0,0.29,0.39,18.06050740970064,0.36904265551980675,0.034397916550841595,0.02454,0.014980000000000002,-0.00025688405797101447,-1.4777432712215288e-05
0.45,0.65,4.0,0.29,0.39,18.06050740970064,0.36904265551980675,0.034397916550841595,0.02454,0.014980000000000002,-0.00025688405797101447,-1.4777432712215288e-05
0.45,0.65,6.0,0.29,0.39,18.06050740970064,0.36904265551980675,0.034397916550841595,0.02454,0.014980000000000002,-0.00025688405797101447,-1.4777432712215288e-05
0.45,0.65,8.0,0.29,0.39,18.06050740970064,0.36904265551980675,0.034397916550841595,0.02454,0.014980000000000002,-0.00025688405797101447,-1.4777432712215288e-05
0.45,0.65,10.0,0.29,0.39,18.06050740970064,0.36904265551980675,0.034397916550841595,0.02454,0.014980000000000002,-0.00025688405797101447,-1.4777432712215288e-05
0.45,0.65,12.0,0.29,0.39,18.06050740970064,0.36904265551980675,0.034397916550841595,0.02454,0.014980000000000002,-0.00025688405797101447,-1.4777432712215288e-05
0.45,0.65,14.0,0.29,0.39,18.06050740970064,0.36904265551980675,0.034397916550841595,0.02454,0.014980000000000002,-0.00025688405797101447,-1.4777432712215288e-05
0.45,0.65,16.0,0.29,0.39,18.06050740970064,0.36904265551980675,0.034397916550841595,0.02454,0.014980000000000002,-0.00025688405797101447,-1.4777432712215288e-05
0.45,0.65,18.0,0.29,0.39,18.06050740970064,0.36904265551980675,0.034397916550841595,0.02454,0.014980000000000002,-0.00025688405797101447,-1.4777432712215288e-05
0.45,0.7,,0.29,0.39,18.06050740970064,0.36904265551980675,0.034397916550841595,0.02454,0.014980000000000002,-0.00025688405797101447,-1.4777432712215288e-05
0.45,0.7,2.0,0.29,0.39,18.06050740970064,0.36904265551980675,0.034397916550841595,0.02454,0.014980000000000002,-0.00025688405797101447,-1.4777432712215288e-05
0.45,0.7,4.0,0.29,0.39,18.06050740970064,0.36904265551980675,0.034397916550841595,0.02454,0.014980000000000002,-0.00025688405797101447,-1.4777432712215288e-05
0.45,0.7,6.0,0.29,0.39,18.06050740970064,0.36904265551980675,0.034397916550841595,0.02454,0.014980000000000002,-0.00025688405797101447,-1.4777432712215288e-05
0.45,0.7,8.0,0.29,0.39,18.06050740970064,0.36904265551980675,0.034397916550841595,0.02454,0.014980000000000002,-0.00025688405797101447,-1.4777432712215288e-05
0.45,0.7,10.0,0.29,0.39,18.06050740970064,0.36904265551980675,0.034397916550841595,0.02454,0.014980000000000002,-0.00025688405797101447,-1.4777432712215288e-05
0.45,0.7,12.0,0.29,0.39,18.06050740970064,0.36904265551980675,0.034397916550841595,0.02454,0.014980000000000002,-0.00025688405797101447,-1.4777432712215288e-05
0.45,0.7,14.0,0.29,0.39,18.06050740970064,0.36904265551980675,0.034397916550841595,0.02454,0.014980000000000002,-0.00025688405797101447,-1.4777432712215288e-05
0.45,0.7,16.0,0.29,0.39,18.06050740970064,0.36904265551980675,0.034397916550841595,0.02454,0.014980000000000002,-0.00025688405797101447,-1.4777432712215288e-05
0.45,0.7,18.0,0.29,0.39,18.06050740970064,0.36904265551980675,0.034397916550841595,0.02454,0.014980000000000002,-0.00025688405797101447,-1.4777432712215288e-05
0.45,0.75,,0.29,0.39,18.06050740970064,0.36904265551980675,0.034397916550841595,0.02454,0.014980000000000002,-0.00025688405797101447,-1.4777432712215288e-05
0.45,0.75,2.0,0.29,0.39,18.06050740970064,0.36904265551980675,0.034397916550841595,0.02454,0.014980000000000002,-0.00025688405797101447,-1.4777432712215288e-05
0.45,0.75,4.0,0.29,0.39,18.06050740970064,0.36904265551980675,0.034397916550841595,0.02454,0.014980000000000002,-0.00025688405797101447,-1.4777432712215288e-05
0.45,0.75,6.0,0.29,0.39,18.06050740970064,0.36904265551980675,0.034397916550841595,0.02454,0.014980000000000002,-0.00025688405797101447,-1.4777432712215288e-05
0.45,0.75,8.0,0.29,0.39,18.06050740970064,0.36904265551980675,0.034397916550841595,0.02454,0.014980000000000002,-0.00025688405797101447,-1.4777432712215288e-05
0.45,0.75,10.0,0.29,0.39,18.06050740970064,0.36904265551980675,0.034397916550841595,0.02454,0.014980000000000002,-0.00025688405797101447,-1.4777432712215288e-05
0.45,0.75,12.0,0.29,0.39,18.06050740970064,0.36904265551980675,0.034397916550841595,0.02454,0.014980000000000002,-0.00025688405797101447,-1.4777432712215288e-05
0.45,0.75,14.0,0.29,0.39,18.06050740970064,0.36904265551980675,0.034397916550841595,0.02454,0.014980000000000002,-0.00025688405797101447,-1.4777432712215288e-05
0.45,0.75,16.0,0.29,0.39,18.06050740970064,0.36904265551980675,0.034397916550841595,0.02454,0.014980000000000002,-0.00025688405797101447,-1.4777432712215288e-05
0.45,0.75,18.0,0.29,0.39,18.06050740970064,0.36904265551980675,0.034397916550841595,0.02454,0.014980000000000002,-0.00025688405797101447,-1.4777432712215288e-05
0.45,0.8,,0.29,0.39,18.06050740970064,0.36904265551980675,0.034397916550841595,0.02454,0.014980000000000002,-0.00025688405797101447,-1.4777432712215288e-05
0.45,0.8,2.0,0.29,0.39,18.06050740970064,0.36904265551980675,0.034397916550841595,0.02454,0.014980000000000002,-0.00025688405797101447,-1.4777432712215288e-05
0.45,0.8,4.0,0.29,0.39,18.06050740970064,0.36904265551980675,0.034397916550841595,0.02454,0.014980000000000002,-0.00025688405797101447,-1.4777432712215288e-05
0.45,0.8,6.0,0.29,0.39,18.06050740970064,0.36904265551980675,0.034397916550841595,0.02454,0.014980000000000002,-0.00025688405797101447,-1.4777432712215288e-05
0.45,0.8,8.0,0.29,0.39,18.06050740970064,0.36904265551980675,0.034397916550841595,0.02454,0.014980000000000002,-0.00025688405797101447,-1.4777432712215288e-05
0.45,0.8,10.0,0.29,0.39,18.06050740970064,0.36904265551980675,0.034397916550841595,0.02454,0.014980000000000002,-0.00025688405797101447,-1.4777432712215288e-05
0.45,0.8,12.0,0.29,0.39,18.06050740970064,0.36904265551980675,0.034397916550841595,0.02454,0.014980000000000002,-0.00025688405797101447,-1.4777432712215288e-05
0.45,0.8,14.0,0.29,0.39,18.06050740970064,0.36904265551980675,0.034397916550841595,0.02454,0.014980000000000002,-0.00025688405797101447,-1.4777432712215288e-05
0.45,0.8,16.0,0.29,0.39,18.06050740970064,0.36904265551980675,0.034397916550841595,0.02454,0.014980000000000002,-0.00025688405797101447,-1.4777432712215288e-05
0.45,0.8,18.0,0.29,0.39,18.06050740970064,0.36904265551980675,0.034397916550841595,0.02454,0.014980000000000002,-0.00025688405797101447,-1.4777432712215288e-05
0.45,0.85,,0.29,0.39,18.06050740970064,0.36904265551980675,0.034397916550841595,0.02454,0.014980000000000002,-0.00025688405797101447,-1.4777432712215288e-05
0.45,0.85,2.0,0.29,0.39,18.06050740970064,0.36904265551980675,0.034397916550841595,0.02454,0.014980000000000002,-0.00025688405797101447,-1.4777432712215288e-05
0.45,0.85,4.0,0.29,0.39,18.06050740970064,0.36904265551980675,0.034397916550841595,0.02454,0.014980000000000002,-0.00025688405797101447,-1.4777432712215288e-05
0.45,0.85,6.0,0.29,0.39,18.06050740970064,0.36904265551980675,0.034397916550841595,0.02454,0.014980000000000002,-0.00025688405797101447,-1.4777432712215288e-05
0.45,0.85,8.0,0.29,0.39,18.06050740970064,0.36904265551980675,0.034397916550841595,0.02454,0.014980000000000002,-0.00025688405797101447,-1.4777432712215288e-05
0.45,0.85,10.0,0.29,0.39,18.06050740970064,0.36904265551980675,0.034397916550841595,0.02454,0.014980000000000002,-0.00025688405797101447,-1.4777432712215288e-05
0.45,0.85,12.0,0.29,0.39,18.06050740970064,0.36904265551980675,0.034397916550841595,0.02454,0.014980000000000002,-0.00025688405797101447,-1.4777432712215288e-05
0.45,0.85,14.0,0.29,0.39,18.06050740970064,0.36904265551980675,0.034397916550841595,0.02454,0.014980000000000002,-0.00025688405797101447,-1.4777432712215288e-05
0.45,0.85,16.0,0.29,0.39,18.06050740970064,0.36904265551980675,0.034397916550841595,0.02454,0.014980000000000002,-0.00025688405797101447,-1.4777432712215288e-05
0.45,0.85,18.0,0.29,0.39,18.06050740970064,0.36904265551980675,0.034397916550841595,0.02454,0.014980000000000002,-0.00025688405797101447,-1.4777432712215288e-05
0.45,0.9,,0.29,0.39,18.06050740970064,0.36904265551980675,0.034397916550841595,0.02454,0.014980000000000002,-0.00025688405797101447,-1.4777432712215288e-05
0.45,0.9,2.0,0.29,0.39,18.06050740970064,0.36904265551980675,0.034397916550841595,0.02454,0.014980000000000002,-0.00025688405797101447,-1.4777432712215288e-05
0.45,0.9,4.0,0.29,0.39,18.06050740970064,0.36904265551980675,0.034397916550841595,0.02454,0.014980000000000002,-0.00025688405797101447,-1.4777432712215288e-05
0.45,0.9,6.0,0.29,0.39,18.06050740970064,0.36904265551980675,0.034397916550841595,0.02454,0.014980000000000002,-0.00025688405797101447,-1.4777432712215288e-05
0.45,0.9,8.0,0.29,0.39,18.06050740970064,0.36904265551980675,0.034397916550841595,0.02454,0.014980000000000002,-0.00025688405797101447,-1.4777432712215288e-05
0.45,0.9,10.0,0.29,0.39,18.06050740970064,0.36904265551980675,0.034397916550841595,0.02454,0.014980000000000002,-0.00025688405797101447,-1.4777432712215288e-05
0.45,0.9,12.0,0.29,0.39,18.06050740970064,0.36904265551980675,0.034397916550841595,0.02454,0.014980000000000002,-0.00025688405797101447,-1.4777432712215288e-05
0.45,0.9,14.0,0.29,0.39,18.06050740970064,0.36904265551980675,0.034397916550841595,0.02454,0.014980000000000002,-0.00025688405797101447,-1.4777432712215288e-05
0.45,0.9,16.0,0.29,0.39,18.06050740970064,0.36904265551980675,0.034397916550841595,0.02454,0.014980000000000002,-0.00025688405797101447,-1.4777432712215288e-05
0.45,0.9,18.0,0.29,0.39,18.06050740970064,0.36904265551980675,0.034397916550841595,0.02454,0.014980000000000002,-0.00025688405797101447,-1.4777432712215288e-05
0.45,0.95,,0.29,0.39,18.06050740970064,0.36904265551980675,0.034397916550841595,0.02454,0.014980000000000002,-0.00025688405797101447,-1.4777432712215288e-05
0.45,0.95,2.0,0.29,0.39,18.06050740970064,0.36904265551980675,0.034397916550841595,0.02454,0.014980000000000002,-0.00025688405797101447,-1.4777432712215288e-05
0.45,0.95,4.0,0.29,0.39,18.06050740970064,0.36904265551980675,0.034397916550841595,0.02454,0.014980000000000002,-0.00025688405797101447,-1.4777432712215288e-05
0.45,0.95,6.0,0.29,0.39,18.06050740970064,0.36904265551980675,0.034397916550841595,0.02454,0.014980000000000002,-0.00025688405797101447,-1.4777432712215288e-05
0.45,0.95,8.0,0.29,0.39,18.06050740970064,0.36904265551980675,0.034397916550841595,0.02454,0.014980000000000002,-0.00025688405797101447,-1.4777432712215288e-05
0.45,0.95,10.0,0.29,0.39,18.06050740970064,0.36904265551980675,0.034397916550841595,0.02454,0.014980000000000002,-0.00025688405797101447,-1.4777432712215288e-05
0.45,0.95,12.0,0.29,0.39,18.06050740970064,0.36904265551980675,0.034397916550841595,0.02454,0.014980000000000002,-0.00025688405797101447,-1.4777432712215288e-05
0.45,0.95,14.0,0.29,0.39,18.06050740970064,0.36904265551980675,0.034397916550841595,0.02454,0.014980000000000002,-0.00025688405797101447,-1.4777432712215288e-05
0.45,0.95,16.0,0.29,0.39,18.06050740970064,0.36904265551980675,0.034397916550841595,0.02454,0.014980000000000002,-0.00025688405797101447,-1.4777432712215288e-05
0.45,0.95,18.0,0.29,0.39,18.06050740970064,0.36904265551980675,0.034397916550841595,0.02454,0.014980000000000002,-0.00025688405797101447,-1.4777432712215288e-05
0.45,1.0,,0.29,0.39,18.06050740970064,0.36904265551980675,0.034397916550841595,0.02454,0.014980000000000002,-0.00025688405797101447,-1.4777432712215288e-05
0.45,1.0,2.0,0.29,0.39,18.06050740970064,0.36904265551980675,0.034397916550841595,0.02454,0.014980000000000002,-0.00025688405797101447,-1.4777432712215288e-05
0.45,1.0,4.0,0.29,0.39,18.06050740970064,0.36904265551980675,0.034397916550841595,0.02454,0.014980000000000002,-0.00025688405797101447,-1.4777432712215288e-05
0.45,1.0,6.0,0.29,0.39,18.06050740970064,0.36904265551980675,0.034397916550841595,0.02454,0.014980000000000002,-0.00025688405797101447,-1.4777432712215288e-05
0.45,1.0,8.0,0.29,0.39,18.06050740970064,0.36904265551980675,0.034397916550841595,0.02454,0.014980000000000002,-0.00025688405797101447,-1.4777432712215288e-05
0.45,1.0,10.0,0.29,0.39,18.06050740970064,0.36904265551980675,0.034397916550841595,0.02454,0.014980000000000002,-0.00025688405797101447,-1.4777432712215288e-05
0.45,1.0,12.0,0.29,0.39,18.06050740970064,0.36904265551980675,0.034397916550841595,0.02454,0.014980000000000002,-0.00025688405797101447,-1.4777432712215288e-05
0.45,1.0,14.0,0.29,0.39,18.06050740970064,0.36904265551980675,0.034397916550841595,0.02454,0.014980000000000002,-0.00025688405797101447,-1.4777432712215288e-05
0.45,1.0,16.0,0.29,0.39,18.06050740970064,0.36904265551980675,0.034397916550841595,0.02454,0.014980000000000002,-0.00025688405797101447,-1.4777432712215288e-05
0.45,1.0,18.0,0.29,0.39,18.06050740970064,0.36904265551980675,0.034397916550841595,0.02454,0.014980000000000002,-0.00025688405797101447,-1.4777432712215288e-05
0.5,0.1,,0.29,0.39,18.06050740970064,0.36904265551980675,0.034397916550841595,0.02454,0.014980000000000002,-0.00025688405797101447,-1.4777432712215288e-05
0.5,0.1,2.0,0.29,0.39,18.06050740970064,0.36904265551980675,0.034397916550841595,0.02454,0.014980000000000002,-0.00025688405797101447,-1.4777432712215288e-05
0.5,0.1,4.0,0.29,0.39,18.06050740970064,0.36904265551980675,0.034397916550841595,0.02454,0.014980000000000002,-0.00025688405797101447,-1.4777432712215288e-05
0.5,0.1,6.0,0.29,0.39,18.06050740970064,0.36904265551980675,0.034397916550841595,0.02454,0.014980000000000002,-0.00025688405797101447,-1.4777432712215288e-05
0.5,0.1,8.0,0.29,0.39,18.06050740970064,0.36904265551980675,0.034397916550841595,0.02454,0.014980000000000002,-0.00025688405797101447,-1.4777432712215288e-05
0.5,0.1,10.0,0.29,0.39,18.06050740970064,0.36904265551980675,0.034397916550841595,0.02454,0.014980000000000002,-0.00025688405797101447,-1.4777432712215288e-05
0.5,0.1,12.0,0.29,0.39,18.06050740970064,0.36904265551980675,0.034397916550841595,0.02454,0.014980000000000002,-0.00025688405797101447,-1.4777432712215288e-05
0.5,0.1,14.0,0.29,0.39,18.06050740970064,0.36904265551980675,0.034397916550841595,0.02454,0.014980000000000002,-0.00025688405797101447,-1.4777432712215288e-05
0.5,0.1,16.0,0.29,0.39,18.06050740970064,0.36904265551980675,0.034397916550841595,0.02454,0.014980000000000002,-0.00025688405797101447,-1.4777432712215288e-05
0.5,0.1,18.0,0.29,0.39,18.06050740970064,0.36904265551980675,0.034397916550841595,0.02454,0.014980000000000002,-0.00025688405797101447,-1.4777432712215288e-05
0.5,0.15,,0.29,0.39,18.06050740970064,0.36904265551980675,0.034397916550841595,0.02454,0.014980000000000002,-0.00025688405797101447,-1.4777432712215288e-05
0.5,0.15,2.0,0.29,0.39,18.06050740970064,0.36904265551980675,0.034397916550841595,0.02454,0.014980000000000002,-0.00025688405797101447,-1.4777432712215288e-05
0.5,0.15,4.0,0.29,0.39,18.06050740970064,0.36904265551980675,0.034397916550841595,0.02454,0.014980000000000002,-0.00025688405797101447,-1.4777432712215288e-05
0.5,0.15,6.0,0.29,0.39,18.06050740970064,0.36904265551980675,0.034397916550841595,0.02454,0.014980000000000002,-0.00025688405797101447,-1.4777432712215288e-05
0.5,0.15,8.0,0.29,0.39,18.06050740970064,0.36904265551980675,0.034397916550841595,0.02454,0.014980000000000002,-0.00025688405797101447,-1.4777432712215288e-05
0.5,0.15,10.0,0.29,0.39,18.06050740970064,0.36904265551980675,0.034397916550841595,0.02454,0.014980000000000002,-0.00025688405797101447,-1.4777432712215288e-05
0.5,0.15,12.0,0.29,0.39,18.06050740970064,0.36904265551980675,0.034397916550841595,0.02454,0.014980000000000002,-0.00025688405797101447,-1.4777432712215288e-05
0.5,0.15,14.0,0.29,0.39,18.06050740970064,0.36904265551980675,0.034397916550841595,0.02454,0.014980000000000002,-0.00025688405797101447,-1.4777432712215288e-05
0.5,0.15,16.0,0.29,0.39,18.06050740970064,0.36904265551980675,0.034397916550841595,0.02454,0.014980000000000002,-0.00025688405797101447,-1.4777432712215288e-05
0.5,0.15,18.0,0.29,0.39,18.06050740970064,0.36904265551980675,0.034397916550841595,0.02454,0.014980000000000002,-0.00025688405797101447,-1.4777432712215288e-05
0.5,0.2,,0.29,0.39,18.06050740970064,0.36904265551980675,0.034397916550841595,0.02454,0.014980000000000002,-0.00025688405797101447,-1.4777432712215288e-05
0.5,0.2,2.0,0.29,0.39,18.06050740970064,0.36904265551980675,0.034397916550841595,0.02454,0.014980000000000002,-0.00025688405797101447,-1.4777432712215288e-05
0.5,0.2,4.0,0.29,0.39,18.06050740970064,0.36904265551980675,0.034397916550841595,0.02454,0.014980000000000002,-0.00025688405797101447,-1.4777432712215288e-05
0.5,0.2,6.0,0.29,0.39,18.06050740970064,0.36904265551980675,0.034397916550841595,0.02454,0.014980000000000002,-0.00025688405797101447,-1.4777432712215288e-05
0.5,0.2,8.0,0.29,0.39,18.06050740970064,0.36904265551980675,0.034397916550841595,0.02454,0.014980000000000002,-0.00025688405797101447,-1.4777432712215288e-05
0.5,0.2,10.0,0.29,0.39,18.06050740970064,0.36904265551980675,0.034397916550841595,0.02454,0.014980000000000002,-0.00025688405797101447,-1.4777432712215288e-05
0.5,0.2,12.0,0.29,0.39,18.06050740970064,0.36904265551980675,0.034397916550841595,0.02454,0.014980000000000002,-0.00025688405797101447,-1.4777432712215288e-05
0.5,0.2,14.0,0.29,0.39,18.06050740970064,0.36904265551980675,0.034397916550841595,0.02454,0.014980000000000002,-0.00025688405797101447,-1.4777432712215288e-05
0.5,0.2,16.0,0.29,0.39,18.06050740970064,0.36904265551980675,0.034397916550841595,0.02454,0.014980000000000002,-0.00025688405797101447,-1.4777432712215288e-05
0.5,0.2,18.0,0.29,0.39,18.06050740970064,0.36904265551980675,0.034397916550841595,0.02454,0.014980000000000002,-0.00025688405797101447,-1.4777432712215288e-05
0.5,0.25,,0.29,0.39,18.06050740970064,0.36904265551980675,0.034397916550841595,0.02454,0.014980000000000002,-0.00025688405797101447,-1.4777432712215288e-05
0.5,0.25,2.0,0.29,0.39,18.06050740970064,0.36904265551980675,0.034397916550841595,0.02454,0.014980000000000002,-0.00025688405797101447,-1.4777432712215288e-05
0.5,0.25,4.0,0.29,0.39,18.06050740970064,0.36904265551980675,0.034397916550841595,0.02454,0.014980000000000002,-0.00025688405797101447,-1.4777432712215288e-05
0.5,0.25,6.0,0.29,0.39,18.06050740970064,0.36904265551980675,0.034397916550841595,0.02454,0.014980000000000002,-0.00025688405797101447,-1.4777432712215288e-05
0.5,0.25,8.0,0.29,0.39,18.06050740970064,0.36904265551980675,0.034397916550841595,0.02454,0.014980000000000002,-0.00025688405797101447,-1.4777432712215288e-05
0.5,0.25,10.0,0.29,0.39,18.06050740970064,0.36904265551980675,0.034397916550841595,0.02454,0.014980000000000002,-0.00025688405797101447,-1.4777432712215288e-05
0.5,0.25,12.0,0.29,0.39,18.06050740970064,0.36904265551980675,0.034397916550841595,0.02454,0.014980000000000002,-0.00025688405797101447,-1.4777432712215288e-05
0.5,0.25,14.0,0.29,0.39,18.06050740970064,0.36904265551980675,0.034397916550841595,0.02454,0.014980000000000002,-0.00025688405797101447,-1.4777432712215288e-05
0.5,0.25,16.0,0.29,0.39,18.06050740970064,0.36904265551980675,0.034397916550841595,0.02454,0.014980000000000002,-0.00025688405797101447,-1.4777432712215288e-05
0.5,0.25,18.0,0.29,0.39,18.06050740970064,0.36904265551980675,0.034397916550841595,0.02454,0.014980000000000002,-0.00025688405797101447,-1.4777432712215288e-05
0.5,0.3,,0.29,0.39,18.06050740970064,0.36904265551980675,0.034397916550841595,0.02454,0.014980000000000002,-0.00025688405797101447,-1.4777432712215288e-05
0.5,0.3,2.0,0.29,0.39,18.06050740970064,0.36904265551980675,0.034397916550841595,0.02454,0.014980000000000002,-0.00025688405797101447,-1.4777432712215288e-05
0.5,0.3,4.0,0.29,0.39,18.06050740970064,0.36904265551980675,0.034397916550841595,0.02454,0.014980000000000002,-0.00025688405797101447,-1.4777432712215288e-05
0.5,0.3,6.0,0.29,0.39,18.06050740970064,0.36904265551980675,0.034397916550841595,0.02454,0.014980000000000002,-0.00025688405797101447,-1.4777432712215288e-05
0.5,0.3,8.0,0.29,0.39,18.06050740970064,0.36904265551980675,0.034397916550841595,0.02454,0.014980000000000002,-0.00025688405797101447,-1.4777432712215288e-05
0.5,0.3,10.0,0.29,0.39,18.06050740970064,0.36904265551980675,0.034397916550841595,0.02454,0.014980000000000002,-0.00025688405797101447,-1.4777432712215288e-05
0.5,0.3,12.0,0.29,0.39,18.06050740970064,0.36904265551980675,0.034397916550841595,0.02454,0.014980000000000002,-0.00025688405797101447,-1.4777432712215288e-05
0.5,0.3,14.0,0.29,0.39,18.06050740970064,0.36904265551980675,0.034397916550841595,0.02454,0.014980000000000002,-0.00025688405797101447,-1.4777432712215288e-05
0.5,0.3,16.0,0.29,0.39,18.06050740970064,0.36904265551980675,0.034397916550841595,0.02454,0.014980000000000002,-0.00025688405797101447,-1.4777432712215288e-05
0.5,0.3,18.0,0.29,0.39,18.06050740970064,0.36904265551980675,0.034397916550841595,0.02454,0.014980000000000002,-0.00025688405797101447,-1.4777432712215288e-05
0.5,0.35,,0.29,0.39,18.06050740970064,0.36904265551980675,0.034397916550841595,0.02454,0.014980000000000002,-0.00025688405797101447,-1.4777432712215288e-05
0.5,0.35,2.0,0.29,0.39,18.06050740970064,0.36904265551980675,0.034397916550841595,0.02454,0.014980000000000002,-0.00025688405797101447,-1.4777432712215288e-05
0.5,0.35,4.0,0.29,0.39,18.06050740970064,0.36904265551980675,0.034397916550841595,0.02454,0.014980000000000002,-0.00025688405797101447,-1.4777432712215288e-05
0.5,0.35,6.0,0.29,0.39,18.06050740970064,0.36904265551980675,0.034397916550841595,0.02454,0.014980000000000002,-0.00025688405797101447,-1.4777432712215288e-05
0.5,0.35,8.0,0.29,0.39,18.06050740970064,0.36904265551980675,0.034397916550841595,0.02454,0.014980000000000002,-0.00025688405797101447,-1.4777432712215288e-05
0.5,0.35,10.0,0.29,0.39,18.06050740970064,0.36904265551980675,0.034397916550841595,0.02454,0.014980000000000002,-0.00025688405797101447,-1.4777432712215288e-05
0.5,0.35,12.0,0.29,0.39,18.06050740970064,0.36904265551980675,0.034397916550841595,0.02454,0.014980000000000002,-0.00025688405797101447,-1.4777432712215288e-05
0.5,0.35,14.0,0.29,0.39,18.06050740970064,0.36904265551980675,0.034397916550841595,0.02454,0.014980000000000002,-0.00025688405797101447,-1.4777432712215288e-05
0.5,0.35,16.0,0.29,0.39,18.06050740970064,0.36904265551980675,0.034397916550841595,0.02454,0.014980000000000002,-0.00025688405797101447,-1.4777432712215288e-05
0.5,0.35,18.0,0.29,0.39,18.06050740970064,0.36904265551980675,0.034397916550841595,0.02454,0.014980000000000002,-0.00025688405797101447,-1.4777432712215288e-05
0.5,0.4,,0.29,0.39,18.06050740970064,0.36904265551980675,0.034397916550841595,0.02454,0.014980000000000002,-0.00025688405797101447,-1.4777432712215288e-05
0.5,0.4,2.0,0.29,0.39,18.06050740970064,0.36904265551980675,0.034397916550841595,0.02454,0.014980000000000002,-0.00025688405797101447,-1.4777432712215288e-05
0.5,0.4,4.0,0.29,0.39,18.06050740970064,0.36904265551980675,0.034397916550841595,0.02454,0.014980000000000002,-0.00025688405797101447,-1.4777432712215288e-05
0.5,0.4,6.0,0.29,0.39,18.06050740970064,0.36904265551980675,0.034397916550841595,0.02454,0.014980000000000002,-0.00025688405797101447,-1.4777432712215288e-05
0.5,0.4,8.0,0.29,0.39,18.06050740970064,0.36904265551980675,0.034397916550841595,0.02454,0.014980000000000002,-0.00025688405797101447,-1.4777432712215288e-05
0.5,0.4,10.0,0.29,0.39,18.06050740970064,0.36904265551980675,0.034397916550841595,0.02454,0.014980000000000002,-0.00025688405797101447,-1.4777432712215288e-05
0.5,0.4,12.0,0.29,0.39,18.06050740970064,0.36904265551980675,0.034397916550841595,0.02454,0.014980000000000002,-0.00025688405797101447,-1.4777432712215288e-05
0.5,0.4,14.0,0.29,0.39,18.06050740970064,0.36904265551980675,0.034397916550841595,0.02454,0.014980000000000002,-0.00025688405797101447,-1.4777432712215288e-05
0.5,0.4,16.0,0.29,0.39,18.06050740970064,0.36904265551980675,0.034397916550841595,0.02454,0.014980000000000002,-0.00025688405797101447,-1.4777432712215288e-05
0.5,0.4,18.0,0.29,0.39,18.06050740970064,0.36904265551980675,0.034397916550841595,0.02454,0.014980000000000002,-0.00025688405797101447,-1.4777432712215288e-05
0.5,0.45,,0.29,0.39,18.06050740970064,0.36904265551980675,0.034397916550841595,0.02454,0.014980000000000002,-0.00025688405797101447,-1.4777432712215288e-05
0.5,0.45,2.0,0.29,0.39,18.06050740970064,0.36904265551980675,0.034397916550841595,0.02454,0.014980000000000002,-0.00025688405797101447,-1.4777432712215288e-05
0.5,0.45,4.0,0.29,0.39,18.06050740970064,0.36904265551980675,0.034397916550841595,0.02454,0.014980000000000002,-0.00025688405797101447,-1.4777432712215288e-05
0.5,0.45,6.0,0.29,0.39,18.06050740970064,0.36904265551980675,0.034397916550841595,0.02454,0.014980000000000002,-0.00025688405797101447,-1.4777432712215288e-05
0.5,0.45,8.0,0.29,0.39,18.06050740970064,0.36904265551980675,0.034397916550841595,0.02454,0.014980000000000002,-0.00025688405797101447,-1.4777432712215288e-05
0.5,0.45,10.0,0.29,0.39,18.06050740970064,0.36904265551980675,0.034397916550841595,0.02454,0.014980000000000002,-0.00025688405797101447,-1.4777432712215288e-05
0.5,0.45,12.0,0.29,0.39,18.06050740970064,0.36904265551980675,0.034397916550841595,0.02454,0.014980000000000002,-0.00025688405797101447,-1.4777432712215288e-05
0.5,0.45,14.0,0.29,0.39,18.06050740970064,0.36904265551980675,0.034397916550841595,0.02454,0.014980000000000002,-0.00025688405797101447,-1.4777432712215288e-05
0.5,0.45,16.0,0.29,0.39,18.06050740970064,0.36904265551980675,0.034397916550841595,0.02454,0.014980000000000002,-0.00025688405797101447,-1.4777432712215288e-05
0.5,0.45,18.0,0.29,0.39,18.06050740970064,0.36904265551980675,0.034397916550841595,0.02454,0.014980000000000002,-0.00025688405797101447,-1.4777432712215288e-05
0.5,0.5,,0.29,0.39,18.06050740970064,0.36904265551980675,0.034397916550841595,0.02454,0.014980000000000002,-0.00025688405797101447,-1.4777432712215288e-05
0.5,0.5,2.0,0.29,0.39,18.06050740970064,0.36904265551980675,0.034397916550841595,0.02454,0.014980000000000002,-0.00025688405797101447,-1.4777432712215288e-05
0.5,0.5,4.0,0.29,0.39,18.06050740970064,0.36904265551980675,0.034397916550841595,0.02454,0.014980000000000002,-0.00025688405797101447,-1.4777432712215288e-05
0.5,0.5,6.0,0.29,0.39,18.06050740970064,0.36904265551980675,0.034397916550841595,0.02454,0.014980000000000002,-0.00025688405797101447,-1.4777432712215288e-05
0.5,0.5,8.0,0.29,0.39,18.06050740970064,0.36904265551980675,0.034397916550841595,0.02454,0.014980000000000002,-0.00025688405797101447,-1.4777432712215288e-05
0.5,0.5,10.0,0.29,0.39,18.06050740970064,0.36904265551980675,0.034397916550841595,0.02454,0.014980000000000002,-0.00025688405797101447,-1.4777432712215288e-05
0.5,0.5,12.0,0.29,0.39,18.06050740970064,0.36904265551980675,0.034397916550841595,0.02454,0.014980000000000002,-0.00025688405797101447,-1.4777432712215288e-05
0.5,0.5,14.0,0.29,0.39,18.06050740970064,0.36904265551980675,0.034397916550841595,0.02454,0.014980000000000002,-0.00025688405797101447,-1.4777432712215288e-05
0.5,0.5,16.0,0.29,0.39,18.06050740970064,0.36904265551980675,0.034397916550841595,0.02454,0.014980000000000002,-0.00025688405797101447,-1.4777432712215288e-05
0.5,0.5,18.0,0.29,0.39,18.06050740970064,0.36904265551980675,0.034397916550841595,0.02454,0.014980000000000002,-0.00025688405797101447,-1.4777432712215288e-05
0.5,0.55,,0.29,0.39,18.06050740970064,0.36904265551980675,0.034397916550841595,0.02454,0.014980000000000002,-0.00025688405797101447,-1.4777432712215288e-05
0.5,0.55,2.0,0.29,0.39,18.06050740970064,0.36904265551980675,0.034397916550841595,0.02454,0.014980000000000002,-0.00025688405797101447,-1.4777432712215288e-05
0.5,0.55,4.0,0.29,0.39,18.06050740970064,0.36904265551980675,0.034397916550841595,0.02454,0.014980000000000002,-0.00025688405797101447,-1.4777432712215288e-05
0.5,0.55,6.0,0.29,0.39,18.06050740970064,0.36904265551980675,0.034397916550841595,0.02454,0.014980000000000002,-0.00025688405797101447,-1.4777432712215288e-05
0.5,0.55,8.0,0.29,0.39,18.06050740970064,0.36904265551980675,0.034397916550841595,0.02454,0.014980000000000002,-0.00025688405797101447,-1.4777432712215288e-05
0.5,0.55,10.0,0.29,0.39,18.06050740970064,0.36904265551980675,0.034397916550841595,0.02454,0.014980000000000002,-0.00025688405797101447,-1.4777432712215288e-05
0.5,0.55,12.0,0.29,0.39,18.06050740970064,0.36904265551980675,0.034397916550841595,0.02454,0.014980000000000002,-0.00025688405797101447,-1.4777432712215288e-05
0.5,0.55,14.0,0.29,0.39,18.06050740970064,0.36904265551980675,0.034397916550841595,0.02454,0.014980000000000002,-0.00025688405797101447,-1.4777432712215288e-05
0.5,0.55,16.0,0.29,0.39,18.06050740970064,0.36904265551980675,0.034397916550841595,0.02454,0.014980000000000002,-0.00025688405797101447,-1.4777432712215288e-05
0.5,0.55,18.0,0.29,0.39,18.06050740970064,0.36904265551980675,0.034397916550841595,0.02454,0.014980000000000002,-0.00025688405797101447,-1.4777432712215288e-05
0.5,0.6,,0.29,0.39,18.06050740970064,0.36904265551980675,0.034397916550841595,0.02454,0.014980000000000002,-0.00025688405797101447,-1.4777432712215288e-05
0.5,0.6,2.0,0.29,0.39,18.06050740970064,0.36904265551980675,0.034397916550841595,0.02454,0.014980000000000002,-0.00025688405797101447,-1.4777432712215288e-05
0.5,0.6,4.0,0.29,0.39,18.06050740970064,0.36904265551980675,0.034397916550841595,0.02454,0.014980000000000002,-0.00025688405797101447,-1.4777432712215288e-05
0.5,0.6,6.0,0.29,0.39,18.06050740970064,0.36904265551980675,0.034397916550841595,0.02454,0.014980000000000002,-0.00025688405797101447,-1.4777432712215288e-05
0.5,0.6,8.0,0.29,0.39,18.06050740970064,0.36904265551980675,0.034397916550841595,0.02454,0.014980000000000002,-0.00025688405797101447,-1.4777432712215288e-05
0.5,0.6,10.0,0.29,0.39,18.06050740970064,0.36904265551980675,0.034397916550841595,0.02454,0.014980000000000002,-0.00025688405797101447,-1.4777432712215288e-05
0.5,0.6,12.0,0.29,0.39,18.06050740970064,0.36904265551980675,0.034397916550841595,0.02454,0.014980000000000002,-0.00025688405797101447,-1.4777432712215288e-05
0.5,0.6,14.0,0.29,0.39,18.06050740970064,0.36904265551980675,0.034397916550841595,0.02454,0.014980000000000002,-0.00025688405797101447,-1.4777432712215288e-05
0.5,0.6,16.0,0.29,0.39,18.06050740970064,0.36904265551980675,0.034397916550841595,0.02454,0.014980000000000002,-0.00025688405797101447,-1.4777432712215288e-05
0.5,0.6,18.0,0.29,0.39,18.06050740970064,0.36904265551980675,0.034397916550841595,0.02454,0.014980000000000002,-0.00025688405797101447,-1.4777432712215288e-05
0.5,0.65,,0.29,0.39,18.06050740970064,0.36904265551980675,0.034397916550841595,0.02454,0.014980000000000002,-0.00025688405797101447,-1.4777432712215288e-05
0.5,0.65,2.0,0.29,0.39,18.06050740970064,0.36904265551980675,0.034397916550841595,0.02454,0.014980000000000002,-0.00025688405797101447,-1.4777432712215288e-05
0.5,0.65,4.0,0.29,0.39,18.06050740970064,0.36904265551980675,0.034397916550841595,0.02454,0.014980000000000002,-0.00025688405797101447,-1.4777432712215288e-05
0.5,0.65,6.0,0.29,0.39,18.06050740970064,0.36904265551980675,0.034397916550841595,0.02454,0.014980000000000002,-0.00025688405797101447,-1.4777432712215288e-05
0.5,0.65,8.0,0.29,0.39,18.06050740970064,0.36904265551980675,0.034397916550841595,0.02454,0.014980000000000002,-0.00025688405797101447,-1.4777432712215288e-05
0.5,0.65,10.0,0.29,0.39,18.06050740970064,0.36904265551980675,0.034397916550841595,0.02454,0.014980000000000002,-0.00025688405797101447,-1.4777432712215288e-05
0.5,0.65,12.0,0.29,0.39,18.06050740970064,0.36904265551980675,0.034397916550841595,0.02454,0.014980000000000002,-0.00025688405797101447,-1.4777432712215288e-05
0.5,0.65,14.0,0.29,0.39,18.06050740970064,0.36904265551980675,0.034397916550841595,0.02454,0.014980000000000002,-0.00025688405797101447,-1.4777432712215288e-05
0.5,0.65,16.0,0.29,0.39,18.06050740970064,0.36904265551980675,0.034397916550841595,0.02454,0.014980000000000002,-0.00025688405797101447,-1.4777432712215288e-05
0.5,0.65,18.0,0.29,0.39,18.06050740970064,0.36904265551980675,0.034397916550841595,0.02454,0.014980000000000002,-0.00025688405797101447,-1.4777432712215288e-05
0.5,0.7,,0.29,0.39,18.06050740970064,0.36904265551980675,0.034397916550841595,0.02454,0.014980000000000002,-0.00025688405797101447,-1.4777432712215288e-05
0.5,0.7,2.0,0.29,0.39,18.06050740970064,0.36904265551980675,0.034397916550841595,0.02454,0.014980000000000002,-0.00025688405797101447,-1.4777432712215288e-05
0.5,0.7,4.0,0.29,0.39,18.06050740970064,0.36904265551980675,0.034397916550841595,0.02454,0.014980000000000002,-0.00025688405797101447,-1.4777432712215288e-05
0.5,0.7,6.0,0.29,0.39,18.06050740970064,0.36904265551980675,0.034397916550841595,0.02454,0.014980000000000002,-0.00025688405797101447,-1.4777432712215288e-05
0.5,0.7,8.0,0.29,0.39,18.06050740970064,0.36904265551980675,0.034397916550841595,0.02454,0.014980000000000002,-0.00025688405797101447,-1.4777432712215288e-05
0.5,0.7,10.0,0.29,0.39,18.06050740970064,0.36904265551980675,0.034397916550841595,0.02454,0.014980000000000002,-0.00025688405797101447,-1.4777432712215288e-05
0.5,0.7,12.0,0.29,0.39,18.06050740970064,0.36904265551980675,0.034397916550841595,0.02454,0.014980000000000002,-0.00025688405797101447,-1.4777432712215288e-05
0.5,0.7,14.0,0.29,0.39,18.06050740970064,0.36904265551980675,0.034397916550841595,0.02454,0.014980000000000002,-0.00025688405797101447,-1.4777432712215288e-05
0.5,0.7,16.0,0.29,0.39,18.06050740970064,0.36904265551980675,0.034397916550841595,0.02454,0.014980000000000002,-0.00025688405797101447,-1.4777432712215288e-05
0.5,0.7,18.0,0.29,0.39,18.06050740970064,0.36904265551980675,0.034397916550841595,0.02454,0.014980000000000002,-0.00025688405797101447,-1.4777432712215288e-05
0.5,0.75,,0.29,0.39,18.06050740970064,0.36904265551980675,0.034397916550841595,0.02454,0.014980000000000002,-0.00025688405797101447,-1.4777432712215288e-05
0.5,0.75,2.0,0.29,0.39,18.06050740970064,0.36904265551980675,0.034397916550841595,0.02454,0.014980000000000002,-0.00025688405797101447,-1.4777432712215288e-05
0.5,0.75,4.0,0.29,0.39,18.06050740970064,0.36904265551980675,0.034397916550841595,0.02454,0.014980000000000002,-0.00025688405797101447,-1.4777432712215288e-05
0.5,0.75,6.0,0.29,0.39,18.06050740970064,0.36904265551980675,0.034397916550841595,0.02454,0.014980000000000002,-0.00025688405797101447,-1.4777432712215288e-05
0.5,0.75,8.0,0.29,0.39,18.06050740970064,0.36904265551980675,0.034397916550841595,0.02454,0.014980000000000002,-0.00025688405797101447,-1.4777432712215288e-05
0.5,0.75,10.0,0.29,0.39,18.06050740970064,0.36904265551980675,0.034397916550841595,0.02454,0.014980000000000002,-0.00025688405797101447,-1.4777432712215288e-05
0.5,0.75,12.0,0.29,0.39,18.06050740970064,0.36904265551980675,0.034397916550841595,0.02454,0.014980000000000002,-0.00025688405797101447,-1.4777432712215288e-05
0.5,0.75,14.0,0.29,0.39,18.06050740970064,0.36904265551980675,0.034397916550841595,0.02454,0.014980000000000002,-0.00025688405797101447,-1.4777432712215288e-05
0.5,0.75,16.0,0.29,0.39,18.06050740970064,0.36904265551980675,0.034397916550841595,0.02454,0.014980000000000002,-0.00025688405797101447,-1.4777432712215288e-05
0.5,0.75,18.0,0.29,0.39,18.06050740970064,0.36904265551980675,0.034397916550841595,0.02454,0.014980000000000002,-0.00025688405797101447,-1.4777432712215288e-05
0.5,0.8,,0.29,0.39,18.06050740970064,0.36904265551980675,0.034397916550841595,0.02454,0.014980000000000002,-0.00025688405797101447,-1.4777432712215288e-05
0.5,0.8,2.0,0.29,0.39,18.06050740970064,0.36904265551980675,0.034397916550841595,0.02454,0.014980000000000002,-0.00025688405797101447,-1.4777432712215288e-05
0.5,0.8,4.0,0.29,0.39,18.06050740970064,0.36904265551980675,0.034397916550841595,0.02454,0.014980000000000002,-0.00025688405797101447,-1.4777432712215288e-05
0.5,0.8,6.0,0.29,0.39,18.06050740970064,0.36904265551980675,0.034397916550841595,0.02454,0.014980000000000002,-0.00025688405797101447,-1.4777432712215288e-05
0.5,0.8,8.0,0.29,0.39,18.06050740970064,0.36904265551980675,0.034397916550841595,0.02454,0.014980000000000002,-0.00025688405797101447,-1.4777432712215288e-05
0.5,0.8,10.0,0.29,0.39,18.06050740970064,0.36904265551980675,0.034397916550841595,0.02454,0.014980000000000002,-0.00025688405797101447,-1.4777432712215288e-05
0.5,0.8,12.0,0.29,0.39,18.06050740970064,0.36904265551980675,0.034397916550841595,0.02454,0.014980000000000002,-0.00025688405797101447,-1.4777432712215288e-05
0.5,0.8,14.0,0.29,0.39,18.06050740970064,0.36904265551980675,0.034397916550841595,0.02454,0.014980000000000002,-0.00025688405797101447,-1.4777432712215288e-05
0.5,0.8,16.0,0.29,0.39,18.06050740970064,0.36904265551980675,0.034397916550841595,0.02454,0.014980000000000002,-0.00025688405797101447,-1.4777432712215288e-05
0.5,0.8,18.0,0.29,0.39,18.06050740970064,0.36904265551980675,0.034397916550841595,0.02454,0.014980000000000002,-0.00025688405797101447,-1.4777432712215288e-05
0.5,0.85,,0.29,0.39,18.06050740970064,0.36904265551980675,0.034397916550841595,0.02454,0.014980000000000002,-0.00025688405797101447,-1.4777432712215288e-05
0.5,0.85,2.0,0.29,0.39,18.06050740970064,0.36904265551980675,0.034397916550841595,0.02454,0.014980000000000002,-0.00025688405797101447,-1.4777432712215288e-05
0.5,0.85,4.0,0.29,0.39,18.06050740970064,0.36904265551980675,0.034397916550841595,0.02454,0.014980000000000002,-0.00025688405797101447,-1.4777432712215288e-05
0.5,0.85,6.0,0.29,0.39,18.06050740970064,0.36904265551980675,0.034397916550841595,0.02454,0.014980000000000002,-0.00025688405797101447,-1.4777432712215288e-05
0.5,0.85,8.0,0.29,0.39,18.06050740970064,0.36904265551980675,0.034397916550841595,0.02454,0.014980000000000002,-0.00025688405797101447,-1.4777432712215288e-05
0.5,0.85,10.0,0.29,0.39,18.06050740970064,0.36904265551980675,0.034397916550841595,0.02454,0.014980000000000002,-0.00025688405797101447,-1.4777432712215288e-05
0.5,0.85,12.0,0.29,0.39,18.06050740970064,0.36904265551980675,0.034397916550841595,0.02454,0.014980000000000002,-0.00025688405797101447,-1.4777432712215288e-05
0.5,0.85,14.0,0.29,0.39,18.06050740970064,0.36904265551980675,0.034397916550841595,0.02454,0.014980000000000002,-0.00025688405797101447,-1.4777432712215288e-05
0.5,0.85,16.0,0.29,0.39,18.06050740970064,0.36904265551980675,0.034397916550841595,0.02454,0.014980000000000002,-0.00025688405797101447,-1.4777432712215288e-05
0.5,0.85,18.0,0.29,0.39,18.06050740970064,0.36904265551980675,0.034397916550841595,0.02454,0.014980000000000002,-0.00025688405797101447,-1.4777432712215288e-05
0.5,0.9,,0.29,0.39,18.06050740970064,0.36904265551980675,0.034397916550841595,0.02454,0.014980000000000002,-0.00025688405797101447,-1.4777432712215288e-05
0.5,0.9,2.0,0.29,0.39,18.06050740970064,0.36904265551980675,0.034397916550841595,0.02454,0.014980000000000002,-0.00025688405797101447,-1.4777432712215288e-05
0.5,0.9,4.0,0.29,0.39,18.06050740970064,0.36904265551980675,0.034397916550841595,0.02454,0.014980000000000002,-0.00025688405797101447,-1.4777432712215288e-05
0.5,0.9,6.0,0.29,0.39,18.06050740970064,0.36904265551980675,0.034397916550841595,0.02454,0.014980000000000002,-0.00025688405797101447,-1.4777432712215288e-05
0.5,0.9,8.0,0.29,0.39,18.06050740970064,0.36904265551980675,0.034397916550841595,0.02454,0.014980000000000002,-0.00025688405797101447,-1.4777432712215288e-05
0.5,0.9,10.0,0.29,0.39,18.06050740970064,0.36904265551980675,0.034397916550841595,0.02454,0.014980000000000002,-0.00025688405797101447,-1.4777432712215288e-05
0.5,0.9,12.0,0.29,0.39,18.06050740970064,0.36904265551980675,0.034397916550841595,0.02454,0.014980000000000002,-0.00025688405797101447,-1.4777432712215288e-05
0.5,0.9,14.0,0.29,0.39,18.06050740970064,0.36904265551980675,0.034397916550841595,0.02454,0.014980000000000002,-0.00025688405797101447,-1.4777432712215288e-05
0.5,0.9,16.0,0.29,0.39,18.06050740970064,0.36904265551980675,0.034397916550841595,0.02454,0.014980000000000002,-0.00025688405797101447,-1.4777432712215288e-05
0.5,0.9,18.0,0.29,0.39,18.06050740970064,0.36904265551980675,0.034397916550841595,0.02454,0.014980000000000002,-0.00025688405797101447,-1.4777432712215288e-05
0.5,0.95,,0.29,0.39,18.06050740970064,0.36904265551980675,0.034397916550841595,0.02454,0.014980000000000002,-0.00025688405797101447,-1.4777432712215288e-05
0.5,0.95,2.0,0.29,0.39,18.06050740970064,0.36904265551980675,0.034397916550841595,0.02454,0.014980000000000002,-0.00025688405797101447,-1.4777432712215288e-05
0.5,0.95,4.0,0.29,0.39,18.06050740970064,0.36904265551980675,0.034397916550841595,0.02454,0.014980000000000002,-0.00025688405797101447,-1.4777432712215288e-05
0.5,0.95,6.0,0.29,0.39,18.06050740970064,0.36904265551980675,0.034397916550841595,0.02454,0.014980000000000002,-0.00025688405797101447,-1.4777432712215288e-05
0.5,0.95,8.0,0.29,0.39,18.06050740970064,0.36904265551980675,0.034397916550841595,0.02454,0.014980000000000002,-0.00025688405797101447,-1.4777432712215288e-05
0.5,0.95,10.0,0.29,0.39,18.06050740970064,0.36904265551980675,0.034397916550841595,0.02454,0.014980000000000002,-0.00025688405797101447,-1.4777432712215288e-05
0.5,0.95,12.0,0.29,0.39,18.06050740970064,0.36904265551980675,0.034397916550841595,0.02454,0.014980000000000002,-0.00025688405797101447,-1.4777432712215288e-05
0.5,0.95,14.0,0.29,0.39,18.06050740970064,0.36904265551980675,0.034397916550841595,0.02454,0.014980000000000002,-0.00025688405797101447,-1.4777432712215288e-05
0.5,0.95,16.0,0.29,0.39,18.06050740970064,0.36904265551980675,0.034397916550841595,0.02454,0.014980000000000002,-0.00025688405797101447,-1.4777432712215288e-05
0.5,0.95,18.0,0.29,0.39,18.06050740970064,0.36904265551980675,0.034397916550841595,0.02454,0.014980000000000002,-0.00025688405797101447,-1.4777432712215288e-05
0.5,1.0,,0.29,0.39,18.06050740970064,0.36904265551980675,0.034397916550841595,0.02454,0.014980000000000002,-0.00025688405797101447,-1.4777432712215288e-05
0.5,1.0,2.0,0.29,0.39,18.06050740970064,0.36904265551980675,0.034397916550841595,0.02454,0.014980000000000002,-0.00025688405797101447,-1.4777432712215288e-05
0.5,1.0,4.0,0.29,0.39,18.06050740970064,0.36904265551980675,0.034397916550841595,0.02454,0.014980000000000002,-0.00025688405797101447,-1.4777432712215288e-05
0.5,1.0,6.0,0.29,0.39,18.06050740970064,0.36904265551980675,0.034397916550841595,0.02454,0.014980000000000002,-0.00025688405797101447,-1.4777432712215288e-05
0.5,1.0,8.0,0.29,0.39,18.06050740970064,0.36904265551980675,0.034397916550841595,0.02454,0.014980000000000002,-0.00025688405797101447,-1.4777432712215288e-05
0.5,1.0,10.0,0.29,0.39,18.06050740970064,0.36904265551980675,0.034397916550841595,0.02454,0.014980000000000002,-0.00025688405797101447,-1.4777432712215288e-05
0.5,1.0,12.0,0.29,0.39,18.06050740970064,0.36904265551980675,0.034397916550841595,0.02454,0.014980000000000002,-0.00025688405797101447,-1.4777432712215288e-05
0.5,1.0,14.0,0.29,0.39,18.06050740970064,0.36904265551980675,0.034397916550841595,0.02454,0.014980000000000002,-0.00025688405797101447,-1.4777432712215288e-05
0.5,1.0,16.0,0.29,0.39,18.06050740970064,0.36904265551980675,0.034397916550841595,0.02454,0.014980000000000002,-0.00025688405797101447,-1.4777432712215288e-05
0.5,1.0,18.0,0.29,0.39,18.06050740970064,0.36904265551980675,0.034397916550841595,0.02454,0.014980000000000002,-0.00025688405797101447,-1.4777432712215288e-05
0.55,0.1,,0.29,0.38,18.323282502665506,0.5358411166387221,0.03459068657626609,0.03186666666666666,0.0015333333333333345,-0.0002331784146656339,-9.372579395817188e-06
0.55,0.1,2.0,0.29,0.38,18.323282502665506,0.5358411166387221,0.03459068657626609,0.03186666666666666,0.0015333333333333345,-0.0002331784146656339,-9.372579395817188e-06
0.55,0.1,4.0,0.29,0.38,18.323282502665506,0.5358411166387221,0.03459068657626609,0.03186666666666666,0.0015333333333333345,-0.0002331784146656339,-9.372579395817188e-06
0.55,0.1,6.0,0.29,0.38,18.323282502665506,0.5358411166387221,0.03459068657626609,0.03186666666666666,0.0015333333333333345,-0.0002331784146656339,-9.372579395817188e-06
0.55,0.1,8.0,0.29,0.38,18.323282502665506,0.5358411166387221,0.03459068657626609,0.03186666666666666,0.0015333333333333345,-0.0002331784146656339,-9.372579395817188e-06
0.55,0.1,10.0,0.29,0.38,18.323282502665506,0.5358411166387221,0.03459068657626609,0.03186666666666666,0.0015333333333333345,-0.0002331784146656339,-9.372579395817188e-06
0.55,0.1,12.0,0.29,0.38,18.323282502665506,0.5358411166387221,0.03459068657626609,0.03186666666666666,0.0015333333333333345,-0.0002331784146656339,-9.372579395817188e-06
0.55,0.1,14.0,0.29,0.38,18.323282502665506,0.5358411166387221,0.03459068657626609,0.03186666666666666,0.0015333333333333345,-0.0002331784146656339,-9.372579395817188e-06
0.55,0.1,16.0,0.29,0.38,18.323282502665506,0.5358411166387221,0.03459068657626609,0.03186666666666666,0.0015333333333333345,-0.0002331784146656339,-9.372579395817188e-06
0.55,0.1,18.0,0.29,0.38,18.323282502665506,0.5358411166387221,0.03459068657626609,0.03186666666666666,0.0015333333333333345,-0.0002331784146656339,-9.372579395817188e-06
0.55,0.15,,0.29,0.38,18.323282502665506,0.5358411166387221,0.03459068657626609,0.03186666666666666,0.0015333333333333345,-0.0002331784146656339,-9.372579395817188e-06
0.55,0.15,2.0,0.29,0.38,18.323282502665506,0.5358411166387221,0.03459068657626609,0.03186666666666666,0.0015333333333333345,-0.0002331784146656339,-9.372579395817188e-06
0.55,0.15,4.0,0.29,0.38,18.323282502665506,0.5358411166387221,0.03459068657626609,0.03186666666666666,0.0015333333333333345,-0.0002331784146656339,-9.372579395817188e-06
0.55,0.15,6.0,0.29,0.38,18.323282502665506,0.5358411166387221,0.03459068657626609,0.03186666666666666,0.0015333333333333345,-0.0002331784146656339,-9.372579395817188e-06
0.55,0.15,8.0,0.29,0.38,18.323282502665506,0.5358411166387221,0.03459068657626609,0.03186666666666666,0.0015333333333333345,-0.0002331784146656339,-9.372579395817188e-06
0.55,0.15,10.0,0.29,0.38,18.323282502665506,0.5358411166387221,0.03459068657626609,0.03186666666666666,0.0015333333333333345,-0.0002331784146656339,-9.372579395817188e-06
0.55,0.15,12.0,0.29,0.38,18.323282502665506,0.5358411166387221,0.03459068657626609,0.03186666666666666,0.0015333333333333345,-0.0002331784146656339,-9.372579395817188e-06
0.55,0.15,14.0,0.29,0.38,18.323282502665506,0.5358411166387221,0.03459068657626609,0.03186666666666666,0.0015333333333333345,-0.0002331784146656339,-9.372579395817188e-06
0.55,0.15,16.0,0.29,0.38,18.323282502665506,0.5358411166387221,0.03459068657626609,0.03186666666666666,0.0015333333333333345,-0.0002331784146656339,-9.372579395817188e-06
0.55,0.15,18.0,0.29,0.38,18.323282502665506,0.5358411166387221,0.03459068657626609,0.03186666666666666,0.0015333333333333345,-0.0002331784146656339,-9.372579395817188e-06
0.55,0.2,,0.29,0.38,18.323282502665506,0.5358411166387221,0.03459068657626609,0.03186666666666666,0.0015333333333333345,-0.0002331784146656339,-9.372579395817188e-06
0.55,0.2,2.0,0.29,0.38,18.323282502665506,0.5358411166387221,0.03459068657626609,0.03186666666666666,0.0015333333333333345,-0.0002331784146656339,-9.372579395817188e-06
0.55,0.2,4.0,0.29,0.38,18.323282502665506,0.5358411166387221,0.03459068657626609,0.03186666666666666,0.0015333333333333345,-0.0002331784146656339,-9.372579395817188e-06
0.55,0.2,6.0,0.29,0.38,18.323282502665506,0.5358411166387221,0.03459068657626609,0.03186666666666666,0.0015333333333333345,-0.0002331784146656339,-9.372579395817188e-06
0.55,0.2,8.0,0.29,0.38,18.323282502665506,0.5358411166387221,0.03459068657626609,0.03186666666666666,0.0015333333333333345,-0.0002331784146656339,-9.372579395817188e-06
0.55,0.2,10.0,0.29,0.38,18.323282502665506,0.5358411166387221,0.03459068657626609,0.03186666666666666,0.0015333333333333345,-0.0002331784146656339,-9.372579395817188e-06
0.55,0.2,12.0,0.29,0.38,18.323282502665506,0.5358411166387221,0.03459068657626609,0.03186666666666666,0.0015333333333333345,-0.0002331784146656339,-9.372579395817188e-06
0.55,0.2,14.0,0.29,0.38,18.323282502665506,0.5358411166387221,0.03459068657626609,0.03186666666666666,0.0015333333333333345,-0.0002331784146656339,-9.372579395817188e-06
0.55,0.2,16.0,0.29,0.38,18.323282502665506,0.5358411166387221,0.03459068657626609,0.03186666666666666,0.0015333333333333345,-0.0002331784146656339,-9.372579395817188e-06
0.55,0.2,18.0,0.29,0.38,18.323282502665506,0.5358411166387221,0.03459068657626609,0.03186666666666666,0.0015333333333333345,-0.0002331784146656339,-9.372579395817188e-06
0.55,0.25,,0.29,0.38,18.323282502665506,0.5358411166387221,0.03459068657626609,0.03186666666666666,0.0015333333333333345,-0.0002331784146656339,-9.372579395817188e-06
0.55,0.25,2.0,0.29,0.38,18.323282502665506,0.5358411166387221,0.03459068657626609,0.03186666666666666,0.0015333333333333345,-0.0002331784146656339,-9.372579395817188e-06
0.55,0.25,4.0,0.29,0.38,18.323282502665506,0.5358411166387221,0.03459068657626609,0.03186666666666666,0.0015333333333333345,-0.0002331784146656339,-9.372579395817188e-06
0.55,0.25,6.0,0.29,0.38,18.323282502665506,0.5358411166387221,0.03459068657626609,0.03186666666666666,0.0015333333333333345,-0.0002331784146656339,-9.372579395817188e-06
0.55,0.25,8.0,0.29,0.38,18.323282502665506,0.5358411166387221,0.03459068657626609,0.03186666666666666,0.0015333333333333345,-0.0002331784146656339,-9.372579395817188e-06
0.55,0.25,10.0,0.29,0.38,18.323282502665506,0.5358411166387221,0.03459068657626609,0.03186666666666666,0.0015333333333333345,-0.0002331784146656339,-9.372579395817188e-06
0.55,0.25,12.0,0.29,0.38,18.323282502665506,0.5358411166387221,0.03459068657626609,0.03186666666666666,0.0015333333333333345,-0.0002331784146656339,-9.372579395817188e-06
0.55,0.25,14.0,0.29,0.38,18.323282502665506,0.5358411166387221,0.03459068657626609,0.03186666666666666,0.0015333333333333345,-0.0002331784146656339,-9.372579395817188e-06
0.55,0.25,16.0,0.29,0.38,18.323282502665506,0.5358411166387221,0.03459068657626609,0.03186666666666666,0.0015333333333333345,-0.0002331784146656339,-9.372579395817188e-06
0.55,0.25,18.0,0.29,0.38,18.323282502665506,0.5358411166387221,0.03459068657626609,0.03186666666666666,0.0015333333333333345,-0.0002331784146656339,-9.372579395817188e-06
0.55,0.3,,0.29,0.38,18.323282502665506,0.5358411166387221,0.03459068657626609,0.03186666666666666,0.0015333333333333345,-0.0002331784146656339,-9.372579395817188e-06
0.55,0.3,2.0,0.29,0.38,18.323282502665506,0.5358411166387221,0.03459068657626609,0.03186666666666666,0.0015333333333333345,-0.0002331784146656339,-9.372579395817188e-06
0.55,0.3,4.0,0.29,0.38,18.323282502665506,0.5358411166387221,0.03459068657626609,0.03186666666666666,0.0015333333333333345,-0.0002331784146656339,-9.372579395817188e-06
0.55,0.3,6.0,0.29,0.38,18.323282502665506,0.5358411166387221,0.03459068657626609,0.03186666666666666,0.0015333333333333345,-0.0002331784146656339,-9.372579395817188e-06
0.55,0.3,8.0,0.29,0.38,18.323282502665506,0.5358411166387221,0.03459068657626609,0.03186666666666666,0.0015333333333333345,-0.0002331784146656339,-9.372579395817188e-06
0.55,0.3,10.0,0.29,0.38,18.323282502665506,0.5358411166387221,0.03459068657626609,0.03186666666666666,0.0015333333333333345,-0.0002331784146656339,-9.372579395817188e-06
0.55,0.3,12.0,0.29,0.38,18.323282502665506,0.5358411166387221,0.03459068657626609,0.03186666666666666,0.0015333333333333345,-0.0002331784146656339,-9.372579395817188e-06
0.55,0.3,14.0,0.29,0.38,18.323282502665506,0.5358411166387221,0.03459068657626609,0.03186666666666666,0.0015333333333333345,-0.0002331784146656339,-9.372579395817188e-06
0.55,0.3,16.0,0.29,0.38,18.323282502665506,0.5358411166387221,0.03459068657626609,0.03186666666666666,0.0015333333333333345,-0.0002331784146656339,-9.372579395817188e-06
0.55,0.3,18.0,0.29,0.38,18.323282502665506,0.5358411166387221,0.03459068657626609,0.03186666666666666,0.0015333333333333345,-0.0002331784146656339,-9.372579395817188e-06
0.55,0.35,,0.29,0.38,18.323282502665506,0.5358411166387221,0.03459068657626609,0.03186666666666666,0.0015333333333333345,-0.0002331784146656339,-9.372579395817188e-06
0.55,0.35,2.0,0.29,0.38,18.323282502665506,0.5358411166387221,0.03459068657626609,0.03186666666666666,0.0015333333333333345,-0.0002331784146656339,-9.372579395817188e-06
0.55,0.35,4.0,0.29,0.38,18.323282502665506,0.5358411166387221,0.03459068657626609,0.03186666666666666,0.0015333333333333345,-0.0002331784146656339,-9.372579395817188e-06
0.55,0.35,6.0,0.29,0.38,18.323282502665506,0.5358411166387221,0.03459068657626609,0.03186666666666666,0.0015333333333333345,-0.0002331784146656339,-9.372579395817188e-06
0.55,0.35,8.0,0.29,0.38,18.323282502665506,0.5358411166387221,0.03459068657626609,0.03186666666666666,0.0015333333333333345,-0.0002331784146656339,-9.372579395817188e-06
0.55,0.35,10.0,0.29,0.38,18.323282502665506,0.5358411166387221,0.03459068657626609,0.03186666666666666,0.0015333333333333345,-0.0002331784146656339,-9.372579395817188e-06
0.55,0.35,12.0,0.29,0.38,18.323282502665506,0.5358411166387221,0.03459068657626609,0.03186666666666666,0.0015333333333333345,-0.0002331784146656339,-9.372579395817188e-06
0.55,0.35,14.0,0.29,0.38,18.323282502665506,0.5358411166387221,0.03459068657626609,0.03186666666666666,0.0015333333333333345,-0.0002331784146656339,-9.372579395817188e-06
0.55,0.35,16.0,0.29,0.38,18.323282502665506,0.5358411166387221,0.03459068657626609,0.03186666666666666,0.0015333333333333345,-0.0002331784146656339,-9.372579395817188e-06
0.55,0.35,18.0,0.29,0.38,18.323282502665506,0.5358411166387221,0.03459068657626609,0.03186666666666666,0.0015333333333333345,-0.0002331784146656339,-9.372579395817188e-06
0.55,0.4,,0.29,0.38,18.323282502665506,0.5358411166387221,0.03459068657626609,0.03186666666666666,0.0015333333333333345,-0.0002331784146656339,-9.372579395817188e-06
0.55,0.4,2.0,0.29,0.38,18.323282502665506,0.5358411166387221,0.03459068657626609,0.03186666666666666,0.0015333333333333345,-0.0002331784146656339,-9.372579395817188e-06
0.55,0.4,4.0,0.29,0.38,18.323282502665506,0.5358411166387221,0.03459068657626609,0.03186666666666666,0.0015333333333333345,-0.0002331784146656339,-9.372579395817188e-06
0.55,0.4,6.0,0.29,0.38,18.323282502665506,0.5358411166387221,0.03459068657626609,0.03186666666666666,0.0015333333333333345,-0.0002331784146656339,-9.372579395817188e-06
0.55,0.4,8.0,0.29,0.38,18.323282502665506,0.5358411166387221,0.03459068657626609,0.03186666666666666,0.0015333333333333345,-0.0002331784146656339,-9.372579395817188e-06
0.55,0.4,10.0,0.29,0.38,18.323282502665506,0.5358411166387221,0.03459068657626609,0.03186666666666666,0.0015333333333333345,-0.0002331784146656339,-9.372579395817188e-06
0.55,0.4,12.0,0.29,0.38,18.323282502665506,0.5358411166387221,0.03459068657626609,0.03186666666666666,0.0015333333333333345,-0.0002331784146656339,-9.372579395817188e-06
0.55,0.4,14.0,0.29,0.38,18.323282502665506,0.5358411166387221,0.03459068657626609,0.03186666666666666,0.0015333333333333345,-0.0002331784146656339,-9.372579395817188e-06
0.55,0.4,16.0,0.29,0.38,18.323282502665506,0.5358411166387221,0.03459068657626609,0.03186666666666666,0.0015333333333333345,-0.0002331784146656339,-9.372579395817188e-06
0.55,0.4,18.0,0.29,0.38,18.323282502665506,0.5358411166387221,0.03459068657626609,0.03186666666666666,0.0015333333333333345,-0.0002331784146656339,-9.372579395817188e-06
0.55,0.45,,0.29,0.38,18.323282502665506,0.5358411166387221,0.03459068657626609,0.03186666666666666,0.0015333333333333345,-0.0002331784146656339,-9.372579395817188e-06
0.55,0.45,2.0,0.29,0.38,18.323282502665506,0.5358411166387221,0.03459068657626609,0.03186666666666666,0.0015333333333333345,-0.0002331784146656339,-9.372579395817188e-06
0.55,0.45,4.0,0.29,0.38,18.323282502665506,0.5358411166387221,0.03459068657626609,0.03186666666666666,0.0015333333333333345,-0.0002331784146656339,-9.372579395817188e-06
0.55,0.45,6.0,0.29,0.38,18.323282502665506,0.5358411166387221,0.03459068657626609,0.03186666666666666,0.0015333333333333345,-0.0002331784146656339,-9.372579395817188e-06
0.55,0.45,8.0,0.29,0.38,18.323282502665506,0.5358411166387221,0.03459068657626609,0.03186666666666666,0.0015333333333333345,-0.0002331784146656339,-9.372579395817188e-06
0.55,0.45,10.0,0.29,0.38,18.323282502665506,0.5358411166387221,0.03459068657626609,0.03186666666666666,0.0015333333333333345,-0.0002331784146656339,-9.372579395817188e-06
0.55,0.45,12.0,0.29,0.38,18.323282502665506,0.5358411166387221,0.03459068657626609,0.03186666666666666,0.0015333333333333345,-0.0002331784146656339,-9.372579395817188e-06
0.55,0.45,14.0,0.29,0.38,18.323282502665506,0.5358411166387221,0.03459068657626609,0.03186666666666666,0.0015333333333333345,-0.0002331784146656339,-9.372579395817188e-06
0.55,0.45,16.0,0.29,0.38,18.323282502665506,0.5358411166387221,0.03459068657626609,0.03186666666666666,0.0015333333333333345,-0.0002331784146656339,-9.372579395817188e-06
0.55,0.45,18.0,0.29,0.38,18.323282502665506,0.5358411166387221,0.03459068657626609,0.03186666666666666,0.0015333333333333345,-0.0002331784146656339,-9.372579395817188e-06
0.55,0.5,,0.29,0.38,18.323282502665506,0.5358411166387221,0.03459068657626609,0.03186666666666666,0.0015333333333333345,-0.0002331784146656339,-9.372579395817188e-06
0.55,0.5,2.0,0.29,0.38,18.323282502665506,0.5358411166387221,0.03459068657626609,0.03186666666666666,0.0015333333333333345,-0.0002331784146656339,-9.372579395817188e-06
0.55,0.5,4.0,0.29,0.38,18.323282502665506,0.5358411166387221,0.03459068657626609,0.03186666666666666,0.0015333333333333345,-0.0002331784146656339,-9.372579395817188e-06
0.55,0.5,6.0,0.29,0.38,18.323282502665506,0.5358411166387221,0.03459068657626609,0.03186666666666666,0.0015333333333333345,-0.0002331784146656339,-9.372579395817188e-06
0.55,0.5,8.0,0.29,0.38,18.323282502665506,0.5358411166387221,0.03459068657626609,0.03186666666666666,0.0015333333333333345,-0.0002331784146656339,-9.372579395817188e-06
0.55,0.5,10.0,0.29,0.38,18.323282502665506,0.5358411166387221,0.03459068657626609,0.03186666666666666,0.0015333333333333345,-0.0002331784146656339,-9.372579395817188e-06
0.55,0.5,12.0,0.29,0.38,18.323282502665506,0.5358411166387221,0.03459068657626609,0.03186666666666666,0.0015333333333333345,-0.0002331784146656339,-9.372579395817188e-06
0.55,0.5,14.0,0.29,0.38,18.323282502665506,0.5358411166387221,0.03459068657626609,0.03186666666666666,0.0015333333333333345,-0.0002331784146656339,-9.372579395817188e-06
0.55,0.5,16.0,0.29,0.38,18.323282502665506,0.5358411166387221,0.03459068657626609,0.03186666666666666,0.0015333333333333345,-0.0002331784146656339,-9.372579395817188e-06
0.55,0.5,18.0,0.29,0.38,18.323282502665506,0.5358411166387221,0.03459068657626609,0.03186666666666666,0.0015333333333333345,-0.0002331784146656339,-9.372579395817188e-06
0.55,0.55,,0.29,0.38,18.323282502665506,0.5358411166387221,0.03459068657626609,0.03186666666666666,0.0015333333333333345,-0.0002331784146656339,-9.372579395817188e-06
0.55,0.55,2.0,0.29,0.38,18.323282502665506,0.5358411166387221,0.03459068657626609,0.03186666666666666,0.0015333333333333345,-0.0002331784146656339,-9.372579395817188e-06
0.55,0.55,4.0,0.29,0.38,18.323282502665506,0.5358411166387221,0.03459068657626609,0.03186666666666666,0.0015333333333333345,-0.0002331784146656339,-9.372579395817188e-06
0.55,0.55,6.0,0.29,0.38,18.323282502665506,0.5358411166387221,0.03459068657626609,0.03186666666666666,0.0015333333333333345,-0.0002331784146656339,-9.372579395817188e-06
0.55,0.55,8.0,0.29,0.38,18.323282502665506,0.5358411166387221,0.03459068657626609,0.03186666666666666,0.0015333333333333345,-0.0002331784146656339,-9.372579395817188e-06
0.55,0.55,10.0,0.29,0.38,18.323282502665506,0.5358411166387221,0.03459068657626609,0.03186666666666666,0.0015333333333333345,-0.0002331784146656339,-9.372579395817188e-06
0.55,0.55,12.0,0.29,0.38,18.323282502665506,0.5358411166387221,0.03459068657626609,0.03186666666666666,0.0015333333333333345,-0.0002331784146656339,-9.372579395817188e-06
0.55,0.55,14.0,0.29,0.38,18.323282502665506,0.5358411166387221,0.03459068657626609,0.03186666666666666,0.0015333333333333345,-0.0002331784146656339,-9.372579395817188e-06
0.55,0.55,16.0,0.29,0.38,18.323282502665506,0.5358411166387221,0.03459068657626609,0.03186666666666666,0.0015333333333333345,-0.0002331784146656339,-9.372579395817188e-06
0.55,0.55,18.0,0.29,0.38,18.323282502665506,0.5358411166387221,0.03459068657626609,0.03186666666666666,0.0015333333333333345,-0.0002331784146656339,-9.372579395817188e-06
0.55,0.6,,0.29,0.38,18.323282502665506,0.5358411166387221,0.03459068657626609,0.03186666666666666,0.0015333333333333345,-0.0002331784146656339,-9.372579395817188e-06
0.55,0.6,2.0,0.29,0.38,18.323282502665506,0.5358411166387221,0.03459068657626609,0.03186666666666666,0.0015333333333333345,-0.0002331784146656339,-9.372579395817188e-06
0.55,0.6,4.0,0.29,0.38,18.323282502665506,0.5358411166387221,0.03459068657626609,0.03186666666666666,0.0015333333333333345,-0.0002331784146656339,-9.372579395817188e-06
0.55,0.6,6.0,0.29,0.38,18.323282502665506,0.5358411166387221,0.03459068657626609,0.03186666666666666,0.0015333333333333345,-0.0002331784146656339,-9.372579395817188e-06
0.55,0.6,8.0,0.29,0.38,18.323282502665506,0.5358411166387221,0.03459068657626609,0.03186666666666666,0.0015333333333333345,-0.0002331784146656339,-9.372579395817188e-06
0.55,0.6,10.0,0.29,0.38,18.323282502665506,0.5358411166387221,0.03459068657626609,0.03186666666666666,0.0015333333333333345,-0.0002331784146656339,-9.372579395817188e-06
0.55,0.6,12.0,0.29,0.38,18.323282502665506,0.5358411166387221,0.03459068657626609,0.03186666666666666,0.0015333333333333345,-0.0002331784146656339,-9.372579395817188e-06
0.55,0.6,14.0,0.29,0.38,18.323282502665506,0.5358411166387221,0.03459068657626609,0.03186666666666666,0.0015333333333333345,-0.0002331784146656339,-9.372579395817188e-06
0.55,0.6,16.0,0.29,0.38,18.323282502665506,0.5358411166387221,0.03459068657626609,0.03186666666666666,0.0015333333333333345,-0.0002331784146656339,-9.372579395817188e-06
0.55,0.6,18.0,0.29,0.38,18.323282502665506,0.5358411166387221,0.03459068657626609,0.03186666666666666,0.0015333333333333345,-0.0002331784146656339,-9.372579395817188e-06
0.55,0.65,,0.29,0.38,18.323282502665506,0.5358411166387221,0.03459068657626609,0.03186666666666666,0.0015333333333333345,-0.0002331784146656339,-9.372579395817188e-06
0.55,0.65,2.0,0.29,0.38,18.323282502665506,0.5358411166387221,0.03459068657626609,0.03186666666666666,0.0015333333333333345,-0.0002331784146656339,-9.372579395817188e-06
0.55,0.65,4.0,0.29,0.38,18.323282502665506,0.5358411166387221,0.03459068657626609,0.03186666666666666,0.0015333333333333345,-0.0002331784146656339,-9.372579395817188e-06
0.55,0.65,6.0,0.29,0.38,18.323282502665506,0.5358411166387221,0.03459068657626609,0.03186666666666666,0.0015333333333333345,-0.0002331784146656339,-9.372579395817188e-06
0.55,0.65,8.0,0.29,0.38,18.323282502665506,0.5358411166387221,0.03459068657626609,0.03186666666666666,0.0015333333333333345,-0.0002331784146656339,-9.372579395817188e-06
0.55,0.65,10.0,0.29,0.38,18.323282502665506,0.5358411166387221,0.03459068657626609,0.03186666666666666,0.0015333333333333345,-0.0002331784146656339,-9.372579395817188e-06
0.55,0.65,12.0,0.29,0.38,18.323282502665506,0.5358411166387221,0.03459068657626609,0.03186666666666666,0.0015333333333333345,-0.0002331784146656339,-9.372579395817188e-06
0.55,0.65,14.0,0.29,0.38,18.323282502665506,0.5358411166387221,0.03459068657626609,0.03186666666666666,0.0015333333333333345,-0.0002331784146656339,-9.372579395817188e-06
0.55,0.65,16.0,0.29,0.38,18.323282502665506,0.5358411166387221,0.03459068657626609,0.03186666666666666,0.0015333333333333345,-0.0002331784146656339,-9.372579395817188e-06
0.55,0.65,18.0,0.29,0.38,18.323282502665506,0.5358411166387221,0.03459068657626609,0.03186666666666666,0.0015333333333333345,-0.0002331784146656339,-9.372579395817188e-06
0.55,0.7,,0.29,0.38,18.323282502665506,0.5358411166387221,0.03459068657626609,0.03186666666666666,0.0015333333333333345,-0.0002331784146656339,-9.372579395817188e-06
0.55,0.7,2.0,0.29,0.38,18.323282502665506,0.5358411166387221,0.03459068657626609,0.03186666666666666,0.0015333333333333345,-0.0002331784146656339,-9.372579395817188e-06
0.55,0.7,4.0,0.29,0.38,18.323282502665506,0.5358411166387221,0.03459068657626609,0.03186666666666666,0.0015333333333333345,-0.0002331784146656339,-9.372579395817188e-06
0.55,0.7,6.0,0.29,0.38,18.323282502665506,0.5358411166387221,0.03459068657626609,0.03186666666666666,0.0015333333333333345,-0.0002331784146656339,-9.372579395817188e-06
0.55,0.7,8.0,0.29,0.38,18.323282502665506,0.5358411166387221,0.03459068657626609,0.03186666666666666,0.0015333333333333345,-0.0002331784146656339,-9.372579395817188e-06
0.55,0.7,10.0,0.29,0.38,18.323282502665506,0.5358411166387221,0.03459068657626609,0.03186666666666666,0.0015333333333333345,-0.0002331784146656339,-9.372579395817188e-06
0.55,0.7,12.0,0.29,0.38,18.323282502665506,0.5358411166387221,0.03459068657626609,0.03186666666666666,0.0015333333333333345,-0.0002331784146656339,-9.372579395817188e-06
0.55,0.7,14.0,0.29,0.38,18.323282502665506,0.5358411166387221,0.03459068657626609,0.03186666666666666,0.0015333333333333345,-0.0002331784146656339,-9.372579395817188e-06
0.55,0.7,16.0,0.29,0.38,18.323282502665506,0.5358411166387221,0.03459068657626609,0.03186666666666666,0.0015333333333333345,-0.0002331784146656339,-9.372579395817188e-06
0.55,0.7,18.0,0.29,0.38,18.323282502665506,0.5358411166387221,0.03459068657626609,0.03186666666666666,0.0015333333333333345,-0.0002331784146656339,-9.372579395817188e-06
0.55,0.75,,0.29,0.38,18.323282502665506,0.5358411166387221,0.03459068657626609,0.03186666666666666,0.0015333333333333345,-0.0002331784146656339,-9.372579395817188e-06
0.55,0.75,2.0,0.29,0.38,18.323282502665506,0.5358411166387221,0.03459068657626609,0.03186666666666666,0.0015333333333333345,-0.0002331784146656339,-9.372579395817188e-06
0.55,0.75,4.0,0.29,0.38,18.323282502665506,0.5358411166387221,0.03459068657626609,0.03186666666666666,0.0015333333333333345,-0.0002331784146656339,-9.372579395817188e-06
0.55,0.75,6.0,0.29,0.38,18.323282502665506,0.5358411166387221,0.03459068657626609,0.03186666666666666,0.0015333333333333345,-0.0002331784146656339,-9.372579395817188e-06
0.55,0.75,8.0,0.29,0.38,18.323282502665506,0.5358411166387221,0.03459068657626609,0.03186666666666666,0.0015333333333333345,-0.0002331784146656339,-9.372579395817188e-06
0.55,0.75,10.0,0.29,0.38,18.323282502665506,0.5358411166387221,0.03459068657626609,0.03186666666666666,0.0015333333333333345,-0.0002331784146656339,-9.372579395817188e-06
0.55,0.75,12.0,0.29,0.38,18.323282502665506,0.5358411166387221,0.03459068657626609,0.03186666666666666,0.0015333333333333345,-0.0002331784146656339,-9.372579395817188e-06
0.55,0.75,14.0,0.29,0.38,18.323282502665506,0.5358411166387221,0.03459068657626609,0.03186666666666666,0.0015333333333333345,-0.0002331784146656339,-9.372579395817188e-06
0.55,0.75,16.0,0.29,0.38,18.323282502665506,0.5358411166387221,0.03459068657626609,0.03186666666666666,0.0015333333333333345,-0.0002331784146656339,-9.372579395817188e-06
0.55,0.75,18.0,0.29,0.38,18.323282502665506,0.5358411166387221,0.03459068657626609,0.03186666666666666,0.0015333333333333345,-0.0002331784146656339,-9.372579395817188e-06
0.55,0.8,,0.29,0.38,18.323282502665506,0.5358411166387221,0.03459068657626609,0.03186666666666666,0.0015333333333333345,-0.0002331784146656339,-9.372579395817188e-06
0.55,0.8,2.0,0.29,0.38,18.323282502665506,0.5358411166387221,0.03459068657626609,0.03186666666666666,0.0015333333333333345,-0.0002331784146656339,-9.372579395817188e-06
0.55,0.8,4.0,0.29,0.38,18.323282502665506,0.5358411166387221,0.03459068657626609,0.03186666666666666,0.0015333333333333345,-0.0002331784146656339,-9.372579395817188e-06
0.55,0.8,6.0,0.29,0.38,18.323282502665506,0.5358411166387221,0.03459068657626609,0.03186666666666666,0.0015333333333333345,-0.0002331784146656339,-9.372579395817188e-06
0.55,0.8,8.0,0.29,0.38,18.323282502665506,0.5358411166387221,0.03459068657626609,0.03186666666666666,0.0015333333333333345,-0.0002331784146656339,-9.372579395817188e-06
0.55,0.8,10.0,0.29,0.38,18.323282502665506,0.5358411166387221,0.03459068657626609,0.03186666666666666,0.0015333333333333345,-0.0002331784146656339,-9.372579395817188e-06
0.55,0.8,12.0,0.29,0.38,18.323282502665506,0.5358411166387221,0.03459068657626609,0.03186666666666666,0.0015333333333333345,-0.0002331784146656339,-9.372579395817188e-06
0.55,0.8,14.0,0.29,0.38,18.323282502665506,0.5358411166387221,0.03459068657626609,0.03186666666666666,0.0015333333333333345,-0.0002331784146656339,-9.372579395817188e-06
0.55,0.8,16.0,0.29,0.38,18.323282502665506,0.5358411166387221,0.03459068657626609,0.03186666666666666,0.0015333333333333345,-0.0002331784146656339,-9.372579395817188e-06
0.55,0.8,18.0,0.29,0.38,18.323282502665506,0.5358411166387221,0.03459068657626609,0.03186666666666666,0.0015333333333333345,-0.0002331784146656339,-9.372579395817188e-06
0.55,0.85,,0.29,0.38,18.323282502665506,0.5358411166387221,0.03459068657626609,0.03186666666666666,0.0015333333333333345,-0.0002331784146656339,-9.372579395817188e-06
0.55,0.85,2.0,0.29,0.38,18.323282502665506,0.5358411166387221,0.03459068657626609,0.03186666666666666,0.0015333333333333345,-0.0002331784146656339,-9.372579395817188e-06
0.55,0.85,4.0,0.29,0.38,18.323282502665506,0.5358411166387221,0.03459068657626609,0.03186666666666666,0.0015333333333333345,-0.0002331784146656339,-9.372579395817188e-06
0.55,0.85,6.0,0.29,0.38,18.323282502665506,0.5358411166387221,0.03459068657626609,0.03186666666666666,0.0015333333333333345,-0.0002331784146656339,-9.372579395817188e-06
0.55,0.85,8.0,0.29,0.38,18.323282502665506,0.5358411166387221,0.03459068657626609,0.03186666666666666,0.0015333333333333345,-0.0002331784146656339,-9.372579395817188e-06
0.55,0.85,10.0,0.29,0.38,18.323282502665506,0.5358411166387221,0.03459068657626609,0.03186666666666666,0.0015333333333333345,-0.0002331784146656339,-9.372579395817188e-06
0.55,0.85,12.0,0.29,0.38,18.323282502665506,0.5358411166387221,0.03459068657626609,0.03186666666666666,0.0015333333333333345,-0.0002331784146656339,-9.372579395817188e-06
0.55,0.85,14.0,0.29,0.38,18.323282502665506,0.5358411166387221,0.03459068657626609,0.03186666666666666,0.0015333333333333345,-0.0002331784146656339,-9.372579395817188e-06
0.55,0.85,16.0,0.29,0.38,18.323282502665506,0.5358411166387221,0.03459068657626609,0.03186666666666666,0.0015333333333333345,-0.0002331784146656339,-9.372579395817188e-06
0.55,0.85,18.0,0.29,0.38,18.323282502665506,0.5358411166387221,0.03459068657626609,0.03186666666666666,0.0015333333333333345,-0.0002331784146656339,-9.372579395817188e-06
0.55,0.9,,0.29,0.38,18.323282502665506,0.5358411166387221,0.03459068657626609,0.03186666666666666,0.0015333333333333345,-0.0002331784146656339,-9.372579395817188e-06
0.55,0.9,2.0,0.29,0.38,18.323282502665506,0.5358411166387221,0.03459068657626609,0.03186666666666666,0.0015333333333333345,-0.0002331784146656339,-9.372579395817188e-06
0.55,0.9,4.0,0.29,0.38,18.323282502665506,0.5358411166387221,0.03459068657626609,0.03186666666666666,0.0015333333333333345,-0.0002331784146656339,-9.372579395817188e-06
0.55,0.9,6.0,0.29,0.38,18.323282502665506,0.5358411166387221,0.03459068657626609,0.03186666666666666,0.0015333333333333345,-0.0002331784146656339,-9.372579395817188e-06
0.55,0.9,8.0,0.29,0.38,18.323282502665506,0.5358411166387221,0.03459068657626609,0.03186666666666666,0.0015333333333333345,-0.0002331784146656339,-9.372579395817188e-06
0.55,0.9,10.0,0.29,0.38,18.323282502665506,0.5358411166387221,0.03459068657626609,0.03186666666666666,0.0015333333333333345,-0.0002331784146656339,-9.372579395817188e-06
0.55,0.9,12.0,0.29,0.38,18.323282502665506,0.5358411166387221,0.03459068657626609,0.03186666666666666,0.0015333333333333345,-0.0002331784146656339,-9.372579395817188e-06
0.55,0.9,14.0,0.29,0.38,18.323282502665506,0.5358411166387221,0.03459068657626609,0.03186666666666666,0.0015333333333333345,-0.0002331784146656339,-9.372579395817188e-06
0.55,0.9,16.0,0.29,0.38,18.323282502665506,0.5358411166387221,0.03459068657626609,0.03186666666666666,0.0015333333333333345,-0.0002331784146656339,-9.372579395817188e-06
0.55,0.9,18.0,0.29,0.38,18.323282502665506,0.5358411166387221,0.03459068657626609,0.03186666666666666,0.0015333333333333345,-0.0002331784146656339,-9.372579395817188e-06
0.55,0.95,,0.29,0.38,18.323282502665506,0.5358411166387221,0.03459068657626609,0.03186666666666666,0.0015333333333333345,-0.0002331784146656339,-9.372579395817188e-06
0.55,0.95,2.0,0.29,0.38,18.323282502665506,0.5358411166387221,0.03459068657626609,0.03186666666666666,0.0015333333333333345,-0.0002331784146656339,-9.372579395817188e-06
0.55,0.95,4.0,0.29,0.38,18.323282502665506,0.5358411166387221,0.03459068657626609,0.03186666666666666,0.0015333333333333345,-0.0002331784146656339,-9.372579395817188e-06
0.55,0.95,6.0,0.29,0.38,18.323282502665506,0.5358411166387221,0.03459068657626609,0.03186666666666666,0.0015333333333333345,-0.0002331784146656339,-9.372579395817188e-06
0.55,0.95,8.0,0.29,0.38,18.323282502665506,0.5358411166387221,0.03459068657626609,0.03186666666666666,0.0015333333333333345,-0.0002331784146656339,-9.372579395817188e-06
0.55,0.95,10.0,0.29,0.38,18.323282502665506,0.5358411166387221,0.03459068657626609,0.03186666666666666,0.0015333333333333345,-0.0002331784146656339,-9.372579395817188e-06
0.55,0.95,12.0,0.29,0.38,18.323282502665506,0.5358411166387221,0.03459068657626609,0.03186666666666666,0.0015333333333333345,-0.0002331784146656339,-9.372579395817188e-06
0.55,0.95,14.0,0.29,0.38,18.323282502665506,0.5358411166387221,0.03459068657626609,0.03186666666666666,0.0015333333333333345,-0.0002331784146656339,-9.372579395817188e-06
0.55,0.95,16.0,0.29,0.38,18.323282502665506,0.5358411166387221,0.03459068657626609,0.03186666666666666,0.0015333333333333345,-0.0002331784146656339,-9.372579395817188e-06
0.55,0.95,18.0,0.29,0.38,18.323282502665506,0.5358411166387221,0.03459068657626609,0.03186666666666666,0.0015333333333333345,-0.0002331784146656339,-9.372579395817188e-06
0.55,1.0,,0.29,0.38,18.323282502665506,0.5358411166387221,0.03459068657626609,0.03186666666666666,0.0015333333333333345,-0.0002331784146656339,-9.372579395817188e-06
0.55,1.0,2.0,0.29,0.38,18.323282502665506,0.5358411166387221,0.03459068657626609,0.03186666666666666,0.0015333333333333345,-0.0002331784146656339,-9.372579395817188e-06
0.55,1.0,4.0,0.29,0.38,18.323282502665506,0.5358411166387221,0.03459068657626609,0.03186666666666666,0.0015333333333333345,-0.0002331784146656339,-9.372579395817188e-06
0.55,1.0,6.0,0.29,0.38,18.323282502665506,0.5358411166387221,0.03459068657626609,0.03186666666666666,0.0015333333333333345,-0.0002331784146656339,-9.372579395817188e-06
0.55,1.0,8.0,0.29,0.38,18.323282502665506,0.5358411166387221,0.03459068657626609,0.03186666666666666,0.0015333333333333345,-0.0002331784146656339,-9.372579395817188e-06
0.55,1.0,10.0,0.29,0.38,18.323282502665506,0.5358411166387221,0.03459068657626609,0.03186666666666666,0.0015333333333333345,-0.0002331784146656339,-9.372579395817188e-06
0.55,1.0,12.0,0.29,0.38,18.323282502665506,0.5358411166387221,0.03459068657626609,0.03186666666666666,0.0015333333333333345,-0.0002331784146656339,-9.372579395817188e-06
0.55,1.0,14.0,0.29,0.38,18.323282502665506,0.5358411166387221,0.03459068657626609,0.03186666666666666,0.0015333333333333345,-0.0002331784146656339,-9.372579395817188e-06
0.55,1.0,16.0,0.29,0.38,18.323282502665506,0.5358411166387221,0.03459068657626609,0.03186666666666666,0.0015333333333333345,-0.0002331784146656339,-9.372579395817188e-06
0.55,1.0,18.0,0.29,0.38,18.323282502665506,0.5358411166387221,0.03459068657626609,0.03186666666666666,0.0015333333333333345,-0.0002331784146656339,-9.372579395817188e-06
0.6,0.1,,0.29,0.38,18.323282502665506,0.5358411166387221,0.03459068657626609,0.03186666666666666,0.0015333333333333345,-0.0002331784146656339,-9.372579395817188e-06
0.6,0.1,2.0,0.29,0.38,18.323282502665506,0.5358411166387221,0.03459068657626609,0.03186666666666666,0.0015333333333333345,-0.0002331784146656339,-9.372579395817188e-06
0.6,0.1,4.0,0.29,0.38,18.323282502665506,0.5358411166387221,0.03459068657626609,0.03186666666666666,0.0015333333333333345,-0.0002331784146656339,-9.372579395817188e-06
0.6,0.1,6.0,0.29,0.38,18.323282502665506,0.5358411166387221,0.03459068657626609,0.03186666666666666,0.0015333333333333345,-0.0002331784146656339,-9.372579395817188e-06
0.6,0.1,8.0,0.29,0.38,18.323282502665506,0.5358411166387221,0.03459068657626609,0.03186666666666666,0.0015333333333333345,-0.0002331784146656339,-9.372579395817188e-06
0.6,0.1,10.0,0.29,0.38,18.323282502665506,0.5358411166387221,0.03459068657626609,0.03186666666666666,0.0015333333333333345,-0.0002331784146656339,-9.372579395817188e-06
0.6,0.1,12.0,0.29,0.38,18.323282502665506,0.5358411166387221,0.03459068657626609,0.03186666666666666,0.0015333333333333345,-0.0002331784146656339,-9.372579395817188e-06
0.6,0.1,14.0,0.29,0.38,18.323282502665506,0.5358411166387221,0.03459068657626609,0.03186666666666666,0.0015333333333333345,-0.0002331784146656339,-9.372579395817188e-06
0.6,0.1,16.0,0.29,0.38,18.323282502665506,0.5358411166387221,0.03459068657626609,0.03186666666666666,0.0015333333333333345,-0.0002331784146656339,-9.372579395817188e-06
0.6,0.1,18.0,0.29,0.38,18.323282502665506,0.5358411166387221,0.03459068657626609,0.03186666666666666,0.0015333333333333345,-0.0002331784146656339,-9.372579395817188e-06
0.6,0.15,,0.29,0.38,18.323282502665506,0.5358411166387221,0.03459068657626609,0.03186666666666666,0.0015333333333333345,-0.0002331784146656339,-9.372579395817188e-06
0.6,0.15,2.0,0.29,0.38,18.323282502665506,0.5358411166387221,0.03459068657626609,0.03186666666666666,0.0015333333333333345,-0.0002331784146656339,-9.372579395817188e-06
0.6,0.15,4.0,0.29,0.38,18.323282502665506,0.5358411166387221,0.03459068657626609,0.03186666666666666,0.0015333333333333345,-0.0002331784146656339,-9.372579395817188e-06
0.6,0.15,6.0,0.29,0.38,18.323282502665506,0.5358411166387221,0.03459068657626609,0.03186666666666666,0.0015333333333333345,-0.0002331784146656339,-9.372579395817188e-06
0.6,0.15,8.0,0.29,0.38,18.323282502665506,0.5358411166387221,0.03459068657626609,0.03186666666666666,0.0015333333333333345,-0.0002331784146656339,-9.372579395817188e-06
0.6,0.15,10.0,0.29,0.38,18.323282502665506,0.5358411166387221,0.03459068657626609,0.03186666666666666,0.0015333333333333345,-0.0002331784146656339,-9.372579395817188e-06
0.6,0.15,12.0,0.29,0.38,18.323282502665506,0.5358411166387221,0.03459068657626609,0.03186666666666666,0.0015333333333333345,-0.0002331784146656339,-9.372579395817188e-06
0.6,0.15,14.0,0.29,0.38,18.323282502665506,0.5358411166387221,0.03459068657626609,0.03186666666666666,0.0015333333333333345,-0.0002331784146656339,-9.372579395817188e-06
0.6,0.15,16.0,0.29,0.38,18.323282502665506,0.5358411166387221,0.03459068657626609,0.03186666666666666,0.0015333333333333345,-0.0002331784146656339,-9.372579395817188e-06
0.6,0.15,18.0,0.29,0.38,18.323282502665506,0.5358411166387221,0.03459068657626609,0.03186666666666666,0.0015333333333333345,-0.0002331784146656339,-9.372579395817188e-06
0.6,0.2,,0.29,0.38,18.323282502665506,0.5358411166387221,0.03459068657626609,0.03186666666666666,0.0015333333333333345,-0.0002331784146656339,-9.372579395817188e-06
0.6,0.2,2.0,0.29,0.38,18.323282502665506,0.5358411166387221,0.03459068657626609,0.03186666666666666,0.0015333333333333345,-0.0002331784146656339,-9.372579395817188e-06
0.6,0.2,4.0,0.29,0.38,18.323282502665506,0.5358411166387221,0.03459068657626609,0.03186666666666666,0.0015333333333333345,-0.0002331784146656339,-9.372579395817188e-06
0.6,0.2,6.0,0.29,0.38,18.323282502665506,0.5358411166387221,0.03459068657626609,0.03186666666666666,0.0015333333333333345,-0.0002331784146656339,-9.372579395817188e-06
0.6,0.2,8.0,0.29,0.38,18.323282502665506,0.5358411166387221,0.03459068657626609,0.03186666666666666,0.0015333333333333345,-0.0002331784146656339,-9.372579395817188e-06
0.6,0.2,10.0,0.29,0.38,18.323282502665506,0.5358411166387221,0.03459068657626609,0.03186666666666666,0.0015333333333333345,-0.0002331784146656339,-9.372579395817188e-06
0.6,0.2,12.0,0.29,0.38,18.323282502665506,0.5358411166387221,0.03459068657626609,0.03186666666666666,0.0015333333333333345,-0.0002331784146656339,-9.372579395817188e-06
0.6,0.2,14.0,0.29,0.38,18.323282502665506,0.5358411166387221,0.03459068657626609,0.03186666666666666,0.0015333333333333345,-0.0002331784146656339,-9.372579395817188e-06
0.6,0.2,16.0,0.29,0.38,18.323282502665506,0.5358411166387221,0.03459068657626609,0.03186666666666666,0.0015333333333333345,-0.0002331784146656339,-9.372579395817188e-06
0.6,0.2,18.0,0.29,0.38,18.323282502665506,0.5358411166387221,0.03459068657626609,0.03186666666666666,0.0015333333333333345,-0.0002331784146656339,-9.372579395817188e-06
0.6,0.25,,0.29,0.38,18.323282502665506,0.5358411166387221,0.03459068657626609,0.03186666666666666,0.0015333333333333345,-0.0002331784146656339,-9.372579395817188e-06
0.6,0.25,2.0,0.29,0.38,18.323282502665506,0.5358411166387221,0.03459068657626609,0.03186666666666666,0.0015333333333333345,-0.0002331784146656339,-9.372579395817188e-06
0.6,0.25,4.0,0.29,0.38,18.323282502665506,0.5358411166387221,0.03459068657626609,0.03186666666666666,0.0015333333333333345,-0.0002331784146656339,-9.372579395817188e-06
0.6,0.25,6.0,0.29,0.38,18.323282502665506,0.5358411166387221,0.03459068657626609,0.03186666666666666,0.0015333333333333345,-0.0002331784146656339,-9.372579395817188e-06
0.6,0.25,8.0,0.29,0.38,18.323282502665506,0.5358411166387221,0.03459068657626609,0.03186666666666666,0.0015333333333333345,-0.0002331784146656339,-9.372579395817188e-06
0.6,0.25,10.0,0.29,0.38,18.323282502665506,0.5358411166387221,0.03459068657626609,0.03186666666666666,0.0015333333333333345,-0.0002331784146656339,-9.372579395817188e-06
0.6,0.25,12.0,0.29,0.38,18.323282502665506,0.5358411166387221,0.03459068657626609,0.03186666666666666,0.0015333333333333345,-0.0002331784146656339,-9.372579395817188e-06
0.6,0.25,14.0,0.29,0.38,18.323282502665506,0.5358411166387221,0.03459068657626609,0.03186666666666666,0.0015333333333333345,-0.0002331784146656339,-9.372579395817188e-06
0.6,0.25,16.0,0.29,0.38,18.323282502665506,0.5358411166387221,0.03459068657626609,0.03186666666666666,0.0015333333333333345,-0.0002331784146656339,-9.372579395817188e-06
0.6,0.25,18.0,0.29,0.38,18.323282502665506,0.5358411166387221,0.03459068657626609,0.03186666666666666,0.0015333333333333345,-0.0002331784146656339,-9.372579395817188e-06
0.6,0.3,,0.29,0.38,18.323282502665506,0.5358411166387221,0.03459068657626609,0.03186666666666666,0.0015333333333333345,-0.0002331784146656339,-9.372579395817188e-06
0.6,0.3,2.0,0.29,0.38,18.323282502665506,0.5358411166387221,0.03459068657626609,0.03186666666666666,0.0015333333333333345,-0.0002331784146656339,-9.372579395817188e-06
0.6,0.3,4.0,0.29,0.38,18.323282502665506,0.5358411166387221,0.03459068657626609,0.03186666666666666,0.0015333333333333345,-0.0002331784146656339,-9.372579395817188e-06
0.6,0.3,6.0,0.29,0.38,18.323282502665506,0.5358411166387221,0.03459068657626609,0.03186666666666666,0.0015333333333333345,-0.0002331784146656339,-9.372579395817188e-06
0.6,0.3,8.0,0.29,0.38,18.323282502665506,0.5358411166387221,0.03459068657626609,0.03186666666666666,0.0015333333333333345,-0.0002331784146656339,-9.372579395817188e-06
0.6,0.3,10.0,0.29,0.38,18.323282502665506,0.5358411166387221,0.03459068657626609,0.03186666666666666,0.0015333333333333345,-0.0002331784146656339,-9.372579395817188e-06
0.6,0.3,12.0,0.29,0.38,18.323282502665506,0.5358411166387221,0.03459068657626609,0.03186666666666666,0.0015333333333333345,-0.0002331784146656339,-9.372579395817188e-06
0.6,0.3,14.0,0.29,0.38,18.323282502665506,0.5358411166387221,0.03459068657626609,0.03186666666666666,0.0015333333333333345,-0.0002331784146656339,-9.372579395817188e-06
0.6,0.3,16.0,0.29,0.38,18.323282502665506,0.5358411166387221,0.03459068657626609,0.03186666666666666,0.0015333333333333345,-0.0002331784146656339,-9.372579395817188e-06
0.6,0.3,18.0,0.29,0.38,18.323282502665506,0.5358411166387221,0.03459068657626609,0.03186666666666666,0.0015333333333333345,-0.0002331784146656339,-9.372579395817188e-06
0.6,0.35,,0.29,0.38,18.323282502665506,0.5358411166387221,0.03459068657626609,0.03186666666666666,0.0015333333333333345,-0.0002331784146656339,-9.372579395817188e-06
0.6,0.35,2.0,0.29,0.38,18.323282502665506,0.5358411166387221,0.03459068657626609,0.03186666666666666,0.0015333333333333345,-0.0002331784146656339,-9.372579395817188e-06
0.6,0.35,4.0,0.29,0.38,18.323282502665506,0.5358411166387221,0.03459068657626609,0.03186666666666666,0.0015333333333333345,-0.0002331784146656339,-9.372579395817188e-06
0.6,0.35,6.0,0.29,0.38,18.323282502665506,0.5358411166387221,0.03459068657626609,0.03186666666666666,0.0015333333333333345,-0.0002331784146656339,-9.372579395817188e-06
0.6,0.35,8.0,0.29,0.38,18.323282502665506,0.5358411166387221,0.03459068657626609,0.03186666666666666,0.0015333333333333345,-0.0002331784146656339,-9.372579395817188e-06
0.6,0.35,10.0,0.29,0.38,18.323282502665506,0.5358411166387221,0.03459068657626609,0.03186666666666666,0.0015333333333333345,-0.0002331784146656339,-9.372579395817188e-06
0.6,0.35,12.0,0.29,0.38,18.323282502665506,0.5358411166387221,0.03459068657626609,0.03186666666666666,0.0015333333333333345,-0.0002331784146656339,-9.372579395817188e-06
0.6,0.35,14.0,0.29,0.38,18.323282502665506,0.5358411166387221,0.03459068657626609,0.03186666666666666,0.0015333333333333345,-0.0002331784146656339,-9.372579395817188e-06
0.6,0.35,16.0,0.29,0.38,18.323282502665506,0.5358411166387221,0.03459068657626609,0.03186666666666666,0.0015333333333333345,-0.0002331784146656339,-9.372579395817188e-06
0.6,0.35,18.0,0.29,0.38,18.323282502665506,0.5358411166387221,0.03459068657626609,0.03186666666666666,0.0015333333333333345,-0.0002331784146656339,-9.372579395817188e-06
0.6,0.4,,0.29,0.38,18.323282502665506,0.5358411166387221,0.03459068657626609,0.03186666666666666,0.0015333333333333345,-0.0002331784146656339,-9.372579395817188e-06
0.6,0.4,2.0,0.29,0.38,18.323282502665506,0.5358411166387221,0.03459068657626609,0.03186666666666666,0.0015333333333333345,-0.0002331784146656339,-9.372579395817188e-06
0.6,0.4,4.0,0.29,0.38,18.323282502665506,0.5358411166387221,0.03459068657626609,0.03186666666666666,0.0015333333333333345,-0.0002331784146656339,-9.372579395817188e-06
0.6,0.4,6.0,0.29,0.38,18.323282502665506,0.5358411166387221,0.03459068657626609,0.03186666666666666,0.0015333333333333345,-0.0002331784146656339,-9.372579395817188e-06
0.6,0.4,8.0,0.29,0.38,18.323282502665506,0.5358411166387221,0.03459068657626609,0.03186666666666666,0.0015333333333333345,-0.0002331784146656339,-9.372579395817188e-06
0.6,0.4,10.0,0.29,0.38,18.323282502665506,0.5358411166387221,0.03459068657626609,0.03186666666666666,0.0015333333333333345,-0.0002331784146656339,-9.372579395817188e-06
0.6,0.4,12.0,0.29,0.38,18.323282502665506,0.5358411166387221,0.03459068657626609,0.03186666666666666,0.0015333333333333345,-0.0002331784146656339,-9.372579395817188e-06
0.6,0.4,14.0,0.29,0.38,18.323282502665506,0.5358411166387221,0.03459068657626609,0.03186666666666666,0.0015333333333333345,-0.0002331784146656339,-9.372579395817188e-06
0.6,0.4,16.0,0.29,0.38,18.323282502665506,0.5358411166387221,0.03459068657626609,0.03186666666666666,0.0015333333333333345,-0.0002331784146656339,-9.372579395817188e-06
0.6,0.4,18.0,0.29,0.38,18.323282502665506,0.5358411166387221,0.03459068657626609,0.03186666666666666,0.0015333333333333345,-0.0002331784146656339,-9.372579395817188e-06
0.6,0.45,,0.29,0.38,18.323282502665506,0.5358411166387221,0.03459068657626609,0.03186666666666666,0.0015333333333333345,-0.0002331784146656339,-9.372579395817188e-06
0.6,0.45,2.0,0.29,0.38,18.323282502665506,0.5358411166387221,0.03459068657626609,0.03186666666666666,0.0015333333333333345,-0.0002331784146656339,-9.372579395817188e-06
0.6,0.45,4.0,0.29,0.38,18.323282502665506,0.5358411166387221,0.03459068657626609,0.03186666666666666,0.0015333333333333345,-0.0002331784146656339,-9.372579395817188e-06
0.6,0.45,6.0,0.29,0.38,18.323282502665506,0.5358411166387221,0.03459068657626609,0.03186666666666666,0.0015333333333333345,-0.0002331784146656339,-9.372579395817188e-06
0.6,0.45,8.0,0.29,0.38,18.323282502665506,0.5358411166387221,0.03459068657626609,0.03186666666666666,0.0015333333333333345,-0.0002331784146656339,-9.372579395817188e-06
0.6,0.45,10.0,0.29,0.38,18.323282502665506,0.5358411166387221,0.03459068657626609,0.03186666666666666,0.0015333333333333345,-0.0002331784146656339,-9.372579395817188e-06
0.6,0.45,12.0,0.29,0.38,18.323282502665506,0.5358411166387221,0.03459068657626609,0.03186666666666666,0.0015333333333333345,-0.0002331784146656339,-9.372579395817188e-06
0.6,0.45,14.0,0.29,0.38,18.323282502665506,0.5358411166387221,0.03459068657626609,0.03186666666666666,0.0015333333333333345,-0.0002331784146656339,-9.372579395817188e-06
0.6,0.45,16.0,0.29,0.38,18.323282502665506,0.5358411166387221,0.03459068657626609,0.03186666666666666,0.0015333333333333345,-0.0002331784146656339,-9.372579395817188e-06
0.6,0.45,18.0,0.29,0.38,18.323282502665506,0.5358411166387221,0.03459068657626609,0.03186666666666666,0.0015333333333333345,-0.0002331784146656339,-9.372579395817188e-06
0.6,0.5,,0.29,0.38,18.323282502665506,0.5358411166387221,0.03459068657626609,0.03186666666666666,0.0015333333333333345,-0.0002331784146656339,-9.372579395817188e-06
0.6,0.5,2.0,0.29,0.38,18.323282502665506,0.5358411166387221,0.03459068657626609,0.03186666666666666,0.0015333333333333345,-0.0002331784146656339,-9.372579395817188e-06
0.6,0.5,4.0,0.29,0.38,18.323282502665506,0.5358411166387221,0.03459068657626609,0.03186666666666666,0.0015333333333333345,-0.0002331784146656339,-9.372579395817188e-06
0.6,0.5,6.0,0.29,0.38,18.323282502665506,0.5358411166387221,0.03459068657626609,0.03186666666666666,0.0015333333333333345,-0.0002331784146656339,-9.372579395817188e-06
0.6,0.5,8.0,0.29,0.38,18.323282502665506,0.5358411166387221,0.03459068657626609,0.03186666666666666,0.0015333333333333345,-0.0002331784146656339,-9.372579395817188e-06
0.6,0.5,10.0,0.29,0.38,18.323282502665506,0.5358411166387221,0.03459068657626609,0.03186666666666666,0.0015333333333333345,-0.0002331784146656339,-9.372579395817188e-06
0.6,0.5,12.0,0.29,0.38,18.323282502665506,0.5358411166387221,0.03459068657626609,0.03186666666666666,0.0015333333333333345,-0.0002331784146656339,-9.372579395817188e-06
0.6,0.5,14.0,0.29,0.38,18.323282502665506,0.5358411166387221,0.03459068657626609,0.03186666666666666,0.0015333333333333345,-0.0002331784146656339,-9.372579395817188e-06
0.6,0.5,16.0,0.29,0.38,18.323282502665506,0.5358411166387221,0.03459068657626609,0.03186666666666666,0.0015333333333333345,-0.0002331784146656339,-9.372579395817188e-06
0.6,0.5,18.0,0.29,0.38,18.323282502665506,0.5358411166387221,0.03459068657626609,0.03186666666666666,0.0015333333333333345,-0.0002331784146656339,-9.372579395817188e-06
0.6,0.55,,0.29,0.38,18.323282502665506,0.5358411166387221,0.03459068657626609,0.03186666666666666,0.0015333333333333345,-0.0002331784146656339,-9.372579395817188e-06
0.6,0.55,2.0,0.29,0.38,18.323282502665506,0.5358411166387221,0.03459068657626609,0.03186666666666666,0.0015333333333333345,-0.0002331784146656339,-9.372579395817188e-06
0.6,0.55,4.0,0.29,0.38,18.323282502665506,0.5358411166387221,0.03459068657626609,0.03186666666666666,0.0015333333333333345,-0.0002331784146656339,-9.372579395817188e-06
0.6,0.55,6.0,0.29,0.38,18.323282502665506,0.5358411166387221,0.03459068657626609,0.03186666666666666,0.0015333333333333345,-0.0002331784146656339,-9.372579395817188e-06
0.6,0.55,8.0,0.29,0.38,18.323282502665506,0.5358411166387221,0.03459068657626609,0.03186666666666666,0.0015333333333333345,-0.0002331784146656339,-9.372579395817188e-06
0.6,0.55,10.0,0.29,0.38,18.323282502665506,0.5358411166387221,0.03459068657626609,0.03186666666666666,0.0015333333333333345,-0.0002331784146656339,-9.372579395817188e-06
0.6,0.55,12.0,0.29,0.38,18.323282502665506,0.5358411166387221,0.03459068657626609,0.03186666666666666,0.0015333333333333345,-0.0002331784146656339,-9.372579395817188e-06
0.6,0.55,14.0,0.29,0.38,18.323282502665506,0.5358411166387221,0.03459068657626609,0.03186666666666666,0.0015333333333333345,-0.0002331784146656339,-9.372579395817188e-06
0.6,0.55,16.0,0.29,0.38,18.323282502665506,0.5358411166387221,0.03459068657626609,0.03186666666666666,0.0015333333333333345,-0.0002331784146656339,-9.372579395817188e-06
0.6,0.55,18.0,0.29,0.38,18.323282502665506,0.5358411166387221,0.03459068657626609,0.03186666666666666,0.0015333333333333345,-0.0002331784146656339,-9.372579395817188e-06
0.6,0.6,,0.29,0.38,18.323282502665506,0.5358411166387221,0.03459068657626609,0.03186666666666666,0.0015333333333333345,-0.0002331784146656339,-9.372579395817188e-06
0.6,0.6,2.0,0.29,0.38,18.323282502665506,0.5358411166387221,0.03459068657626609,0.03186666666666666,0.0015333333333333345,-0.0002331784146656339,-9.372579395817188e-06
0.6,0.6,4.0,0.29,0.38,18.323282502665506,0.5358411166387221,0.03459068657626609,0.03186666666666666,0.0015333333333333345,-0.0002331784146656339,-9.372579395817188e-06
0.6,0.6,6.0,0.29,0.38,18.323282502665506,0.5358411166387221,0.03459068657626609,0.03186666666666666,0.0015333333333333345,-0.0002331784146656339,-9.372579395817188e-06
0.6,0.6,8.0,0.29,0.38,18.323282502665506,0.5358411166387221,0.03459068657626609,0.03186666666666666,0.0015333333333333345,-0.0002331784146656339,-9.372579395817188e-06
0.6,0.6,10.0,0.29,0.38,18.323282502665506,0.5358411166387221,0.03459068657626609,0.03186666666666666,0.0015333333333333345,-0.0002331784146656339,-9.372579395817188e-06
0.6,0.6,12.0,0.29,0.38,18.323282502665506,0.5358411166387221,0.03459068657626609,0.03186666666666666,0.0015333333333333345,-0.0002331784146656339,-9.372579395817188e-06
0.6,0.6,14.0,0.29,0.38,18.323282502665506,0.5358411166387221,0.03459068657626609,0.03186666666666666,0.0015333333333333345,-0.0002331784146656339,-9.372579395817188e-06
0.6,0.6,16.0,0.29,0.38,18.323282502665506,0.5358411166387221,0.03459068657626609,0.03186666666666666,0.0015333333333333345,-0.0002331784146656339,-9.372579395817188e-06
0.6,0.6,18.0,0.29,0.38,18.323282502665506,0.5358411166387221,0.03459068657626609,0.03186666666666666,0.0015333333333333345,-0.0002331784146656339,-9.372579395817188e-06
0.6,0.65,,0.29,0.38,18.323282502665506,0.5358411166387221,0.03459068657626609,0.03186666666666666,0.0015333333333333345,-0.0002331784146656339,-9.372579395817188e-06
0.6,0.65,2.0,0.29,0.38,18.323282502665506,0.5358411166387221,0.03459068657626609,0.03186666666666666,0.0015333333333333345,-0.0002331784146656339,-9.372579395817188e-06
0.6,0.65,4.0,0.29,0.38,18.323282502665506,0.5358411166387221,0.03459068657626609,0.03186666666666666,0.0015333333333333345,-0.0002331784146656339,-9.372579395817188e-06
0.6,0.65,6.0,0.29,0.38,18.323282502665506,0.5358411166387221,0.03459068657626609,0.03186666666666666,0.0015333333333333345,-0.0002331784146656339,-9.372579395817188e-06
0.6,0.65,8.0,0.29,0.38,18.323282502665506,0.5358411166387221,0.03459068657626609,0.03186666666666666,0.0015333333333333345,-0.0002331784146656339,-9.372579395817188e-06
0.6,0.65,10.0,0.29,0.38,18.323282502665506,0.5358411166387221,0.03459068657626609,0.03186666666666666,0.0015333333333333345,-0.0002331784146656339,-9.372579395817188e-06
0.6,0.65,12.0,0.29,0.38,18.323282502665506,0.5358411166387221,0.03459068657626609,0.03186666666666666,0.0015333333333333345,-0.0002331784146656339,-9.372579395817188e-06
0.6,0.65,14.0,0.29,0.38,18.323282502665506,0.5358411166387221,0.03459068657626609,0.03186666666666666,0.0015333333333333345,-0.0002331784146656339,-9.372579395817188e-06
0.6,0.65,16.0,0.29,0.38,18.323282502665506,0.5358411166387221,0.03459068657626609,0.03186666666666666,0.0015333333333333345,-0.0002331784146656339,-9.372579395817188e-06
0.6,0.65,18.0,0.29,0.38,18.323282502665506,0.5358411166387221,0.03459068657626609,0.03186666666666666,0.0015333333333333345,-0.0002331784146656339,-9.372579395817188e-06
0.6,0.7,,0.29,0.38,18.323282502665506,0.5358411166387221,0.03459068657626609,0.03186666666666666,0.0015333333333333345,-0.0002331784146656339,-9.372579395817188e-06
0.6,0.7,2.0,0.29,0.38,18.323282502665506,0.5358411166387221,0.03459068657626609,0.03186666666666666,0.0015333333333333345,-0.0002331784146656339,-9.372579395817188e-06
0.6,0.7,4.0,0.29,0.38,18.323282502665506,0.5358411166387221,0.03459068657626609,0.03186666666666666,0.0015333333333333345,-0.0002331784146656339,-9.372579395817188e-06
0.6,0.7,6.0,0.29,0.38,18.323282502665506,0.5358411166387221,0.03459068657626609,0.03186666666666666,0.0015333333333333345,-0.0002331784146656339,-9.372579395817188e-06
0.6,0.7,8.0,0.29,0.38,18.323282502665506,0.5358411166387221,0.03459068657626609,0.03186666666666666,0.0015333333333333345,-0.0002331784146656339,-9.372579395817188e-06
0.6,0.7,10.0,0.29,0.38,18.323282502665506,0.5358411166387221,0.03459068657626609,0.03186666666666666,0.0015333333333333345,-0.0002331784146656339,-9.372579395817188e-06
0.6,0.7,12.0,0.29,0.38,18.323282502665506,0.5358411166387221,0.03459068657626609,0.03186666666666666,0.0015333333333333345,-0.0002331784146656339,-9.372579395817188e-06
0.6,0.7,14.0,0.29,0.38,18.323282502665506,0.5358411166387221,0.03459068657626609,0.03186666666666666,0.0015333333333333345,-0.0002331784146656339,-9.372579395817188e-06
0.6,0.7,16.0,0.29,0.38,18.323282502665506,0.5358411166387221,0.03459068657626609,0.03186666666666666,0.0015333333333333345,-0.0002331784146656339,-9.372579395817188e-06
0.6,0.7,18.0,0.29,0.38,18.323282502665506,0.5358411166387221,0.03459068657626609,0.03186666666666666,0.0015333333333333345,-0.0002331784146656339,-9.372579395817188e-06
0.6,0.75,,0.29,0.38,18.323282502665506,0.5358411166387221,0.03459068657626609,0.03186666666666666,0.0015333333333333345,-0.0002331784146656339,-9.372579395817188e-06
0.6,0.75,2.0,0.29,0.38,18.323282502665506,0.5358411166387221,0.03459068657626609,0.03186666666666666,0.0015333333333333345,-0.0002331784146656339,-9.372579395817188e-06
0.6,0.75,4.0,0.29,0.38,18.323282502665506,0.5358411166387221,0.03459068657626609,0.03186666666666666,0.0015333333333333345,-0.0002331784146656339,-9.372579395817188e-06
0.6,0.75,6.0,0.29,0.38,18.323282502665506,0.5358411166387221,0.03459068657626609,0.03186666666666666,0.0015333333333333345,-0.0002331784146656339,-9.372579395817188e-06
0.6,0.75,8.0,0.29,0.38,18.323282502665506,0.5358411166387221,0.03459068657626609,0.03186666666666666,0.0015333333333333345,-0.0002331784146656339,-9.372579395817188e-06
0.6,0.75,10.0,0.29,0.38,18.323282502665506,0.5358411166387221,0.03459068657626609,0.03186666666666666,0.0015333333333333345,-0.0002331784146656339,-9.372579395817188e-06
0.6,0.75,12.0,0.29,0.38,18.323282502665506,0.5358411166387221,0.03459068657626609,0.03186666666666666,0.0015333333333333345,-0.0002331784146656339,-9.372579395817188e-06
0.6,0.75,14.0,0.29,0.38,18.323282502665506,0.5358411166387221,0.03459068657626609,0.03186666666666666,0.0015333333333333345,-0.0002331784146656339,-9.372579395817188e-06
0.6,0.75,16.0,0.29,0.38,18.323282502665506,0.5358411166387221,0.03459068657626609,0.03186666666666666,0.0015333333333333345,-0.0002331784146656339,-9.372579395817188e-06
0.6,0.75,18.0,0.29,0.38,18.323282502665506,0.5358411166387221,0.03459068657626609,0.03186666666666666,0.0015333333333333345,-0.0002331784146656339,-9.372579395817188e-06
0.6,0.8,,0.29,0.38,18.323282502665506,0.5358411166387221,0.03459068657626609,0.03186666666666666,0.0015333333333333345,-0.0002331784146656339,-9.372579395817188e-06
0.6,0.8,2.0,0.29,0.38,18.323282502665506,0.5358411166387221,0.03459068657626609,0.03186666666666666,0.0015333333333333345,-0.0002331784146656339,-9.372579395817188e-06
0.6,0.8,4.0,0.29,0.38,18.323282502665506,0.5358411166387221,0.03459068657626609,0.03186666666666666,0.0015333333333333345,-0.0002331784146656339,-9.372579395817188e-06
0.6,0.8,6.0,0.29,0.38,18.323282502665506,0.5358411166387221,0.03459068657626609,0.03186666666666666,0.0015333333333333345,-0.0002331784146656339,-9.372579395817188e-06
0.6,0.8,8.0,0.29,0.38,18.323282502665506,0.5358411166387221,0.03459068657626609,0.03186666666666666,0.0015333333333333345,-0.0002331784146656339,-9.372579395817188e-06
0.6,0.8,10.0,0.29,0.38,18.323282502665506,0.5358411166387221,0.03459068657626609,0.03186666666666666,0.0015333333333333345,-0.0002331784146656339,-9.372579395817188e-06
0.6,0.8,12.0,0.29,0.38,18.323282502665506,0.5358411166387221,0.03459068657626609,0.03186666666666666,0.0015333333333333345,-0.0002331784146656339,-9.372579395817188e-06
0.6,0.8,14.0,0.29,0.38,18.323282502665506,0.5358411166387221,0.03459068657626609,0.03186666666666666,0.0015333333333333345,-0.0002331784146656339,-9.372579395817188e-06
0.6,0.8,16.0,0.29,0.38,18.323282502665506,0.5358411166387221,0.03459068657626609,0.03186666666666666,0.0015333333333333345,-0.0002331784146656339,-9.372579395817188e-06
0.6,0.8,18.0,0.29,0.38,18.323282502665506,0.5358411166387221,0.03459068657626609,0.03186666666666666,0.0015333333333333345,-0.0002331784146656339,-9.372579395817188e-06
0.6,0.85,,0.29,0.38,18.323282502665506,0.5358411166387221,0.03459068657626609,0.03186666666666666,0.0015333333333333345,-0.0002331784146656339,-9.372579395817188e-06
0.6,0.85,2.0,0.29,0.38,18.323282502665506,0.5358411166387221,0.03459068657626609,0.03186666666666666,0.0015333333333333345,-0.0002331784146656339,-9.372579395817188e-06
0.6,0.85,4.0,0.29,0.38,18.323282502665506,0.5358411166387221,0.03459068657626609,0.03186666666666666,0.0015333333333333345,-0.0002331784146656339,-9.372579395817188e-06
0.6,0.85,6.0,0.29,0.38,18.323282502665506,0.5358411166387221,0.03459068657626609,0.03186666666666666,0.0015333333333333345,-0.0002331784146656339,-9.372579395817188e-06
0.6,0.85,8.0,0.29,0.38,18.323282502665506,0.5358411166387221,0.03459068657626609,0.03186666666666666,0.0015333333333333345,-0.0002331784146656339,-9.372579395817188e-06
0.6,0.85,10.0,0.29,0.38,18.323282502665506,0.5358411166387221,0.03459068657626609,0.03186666666666666,0.0015333333333333345,-0.0002331784146656339,-9.372579395817188e-06
0.6,0.85,12.0,0.29,0.38,18.323282502665506,0.5358411166387221,0.03459068657626609,0.03186666666666666,0.0015333333333333345,-0.0002331784146656339,-9.372579395817188e-06
0.6,0.85,14.0,0.29,0.38,18.323282502665506,0.5358411166387221,0.03459068657626609,0.03186666666666666,0.0015333333333333345,-0.0002331784146656339,-9.372579395817188e-06
0.6,0.85,16.0,0.29,0.38,18.323282502665506,0.5358411166387221,0.03459068657626609,0.03186666666666666,0.0015333333333333345,-0.0002331784146656339,-9.372579395817188e-06
0.6,0.85,18.0,0.29,0.38,18.323282502665506,0.5358411166387221,0.03459068657626609,0.03186666666666666,0.0015333333333333345,-0.0002331784146656339,-9.372579395817188e-06
0.6,0.9,,0.29,0.38,18.323282502665506,0.5358411166387221,0.03459068657626609,0.03186666666666666,0.0015333333333333345,-0.0002331784146656339,-9.372579395817188e-06
0.6,0.9,2.0,0.29,0.38,18.323282502665506,0.5358411166387221,0.03459068657626609,0.03186666666666666,0.0015333333333333345,-0.0002331784146656339,-9.372579395817188e-06
0.6,0.9,4.0,0.29,0.38,18.323282502665506,0.5358411166387221,0.03459068657626609,0.03186666666666666,0.0015333333333333345,-0.0002331784146656339,-9.372579395817188e-06
0.6,0.9,6.0,0.29,0.38,18.323282502665506,0.5358411166387221,0.03459068657626609,0.03186666666666666,0.0015333333333333345,-0.0002331784146656339,-9.372579395817188e-06
0.6,0.9,8.0,0.29,0.38,18.323282502665506,0.5358411166387221,0.03459068657626609,0.03186666666666666,0.0015333333333333345,-0.0002331784146656339,-9.372579395817188e-06
0.6,0.9,10.0,0.29,0.38,18.323282502665506,0.5358411166387221,0.03459068657626609,0.03186666666666666,0.0015333333333333345,-0.0002331784146656339,-9.372579395817188e-06
0.6,0.9,12.0,0.29,0.38,18.323282502665506,0.5358411166387221,0.03459068657626609,0.03186666666666666,0.0015333333333333345,-0.0002331784146656339,-9.372579395817188e-06
0.6,0.9,14.0,0.29,0.38,18.323282502665506,0.5358411166387221,0.03459068657626609,0.03186666666666666,0.0015333333333333345,-0.0002331784146656339,-9.372579395817188e-06
0.6,0.9,16.0,0.29,0.38,18.323282502665506,0.5358411166387221,0.03459068657626609,0.03186666666666666,0.0015333333333333345,-0.0002331784146656339,-9.372579395817188e-06
0.6,0.9,18.0,0.29,0.38,18.323282502665506,0.5358411166387221,0.03459068657626609,0.03186666666666666,0.0015333333333333345,-0.0002331784146656339,-9.372579395817188e-06
0.6,0.95,,0.29,0.38,18.323282502665506,0.5358411166387221,0.03459068657626609,0.03186666666666666,0.0015333333333333345,-0.0002331784146656339,-9.372579395817188e-06
0.6,0.95,2.0,0.29,0.38,18.323282502665506,0.5358411166387221,0.03459068657626609,0.03186666666666666,0.0015333333333333345,-0.0002331784146656339,-9.372579395817188e-06
0.6,0.95,4.0,0.29,0.38,18.323282502665506,0.5358411166387221,0.03459068657626609,0.03186666666666666,0.0015333333333333345,-0.0002331784146656339,-9.372579395817188e-06
0.6,0.95,6.0,0.29,0.38,18.323282502665506,0.5358411166387221,0.03459068657626609,0.03186666666666666,0.0015333333333333345,-0.0002331784146656339,-9.372579395817188e-06
0.6,0.95,8.0,0.29,0.38,18.323282502665506,0.5358411166387221,0.03459068657626609,0.03186666666666666,0.0015333333333333345,-0.0002331784146656339,-9.372579395817188e-06
0.6,0.95,10.0,0.29,0.38,18.323282502665506,0.5358411166387221,0.03459068657626609,0.03186666666666666,0.0015333333333333345,-0.0002331784146656339,-9.372579395817188e-06
0.6,0.95,12.0,0.29,0.38,18.323282502665506,0.5358411166387221,0.03459068657626609,0.03186666666666666,0.0015333333333333345,-0.0002331784146656339,-9.372579395817188e-06
0.6,0.95,14.0,0.29,0.38,18.323282502665506,0.5358411166387221,0.03459068657626609,0.03186666666666666,0.0015333333333333345,-0.0002331784146656339,-9.372579395817188e-06
0.6,0.95,16.0,0.29,0.38,18.323282502665506,0.5358411166387221,0.03459068657626609,0.03186666666666666,0.0015333333333333345,-0.0002331784146656339,-9.372579395817188e-06
0.6,0.95,18.0,0.29,0.38,18.323282502665506,0.5358411166387221,0.03459068657626609,0.03186666666666666,0.0015333333333333345,-0.0002331784146656339,-9.372579395817188e-06
0.6,1.0,,0.29,0.38,18.323282502665506,0.5358411166387221,0.03459068657626609,0.03186666666666666,0.0015333333333333345,-0.0002331784146656339,-9.372579395817188e-06
0.6,1.0,2.0,0.29,0.38,18.323282502665506,0.5358411166387221,0.03459068657626609,0.03186666666666666,0.0015333333333333345,-0.0002331784146656339,-9.372579395817188e-06
0.6,1.0,4.0,0.29,0.38,18.323282502665506,0.5358411166387221,0.03459068657626609,0.03186666666666666,0.0015333333333333345,-0.0002331784146656339,-9.372579395817188e-06
0.6,1.0,6.0,0.29,0.38,18.323282502665506,0.5358411166387221,0.03459068657626609,0.03186666666666666,0.0015333333333333345,-0.0002331784146656339,-9.372579395817188e-06
0.6,1.0,8.0,0.29,0.38,18.323282502665506,0.5358411166387221,0.03459068657626609,0.03186666666666666,0.0015333333333333345,-0.0002331784146656339,-9.372579395817188e-06
0.6,1.0,10.0,0.29,0.38,18.323282502665506,0.5358411166387221,0.03459068657626609,0.03186666666666666,0.0015333333333333345,-0.0002331784146656339,-9.372579395817188e-06
0.6,1.0,12.0,0.29,0.38,18.323282502665506,0.5358411166387221,0.03459068657626609,0.03186666666666666,0.0015333333333333345,-0.0002331784146656339,-9.372579395817188e-06
0.6,1.0,14.0,0.29,0.38,18.323282502665506,0.5358411166387221,0.03459068657626609,0.03186666666666666,0.0015333333333333345,-0.0002331784146656339,-9.372579395817188e-06
0.6,1.0,16.0,0.29,0.38,18.323282502665506,0.5358411166387221,0.03459068657626609,0.03186666666666666,0.0015333333333333345,-0.0002331784146656339,-9.372579395817188e-06
0.6,1.0,18.0,0.29,0.38,18.323282502665506,0.5358411166387221,0.03459068657626609,0.03186666666666666,0.0015333333333333345,-0.0002331784146656339,-9.372579395817188e-06
0.65,0.1,,0.29,0.38,18.323282502665506,0.5358411166387221,0.03459068657626609,0.03186666666666666,0.0015333333333333345,-0.0002331784146656339,-9.372579395817188e-06
0.65,0.1,2.0,0.29,0.38,18.323282502665506,0.5358411166387221,0.03459068657626609,0.03186666666666666,0.0015333333333333345,-0.0002331784146656339,-9.372579395817188e-06
0.65,0.1,4.0,0.29,0.38,18.323282502665506,0.5358411166387221,0.03459068657626609,0.03186666666666666,0.0015333333333333345,-0.0002331784146656339,-9.372579395817188e-06
0.65,0.1,6.0,0.29,0.38,18.323282502665506,0.5358411166387221,0.03459068657626609,0.03186666666666666,0.0015333333333333345,-0.0002331784146656339,-9.372579395817188e-06
0.65,0.1,8.0,0.29,0.38,18.323282502665506,0.5358411166387221,0.03459068657626609,0.03186666666666666,0.0015333333333333345,-0.0002331784146656339,-9.372579395817188e-06
0.65,0.1,10.0,0.29,0.38,18.323282502665506,0.5358411166387221,0.03459068657626609,0.03186666666666666,0.0015333333333333345,-0.0002331784146656339,-9.372579395817188e-06
0.65,0.1,12.0,0.29,0.38,18.323282502665506,0.5358411166387221,0.03459068657626609,0.03186666666666666,0.0015333333333333345,-0.0002331784146656339,-9.372579395817188e-06
0.65,0.1,14.0,0.29,0.38,18.323282502665506,0.5358411166387221,0.03459068657626609,0.03186666666666666,0.0015333333333333345,-0.0002331784146656339,-9.372579395817188e-06
0.65,0.1,16.0,0.29,0.38,18.323282502665506,0.5358411166387221,0.03459068657626609,0.03186666666666666,0.0015333333333333345,-0.0002331784146656339,-9.372579395817188e-06
0.65,0.1,18.0,0.29,0.38,18.323282502665506,0.5358411166387221,0.03459068657626609,0.03186666666666666,0.0015333333333333345,-0.0002331784146656339,-9.372579395817188e-06
0.65,0.15,,0.29,0.38,18.323282502665506,0.5358411166387221,0.03459068657626609,0.03186666666666666,0.0015333333333333345,-0.0002331784146656339,-9.372579395817188e-06
0.65,0.15,2.0,0.29,0.38,18.323282502665506,0.5358411166387221,0.03459068657626609,0.03186666666666666,0.0015333333333333345,-0.0002331784146656339,-9.372579395817188e-06
0.65,0.15,4.0,0.29,0.38,18.323282502665506,0.5358411166387221,0.03459068657626609,0.03186666666666666,0.0015333333333333345,-0.0002331784146656339,-9.372579395817188e-06
0.65,0.15,6.0,0.29,0.38,18.323282502665506,0.5358411166387221,0.03459068657626609,0.03186666666666666,0.0015333333333333345,-0.0002331784146656339,-9.372579395817188e-06
0.65,0.15,8.0,0.29,0.38,18.323282502665506,0.5358411166387221,0.03459068657626609,0.03186666666666666,0.0015333333333333345,-0.0002331784146656339,-9.372579395817188e-06
0.65,0.15,10.0,0.29,0.38,18.323282502665506,0.5358411166387221,0.03459068657626609,0.03186666666666666,0.0015333333333333345,-0.0002331784146656339,-9.372579395817188e-06
0.65,0.15,12.0,0.29,0.38,18.323282502665506,0.5358411166387221,0.03459068657626609,0.03186666666666666,0.0015333333333333345,-0.0002331784146656339,-9.372579395817188e-06
0.65,0.15,14.0,0.29,0.38,18.323282502665506,0.5358411166387221,0.03459068657626609,0.03186666666666666,0.0015333333333333345,-0.0002331784146656339,-9.372579395817188e-06
0.65,0.15,16.0,0.29,0.38,18.323282502665506,0.5358411166387221,0.03459068657626609,0.03186666666666666,0.0015333333333333345,-0.0002331784146656339,-9.372579395817188e-06
0.65,0.15,18.0,0.29,0.38,18.323282502665506,0.5358411166387221,0.03459068657626609,0.03186666666666666,0.0015333333333333345,-0.0002331784146656339,-9.372579395817188e-06
0.65,0.2,,0.29,0.38,18.323282502665506,0.5358411166387221,0.03459068657626609,0.03186666666666666,0.0015333333333333345,-0.0002331784146656339,-9.372579395817188e-06
0.65,0.2,2.0,0.29,0.38,18.323282502665506,0.5358411166387221,0.03459068657626609,0.03186666666666666,0.0015333333333333345,-0.0002331784146656339,-9.372579395817188e-06
0.65,0.2,4.0,0.29,0.38,18.323282502665506,0.5358411166387221,0.03459068657626609,0.03186666666666666,0.0015333333333333345,-0.0002331784146656339,-9.372579395817188e-06
0.65,0.2,6.0,0.29,0.38,18.323282502665506,0.5358411166387221,0.03459068657626609,0.03186666666666666,0.0015333333333333345,-0.0002331784146656339,-9.372579395817188e-06
0.65,0.2,8.0,0.29,0.38,18.323282502665506,0.5358411166387221,0.03459068657626609,0.03186666666666666,0.0015333333333333345,-0.0002331784146656339,-9.372579395817188e-06
0.65,0.2,10.0,0.29,0.38,18.323282502665506,0.5358411166387221,0.03459068657626609,0.03186666666666666,0.0015333333333333345,-0.0002331784146656339,-9.372579395817188e-06
0.65,0.2,12.0,0.29,0.38,18.323282502665506,0.5358411166387221,0.03459068657626609,0.03186666666666666,0.0015333333333333345,-0.0002331784146656339,-9.372579395817188e-06
0.65,0.2,14.0,0.29,0.38,18.323282502665506,0.5358411166387221,0.03459068657626609,0.03186666666666666,0.0015333333333333345,-0.0002331784146656339,-9.372579395817188e-06
0.65,0.2,16.0,0.29,0.38,18.323282502665506,0.5358411166387221,0.03459068657626609,0.03186666666666666,0.0015333333333333345,-0.0002331784146656339,-9.372579395817188e-06
0.65,0.2,18.0,0.29,0.38,18.323282502665506,0.5358411166387221,0.03459068657626609,0.03186666666666666,0.0015333333333333345,-0.0002331784146656339,-9.372579395817188e-06
0.65,0.25,,0.29,0.38,18.323282502665506,0.5358411166387221,0.03459068657626609,0.03186666666666666,0.0015333333333333345,-0.0002331784146656339,-9.372579395817188e-06
0.65,0.25,2.0,0.29,0.38,18.323282502665506,0.5358411166387221,0.03459068657626609,0.03186666666666666,0.0015333333333333345,-0.0002331784146656339,-9.372579395817188e-06
0.65,0.25,4.0,0.29,0.38,18.323282502665506,0.5358411166387221,0.03459068657626609,0.03186666666666666,0.0015333333333333345,-0.0002331784146656339,-9.372579395817188e-06
0.65,0.25,6.0,0.29,0.38,18.323282502665506,0.5358411166387221,0.03459068657626609,0.03186666666666666,0.0015333333333333345,-0.0002331784146656339,-9.372579395817188e-06
0.65,0.25,8.0,0.29,0.38,18.323282502665506,0.5358411166387221,0.03459068657626609,0.03186666666666666,0.0015333333333333345,-0.0002331784146656339,-9.372579395817188e-06
0.65,0.25,10.0,0.29,0.38,18.323282502665506,0.5358411166387221,0.03459068657626609,0.03186666666666666,0.0015333333333333345,-0.0002331784146656339,-9.372579395817188e-06
0.65,0.25,12.0,0.29,0.38,18.323282502665506,0.5358411166387221,0.03459068657626609,0.03186666666666666,0.0015333333333333345,-0.0002331784146656339,-9.372579395817188e-06
0.65,0.25,14.0,0.29,0.38,18.323282502665506,0.5358411166387221,0.03459068657626609,0.03186666666666666,0.0015333333333333345,-0.0002331784146656339,-9.372579395817188e-06
0.65,0.25,16.0,0.29,0.38,18.323282502665506,0.5358411166387221,0.03459068657626609,0.03186666666666666,0.0015333333333333345,-0.0002331784146656339,-9.372579395817188e-06
0.65,0.25,18.0,0.29,0.38,18.323282502665506,0.5358411166387221,0.03459068657626609,0.03186666666666666,0.0015333333333333345,-0.0002331784146656339,-9.372579395817188e-06
0.65,0.3,,0.29,0.38,18.323282502665506,0.5358411166387221,0.03459068657626609,0.03186666666666666,0.0015333333333333345,-0.0002331784146656339,-9.372579395817188e-06
0.65,0.3,2.0,0.29,0.38,18.323282502665506,0.5358411166387221,0.03459068657626609,0.03186666666666666,0.0015333333333333345,-0.0002331784146656339,-9.372579395817188e-06
0.65,0.3,4.0,0.29,0.38,18.323282502665506,0.5358411166387221,0.03459068657626609,0.03186666666666666,0.0015333333333333345,-0.0002331784146656339,-9.372579395817188e-06
0.65,0.3,6.0,0.29,0.38,18.323282502665506,0.5358411166387221,0.03459068657626609,0.03186666666666666,0.0015333333333333345,-0.0002331784146656339,-9.372579395817188e-06
0.65,0.3,8.0,0.29,0.38,18.323282502665506,0.5358411166387221,0.03459068657626609,0.03186666666666666,0.0015333333333333345,-0.0002331784146656339,-9.372579395817188e-06
0.65,0.3,10.0,0.29,0.38,18.323282502665506,0.5358411166387221,0.03459068657626609,0.03186666666666666,0.0015333333333333345,-0.0002331784146656339,-9.372579395817188e-06
0.65,0.3,12.0,0.29,0.38,18.323282502665506,0.5358411166387221,0.03459068657626609,0.03186666666666666,0.0015333333333333345,-0.0002331784146656339,-9.372579395817188e-06
0.65,0.3,14.0,0.29,0.38,18.323282502665506,0.5358411166387221,0.03459068657626609,0.03186666666666666,0.0015333333333333345,-0.0002331784146656339,-9.372579395817188e-06
0.65,0.3,16.0,0.29,0.38,18.323282502665506,0.5358411166387221,0.03459068657626609,0.03186666666666666,0.0015333333333333345,-0.0002331784146656339,-9.372579395817188e-06
0.65,0.3,18.0,0.29,0.38,18.323282502665506,0.5358411166387221,0.03459068657626609,0.03186666666666666,0.0015333333333333345,-0.0002331784146656339,-9.372579395817188e-06
0.65,0.35,,0.29,0.38,18.323282502665506,0.5358411166387221,0.03459068657626609,0.03186666666666666,0.0015333333333333345,-0.0002331784146656339,-9.372579395817188e-06
0.65,0.35,2.0,0.29,0.38,18.323282502665506,0.5358411166387221,0.03459068657626609,0.03186666666666666,0.0015333333333333345,-0.0002331784146656339,-9.372579395817188e-06
0.65,0.35,4.0,0.29,0.38,18.323282502665506,0.5358411166387221,0.03459068657626609,0.03186666666666666,0.0015333333333333345,-0.0002331784146656339,-9.372579395817188e-06
0.65,0.35,6.0,0.29,0.38,18.323282502665506,0.5358411166387221,0.03459068657626609,0.03186666666666666,0.0015333333333333345,-0.0002331784146656339,-9.372579395817188e-06
0.65,0.35,8.0,0.29,0.38,18.323282502665506,0.5358411166387221,0.03459068657626609,0.03186666666666666,0.0015333333333333345,-0.0002331784146656339,-9.372579395817188e-06
0.65,0.35,10.0,0.29,0.38,18.323282502665506,0.5358411166387221,0.03459068657626609,0.03186666666666666,0.0015333333333333345,-0.0002331784146656339,-9.372579395817188e-06
0.65,0.35,12.0,0.29,0.38,18.323282502665506,0.5358411166387221,0.03459068657626609,0.03186666666666666,0.0015333333333333345,-0.0002331784146656339,-9.372579395817188e-06
0.65,0.35,14.0,0.29,0.38,18.323282502665506,0.5358411166387221,0.03459068657626609,0.03186666666666666,0.0015333333333333345,-0.0002331784146656339,-9.372579395817188e-06
0.65,0.35,16.0,0.29,0.38,18.323282502665506,0.5358411166387221,0.03459068657626609,0.03186666666666666,0.0015333333333333345,-0.0002331784146656339,-9.372579395817188e-06
0.65,0.35,18.0,0.29,0.38,18.323282502665506,0.5358411166387221,0.03459068657626609,0.03186666666666666,0.0015333333333333345,-0.0002331784146656339,-9.372579395817188e-06
0.65,0.4,,0.29,0.38,18.323282502665506,0.5358411166387221,0.03459068657626609,0.03186666666666666,0.0015333333333333345,-0.0002331784146656339,-9.372579395817188e-06
0.65,0.4,2.0,0.29,0.38,18.323282502665506,0.5358411166387221,0.03459068657626609,0.03186666666666666,0.0015333333333333345,-0.0002331784146656339,-9.372579395817188e-06
0.65,0.4,4.0,0.29,0.38,18.323282502665506,0.5358411166387221,0.03459068657626609,0.03186666666666666,0.0015333333333333345,-0.0002331784146656339,-9.372579395817188e-06
0.65,0.4,6.0,0.29,0.38,18.323282502665506,0.5358411166387221,0.03459068657626609,0.03186666666666666,0.0015333333333333345,-0.0002331784146656339,-9.372579395817188e-06
0.65,0.4,8.0,0.29,0.38,18.323282502665506,0.5358411166387221,0.03459068657626609,0.03186666666666666,0.0015333333333333345,-0.0002331784146656339,-9.372579395817188e-06
0.65,0.4,10.0,0.29,0.38,18.323282502665506,0.5358411166387221,0.03459068657626609,0.03186666666666666,0.0015333333333333345,-0.0002331784146656339,-9.372579395817188e-06
0.65,0.4,12.0,0.29,0.38,18.323282502665506,0.5358411166387221,0.03459068657626609,0.03186666666666666,0.0015333333333333345,-0.0002331784146656339,-9.372579395817188e-06
0.65,0.4,14.0,0.29,0.38,18.323282502665506,0.5358411166387221,0.03459068657626609,0.03186666666666666,0.0015333333333333345,-0.0002331784146656339,-9.372579395817188e-06
0.65,0.4,16.0,0.29,0.38,18.323282502665506,0.5358411166387221,0.03459068657626609,0.03186666666666666,0.0015333333333333345,-0.0002331784146656339,-9.372579395817188e-06
0.65,0.4,18.0,0.29,0.38,18.323282502665506,0.5358411166387221,0.03459068657626609,0.03186666666666666,0.0015333333333333345,-0.0002331784146656339,-9.372579395817188e-06
0.65,0.45,,0.29,0.38,18.323282502665506,0.5358411166387221,0.03459068657626609,0.03186666666666666,0.0015333333333333345,-0.0002331784146656339,-9.372579395817188e-06
0.65,0.45,2.0,0.29,0.38,18.323282502665506,0.5358411166387221,0.03459068657626609,0.03186666666666666,0.0015333333333333345,-0.0002331784146656339,-9.372579395817188e-06
0.65,0.45,4.0,0.29,0.38,18.323282502665506,0.5358411166387221,0.03459068657626609,0.03186666666666666,0.0015333333333333345,-0.0002331784146656339,-9.372579395817188e-06
0.65,0.45,6.0,0.29,0.38,18.323282502665506,0.5358411166387221,0.03459068657626609,0.03186666666666666,0.0015333333333333345,-0.0002331784146656339,-9.372579395817188e-06
0.65,0.45,8.0,0.29,0.38,18.323282502665506,0.5358411166387221,0.03459068657626609,0.03186666666666666,0.0015333333333333345,-0.0002331784146656339,-9.372579395817188e-06
0.65,0.45,10.0,0.29,0.38,18.323282502665506,0.5358411166387221,0.03459068657626609,0.03186666666666666,0.0015333333333333345,-0.0002331784146656339,-9.372579395817188e-06
0.65,0.45,12.0,0.29,0.38,18.323282502665506,0.5358411166387221,0.03459068657626609,0.03186666666666666,0.0015333333333333345,-0.0002331784146656339,-9.372579395817188e-06
0.65,0.45,14.0,0.29,0.38,18.323282502665506,0.5358411166387221,0.03459068657626609,0.03186666666666666,0.0015333333333333345,-0.0002331784146656339,-9.372579395817188e-06
0.65,0.45,16.0,0.29,0.38,18.323282502665506,0.5358411166387221,0.03459068657626609,0.03186666666666666,0.0015333333333333345,-0.0002331784146656339,-9.372579395817188e-06
0.65,0.45,18.0,0.29,0.38,18.323282502665506,0.5358411166387221,0.03459068657626609,0.03186666666666666,0.0015333333333333345,-0.0002331784146656339,-9.372579395817188e-06
0.65,0.5,,0.29,0.38,18.323282502665506,0.5358411166387221,0.03459068657626609,0.03186666666666666,0.0015333333333333345,-0.0002331784146656339,-9.372579395817188e-06
0.65,0.5,2.0,0.29,0.38,18.323282502665506,0.5358411166387221,0.03459068657626609,0.03186666666666666,0.0015333333333333345,-0.0002331784146656339,-9.372579395817188e-06
0.65,0.5,4.0,0.29,0.38,18.323282502665506,0.5358411166387221,0.03459068657626609,0.03186666666666666,0.0015333333333333345,-0.0002331784146656339,-9.372579395817188e-06
0.65,0.5,6.0,0.29,0.38,18.323282502665506,0.5358411166387221,0.03459068657626609,0.03186666666666666,0.0015333333333333345,-0.0002331784146656339,-9.372579395817188e-06
0.65,0.5,8.0,0.29,0.38,18.323282502665506,0.5358411166387221,0.03459068657626609,0.03186666666666666,0.0015333333333333345,-0.0002331784146656339,-9.372579395817188e-06
0.65,0.5,10.0,0.29,0.38,18.323282502665506,0.5358411166387221,0.03459068657626609,0.03186666666666666,0.0015333333333333345,-0.0002331784146656339,-9.372579395817188e-06
0.65,0.5,12.0,0.29,0.38,18.323282502665506,0.5358411166387221,0.03459068657626609,0.03186666666666666,0.0015333333333333345,-0.0002331784146656339,-9.372579395817188e-06
0.65,0.5,14.0,0.29,0.38,18.323282502665506,0.5358411166387221,0.03459068657626609,0.03186666666666666,0.0015333333333333345,-0.0002331784146656339,-9.372579395817188e-06
0.65,0.5,16.0,0.29,0.38,18.323282502665506,0.5358411166387221,0.03459068657626609,0.03186666666666666,0.0015333333333333345,-0.0002331784146656339,-9.372579395817188e-06
0.65,0.5,18.0,0.29,0.38,18.323282502665506,0.5358411166387221,0.03459068657626609,0.03186666666666666,0.0015333333333333345,-0.0002331784146656339,-9.372579395817188e-06
0.65,0.55,,0.29,0.38,18.323282502665506,0.5358411166387221,0.03459068657626609,0.03186666666666666,0.0015333333333333345,-0.0002331784146656339,-9.372579395817188e-06
0.65,0.55,2.0,0.29,0.38,18.323282502665506,0.5358411166387221,0.03459068657626609,0.03186666666666666,0.0015333333333333345,-0.0002331784146656339,-9.372579395817188e-06
0.65,0.55,4.0,0.29,0.38,18.323282502665506,0.5358411166387221,0.03459068657626609,0.03186666666666666,0.0015333333333333345,-0.0002331784146656339,-9.372579395817188e-06
0.65,0.55,6.0,0.29,0.38,18.323282502665506,0.5358411166387221,0.03459068657626609,0.03186666666666666,0.0015333333333333345,-0.0002331784146656339,-9.372579395817188e-06
0.65,0.55,8.0,0.29,0.38,18.323282502665506,0.5358411166387221,0.03459068657626609,0.03186666666666666,0.0015333333333333345,-0.0002331784146656339,-9.372579395817188e-06
0.65,0.55,10.0,0.29,0.38,18.323282502665506,0.5358411166387221,0.03459068657626609,0.03186666666666666,0.0015333333333333345,-0.0002331784146656339,-9.372579395817188e-06
0.65,0.55,12.0,0.29,0.38,18.323282502665506,0.5358411166387221,0.03459068657626609,0.03186666666666666,0.0015333333333333345,-0.0002331784146656339,-9.372579395817188e-06
0.65,0.55,14.0,0.29,0.38,18.323282502665506,0.5358411166387221,0.03459068657626609,0.03186666666666666,0.0015333333333333345,-0.0002331784146656339,-9.372579395817188e-06
0.65,0.55,16.0,0.29,0.38,18.323282502665506,0.5358411166387221,0.03459068657626609,0.03186666666666666,0.0015333333333333345,-0.0002331784146656339,-9.372579395817188e-06
0.65,0.55,18.0,0.29,0.38,18.323282502665506,0.5358411166387221,0.03459068657626609,0.03186666666666666,0.0015333333333333345,-0.0002331784146656339,-9.372579395817188e-06
0.65,0.6,,0.29,0.38,18.323282502665506,0.5358411166387221,0.03459068657626609,0.03186666666666666,0.0015333333333333345,-0.0002331784146656339,-9.372579395817188e-06
0.65,0.6,2.0,0.29,0.38,18.323282502665506,0.5358411166387221,0.03459068657626609,0.03186666666666666,0.0015333333333333345,-0.0002331784146656339,-9.372579395817188e-06
0.65,0.6,4.0,0.29,0.38,18.323282502665506,0.5358411166387221,0.03459068657626609,0.03186666666666666,0.0015333333333333345,-0.0002331784146656339,-9.372579395817188e-06
0.65,0.6,6.0,0.29,0.38,18.323282502665506,0.5358411166387221,0.03459068657626609,0.03186666666666666,0.0015333333333333345,-0.0002331784146656339,-9.372579395817188e-06
0.65,0.6,8.0,0.29,0.38,18.323282502665506,0.5358411166387221,0.03459068657626609,0.03186666666666666,0.0015333333333333345,-0.0002331784146656339,-9.372579395817188e-06
0.65,0.6,10.0,0.29,0.38,18.323282502665506,0.5358411166387221,0.03459068657626609,0.03186666666666666,0.0015333333333333345,-0.0002331784146656339,-9.372579395817188e-06
0.65,0.6,12.0,0.29,0.38,18.323282502665506,0.5358411166387221,0.03459068657626609,0.03186666666666666,0.0015333333333333345,-0.0002331784146656339,-9.372579395817188e-06
0.65,0.6,14.0,0.29,0.38,18.323282502665506,0.5358411166387221,0.03459068657626609,0.03186666666666666,0.0015333333333333345,-0.0002331784146656339,-9.372579395817188e-06
0.65,0.6,16.0,0.29,0.38,18.323282502665506,0.5358411166387221,0.03459068657626609,0.03186666666666666,0.0015333333333333345,-0.0002331784146656339,-9.372579395817188e-06
0.65,0.6,18.0,0.29,0.38,18.323282502665506,0.5358411166387221,0.03459068657626609,0.03186666666666666,0.0015333333333333345,-0.0002331784146656339,-9.372579395817188e-06
0.65,0.65,,0.29,0.38,18.323282502665506,0.5358411166387221,0.03459068657626609,0.03186666666666666,0.0015333333333333345,-0.0002331784146656339,-9.372579395817188e-06
0.65,0.65,2.0,0.29,0.38,18.323282502665506,0.5358411166387221,0.03459068657626609,0.03186666666666666,0.0015333333333333345,-0.0002331784146656339,-9.372579395817188e-06
0.65,0.65,4.0,0.29,0.38,18.323282502665506,0.5358411166387221,0.03459068657626609,0.03186666666666666,0.0015333333333333345,-0.0002331784146656339,-9.372579395817188e-06
0.65,0.65,6.0,0.29,0.38,18.323282502665506,0.5358411166387221,0.03459068657626609,0.03186666666666666,0.0015333333333333345,-0.0002331784146656339,-9.372579395817188e-06
0.65,0.65,8.0,0.29,0.38,18.323282502665506,0.5358411166387221,0.03459068657626609,0.03186666666666666,0.0015333333333333345,-0.0002331784146656339,-9.372579395817188e-06
0.65,0.65,10.0,0.29,0.38,18.323282502665506,0.5358411166387221,0.03459068657626609,0.03186666666666666,0.0015333333333333345,-0.0002331784146656339,-9.372579395817188e-06
0.65,0.65,12.0,0.29,0.38,18.323282502665506,0.5358411166387221,0.03459068657626609,0.03186666666666666,0.0015333333333333345,-0.0002331784146656339,-9.372579395817188e-06
0.65,0.65,14.0,0.29,0.38,18.323282502665506,0.5358411166387221,0.03459068657626609,0.03186666666666666,0.0015333333333333345,-0.0002331784146656339,-9.372579395817188e-06
0.65,0.65,16.0,0.29,0.38,18.323282502665506,0.5358411166387221,0.03459068657626609,0.03186666666666666,0.0015333333333333345,-0.0002331784146656339,-9.372579395817188e-06
0.65,0.65,18.0,0.29,0.38,18.323282502665506,0.5358411166387221,0.03459068657626609,0.03186666666666666,0.0015333333333333345,-0.0002331784146656339,-9.372579395817188e-06
0.65,0.7,,0.29,0.38,18.323282502665506,0.5358411166387221,0.03459068657626609,0.03186666666666666,0.0015333333333333345,-0.0002331784146656339,-9.372579395817188e-06
0.65,0.7,2.0,0.29,0.38,18.323282502665506,0.5358411166387221,0.03459068657626609,0.03186666666666666,0.0015333333333333345,-0.0002331784146656339,-9.372579395817188e-06
0.65,0.7,4.0,0.29,0.38,18.323282502665506,0.5358411166387221,0.03459068657626609,0.03186666666666666,0.0015333333333333345,-0.0002331784146656339,-9.372579395817188e-06
0.65,0.7,6.0,0.29,0.38,18.323282502665506,0.5358411166387221,0.03459068657626609,0.03186666666666666,0.0015333333333333345,-0.0002331784146656339,-9.372579395817188e-06
0.65,0.7,8.0,0.29,0.38,18.323282502665506,0.5358411166387221,0.03459068657626609,0.03186666666666666,0.0015333333333333345,-0.0002331784146656339,-9.372579395817188e-06
0.65,0.7,10.0,0.29,0.38,18.323282502665506,0.5358411166387221,0.03459068657626609,0.03186666666666666,0.0015333333333333345,-0.0002331784146656339,-9.372579395817188e-06
0.65,0.7,12.0,0.29,0.38,18.323282502665506,0.5358411166387221,0.03459068657626609,0.03186666666666666,0.0015333333333333345,-0.0002331784146656339,-9.372579395817188e-06
0.65,0.7,14.0,0.29,0.38,18.323282502665506,0.5358411166387221,0.03459068657626609,0.03186666666666666,0.0015333333333333345,-0.0002331784146656339,-9.372579395817188e-06
0.65,0.7,16.0,0.29,0.38,18.323282502665506,0.5358411166387221,0.03459068657626609,0.03186666666666666,0.0015333333333333345,-0.0002331784146656339,-9.372579395817188e-06
0.65,0.7,18.0,0.29,0.38,18.323282502665506,0.5358411166387221,0.03459068657626609,0.03186666666666666,0.0015333333333333345,-0.0002331784146656339,-9.372579395817188e-06
0.65,0.75,,0.29,0.38,18.323282502665506,0.5358411166387221,0.03459068657626609,0.03186666666666666,0.0015333333333333345,-0.0002331784146656339,-9.372579395817188e-06
0.65,0.75,2.0,0.29,0.38,18.323282502665506,0.5358411166387221,0.03459068657626609,0.03186666666666666,0.0015333333333333345,-0.0002331784146656339,-9.372579395817188e-06
0.65,0.75,4.0,0.29,0.38,18.323282502665506,0.5358411166387221,0.03459068657626609,0.03186666666666666,0.0015333333333333345,-0.0002331784146656339,-9.372579395817188e-06
0.65,0.75,6.0,0.29,0.38,18.323282502665506,0.5358411166387221,0.03459068657626609,0.03186666666666666,0.0015333333333333345,-0.0002331784146656339,-9.372579395817188e-06
0.65,0.75,8.0,0.29,0.38,18.323282502665506,0.5358411166387221,0.03459068657626609,0.03186666666666666,0.0015333333333333345,-0.0002331784146656339,-9.372579395817188e-06
0.65,0.75,10.0,0.29,0.38,18.323282502665506,0.5358411166387221,0.03459068657626609,0.03186666666666666,0.0015333333333333345,-0.0002331784146656339,-9.372579395817188e-06
0.65,0.75,12.0,0.29,0.38,18.323282502665506,0.5358411166387221,0.03459068657626609,0.03186666666666666,0.0015333333333333345,-0.0002331784146656339,-9.372579395817188e-06
0.65,0.75,14.0,0.29,0.38,18.323282502665506,0.5358411166387221,0.03459068657626609,0.03186666666666666,0.0015333333333333345,-0.0002331784146656339,-9.372579395817188e-06
0.65,0.75,16.0,0.29,0.38,18.323282502665506,0.5358411166387221,0.03459068657626609,0.03186666666666666,0.0015333333333333345,-0.0002331784146656339,-9.372579395817188e-06
0.65,0.75,18.0,0.29,0.38,18.323282502665506,0.5358411166387221,0.03459068657626609,0.03186666666666666,0.0015333333333333345,-0.0002331784146656339,-9.372579395817188e-06
0.65,0.8,,0.29,0.38,18.323282502665506,0.5358411166387221,0.03459068657626609,0.03186666666666666,0.0015333333333333345,-0.0002331784146656339,-9.372579395817188e-06
0.65,0.8,2.0,0.29,0.38,18.323282502665506,0.5358411166387221,0.03459068657626609,0.03186666666666666,0.0015333333333333345,-0.0002331784146656339,-9.372579395817188e-06
0.65,0.8,4.0,0.29,0.38,18.323282502665506,0.5358411166387221,0.03459068657626609,0.03186666666666666,0.0015333333333333345,-0.0002331784146656339,-9.372579395817188e-06
0.65,0.8,6.0,0.29,0.38,18.323282502665506,0.5358411166387221,0.03459068657626609,0.03186666666666666,0.0015333333333333345,-0.0002331784146656339,-9.372579395817188e-06
0.65,0.8,8.0,0.29,0.38,18.323282502665506,0.5358411166387221,0.03459068657626609,0.03186666666666666,0.0015333333333333345,-0.0002331784146656339,-9.372579395817188e-06
0.65,0.8,10.0,0.29,0.38,18.323282502665506,0.5358411166387221,0.03459068657626609,0.03186666666666666,0.0015333333333333345,-0.0002331784146656339,-9.372579395817188e-06
0.65,0.8,12.0,0.29,0.38,18.323282502665506,0.5358411166387221,0.03459068657626609,0.03186666666666666,0.0015333333333333345,-0.0002331784146656339,-9.372579395817188e-06
0.65,0.8,14.0,0.29,0.38,18.323282502665506,0.5358411166387221,0.03459068657626609,0.03186666666666666,0.0015333333333333345,-0.0002331784146656339,-9.372579395817188e-06
0.65,0.8,16.0,0.29,0.38,18.323282502665506,0.5358411166387221,0.03459068657626609,0.03186666666666666,0.0015333333333333345,-0.0002331784146656339,-9.372579395817188e-06
0.65,0.8,18.0,0.29,0.38,18.323282502665506,0.5358411166387221,0.03459068657626609,0.03186666666666666,0.0015333333333333345,-0.0002331784146656339,-9.372579395817188e-06
0.65,0.85,,0.29,0.38,18.323282502665506,0.5358411166387221,0.03459068657626609,0.03186666666666666,0.0015333333333333345,-0.0002331784146656339,-9.372579395817188e-06
0.65,0.85,2.0,0.29,0.38,18.323282502665506,0.5358411166387221,0.03459068657626609,0.03186666666666666,0.0015333333333333345,-0.0002331784146656339,-9.372579395817188e-06
0.65,0.85,4.0,0.29,0.38,18.323282502665506,0.5358411166387221,0.03459068657626609,0.03186666666666666,0.0015333333333333345,-0.0002331784146656339,-9.372579395817188e-06
0.65,0.85,6.0,0.29,0.38,18.323282502665506,0.5358411166387221,0.03459068657626609,0.03186666666666666,0.0015333333333333345,-0.0002331784146656339,-9.372579395817188e-06
0.65,0.85,8.0,0.29,0.38,18.323282502665506,0.5358411166387221,0.03459068657626609,0.03186666666666666,0.0015333333333333345,-0.0002331784146656339,-9.372579395817188e-06
0.65,0.85,10.0,0.29,0.38,18.323282502665506,0.5358411166387221,0.03459068657626609,0.03186666666666666,0.0015333333333333345,-0.0002331784146656339,-9.372579395817188e-06
0.65,0.85,12.0,0.29,0.38,18.323282502665506,0.5358411166387221,0.03459068657626609,0.03186666666666666,0.0015333333333333345,-0.0002331784146656339,-9.372579395817188e-06
0.65,0.85,14.0,0.29,0.38,18.323282502665506,0.5358411166387221,0.03459068657626609,0.03186666666666666,0.0015333333333333345,-0.0002331784146656339,-9.372579395817188e-06
0.65,0.85,16.0,0.29,0.38,18.323282502665506,0.5358411166387221,0.03459068657626609,0.03186666666666666,0.0015333333333333345,-0.0002331784146656339,-9.372579395817188e-06
0.65,0.85,18.0,0.29,0.38,18.323282502665506,0.5358411166387221,0.03459068657626609,0.03186666666666666,0.0015333333333333345,-0.0002331784146656339,-9.372579395817188e-06
0.65,0.9,,0.29,0.38,18.323282502665506,0.5358411166387221,0.03459068657626609,0.03186666666666666,0.0015333333333333345,-0.0002331784146656339,-9.372579395817188e-06
0.65,0.9,2.0,0.29,0.38,18.323282502665506,0.5358411166387221,0.03459068657626609,0.03186666666666666,0.0015333333333333345,-0.0002331784146656339,-9.372579395817188e-06
0.65,0.9,4.0,0.29,0.38,18.323282502665506,0.5358411166387221,0.03459068657626609,0.03186666666666666,0.0015333333333333345,-0.0002331784146656339,-9.372579395817188e-06
0.65,0.9,6.0,0.29,0.38,18.323282502665506,0.5358411166387221,0.03459068657626609,0.03186666666666666,0.0015333333333333345,-0.0002331784146656339,-9.372579395817188e-06
0.65,0.9,8.0,0.29,0.38,18.323282502665506,0.5358411166387221,0.03459068657626609,0.03186666666666666,0.0015333333333333345,-0.0002331784146656339,-9.372579395817188e-06
0.65,0.9,10.0,0.29,0.38,18.323282502665506,0.5358411166387221,0.03459068657626609,0.03186666666666666,0.0015333333333333345,-0.0002331784146656339,-9.372579395817188e-06
0.65,0.9,12.0,0.29,0.38,18.323282502665506,0.5358411166387221,0.03459068657626609,0.03186666666666666,0.0015333333333333345,-0.0002331784146656339,-9.372579395817188e-06
0.65,0.9,14.0,0.29,0.38,18.323282502665506,0.5358411166387221,0.03459068657626609,0.03186666666666666,0.0015333333333333345,-0.0002331784146656339,-9.372579395817188e-06
0.65,0.9,16.0,0.29,0.38,18.323282502665506,0.5358411166387221,0.03459068657626609,0.03186666666666666,0.0015333333333333345,-0.0002331784146656339,-9.372579395817188e-06
0.65,0.9,18.0,0.29,0.38,18.323282502665506,0.5358411166387221,0.03459068657626609,0.03186666666666666,0.0015333333333333345,-0.0002331784146656339,-9.372579395817188e-06
0.65,0.95,,0.29,0.38,18.323282502665506,0.5358411166387221,0.03459068657626609,0.03186666666666666,0.0015333333333333345,-0.0002331784146656339,-9.372579395817188e-06
0.65,0.95,2.0,0.29,0.38,18.323282502665506,0.5358411166387221,0.03459068657626609,0.03186666666666666,0.0015333333333333345,-0.0002331784146656339,-9.372579395817188e-06
0.65,0.95,4.0,0.29,0.38,18.323282502665506,0.5358411166387221,0.03459068657626609,0.03186666666666666,0.0015333333333333345,-0.0002331784146656339,-9.372579395817188e-06
0.65,0.95,6.0,0.29,0.38,18.323282502665506,0.5358411166387221,0.03459068657626609,0.03186666666666666,0.0015333333333333345,-0.0002331784146656339,-9.372579395817188e-06
0.65,0.95,8.0,0.29,0.38,18.323282502665506,0.5358411166387221,0.03459068657626609,0.03186666666666666,0.0015333333333333345,-0.0002331784146656339,-9.372579395817188e-06
0.65,0.95,10.0,0.29,0.38,18.323282502665506,0.5358411166387221,0.03459068657626609,0.03186666666666666,0.0015333333333333345,-0.0002331784146656339,-9.372579395817188e-06
0.65,0.95,12.0,0.29,0.38,18.323282502665506,0.5358411166387221,0.03459068657626609,0.03186666666666666,0.0015333333333333345,-0.0002331784146656339,-9.372579395817188e-06
0.65,0.95,14.0,0.29,0.38,18.323282502665506,0.5358411166387221,0.03459068657626609,0.03186666666666666,0.0015333333333333345,-0.0002331784146656339,-9.372579395817188e-06
0.65,0.95,16.0,0.29,0.38,18.323282502665506,0.5358411166387221,0.03459068657626609,0.03186666666666666,0.0015333333333333345,-0.0002331784146656339,-9.372579395817188e-06
0.65,0.95,18.0,0.29,0.38,18.323282502665506,0.5358411166387221,0.03459068657626609,0.03186666666666666,0.0015333333333333345,-0.0002331784146656339,-9.372579395817188e-06
0.65,1.0,,0.29,0.38,18.323282502665506,0.5358411166387221,0.03459068657626609,0.03186666666666666,0.0015333333333333345,-0.0002331784146656339,-9.372579395817188e-06
0.65,1.0,2.0,0.29,0.38,18.323282502665506,0.5358411166387221,0.03459068657626609,0.03186666666666666,0.0015333333333333345,-0.0002331784146656339,-9.372579395817188e-06
0.65,1.0,4.0,0.29,0.38,18.323282502665506,0.5358411166387221,0.03459068657626609,0.03186666666666666,0.0015333333333333345,-0.0002331784146656339,-9.372579395817188e-06
0.65,1.0,6.0,0.29,0.38,18.323282502665506,0.5358411166387221,0.03459068657626609,0.03186666666666666,0.0015333333333333345,-0.0002331784146656339,-9.372579395817188e-06
0.65,1.0,8.0,0.29,0.38,18.323282502665506,0.5358411166387221,0.03459068657626609,0.03186666666666666,0.0015333333333333345,-0.0002331784146656339,-9.372579395817188e-06
0.65,1.0,10.0,0.29,0.38,18.323282502665506,0.5358411166387221,0.03459068657626609,0.03186666666666666,0.0015333333333333345,-0.0002331784146656339,-9.372579395817188e-06
0.65,1.0,12.0,0.29,0.38,18.323282502665506,0.5358411166387221,0.03459068657626609,0.03186666666666666,0.0015333333333333345,-0.0002331784146656339,-9.372579395817188e-06
0.65,1.0,14.0,0.29,0.38,18.323282502665506,0.5358411166387221,0.03459068657626609,0.03186666666666666,0.0015333333333333345,-0.0002331784146656339,-9.372579395817188e-06
0.65,1.0,16.0,0.29,0.38,18.323282502665506,0.5358411166387221,0.03459068657626609,0.03186666666666666,0.0015333333333333345,-0.0002331784146656339,-9.372579395817188e-06
0.65,1.0,18.0,0.29,0.38,18.323282502665506,0.5358411166387221,0.03459068657626609,0.03186666666666666,0.0015333333333333345,-0.0002331784146656339,-9.372579395817188e-06
0.7,0.1,,0.29,0.37,18.472599677533132,0.6837722339831621,0.0348183047407213,0.02315,0.016050000000000002,-0.00016794739556472415,-1.4182568334192896e-06
0.7,0.1,2.0,0.29,0.37,18.472599677533132,0.6837722339831621,0.0348183047407213,0.02315,0.016050000000000002,-0.00016794739556472415,-1.4182568334192896e-06
0.7,0.1,4.0,0.29,0.37,18.472599677533132,0.6837722339831621,0.0348183047407213,0.02315,0.016050000000000002,-0.00016794739556472415,-1.4182568334192896e-06
0.7,0.1,6.0,0.29,0.37,18.472599677533132,0.6837722339831621,0.0348183047407213,0.02315,0.016050000000000002,-0.00016794739556472415,-1.4182568334192896e-06
0.7,0.1,8.0,0.29,0.37,18.472599677533132,0.6837722339831621,0.0348183047407213,0.02315,0.016050000000000002,-0.00016794739556472415,-1.4182568334192896e-06
0.7,0.1,10.0,0.29,0.37,18.472599677533132,0.6837722339831621,0.0348183047407213,0.02315,0.016050000000000002,-0.00016794739556472415,-1.4182568334192896e-06
0.7,0.1,12.0,0.29,0.37,18.472599677533132,0.6837722339831621,0.0348183047407213,0.02315,0.016050000000000002,-0.00016794739556472415,-1.4182568334192896e-06
0.7,0.1,14.0,0.29,0.37,18.472599677533132,0.6837722339831621,0.0348183047407213,0.02315,0.016050000000000002,-0.00016794739556472415,-1.4182568334192896e-06
0.7,0.1,16.0,0.29,0.37,18.472599677533132,0.6837722339831621,0.0348183047407213,0.02315,0.016050000000000002,-0.00016794739556472415,-1.4182568334192896e-06
0.7,0.1,18.0,0.29,0.37,18.472599677533132,0.6837722339831621,0.0348183047407213,0.02315,0.016050000000000002,-0.00016794739556472415,-1.4182568334192896e-06
0.7,0.15,,0.29,0.37,18.472599677533132,0.6837722339831621,0.0348183047407213,0.02315,0.016050000000000002,-0.00016794739556472415,-1.4182568334192896e-06
0.7,0.15,2.0,0.29,0.37,18.472599677533132,0.6837722339831621,0.0348183047407213,0.02315,0.016050000000000002,-0.00016794739556472415,-1.4182568334192896e-06
0.7,0.15,4.0,0.29,0.37,18.472599677533132,0.6837722339831621,0.0348183047407213,0.02315,0.016050000000000002,-0.00016794739556472415,-1.4182568334192896e-06
0.7,0.15,6.0,0.29,0.37,18.472599677533132,0.6837722339831621,0.0348183047407213,0.02315,0.016050000000000002,-0.00016794739556472415,-1.4182568334192896e-06
0.7,0.15,8.0,0.29,0.37,18.472599677533132,0.6837722339831621,0.0348183047407213,0.02315,0.016050000000000002,-0.00016794739556472415,-1.4182568334192896e-06
0.7,0.15,10.0,0.29,0.37,18.472599677533132,0.6837722339831621,0.0348183047407213,0.02315,0.016050000000000002,-0.00016794739556472415,-1.4182568334192896e-06
0.7,0.15,12.0,0.29,0.37,18.472599677533132,0.6837722339831621,0.0348183047407213,0.02315,0.016050000000000002,-0.00016794739556472415,-1.4182568334192896e-06
0.7,0.15,14.0,0.29,0.37,18.472599677533132,0.6837722339831621,0.0348183047407213,0.02315,0.016050000000000002,-0.00016794739556472415,-1.4182568334192896e-06
0.7,0.15,16.0,0.29,0.37,18.472599677533132,0.6837722339831621,0.0348183047407213,0.02315,0.016050000000000002,-0.00016794739556472415,-1.4182568334192896e-06
0.7,0.15,18.0,0.29,0.37,18.472599677533132,0.6837722339831621,0.0348183047407213,0.02315,0.016050000000000002,-0.00016794739556472415,-1.4182568334192896e-06
0.7,0.2,,0.29,0.37,18.472599677533132,0.6837722339831621,0.0348183047407213,0.02315,0.016050000000000002,-0.00016794739556472415,-1.4182568334192896e-06
0.7,0.2,2.0,0.29,0.37,18.472599677533132,0.6837722339831621,0.0348183047407213,0.02315,0.016050000000000002,-0.00016794739556472415,-1.4182568334192896e-06
0.7,0.2,4.0,0.29,0.37,18.472599677533132,0.6837722339831621,0.0348183047407213,0.02315,0.016050000000000002,-0.00016794739556472415,-1.4182568334192896e-06
0.7,0.2,6.0,0.29,0.37,18.472599677533132,0.6837722339831621,0.0348183047407213,0.02315,0.016050000000000002,-0.00016794739556472415,-1.4182568334192896e-06
0.7,0.2,8.0,0.29,0.37,18.472599677533132,0.6837722339831621,0.0348183047407213,0.02315,0.016050000000000002,-0.00016794739556472415,-1.4182568334192896e-06
0.7,0.2,10.0,0.29,0.37,18.472599677533132,0.6837722339831621,0.0348183047407213,0.02315,0.016050000000000002,-0.00016794739556472415,-1.4182568334192896e-06
0.7,0.2,12.0,0.29,0.37,18.472599677533132,0.6837722339831621,0.0348183047407213,0.02315,0.016050000000000002,-0.00016794739556472415,-1.4182568334192896e-06
0.7,0.2,14.0,0.29,0.37,18.472599677533132,0.6837722339831621,0.0348183047407213,0.02315,0.016050000000000002,-0.00016794739556472415,-1.4182568334192896e-06
0.7,0.2,16.0,0.29,0.37,18.472599677533132,0.6837722339831621,0.0348183047407213,0.02315,0.016050000000000002,-0.00016794739556472415,-1.4182568334192896e-06
0.7,0.2,18.0,0.29,0.37,18.472599677533132,0.6837722339831621,0.0348183047407213,0.02315,0.016050000000000002,-0.00016794739556472415,-1.4182568334192896e-06
0.7,0.25,,0.29,0.37,18.472599677533132,0.6837722339831621,0.0348183047407213,0.02315,0.016050000000000002,-0.00016794739556472415,-1.4182568334192896e-06
0.7,0.25,2.0,0.29,0.37,18.472599677533132,0.6837722339831621,0.0348183047407213,0.02315,0.016050000000000002,-0.00016794739556472415,-1.4182568334192896e-06
0.7,0.25,4.0,0.29,0.37,18.472599677533132,0.6837722339831621,0.0348183047407213,0.02315,0.016050000000000002,-0.00016794739556472415,-1.4182568334192896e-06
0.7,0.25,6.0,0.29,0.37,18.472599677533132,0.6837722339831621,0.0348183047407213,0.02315,0.016050000000000002,-0.00016794739556472415,-1.4182568334192896e-06
0.7,0.25,8.0,0.29,0.37,18.472599677533132,0.6837722339831621,0.0348183047407213,0.02315,0.016050000000000002,-0.00016794739556472415,-1.4182568334192896e-06
0.7,0.25,10.0,0.29,0.37,18.472599677533132,0.6837722339831621,0.0348183047407213,0.02315,0.016050000000000002,-0.00016794739556472415,-1.4182568334192896e-06
0.7,0.25,12.0,0.29,0.37,18.472599677533132,0.6837722339831621,0.0348183047407213,0.02315,0.016050000000000002,-0.00016794739556472415,-1.4182568334192896e-06
0.7,0.25,14.0,0.29,0.37,18.472599677533132,0.6837722339831621,0.0348183047407213,0.02315,0.016050000000000002,-0.00016794739556472415,-1.4182568334192896e-06
0.7,0.25,16.0,0.29,0.37,18.472599677533132,0.6837722339831621,0.0348183047407213,0.02315,0.016050000000000002,-0.00016794739556472415,-1.4182568334192896e-06
0.7,0.25,18.0,0.29,0.37,18.472599677533132,0.6837722339831621,0.0348183047407213,0.02315,0.016050000000000002,-0.00016794739556472415,-1.4182568334192896e-06
0.7,0.3,,0.29,0.37,18.472599677533132,0.6837722339831621,0.0348183047407213,0.02315,0.016050000000000002,-0.00016794739556472415,-1.4182568334192896e-06
0.7,0.3,2.0,0.29,0.37,18.472599677533132,0.6837722339831621,0.0348183047407213,0.02315,0.016050000000000002,-0.00016794739556472415,-1.4182568334192896e-06
0.7,0.3,4.0,0.29,0.37,18.472599677533132,0.6837722339831621,0.0348183047407213,0.02315,0.016050000000000002,-0.00016794739556472415,-1.4182568334192896e-06
0.7,0.3,6.0,0.29,0.37,18.472599677533132,0.6837722339831621,0.0348183047407213,0.02315,0.016050000000000002,-0.00016794739556472415,-1.4182568334192896e-06
0.7,0.3,8.0,0.29,0.37,18.472599677533132,0.6837722339831621,0.0348183047407213,0.02315,0.016050000000000002,-0.00016794739556472415,-1.4182568334192896e-06
0.7,0.3,10.0,0.29,0.37,18.472599677533132,0.6837722339831621,0.0348183047407213,0.02315,0.016050000000000002,-0.00016794739556472415,-1.4182568334192896e-06
0.7,0.3,12.0,0.29,0.37,18.472599677533132,0.6837722339831621,0.0348183047407213,0.02315,0.016050000000000002,-0.00016794739556472415,-1.4182568334192896e-06
0.7,0.3,14.0,0.29,0.37,18.472599677533132,0.6837722339831621,0.0348183047407213,0.02315,0.016050000000000002,-0.00016794739556472415,-1.4182568334192896e-06
0.7,0.3,16.0,0.29,0.37,18.472599677533132,0.6837722339831621,0.0348183047407213,0.02315,0.016050000000000002,-0.00016794739556472415,-1.4182568334192896e-06
0.7,0.3,18.0,0.29,0.37,18.472599677533132,0.6837722339831621,0.0348183047407213,0.02315,0.016050000000000002,-0.00016794739556472415,-1.4182568334192896e-06
0.7,0.35,,0.29,0.37,18.472599677533132,0.6837722339831621,0.0348183047407213,0.02315,0.016050000000000002,-0.00016794739556472415,-1.4182568334192896e-06
0.7,0.35,2.0,0.29,0.37,18.472599677533132,0.6837722339831621,0.0348183047407213,0.02315,0.016050000000000002,-0.00016794739556472415,-1.4182568334192896e-06
0.7,0.35,4.0,0.29,0.37,18.472599677533132,0.6837722339831621,0.0348183047407213,0.02315,0.016050000000000002,-0.00016794739556472415,-1.4182568334192896e-06
0.7,0.35,6.0,0.29,0.37,18.472599677533132,0.6837722339831621,0.0348183047407213,0.02315,0.016050000000000002,-0.00016794739556472415,-1.4182568334192896e-06
0.7,0.35,8.0,0.29,0.37,18.472599677533132,0.6837722339831621,0.0348183047407213,0.02315,0.016050000000000002,-0.00016794739556472415,-1.4182568334192896e-06
0.7,0.35,10.0,0.29,0.37,18.472599677533132,0.6837722339831621,0.0348183047407213,0.02315,0.016050000000000002,-0.00016794739556472415,-1.4182568334192896e-06
0.7,0.35,12.0,0.29,0.37,18.472599677533132,0.6837722339831621,0.0348183047407213,0.02315,0.016050000000000002,-0.00016794739556472415,-1.4182568334192896e-06
0.7,0.35,14.0,0.29,0.37,18.472599677533132,0.6837722339831621,0.0348183047407213,0.02315,0.016050000000000002,-0.00016794739556472415,-1.4182568334192896e-06
0.7,0.35,16.0,0.29,0.37,18.472599677533132,0.6837722339831621,0.0348183047407213,0.02315,0.016050000000000002,-0.00016794739556472415,-1.4182568334192896e-06
0.7,0.35,18.0,0.29,0.37,18.472599677533132,0.6837722339831621,0.0348183047407213,0.02315,0.016050000000000002,-0.00016794739556472415,-1.4182568334192896e-06
0.7,0.4,,0.29,0.37,18.472599677533132,0.6837722339831621,0.0348183047407213,0.02315,0.016050000000000002,-0.00016794739556472415,-1.4182568334192896e-06
0.7,0.4,2.0,0.29,0.37,18.472599677533132,0.6837722339831621,0.0348183047407213,0.02315,0.016050000000000002,-0.00016794739556472415,-1.4182568334192896e-06
0.7,0.4,4.0,0.29,0.37,18.472599677533132,0.6837722339831621,0.0348183047407213,0.02315,0.016050000000000002,-0.00016794739556472415,-1.4182568334192896e-06
0.7,0.4,6.0,0.29,0.37,18.472599677533132,0.6837722339831621,0.0348183047407213,0.02315,0.016050000000000002,-0.00016794739556472415,-1.4182568334192896e-06
0.7,0.4,8.0,0.29,0.37,18.472599677533132,0.6837722339831621,0.0348183047407213,0.02315,0.016050000000000002,-0.00016794739556472415,-1.4182568334192896e-06
0.7,0.4,10.0,0.29,0.37,18.472599677533132,0.6837722339831621,0.0348183047407213,0.02315,0.016050000000000002,-0.00016794739556472415,-1.4182568334192896e-06
0.7,0.4,12.0,0.29,0.37,18.472599677533132,0.6837722339831621,0.0348183047407213,0.02315,0.016050000000000002,-0.00016794739556472415,-1.4182568334192896e-06
0.7,0.4,14.0,0.29,0.37,18.472599677533132,0.6837722339831621,0.0348183047407213,0.02315,0.016050000000000002,-0.00016794739556472415,-1.4182568334192896e-06
0.7,0.4,16.0,0.29,0.37,18.472599677533132,0.6837722339831621,0.0348183047407213,0.02315,0.016050000000000002,-0.00016794739556472415,-1.4182568334192896e-06
0.7,0.4,18.0,0.29,0.37,18.472599677533132,0.6837722339831621,0.0348183047407213,0.02315,0.016050000000000002,-0.00016794739556472415,-1.4182568334192896e-06
0.7,0.45,,0.29,0.37,18.472599677533132,0.6837722339831621,0.0348183047407213,0.02315,0.016050000000000002,-0.00016794739556472415,-1.4182568334192896e-06
0.7,0.45,2.0,0.29,0.37,18.472599677533132,0.6837722339831621,0.0348183047407213,0.02315,0.016050000000000002,-0.00016794739556472415,-1.4182568334192896e-06
0.7,0.45,4.0,0.29,0.37,18.472599677533132,0.6837722339831621,0.0348183047407213,0.02315,0.016050000000000002,-0.00016794739556472415,-1.4182568334192896e-06
0.7,0.45,6.0,0.29,0.37,18.472599677533132,0.6837722339831621,0.0348183047407213,0.02315,0.016050000000000002,-0.00016794739556472415,-1.4182568334192896e-06
0.7,0.45,8.0,0.29,0.37,18.472599677533132,0.6837722339831621,0.0348183047407213,0.02315,0.016050000000000002,-0.00016794739556472415,-1.4182568334192896e-06
0.7,0.45,10.0,0.29,0.37,18.472599677533132,0.6837722339831621,0.0348183047407213,0.02315,0.016050000000000002,-0.00016794739556472415,-1.4182568334192896e-06
0.7,0.45,12.0,0.29,0.37,18.472599677533132,0.6837722339831621,0.0348183047407213,0.02315,0.016050000000000002,-0.00016794739556472415,-1.4182568334192896e-06
0.7,0.45,14.0,0.29,0.37,18.472599677533132,0.6837722339831621,0.0348183047407213,0.02315,0.016050000000000002,-0.00016794739556472415,-1.4182568334192896e-06
0.7,0.45,16.0,0.29,0.37,18.472599677533132,0.6837722339831621,0.0348183047407213,0.02315,0.016050000000000002,-0.00016794739556472415,-1.4182568334192896e-06
0.7,0.45,18.0,0.29,0.37,18.472599677533132,0.6837722339831621,0.0348183047407213,0.02315,0.016050000000000002,-0.00016794739556472415,-1.4182568334192896e-06
0.7,0.5,,0.29,0.37,18.472599677533132,0.6837722339831621,0.0348183047407213,0.02315,0.016050000000000002,-0.00016794739556472415,-1.4182568334192896e-06
0.7,0.5,2.0,0.29,0.37,18.472599677533132,0.6837722339831621,0.0348183047407213,0.02315,0.016050000000000002,-0.00016794739556472415,-1.4182568334192896e-06
0.7,0.5,4.0,0.29,0.37,18.472599677533132,0.6837722339831621,0.0348183047407213,0.02315,0.016050000000000002,-0.00016794739556472415,-1.4182568334192896e-06
0.7,0.5,6.0,0.29,0.37,18.472599677533132,0.6837722339831621,0.0348183047407213,0.02315,0.016050000000000002,-0.00016794739556472415,-1.4182568334192896e-06
0.7,0.5,8.0,0.29,0.37,18.472599677533132,0.6837722339831621,0.0348183047407213,0.02315,0.016050000000000002,-0.00016794739556472415,-1.4182568334192896e-06
0.7,0.5,10.0,0.29,0.37,18.472599677533132,0.6837722339831621,0.0348183047407213,0.02315,0.016050000000000002,-0.00016794739556472415,-1.4182568334192896e-06
0.7,0.5,12.0,0.29,0.37,18.472599677533132,0.6837722339831621,0.0348183047407213,0.02315,0.016050000000000002,-0.00016794739556472415,-1.4182568334192896e-06
0.7,0.5,14.0,0.29,0.37,18.472599677533132,0.6837722339831621,0.0348183047407213,0.02315,0.016050000000000002,-0.00016794739556472415,-1.4182568334192896e-06
0.7,0.5,16.0,0.29,0.37,18.472599677533132,0.6837722339831621,0.0348183047407213,0.02315,0.016050000000000002,-0.00016794739556472415,-1.4182568334192896e-06
0.7,0.5,18.0,0.29,0.37,18.472599677533132,0.6837722339831621,0.0348183047407213,0.02315,0.016050000000000002,-0.00016794739556472415,-1.4182568334192896e-06
0.7,0.55,,0.29,0.37,18.472599677533132,0.6837722339831621,0.0348183047407213,0.02315,0.016050000000000002,-0.00016794739556472415,-1.4182568334192896e-06
0.7,0.55,2.0,0.29,0.37,18.472599677533132,0.6837722339831621,0.0348183047407213,0.02315,0.016050000000000002,-0.00016794739556472415,-1.4182568334192896e-06
0.7,0.55,4.0,0.29,0.37,18.472599677533132,0.6837722339831621,0.0348183047407213,0.02315,0.016050000000000002,-0.00016794739556472415,-1.4182568334192896e-06
0.7,0.55,6.0,0.29,0.37,18.472599677533132,0.6837722339831621,0.0348183047407213,0.02315,0.016050000000000002,-0.00016794739556472415,-1.4182568334192896e-06
0.7,0.55,8.0,0.29,0.37,18.472599677533132,0.6837722339831621,0.0348183047407213,0.02315,0.016050000000000002,-0.00016794739556472415,-1.4182568334192896e-06
0.7,0.55,10.0,0.29,0.37,18.472599677533132,0.6837722339831621,0.0348183047407213,0.02315,0.016050000000000002,-0.00016794739556472415,-1.4182568334192896e-06
0.7,0.55,12.0,0.29,0.37,18.472599677533132,0.6837722339831621,0.0348183047407213,0.02315,0.016050000000000002,-0.00016794739556472415,-1.4182568334192896e-06
0.7,0.55,14.0,0.29,0.37,18.472599677533132,0.6837722339831621,0.0348183047407213,0.02315,0.016050000000000002,-0.00016794739556472415,-1.4182568334192896e-06
0.7,0.55,16.0,0.29,0.37,18.472599677533132,0.6837722339831621,0.0348183047407213,0.02315,0.016050000000000002,-0.00016794739556472415,-1.4182568334192896e-06
0.7,0.55,18.0,0.29,0.37,18.472599677533132,0.6837722339831621,0.0348183047407213,0.02315,0.016050000000000002,-0.00016794739556472415,-1.4182568334192896e-06
0.7,0.6,,0.29,0.37,18.472599677533132,0.6837722339831621,0.0348183047407213,0.02315,0.016050000000000002,-0.00016794739556472415,-1.4182568334192896e-06
0.7,0.6,2.0,0.29,0.37,18.472599677533132,0.6837722339831621,0.0348183047407213,0.02315,0.016050000000000002,-0.00016794739556472415,-1.4182568334192896e-06
0.7,0.6,4.0,0.29,0.37,18.472599677533132,0.6837722339831621,0.0348183047407213,0.02315,0.016050000000000002,-0.00016794739556472415,-1.4182568334192896e-06
0.7,0.6,6.0,0.29,0.37,18.472599677533132,0.6837722339831621,0.0348183047407213,0.02315,0.016050000000000002,-0.00016794739556472415,-1.4182568334192896e-06
0.7,0.6,8.0,0.29,0.37,18.472599677533132,0.6837722339831621,0.0348183047407213,0.02315,0.016050000000000002,-0.00016794739556472415,-1.4182568334192896e-06
0.7,0.6,10.0,0.29,0.37,18.472599677533132,0.6837722339831621,0.0348183047407213,0.02315,0.016050000000000002,-0.00016794739556472415,-1.4182568334192896e-06
0.7,0.6,12.0,0.29,0.37,18.472599677533132,0.6837722339831621,0.0348183047407213,0.02315,0.016050000000000002,-0.00016794739556472415,-1.4182568334192896e-06
0.7,0.6,14.0,0.29,0.37,18.472599677533132,0.6837722339831621,0.0348183047407213,0.02315,0.016050000000000002,-0.00016794739556472415,-1.4182568334192896e-06
0.7,0.6,16.0,0.29,0.37,18.472599677533132,0.6837722339831621,0.0348183047407213,0.02315,0.016050000000000002,-0.00016794739556472415,-1.4182568334192896e-06
0.7,0.6,18.0,0.29,0.37,18.472599677533132,0.6837722339831621,0.0348183047407213,0.02315,0.016050000000000002,-0.00016794739556472415,-1.4182568334192896e-06
0.7,0.65,,0.29,0.37,18.472599677533132,0.6837722339831621,0.0348183047407213,0.02315,0.016050000000000002,-0.00016794739556472415,-1.4182568334192896e-06
0.7,0.65,2.0,0.29,0.37,18.472599677533132,0.6837722339831621,0.0348183047407213,0.02315,0.016050000000000002,-0.00016794739556472415,-1.4182568334192896e-06
0.7,0.65,4.0,0.29,0.37,18.472599677533132,0.6837722339831621,0.0348183047407213,0.02315,0.016050000000000002,-0.00016794739556472415,-1.4182568334192896e-06
0.7,0.65,6.0,0.29,0.37,18.472599677533132,0.6837722339831621,0.0348183047407213,0.02315,0.016050000000000002,-0.00016794739556472415,-1.4182568334192896e-06
0.7,0.65,8.0,0.29,0.37,18.472599677533132,0.6837722339831621,0.0348183047407213,0.02315,0.016050000000000002,-0.00016794739556472415,-1.4182568334192896e-06
0.7,0.65,10.0,0.29,0.37,18.472599677533132,0.6837722339831621,0.0348183047407213,0.02315,0.016050000000000002,-0.00016794739556472415,-1.4182568334192896e-06
0.7,0.65,12.0,0.29,0.37,18.472599677533132,0.6837722339831621,0.0348183047407213,0.02315,0.016050000000000002,-0.00016794739556472415,-1.4182568334192896e-06
0.7,0.65,14.0,0.29,0.37,18.472599677533132,0.6837722339831621,0.0348183047407213,0.02315,0.016050000000000002,-0.00016794739556472415,-1.4182568334192896e-06
0.7,0.65,16.0,0.29,0.37,18.472599677533132,0.6837722339831621,0.0348183047407213,0.02315,0.016050000000000002,-0.00016794739556472415,-1.4182568334192896e-06
0.7,0.65,18.0,0.29,0.37,18.472599677533132,0.6837722339831621,0.0348183047407213,0.02315,0.016050000000000002,-0.00016794739556472415,-1.4182568334192896e-06
0.7,0.7,,0.29,0.37,18.472599677533132,0.6837722339831621,0.0348183047407213,0.02315,0.016050000000000002,-0.00016794739556472415,-1.4182568334192896e-06
0.7,0.7,2.0,0.29,0.37,18.472599677533132,0.6837722339831621,0.0348183047407213,0.02315,0.016050000000000002,-0.00016794739556472415,-1.4182568334192896e-06
0.7,0.7,4.0,0.29,0.37,18.472599677533132,0.6837722339831621,0.0348183047407213,0.02315,0.016050000000000002,-0.00016794739556472415,-1.4182568334192896e-06
0.7,0.7,6.0,0.29,0.37,18.472599677533132,0.6837722339831621,0.0348183047407213,0.02315,0.016050000000000002,-0.00016794739556472415,-1.4182568334192896e-06
0.7,0.7,8.0,0.29,0.37,18.472599677533132,0.6837722339831621,0.0348183047407213,0.02315,0.016050000000000002,-0.00016794739556472415,-1.4182568334192896e-06
0.7,0.7,10.0,0.29,0.37,18.472599677533132,0.6837722339831621,0.0348183047407213,0.02315,0.016050000000000002,-0.00016794739556472415,-1.4182568334192896e-06
0.7,0.7,12.0,0.29,0.37,18.472599677533132,0.6837722339831621,0.0348183047407213,0.02315,0.016050000000000002,-0.00016794739556472415,-1.4182568334192896e-06
0.7,0.7,14.0,0.29,0.37,18.472599677533132,0.6837722339831621,0.0348183047407213,0.02315,0.016050000000000002,-0.00016794739556472415,-1.4182568334192896e-06
0.7,0.7,16.0,0.29,0.37,18.472599677533132,0.6837722339831621,0.0348183047407213,0.02315,0.016050000000000002,-0.00016794739556472415,-1.4182568334192896e-06
0.7,0.7,18.0,0.29,0.37,18.472599677533132,0.6837722339831621,0.0348183047407213,0.02315,0.016050000000000002,-0.00016794739556472415,-1.4182568334192896e-06
0.7,0.75,,0.29,0.37,18.472599677533132,0.6837722339831621,0.0348183047407213,0.02315,0.016050000000000002,-0.00016794739556472415,-1.4182568334192896e-06
0.7,0.75,2.0,0.29,0.37,18.472599677533132,0.6837722339831621,0.0348183047407213,0.02315,0.016050000000000002,-0.00016794739556472415,-1.4182568334192896e-06
0.7,0.75,4.0,0.29,0.37,18.472599677533132,0.6837722339831621,0.0348183047407213,0.02315,0.016050000000000002,-0.00016794739556472415,-1.4182568334192896e-06
0.7,0.75,6.0,0.29,0.37,18.472599677533132,0.6837722339831621,0.0348183047407213,0.02315,0.016050000000000002,-0.00016794739556472415,-1.4182568334192896e-06
0.7,0.75,8.0,0.29,0.37,18.472599677533132,0.6837722339831621,0.0348183047407213,0.02315,0.016050000000000002,-0.00016794739556472415,-1.4182568334192896e-06
0.7,0.75,10.0,0.29,0.37,18.472599677533132,0.6837722339831621,0.0348183047407213,0.02315,0.016050000000000002,-0.00016794739556472415,-1.4182568334192896e-06
0.7,0.75,12.0,0.29,0.37,18.472599677533132,0.6837722339831621,0.0348183047407213,0.02315,0.016050000000000002,-0.00016794739556472415,-1.4182568334192896e-06
0.7,0.75,14.0,0.29,0.37,18.472599677533132,0.6837722339831621,0.0348183047407213,0.02315,0.016050000000000002,-0.00016794739556472415,-1.4182568334192896e-06
0.7,0.75,16.0,0.29,0.37,18.472599677533132,0.6837722339831621,0.0348183047407213,0.02315,0.016050000000000002,-0.00016794739556472415,-1.4182568334192896e-06
0.7,0.75,18.0,0.29,0.37,18.472599677533132,0.6837722339831621,0.0348183047407213,0.02315,0.016050000000000002,-0.00016794739556472415,-1.4182568334192896e-06
0.7,0.8,,0.29,0.37,18.472599677533132,0.6837722339831621,0.0348183047407213,0.02315,0.016050000000000002,-0.00016794739556472415,-1.4182568334192896e-06
0.7,0.8,2.0,0.29,0.37,18.472599677533132,0.6837722339831621,0.0348183047407213,0.02315,0.016050000000000002,-0.00016794739556472415,-1.4182568334192896e-06
0.7,0.8,4.0,0.29,0.37,18.472599677533132,0.6837722339831621,0.0348183047407213,0.02315,0.016050000000000002,-0.00016794739556472415,-1.4182568334192896e-06
0.7,0.8,6.0,0.29,0.37,18.472599677533132,0.6837722339831621,0.0348183047407213,0.02315,0.016050000000000002,-0.00016794739556472415,-1.4182568334192896e-06
0.7,0.8,8.0,0.29,0.37,18.472599677533132,0.6837722339831621,0.0348183047407213,0.02315,0.016050000000000002,-0.00016794739556472415,-1.4182568334192896e-06
0.7,0.8,10.0,0.29,0.37,18.472599677533132,0.6837722339831621,0.0348183047407213,0.02315,0.016050000000000002,-0.00016794739556472415,-1.4182568334192896e-06
0.7,0.8,12.0,0.29,0.37,18.472599677533132,0.6837722339831621,0.0348183047407213,0.02315,0.016050000000000002,-0.00016794739556472415,-1.4182568334192896e-06
0.7,0.8,14.0,0.29,0.37,18.472599677533132,0.6837722339831621,0.0348183047407213,0.02315,0.016050000000000002,-0.00016794739556472415,-1.4182568334192896e-06
0.7,0.8,16.0,0.29,0.37,18.472599677533132,0.6837722339831621,0.0348183047407213,0.02315,0.016050000000000002,-0.00016794739556472415,-1.4182568334192896e-06
0.7,0.8,18.0,0.29,0.37,18.472599677533132,0.6837722339831621,0.0348183047407213,0.02315,0.016050000000000002,-0.00016794739556472415,-1.4182568334192896e-06
0.7,0.85,,0.29,0.37,18.472599677533132,0.6837722339831621,0.0348183047407213,0.02315,0.016050000000000002,-0.00016794739556472415,-1.4182568334192896e-06
0.7,0.85,2.0,0.29,0.37,18.472599677533132,0.6837722339831621,0.0348183047407213,0.02315,0.016050000000000002,-0.00016794739556472415,-1.4182568334192896e-06
0.7,0.85,4.0,0.29,0.37,18.472599677533132,0.6837722339831621,0.0348183047407213,0.02315,0.016050000000000002,-0.00016794739556472415,-1.4182568334192896e-06
0.7,0.85,6.0,0.29,0.37,18.472599677533132,0.6837722339831621,0.0348183047407213,0.02315,0.016050000000000002,-0.00016794739556472415,-1.4182568334192896e-06
0.7,0.85,8.0,0.29,0.37,18.472599677533132,0.6837722339831621,0.0348183047407213,0.02315,0.016050000000000002,-0.00016794739556472415,-1.4182568334192896e-06
0.7,0.85,10.0,0.29,0.37,18.472599677533132,0.6837722339831621,0.0348183047407213,0.02315,0.016050000000000002,-0.00016794739556472415,-1.4182568334192896e-06
0.7,0.85,12.0,0.29,0.37,18.472599677533132,0.6837722339831621,0.0348183047407213,0.02315,0.016050000000000002,-0.00016794739556472415,-1.4182568334192896e-06
0.7,0.85,14.0,0.29,0.37,18.472599677533132,0.6837722339831621,0.0348183047407213,0.02315,0.016050000000000002,-0.00016794739556472415,-1.4182568334192896e-06
0.7,0.85,16.0,0.29,0.37,18.472599677533132,0.6837722339831621,0.0348183047407213,0.02315,0.016050000000000002,-0.00016794739556472415,-1.4182568334192896e-06
0.7,0.85,18.0,0.29,0.37,18.472599677533132,0.6837722339831621,0.0348183047407213,0.02315,0.016050000000000002,-0.00016794739556472415,-1.4182568334192896e-06
0.7,0.9,,0.29,0.37,18.472599677533132,0.6837722339831621,0.0348183047407213,0.02315,0.016050000000000002,-0.00016794739556472415,-1.4182568334192896e-06
0.7,0.9,2.0,0.29,0.37,18.472599677533132,0.6837722339831621,0.0348183047407213,0.02315,0.016050000000000002,-0.00016794739556472415,-1.4182568334192896e-06
0.7,0.9,4.0,0.29,0.37,18.472599677533132,0.6837722339831621,0.0348183047407213,0.02315,0.016050000000000002,-0.00016794739556472415,-1.4182568334192896e-06
0.7,0.9,6.0,0.29,0.37,18.472599677533132,0.6837722339831621,0.0348183047407213,0.02315,0.016050000000000002,-0.00016794739556472415,-1.4182568334192896e-06
0.7,0.9,8.0,0.29,0.37,18.472599677533132,0.6837722339831621,0.0348183047407213,0.02315,0.016050000000000002,-0.00016794739556472415,-1.4182568334192896e-06
0.7,0.9,10.0,0.29,0.37,18.472599677533132,0.6837722339831621,0.0348183047407213,0.02315,0.016050000000000002,-0.00016794739556472415,-1.4182568334192896e-06
0.7,0.9,12.0,0.29,0.37,18.472599677533132,0.6837722339831621,0.0348183047407213,0.02315,0.016050000000000002,-0.00016794739556472415,-1.4182568334192896e-06
0.7,0.9,14.0,0.29,0.37,18.472599677533132,0.6837722339831621,0.0348183047407213,0.02315,0.016050000000000002,-0.00016794739556472415,-1.4182568334192896e-06
0.7,0.9,16.0,0.29,0.37,18.472599677533132,0.6837722339831621,0.0348183047407213,0.02315,0.016050000000000002,-0.00016794739556472415,-1.4182568334192896e-06
0.7,0.9,18.0,0.29,0.37,18.472599677533132,0.6837722339831621,0.0348183047407213,0.02315,0.016050000000000002,-0.00016794739556472415,-1.4182568334192896e-06
0.7,0.95,,0.29,0.37,18.472599677533132,0.6837722339831621,0.0348183047407213,0.02315,0.016050000000000002,-0.00016794739556472415,-1.4182568334192896e-06
0.7,0.95,2.0,0.29,0.37,18.472599677533132,0.6837722339831621,0.0348183047407213,0.02315,0.016050000000000002,-0.00016794739556472415,-1.4182568334192896e-06
0.7,0.95,4.0,0.29,0.37,18.472599677533132,0.6837722339831621,0.0348183047407213,0.02315,0.016050000000000002,-0.00016794739556472415,-1.4182568334192896e-06
0.7,0.95,6.0,0.29,0.37,18.472599677533132,0.6837722339831621,0.0348183047407213,0.02315,0.016050000000000002,-0.00016794739556472415,-1.4182568334192896e-06
0.7,0.95,8.0,0.29,0.37,18.472599677533132,0.6837722339831621,0.0348183047407213,0.02315,0.016050000000000002,-0.00016794739556472415,-1.4182568334192896e-06
0.7,0.95,10.0,0.29,0.37,18.472599677533132,0.6837722339831621,0.0348183047407213,0.02315,0.016050000000000002,-0.00016794739556472415,-1.4182568334192896e-06
0.7,0.95,12.0,0.29,0.37,18.472599677533132,0.6837722339831621,0.0348183047407213,0.02315,0.016050000000000002,-0.00016794739556472415,-1.4182568334192896e-06
0.7,0.95,14.0,0.29,0.37,18.472599677533132,0.6837722339831621,0.0348183047407213,0.02315,0.016050000000000002,-0.00016794739556472415,-1.4182568334192896e-06
0.7,0.95,16.0,0.29,0.37,18.472599677533132,0.6837722339831621,0.0348183047407213,0.02315,0.016050000000000002,-0.00016794739556472415,-1.4182568334192896e-06
0.7,0.95,18.0,0.29,0.37,18.472599677533132,0.6837722339831621,0.0348183047407213,0.02315,0.016050000000000002,-0.00016794739556472415,-1.4182568334192896e-06
0.7,1.0,,0.29,0.37,18.472599677533132,0.6837722339831621,0.0348183047407213,0.02315,0.016050000000000002,-0.00016794739556472415,-1.4182568334192896e-06
0.7,1.0,2.0,0.29,0.37,18.472599677533132,0.6837722339831621,0.0348183047407213,0.02315,0.016050000000000002,-0.00016794739556472415,-1.4182568334192896e-06
0.7,1.0,4.0,0.29,0.37,18.472599677533132,0.6837722339831621,0.0348183047407213,0.02315,0.016050000000000002,-0.00016794739556472415,-1.4182568334192896e-06
0.7,1.0,6.0,0.29,0.37,18.472599677533132,0.6837722339831621,0.0348183047407213,0.02315,0.016050000000000002,-0.00016794739556472415,-1.4182568334192896e-06
0.7,1.0,8.0,0.29,0.37,18.472599677533132,0.6837722339831621,0.0348183047407213,0.02315,0.016050000000000002,-0.00016794739556472415,-1.4182568334192896e-06
0.7,1.0,10.0,0.29,0.37,18.472599677533132,0.6837722339831621,0.0348183047407213,0.02315,0.016050000000000002,-0.00016794739556472415,-1.4182568334192896e-06
0.7,1.0,12.0,0.29,0.37,18.472599677533132,0.6837722339831621,0.0348183047407213,0.02315,0.016050000000000002,-0.00016794739556472415,-1.4182568334192896e-06
0.7,1.0,14.0,0.29,0.37,18.472599677533132,0.6837722339831621,0.0348183047407213,0.02315,0.016050000000000002,-0.00016794739556472415,-1.4182568334192896e-06
0.7,1.0,16.0,0.29,0.37,18.472599677533132,0.6837722339831621,0.0348183047407213,0.02315,0.016050000000000002,-0.00016794739556472415,-1.4182568334192896e-06
0.7,1.0,18.0,0.29,0.37,18.472599677533132,0.6837722339831621,0.0348183047407213,0.02315,0.016050000000000002,-0.00016794739556472415,-1.4182568334192896e-06
0.75,0.1,,0.29,0.37,18.472599677533132,0.6837722339831621,0.0348183047407213,0.02315,0.016050000000000002,-0.00016794739556472415,-1.4182568334192896e-06
0.75,0.1,2.0,0.29,0.37,18.472599677533132,0.6837722339831621,0.0348183047407213,0.02315,0.016050000000000002,-0.00016794739556472415,-1.4182568334192896e-06
0.75,0.1,4.0,0.29,0.37,18.472599677533132,0.6837722339831621,0.0348183047407213,0.02315,0.016050000000000002,-0.00016794739556472415,-1.4182568334192896e-06
0.75,0.1,6.0,0.29,0.37,18.472599677533132,0.6837722339831621,0.0348183047407213,0.02315,0.016050000000000002,-0.00016794739556472415,-1.4182568334192896e-06
0.75,0.1,8.0,0.29,0.37,18.472599677533132,0.6837722339831621,0.0348183047407213,0.02315,0.016050000000000002,-0.00016794739556472415,-1.4182568334192896e-06
0.75,0.1,10.0,0.29,0.37,18.472599677533132,0.6837722339831621,0.0348183047407213,0.02315,0.016050000000000002,-0.00016794739556472415,-1.4182568334192896e-06
0.75,0.1,12.0,0.29,0.37,18.472599677533132,0.6837722339831621,0.0348183047407213,0.02315,0.016050000000000002,-0.00016794739556472415,-1.4182568334192896e-06
0.75,0.1,14.0,0.29,0.37,18.472599677533132,0.6837722339831621,0.0348183047407213,0.02315,0.016050000000000002,-0.00016794739556472415,-1.4182568334192896e-06
0.75,0.1,16.0,0.29,0.37,18.472599677533132,0.6837722339831621,0.0348183047407213,0.02315,0.016050000000000002,-0.00016794739556472415,-1.4182568334192896e-06
0.75,0.1,18.0,0.29,0.37,18.472599677533132,0.6837722339831621,0.0348183047407213,0.02315,0.016050000000000002,-0.00016794739556472415,-1.4182568334192896e-06
0.75,0.15,,0.29,0.37,18.472599677533132,0.6837722339831621,0.0348183047407213,0.02315,0.016050000000000002,-0.00016794739556472415,-1.4182568334192896e-06
0.75,0.15,2.0,0.29,0.37,18.472599677533132,0.6837722339831621,0.0348183047407213,0.02315,0.016050000000000002,-0.00016794739556472415,-1.4182568334192896e-06
0.75,0.15,4.0,0.29,0.37,18.472599677533132,0.6837722339831621,0.0348183047407213,0.02315,0.016050000000000002,-0.00016794739556472415,-1.4182568334192896e-06
0.75,0.15,6.0,0.29,0.37,18.472599677533132,0.6837722339831621,0.0348183047407213,0.02315,0.016050000000000002,-0.00016794739556472415,-1.4182568334192896e-06
0.75,0.15,8.0,0.29,0.37,18.472599677533132,0.6837722339831621,0.0348183047407213,0.02315,0.016050000000000002,-0.00016794739556472415,-1.4182568334192896e-06
0.75,0.15,10.0,0.29,0.37,18.472599677533132,0.6837722339831621,0.0348183047407213,0.02315,0.016050000000000002,-0.00016794739556472415,-1.4182568334192896e-06
0.75,0.15,12.0,0.29,0.37,18.472599677533132,0.6837722339831621,0.0348183047407213,0.02315,0.016050000000000002,-0.00016794739556472415,-1.4182568334192896e-06
0.75,0.15,14.0,0.29,0.37,18.472599677533132,0.6837722339831621,0.0348183047407213,0.02315,0.016050000000000002,-0.00016794739556472415,-1.4182568334192896e-06
0.75,0.15,16.0,0.29,0.37,18.472599677533132,0.6837722339831621,0.0348183047407213,0.02315,0.016050000000000002,-0.00016794739556472415,-1.4182568334192896e-06
0.75,0.15,18.0,0.29,0.37,18.472599677533132,0.6837722339831621,0.0348183047407213,0.02315,0.016050000000000002,-0.00016794739556472415,-1.4182568334192896e-06
0.75,0.2,,0.29,0.37,18.472599677533132,0.6837722339831621,0.0348183047407213,0.02315,0.016050000000000002,-0.00016794739556472415,-1.4182568334192896e-06
0.75,0.2,2.0,0.29,0.37,18.472599677533132,0.6837722339831621,0.0348183047407213,0.02315,0.016050000000000002,-0.00016794739556472415,-1.4182568334192896e-06
0.75,0.2,4.0,0.29,0.37,18.472599677533132,0.6837722339831621,0.0348183047407213,0.02315,0.016050000000000002,-0.00016794739556472415,-1.4182568334192896e-06
0.75,0.2,6.0,0.29,0.37,18.472599677533132,0.6837722339831621,0.0348183047407213,0.02315,0.016050000000000002,-0.00016794739556472415,-1.4182568334192896e-06
0.75,0.2,8.0,0.29,0.37,18.472599677533132,0.6837722339831621,0.0348183047407213,0.02315,0.016050000000000002,-0.00016794739556472415,-1.4182568334192896e-06
0.75,0.2,10.0,0.29,0.37,18.472599677533132,0.6837722339831621,0.0348183047407213,0.02315,0.016050000000000002,-0.00016794739556472415,-1.4182568334192896e-06
0.75,0.2,12.0,0.29,0.37,18.472599677533132,0.6837722339831621,0.0348183047407213,0.02315,0.016050000000000002,-0.00016794739556472415,-1.4182568334192896e-06
0.75,0.2,14.0,0.29,0.37,18.472599677533132,0.6837722339831621,0.0348183047407213,0.02315,0.016050000000000002,-0.00016794739556472415,-1.4182568334192896e-06
0.75,0.2,16.0,0.29,0.37,18.472599677533132,0.6837722339831621,0.0348183047407213,0.02315,0.016050000000000002,-0.00016794739556472415,-1.4182568334192896e-06
0.75,0.2,18.0,0.29,0.37,18.472599677533132,0.6837722339831621,0.0348183047407213,0.02315,0.016050000000000002,-0.00016794739556472415,-1.4182568334192896e-06
0.75,0.25,,0.29,0.37,18.472599677533132,0.6837722339831621,0.0348183047407213,0.02315,0.016050000000000002,-0.00016794739556472415,-1.4182568334192896e-06
0.75,0.25,2.0,0.29,0.37,18.472599677533132,0.6837722339831621,0.0348183047407213,0.02315,0.016050000000000002,-0.00016794739556472415,-1.4182568334192896e-06
0.75,0.25,4.0,0.29,0.37,18.472599677533132,0.6837722339831621,0.0348183047407213,0.02315,0.016050000000000002,-0.00016794739556472415,-1.4182568334192896e-06
0.75,0.25,6.0,0.29,0.37,18.472599677533132,0.6837722339831621,0.0348183047407213,0.02315,0.016050000000000002,-0.00016794739556472415,-1.4182568334192896e-06
0.75,0.25,8.0,0.29,0.37,18.472599677533132,0.6837722339831621,0.0348183047407213,0.02315,0.016050000000000002,-0.00016794739556472415,-1.4182568334192896e-06
0.75,0.25,10.0,0.29,0.37,18.472599677533132,0.6837722339831621,0.0348183047407213,0.02315,0.016050000000000002,-0.00016794739556472415,-1.4182568334192896e-06
0.75,0.25,12.0,0.29,0.37,18.472599677533132,0.6837722339831621,0.0348183047407213,0.02315,0.016050000000000002,-0.00016794739556472415,-1.4182568334192896e-06
0.75,0.25,14.0,0.29,0.37,18.472599677533132,0.6837722339831621,0.0348183047407213,0.02315,0.016050000000000002,-0.00016794739556472415,-1.4182568334192896e-06
0.75,0.25,16.0,0.29,0.37,18.472599677533132,0.6837722339831621,0.0348183047407213,0.02315,0.016050000000000002,-0.00016794739556472415,-1.4182568334192896e-06
0.75,0.25,18.0,0.29,0.37,18.472599677533132,0.6837722339831621,0.0348183047407213,0.02315,0.016050000000000002,-0.00016794739556472415,-1.4182568334192896e-06
0.75,0.3,,0.29,0.37,18.472599677533132,0.6837722339831621,0.0348183047407213,0.02315,0.016050000000000002,-0.00016794739556472415,-1.4182568334192896e-06
0.75,0.3,2.0,0.29,0.37,18.472599677533132,0.6837722339831621,0.0348183047407213,0.02315,0.016050000000000002,-0.00016794739556472415,-1.4182568334192896e-06
0.75,0.3,4.0,0.29,0.37,18.472599677533132,0.6837722339831621,0.0348183047407213,0.02315,0.016050000000000002,-0.00016794739556472415,-1.4182568334192896e-06
0.75,0.3,6.0,0.29,0.37,18.472599677533132,0.6837722339831621,0.0348183047407213,0.02315,0.016050000000000002,-0.00016794739556472415,-1.4182568334192896e-06
0.75,0.3,8.0,0.29,0.37,18.472599677533132,0.6837722339831621,0.0348183047407213,0.02315,0.016050000000000002,-0.00016794739556472415,-1.4182568334192896e-06
0.75,0.3,10.0,0.29,0.37,18.472599677533132,0.6837722339831621,0.0348183047407213,0.02315,0.016050000000000002,-0.00016794739556472415,-1.4182568334192896e-06
0.75,0.3,12.0,0.29,0.37,18.472599677533132,0.6837722339831621,0.0348183047407213,0.02315,0.016050000000000002,-0.00016794739556472415,-1.4182568334192896e-06
0.75,0.3,14.0,0.29,0.37,18.472599677533132,0.6837722339831621,0.0348183047407213,0.02315,0.016050000000000002,-0.00016794739556472415,-1.4182568334192896e-06
0.75,0.3,16.0,0.29,0.37,18.472599677533132,0.6837722339831621,0.0348183047407213,0.02315,0.016050000000000002,-0.00016794739556472415,-1.4182568334192896e-06
0.75,0.3,18.0,0.29,0.37,18.472599677533132,0.6837722339831621,0.0348183047407213,0.02315,0.016050000000000002,-0.00016794739556472415,-1.4182568334192896e-06
0.75,0.35,,0.29,0.37,18.472599677533132,0.6837722339831621,0.0348183047407213,0.02315,0.016050000000000002,-0.00016794739556472415,-1.4182568334192896e-06
0.75,0.35,2.0,0.29,0.37,18.472599677533132,0.6837722339831621,0.0348183047407213,0.02315,0.016050000000000002,-0.00016794739556472415,-1.4182568334192896e-06
0.75,0.35,4.0,0.29,0.37,18.472599677533132,0.6837722339831621,0.0348183047407213,0.02315,0.016050000000000002,-0.00016794739556472415,-1.4182568334192896e-06
0.75,0.35,6.0,0.29,0.37,18.472599677533132,0.6837722339831621,0.0348183047407213,0.02315,0.016050000000000002,-0.00016794739556472415,-1.4182568334192896e-06
0.75,0.35,8.0,0.29,0.37,18.472599677533132,0.6837722339831621,0.0348183047407213,0.02315,0.016050000000000002,-0.00016794739556472415,-1.4182568334192896e-06
0.75,0.35,10.0,0.29,0.37,18.472599677533132,0.6837722339831621,0.0348183047407213,0.02315,0.016050000000000002,-0.00016794739556472415,-1.4182568334192896e-06
0.75,0.35,12.0,0.29,0.37,18.472599677533132,0.6837722339831621,0.0348183047407213,0.02315,0.016050000000000002,-0.00016794739556472415,-1.4182568334192896e-06
0.75,0.35,14.0,0.29,0.37,18.472599677533132,0.6837722339831621,0.0348183047407213,0.02315,0.016050000000000002,-0.00016794739556472415,-1.4182568334192896e-06
0.75,0.35,16.0,0.29,0.37,18.472599677533132,0.6837722339831621,0.0348183047407213,0.02315,0.016050000000000002,-0.00016794739556472415,-1.4182568334192896e-06
0.75,0.35,18.0,0.29,0.37,18.472599677533132,0.6837722339831621,0.0348183047407213,0.02315,0.016050000000000002,-0.00016794739556472415,-1.4182568334192896e-06
0.75,0.4,,0.29,0.37,18.472599677533132,0.6837722339831621,0.0348183047407213,0.02315,0.016050000000000002,-0.00016794739556472415,-1.4182568334192896e-06
0.75,0.4,2.0,0.29,0.37,18.472599677533132,0.6837722339831621,0.0348183047407213,0.02315,0.016050000000000002,-0.00016794739556472415,-1.4182568334192896e-06
0.75,0.4,4.0,0.29,0.37,18.472599677533132,0.6837722339831621,0.0348183047407213,0.02315,0.016050000000000002,-0.00016794739556472415,-1.4182568334192896e-06
0.75,0.4,6.0,0.29,0.37,18.472599677533132,0.6837722339831621,0.0348183047407213,0.02315,0.016050000000000002,-0.00016794739556472415,-1.4182568334192896e-06
0.75,0.4,8.0,0.29,0.37,18.472599677533132,0.6837722339831621,0.0348183047407213,0.02315,0.016050000000000002,-0.00016794739556472415,-1.4182568334192896e-06
0.75,0.4,10.0,0.29,0.37,18.472599677533132,0.6837722339831621,0.0348183047407213,0.02315,0.016050000000000002,-0.00016794739556472415,-1.4182568334192896e-06
0.75,0.4,12.0,0.29,0.37,18.472599677533132,0.6837722339831621,0.0348183047407213,0.02315,0.016050000000000002,-0.00016794739556472415,-1.4182568334192896e-06
0.75,0.4,14.0,0.29,0.37,18.472599677533132,0.6837722339831621,0.0348183047407213,0.02315,0.016050000000000002,-0.00016794739556472415,-1.4182568334192896e-06
0.75,0.4,16.0,0.29,0.37,18.472599677533132,0.6837722339831621,0.0348183047407213,0.02315,0.016050000000000002,-0.00016794739556472415,-1.4182568334192896e-06
0.75,0.4,18.0,0.29,0.37,18.472599677533132,0.6837722339831621,0.0348183047407213,0.02315,0.016050000000000002,-0.00016794739556472415,-1.4182568334192896e-06
0.75,0.45,,0.29,0.37,18.472599677533132,0.6837722339831621,0.0348183047407213,0.02315,0.016050000000000002,-0.00016794739556472415,-1.4182568334192896e-06
0.75,0.45,2.0,0.29,0.37,18.472599677533132,0.6837722339831621,0.0348183047407213,0.02315,0.016050000000000002,-0.00016794739556472415,-1.4182568334192896e-06
0.75,0.45,4.0,0.29,0.37,18.472599677533132,0.6837722339831621,0.0348183047407213,0.02315,0.016050000000000002,-0.00016794739556472415,-1.4182568334192896e-06
0.75,0.45,6.0,0.29,0.37,18.472599677533132,0.6837722339831621,0.0348183047407213,0.02315,0.016050000000000002,-0.00016794739556472415,-1.4182568334192896e-06
0.75,0.45,8.0,0.29,0.37,18.472599677533132,0.6837722339831621,0.0348183047407213,0.02315,0.016050000000000002,-0.00016794739556472415,-1.4182568334192896e-06
0.75,0.45,10.0,0.29,0.37,18.472599677533132,0.6837722339831621,0.0348183047407213,0.02315,0.016050000000000002,-0.00016794739556472415,-1.4182568334192896e-06
0.75,0.45,12.0,0.29,0.37,18.472599677533132,0.6837722339831621,0.0348183047407213,0.02315,0.016050000000000002,-0.00016794739556472415,-1.4182568334192896e-06
0.75,0.45,14.0,0.29,0.37,18.472599677533132,0.6837722339831621,0.0348183047407213,0.02315,0.016050000000000002,-0.00016794739556472415,-1.4182568334192896e-06
0.75,0.45,16.0,0.29,0.37,18.472599677533132,0.6837722339831621,0.0348183047407213,0.02315,0.016050000000000002,-0.00016794739556472415,-1.4182568334192896e-06
0.75,0.45,18.0,0.29,0.37,18.472599677533132,0.6837722339831621,0.0348183047407213,0.02315,0.016050000000000002,-0.00016794739556472415,-1.4182568334192896e-06
0.75,0.5,,0.29,0.37,18.472599677533132,0.6837722339831621,0.0348183047407213,0.02315,0.016050000000000002,-0.00016794739556472415,-1.4182568334192896e-06
0.75,0.5,2.0,0.29,0.37,18.472599677533132,0.6837722339831621,0.0348183047407213,0.02315,0.016050000000000002,-0.00016794739556472415,-1.4182568334192896e-06
0.75,0.5,4.0,0.29,0.37,18.472599677533132,0.6837722339831621,0.0348183047407213,0.02315,0.016050000000000002,-0.00016794739556472415,-1.4182568334192896e-06
0.75,0.5,6.0,0.29,0.37,18.472599677533132,0.6837722339831621,0.0348183047407213,0.02315,0.016050000000000002,-0.00016794739556472415,-1.4182568334192896e-06
0.75,0.5,8.0,0.29,0.37,18.472599677533132,0.6837722339831621,0.0348183047407213,0.02315,0.016050000000000002,-0.00016794739556472415,-1.4182568334192896e-06
0.75,0.5,10.0,0.29,0.37,18.472599677533132,0.6837722339831621,0.0348183047407213,0.02315,0.016050000000000002,-0.00016794739556472415,-1.4182568334192896e-06
0.75,0.5,12.0,0.29,0.37,18.472599677533132,0.6837722339831621,0.0348183047407213,0.02315,0.016050000000000002,-0.00016794739556472415,-1.4182568334192896e-06
0.75,0.5,14.0,0.29,0.37,18.472599677533132,0.6837722339831621,0.0348183047407213,0.02315,0.016050000000000002,-0.00016794739556472415,-1.4182568334192896e-06
0.75,0.5,16.0,0.29,0.37,18.472599677533132,0.6837722339831621,0.0348183047407213,0.02315,0.016050000000000002,-0.00016794739556472415,-1.4182568334192896e-06
0.75,0.5,18.0,0.29,0.37,18.472599677533132,0.6837722339831621,0.0348183047407213,0.02315,0.016050000000000002,-0.00016794739556472415,-1.4182568334192896e-06
0.75,0.55,,0.29,0.37,18.472599677533132,0.6837722339831621,0.0348183047407213,0.02315,0.016050000000000002,-0.00016794739556472415,-1.4182568334192896e-06
0.75,0.55,2.0,0.29,0.37,18.472599677533132,0.6837722339831621,0.0348183047407213,0.02315,0.016050000000000002,-0.00016794739556472415,-1.4182568334192896e-06
0.75,0.55,4.0,0.29,0.37,18.472599677533132,0.6837722339831621,0.0348183047407213,0.02315,0.016050000000000002,-0.00016794739556472415,-1.4182568334192896e-06
0.75,0.55,6.0,0.29,0.37,18.472599677533132,0.6837722339831621,0.0348183047407213,0.02315,0.016050000000000002,-0.00016794739556472415,-1.4182568334192896e-06
0.75,0.55,8.0,0.29,0.37,18.472599677533132,0.6837722339831621,0.0348183047407213,0.02315,0.016050000000000002,-0.00016794739556472415,-1.4182568334192896e-06
0.75,0.55,10.0,0.29,0.37,18.472599677533132,0.6837722339831621,0.0348183047407213,0.02315,0.016050000000000002,-0.00016794739556472415,-1.4182568334192896e-06
0.75,0.55,12.0,0.29,0.37,18.472599677533132,0.6837722339831621,0.0348183047407213,0.02315,0.016050000000000002,-0.00016794739556472415,-1.4182568334192896e-06
0.75,0.55,14.0,0.29,0.37,18.472599677533132,0.6837722339831621,0.0348183047407213,0.02315,0.016050000000000002,-0.00016794739556472415,-1.4182568334192896e-06
0.75,0.55,16.0,0.29,0.37,18.472599677533132,0.6837722339831621,0.0348183047407213,0.02315,0.016050000000000002,-0.00016794739556472415,-1.4182568334192896e-06
0.75,0.55,18.0,0.29,0.37,18.472599677533132,0.6837722339831621,0.0348183047407213,0.02315,0.016050000000000002,-0.00016794739556472415,-1.4182568334192896e-06
0.75,0.6,,0.29,0.37,18.472599677533132,0.6837722339831621,0.0348183047407213,0.02315,0.016050000000000002,-0.00016794739556472415,-1.4182568334192896e-06
0.75,0.6,2.0,0.29,0.37,18.472599677533132,0.6837722339831621,0.0348183047407213,0.02315,0.016050000000000002,-0.00016794739556472415,-1.4182568334192896e-06
0.75,0.6,4.0,0.29,0.37,18.472599677533132,0.6837722339831621,0.0348183047407213,0.02315,0.016050000000000002,-0.00016794739556472415,-1.4182568334192896e-06
0.75,0.6,6.0,0.29,0.37,18.472599677533132,0.6837722339831621,0.0348183047407213,0.02315,0.016050000000000002,-0.00016794739556472415,-1.4182568334192896e-06
0.75,0.6,8.0,0.29,0.37,18.472599677533132,0.6837722339831621,0.0348183047407213,0.02315,0.016050000000000002,-0.00016794739556472415,-1.4182568334192896e-06
0.75,0.6,10.0,0.29,0.37,18.472599677533132,0.6837722339831621,0.0348183047407213,0.02315,0.016050000000000002,-0.00016794739556472415,-1.4182568334192896e-06
0.75,0.6,12.0,0.29,0.37,18.472599677533132,0.6837722339831621,0.0348183047407213,0.02315,0.016050000000000002,-0.00016794739556472415,-1.4182568334192896e-06
0.75,0.6,14.0,0.29,0.37,18.472599677533132,0.6837722339831621,0.0348183047407213,0.02315,0.016050000000000002,-0.00016794739556472415,-1.4182568334192896e-06
0.75,0.6,16.0,0.29,0.37,18.472599677533132,0.6837722339831621,0.0348183047407213,0.02315,0.016050000000000002,-0.00016794739556472415,-1.4182568334192896e-06
0.75,0.6,18.0,0.29,0.37,18.472599677533132,0.6837722339831621,0.0348183047407213,0.02315,0.016050000000000002,-0.00016794739556472415,-1.4182568334192896e-06
0.75,0.65,,0.29,0.37,18.472599677533132,0.6837722339831621,0.0348183047407213,0.02315,0.016050000000000002,-0.00016794739556472415,-1.4182568334192896e-06
0.75,0.65,2.0,0.29,0.37,18.472599677533132,0.6837722339831621,0.0348183047407213,0.02315,0.016050000000000002,-0.00016794739556472415,-1.4182568334192896e-06
0.75,0.65,4.0,0.29,0.37,18.472599677533132,0.6837722339831621,0.0348183047407213,0.02315,0.016050000000000002,-0.00016794739556472415,-1.4182568334192896e-06
0.75,0.65,6.0,0.29,0.37,18.472599677533132,0.6837722339831621,0.0348183047407213,0.02315,0.016050000000000002,-0.00016794739556472415,-1.4182568334192896e-06
0.75,0.65,8.0,0.29,0.37,18.472599677533132,0.6837722339831621,0.0348183047407213,0.02315,0.016050000000000002,-0.00016794739556472415,-1.4182568334192896e-06
0.75,0.65,10.0,0.29,0.37,18.472599677533132,0.6837722339831621,0.0348183047407213,0.02315,0.016050000000000002,-0.00016794739556472415,-1.4182568334192896e-06
0.75,0.65,12.0,0.29,0.37,18.472599677533132,0.6837722339831621,0.0348183047407213,0.02315,0.016050000000000002,-0.00016794739556472415,-1.4182568334192896e-06
0.75,0.65,14.0,0.29,0.37,18.472599677533132,0.6837722339831621,0.0348183047407213,0.02315,0.016050000000000002,-0.00016794739556472415,-1.4182568334192896e-06
0.75,0.65,16.0,0.29,0.37,18.472599677533132,0.6837722339831621,0.0348183047407213,0.02315,0.016050000000000002,-0.00016794739556472415,-1.4182568334192896e-06
0.75,0.65,18.0,0.29,0.37,18.472599677533132,0.6837722339831621,0.0348183047407213,0.02315,0.016050000000000002,-0.00016794739556472415,-1.4182568334192896e-06
0.75,0.7,,0.29,0.37,18.472599677533132,0.6837722339831621,0.0348183047407213,0.02315,0.016050000000000002,-0.00016794739556472415,-1.4182568334192896e-06
0.75,0.7,2.0,0.29,0.37,18.472599677533132,0.6837722339831621,0.0348183047407213,0.02315,0.016050000000000002,-0.00016794739556472415,-1.4182568334192896e-06
0.75,0.7,4.0,0.29,0.37,18.472599677533132,0.6837722339831621,0.0348183047407213,0.02315,0.016050000000000002,-0.00016794739556472415,-1.4182568334192896e-06
0.75,0.7,6.0,0.29,0.37,18.472599677533132,0.6837722339831621,0.0348183047407213,0.02315,0.016050000000000002,-0.00016794739556472415,-1.4182568334192896e-06
0.75,0.7,8.0,0.29,0.37,18.472599677533132,0.6837722339831621,0.0348183047407213,0.02315,0.016050000000000002,-0.00016794739556472415,-1.4182568334192896e-06
0.75,0.7,10.0,0.29,0.37,18.472599677533132,0.6837722339831621,0.0348183047407213,0.02315,0.016050000000000002,-0.00016794739556472415,-1.4182568334192896e-06
0.75,0.7,12.0,0.29,0.37,18.472599677533132,0.6837722339831621,0.0348183047407213,0.02315,0.016050000000000002,-0.00016794739556472415,-1.4182568334192896e-06
0.75,0.7,14.0,0.29,0.37,18.472599677533132,0.6837722339831621,0.0348183047407213,0.02315,0.016050000000000002,-0.00016794739556472415,-1.4182568334192896e-06
0.75,0.7,16.0,0.29,0.37,18.472599677533132,0.6837722339831621,0.0348183047407213,0.02315,0.016050000000000002,-0.00016794739556472415,-1.4182568334192896e-06
0.75,0.7,18.0,0.29,0.37,18.472599677533132,0.6837722339831621,0.0348183047407213,0.02315,0.016050000000000002,-0.00016794739556472415,-1.4182568334192896e-06
0.75,0.75,,0.29,0.37,18.472599677533132,0.6837722339831621,0.0348183047407213,0.02315,0.016050000000000002,-0.00016794739556472415,-1.4182568334192896e-06
0.75,0.75,2.0,0.29,0.37,18.472599677533132,0.6837722339831621,0.0348183047407213,0.02315,0.016050000000000002,-0.00016794739556472415,-1.4182568334192896e-06
0.75,0.75,4.0,0.29,0.37,18.472599677533132,0.6837722339831621,0.0348183047407213,0.02315,0.016050000000000002,-0.00016794739556472415,-1.4182568334192896e-06
0.75,0.75,6.0,0.29,0.37,18.472599677533132,0.6837722339831621,0.0348183047407213,0.02315,0.016050000000000002,-0.00016794739556472415,-1.4182568334192896e-06
0.75,0.75,8.0,0.29,0.37,18.472599677533132,0.6837722339831621,0.0348183047407213,0.02315,0.016050000000000002,-0.00016794739556472415,-1.4182568334192896e-06
0.75,0.75,10.0,0.29,0.37,18.472599677533132,0.6837722339831621,0.0348183047407213,0.02315,0.016050000000000002,-0.00016794739556472415,-1.4182568334192896e-06
0.75,0.75,12.0,0.29,0.37,18.472599677533132,0.6837722339831621,0.0348183047407213,0.02315,0.016050000000000002,-0.00016794739556472415,-1.4182568334192896e-06
0.75,0.75,14.0,0.29,0.37,18.472599677533132,0.6837722339831621,0.0348183047407213,0.02315,0.016050000000000002,-0.00016794739556472415,-1.4182568334192896e-06
0.75,0.75,16.0,0.29,0.37,18.472599677533132,0.6837722339831621,0.0348183047407213,0.02315,0.016050000000000002,-0.00016794739556472415,-1.4182568334192896e-06
0.75,0.75,18.0,0.29,0.37,18.472599677533132,0.6837722339831621,0.0348183047407213,0.02315,0.016050000000000002,-0.00016794739556472415,-1.4182568334192896e-06
0.75,0.8,,0.29,0.37,18.472599677533132,0.6837722339831621,0.0348183047407213,0.02315,0.016050000000000002,-0.00016794739556472415,-1.4182568334192896e-06
0.75,0.8,2.0,0.29,0.37,18.472599677533132,0.6837722339831621,0.0348183047407213,0.02315,0.016050000000000002,-0.00016794739556472415,-1.4182568334192896e-06
0.75,0.8,4.0,0.29,0.37,18.472599677533132,0.6837722339831621,0.0348183047407213,0.02315,0.016050000000000002,-0.00016794739556472415,-1.4182568334192896e-06
0.75,0.8,6.0,0.29,0.37,18.472599677533132,0.6837722339831621,0.0348183047407213,0.02315,0.016050000000000002,-0.00016794739556472415,-1.4182568334192896e-06
0.75,0.8,8.0,0.29,0.37,18.472599677533132,0.6837722339831621,0.0348183047407213,0.02315,0.016050000000000002,-0.00016794739556472415,-1.4182568334192896e-06
0.75,0.8,10.0,0.29,0.37,18.472599677533132,0.6837722339831621,0.0348183047407213,0.02315,0.016050000000000002,-0.00016794739556472415,-1.4182568334192896e-06
0.75,0.8,12.0,0.29,0.37,18.472599677533132,0.6837722339831621,0.0348183047407213,0.02315,0.016050000000000002,-0.00016794739556472415,-1.4182568334192896e-06
0.75,0.8,14.0,0.29,0.37,18.472599677533132,0.6837722339831621,0.0348183047407213,0.02315,0.016050000000000002,-0.00016794739556472415,-1.4182568334192896e-06
0.75,0.8,16.0,0.29,0.37,18.472599677533132,0.6837722339831621,0.0348183047407213,0.02315,0.016050000000000002,-0.00016794739556472415,-1.4182568334192896e-06
0.75,0.8,18.0,0.29,0.37,18.472599677533132,0.6837722339831621,0.0348183047407213,0.02315,0.016050000000000002,-0.00016794739556472415,-1.4182568334192896e-06
0.75,0.85,,0.29,0.37,18.472599677533132,0.6837722339831621,0.0348183047407213,0.02315,0.016050000000000002,-0.00016794739556472415,-1.4182568334192896e-06
0.75,0.85,2.0,0.29,0.37,18.472599677533132,0.6837722339831621,0.0348183047407213,0.02315,0.016050000000000002,-0.00016794739556472415,-1.4182568334192896e-06
0.75,0.85,4.0,0.29,0.37,18.472599677533132,0.6837722339831621,0.0348183047407213,0.02315,0.016050000000000002,-0.00016794739556472415,-1.4182568334192896e-06
0.75,0.85,6.0,0.29,0.37,18.472599677533132,0.6837722339831621,0.0348183047407213,0.02315,0.016050000000000002,-0.00016794739556472415,-1.4182568334192896e-06
0.75,0.85,8.0,0.29,0.37,18.472599677533132,0.6837722339831621,0.0348183047407213,0.02315,0.016050000000000002,-0.00016794739556472415,-1.4182568334192896e-06
0.75,0.85,10.0,0.29,0.37,18.472599677533132,0.6837722339831621,0.0348183047407213,0.02315,0.016050000000000002,-0.00016794739556472415,-1.4182568334192896e-06
0.75,0.85,12.0,0.29,0.37,18.472599677533132,0.6837722339831621,0.0348183047407213,0.02315,0.016050000000000002,-0.00016794739556472415,-1.4182568334192896e-06
0.75,0.85,14.0,0.29,0.37,18.472599677533132,0.6837722339831621,0.0348183047407213,0.02315,0.016050000000000002,-0.00016794739556472415,-1.4182568334192896e-06
0.75,0.85,16.0,0.29,0.37,18.472599677533132,0.6837722339831621,0.0348183047407213,0.02315,0.016050000000000002,-0.00016794739556472415,-1.4182568334192896e-06
0.75,0.85,18.0,0.29,0.37,18.472599677533132,0.6837722339831621,0.0348183047407213,0.02315,0.016050000000000002,-0.00016794739556472415,-1.4182568334192896e-06
0.75,0.9,,0.29,0.37,18.472599677533132,0.6837722339831621,0.0348183047407213,0.02315,0.016050000000000002,-0.00016794739556472415,-1.4182568334192896e-06
0.75,0.9,2.0,0.29,0.37,18.472599677533132,0.6837722339831621,0.0348183047407213,0.02315,0.016050000000000002,-0.00016794739556472415,-1.4182568334192896e-06
0.75,0.9,4.0,0.29,0.37,18.472599677533132,0.6837722339831621,0.0348183047407213,0.02315,0.016050000000000002,-0.00016794739556472415,-1.4182568334192896e-06
0.75,0.9,6.0,0.29,0.37,18.472599677533132,0.6837722339831621,0.0348183047407213,0.02315,0.016050000000000002,-0.00016794739556472415,-1.4182568334192896e-06
0.75,0.9,8.0,0.29,0.37,18.472599677533132,0.6837722339831621,0.0348183047407213,0.02315,0.016050000000000002,-0.00016794739556472415,-1.4182568334192896e-06
0.75,0.9,10.0,0.29,0.37,18.472599677533132,0.6837722339831621,0.0348183047407213,0.02315,0.016050000000000002,-0.00016794739556472415,-1.4182568334192896e-06
0.75,0.9,12.0,0.29,0.37,18.472599677533132,0.6837722339831621,0.0348183047407213,0.02315,0.016050000000000002,-0.00016794739556472415,-1.4182568334192896e-06
0.75,0.9,14.0,0.29,0.37,18.472599677533132,0.6837722339831621,0.0348183047407213,0.02315,0.016050000000000002,-0.00016794739556472415,-1.4182568334192896e-06
0.75,0.9,16.0,0.29,0.37,18.472599677533132,0.6837722339831621,0.0348183047407213,0.02315,0.016050000000000002,-0.00016794739556472415,-1.4182568334192896e-06
0.75,0.9,18.0,0.29,0.37,18.472599677533132,0.6837722339831621,0.0348183047407213,0.02315,0.016050000000000002,-0.00016794739556472415,-1.4182568334192896e-06
0.75,0.95,,0.29,0.37,18.472599677533132,0.6837722339831621,0.0348183047407213,0.02315,0.016050000000000002,-0.00016794739556472415,-1.4182568334192896e-06
0.75,0.95,2.0,0.29,0.37,18.472599677533132,0.6837722339831621,0.0348183047407213,0.02315,0.016050000000000002,-0.00016794739556472415,-1.4182568334192896e-06
0.75,0.95,4.0,0.29,0.37,18.472599677533132,0.6837722339831621,0.0348183047407213,0.02315,0.016050000000000002,-0.00016794739556472415,-1.4182568334192896e-06
0.75,0.95,6.0,0.29,0.37,18.472599677533132,0.6837722339831621,0.0348183047407213,0.02315,0.016050000000000002,-0.00016794739556472415,-1.4182568334192896e-06
0.75,0.95,8.0,0.29,0.37,18.472599677533132,0.6837722339831621,0.0348183047407213,0.02315,0.016050000000000002,-0.00016794739556472415,-1.4182568334192896e-06
0.75,0.95,10.0,0.29,0.37,18.472599677533132,0.6837722339831621,0.0348183047407213,0.02315,0.016050000000000002,-0.00016794739556472415,-1.4182568334192896e-06
0.75,0.95,12.0,0.29,0.37,18.472599677533132,0.6837722339831621,0.0348183047407213,0.02315,0.016050000000000002,-0.00016794739556472415,-1.4182568334192896e-06
0.75,0.95,14.0,0.29,0.37,18.472599677533132,0.6837722339831621,0.0348183047407213,0.02315,0.016050000000000002,-0.00016794739556472415,-1.4182568334192896e-06
0.75,0.95,16.0,0.29,0.37,18.472599677533132,0.6837722339831621,0.0348183047407213,0.02315,0.016050000000000002,-0.00016794739556472415,-1.4182568334192896e-06
0.75,0.95,18.0,0.29,0.37,18.472599677533132,0.6837722339831621,0.0348183047407213,0.02315,0.016050000000000002,-0.00016794739556472415,-1.4182568334192896e-06
0.75,1.0,,0.29,0.37,18.472599677533132,0.6837722339831621,0.0348183047407213,0.02315,0.016050000000000002,-0.00016794739556472415,-1.4182568334192896e-06
0.75,1.0,2.0,0.29,0.37,18.472599677533132,0.6837722339831621,0.0348183047407213,0.02315,0.016050000000000002,-0.00016794739556472415,-1.4182568334192896e-06
0.75,1.0,4.0,0.29,0.37,18.472599677533132,0.6837722339831621,0.0348183047407213,0.02315,0.016050000000000002,-0.00016794739556472415,-1.4182568334192896e-06
0.75,1.0,6.0,0.29,0.37,18.472599677533132,0.6837722339831621,0.0348183047407213,0.02315,0.016050000000000002,-0.00016794739556472415,-1.4182568334192896e-06
0.75,1.0,8.0,0.29,0.37,18.472599677533132,0.6837722339831621,0.0348183047407213,0.02315,0.016050000000000002,-0.00016794739556472415,-1.4182568334192896e-06
0.75,1.0,10.0,0.29,0.37,18.472599677533132,0.6837722339831621,0.0348183047407213,0.02315,0.016050000000000002,-0.00016794739556472415,-1.4182568334192896e-06
0.75,1.0,12.0,0.29,0.37,18.472599677533132,0.6837722339831621,0.0348183047407213,0.02315,0.016050000000000002,-0.00016794739556472415,-1.4182568334192896e-06
0.75,1.0,14.0,0.29,0.37,18.472599677533132,0.6837722339831621,0.0348183047407213,0.02315,0.016050000000000002,-0.00016794739556472415,-1.4182568334192896e-06
0.75,1.0,16.0,0.29,0.37,18.472599677533132,0.6837722339831621,0.0348183047407213,0.02315,0.016050000000000002,-0.00016794739556472415,-1.4182568334192896e-06
0.75,1.0,18.0,0.29,0.37,18.472599677533132,0.6837722339831621,0.0348183047407213,0.02315,0.016050000000000002,-0.00016794739556472415,-1.4182568334192896e-06
0.8,0.1,,0.29,0.37,18.472599677533132,0.6837722339831621,0.0348183047407213,0.02315,0.016050000000000002,-0.00016794739556472415,-1.4182568334192896e-06
0.8,0.1,2.0,0.29,0.37,18.472599677533132,0.6837722339831621,0.0348183047407213,0.02315,0.016050000000000002,-0.00016794739556472415,-1.4182568334192896e-06
0.8,0.1,4.0,0.29,0.37,18.472599677533132,0.6837722339831621,0.0348183047407213,0.02315,0.016050000000000002,-0.00016794739556472415,-1.4182568334192896e-06
0.8,0.1,6.0,0.29,0.37,18.472599677533132,0.6837722339831621,0.0348183047407213,0.02315,0.016050000000000002,-0.00016794739556472415,-1.4182568334192896e-06
0.8,0.1,8.0,0.29,0.37,18.472599677533132,0.6837722339831621,0.0348183047407213,0.02315,0.016050000000000002,-0.00016794739556472415,-1.4182568334192896e-06
0.8,0.1,10.0,0.29,0.37,18.472599677533132,0.6837722339831621,0.0348183047407213,0.02315,0.016050000000000002,-0.00016794739556472415,-1.4182568334192896e-06
0.8,0.1,12.0,0.29,0.37,18.472599677533132,0.6837722339831621,0.0348183047407213,0.02315,0.016050000000000002,-0.00016794739556472415,-1.4182568334192896e-06
0.8,0.1,14.0,0.29,0.37,18.472599677533132,0.6837722339831621,0.0348183047407213,0.02315,0.016050000000000002,-0.00016794739556472415,-1.4182568334192896e-06
0.8,0.1,16.0,0.29,0.37,18.472599677533132,0.6837722339831621,0.0348183047407213,0.02315,0.016050000000000002,-0.00016794739556472415,-1.4182568334192896e-06
0.8,0.1,18.0,0.29,0.37,18.472599677533132,0.6837722339831621,0.0348183047407213,0.02315,0.016050000000000002,-0.00016794739556472415,-1.4182568334192896e-06
0.8,0.15,,0.29,0.37,18.472599677533132,0.6837722339831621,0.0348183047407213,0.02315,0.016050000000000002,-0.00016794739556472415,-1.4182568334192896e-06
0.8,0.15,2.0,0.29,0.37,18.472599677533132,0.6837722339831621,0.0348183047407213,0.02315,0.016050000000000002,-0.00016794739556472415,-1.4182568334192896e-06
0.8,0.15,4.0,0.29,0.37,18.472599677533132,0.6837722339831621,0.0348183047407213,0.02315,0.016050000000000002,-0.00016794739556472415,-1.4182568334192896e-06
0.8,0.15,6.0,0.29,0.37,18.472599677533132,0.6837722339831621,0.0348183047407213,0.02315,0.016050000000000002,-0.00016794739556472415,-1.4182568334192896e-06
0.8,0.15,8.0,0.29,0.37,18.472599677533132,0.6837722339831621,0.0348183047407213,0.02315,0.016050000000000002,-0.00016794739556472415,-1.4182568334192896e-06
0.8,0.15,10.0,0.29,0.37,18.472599677533132,0.6837722339831621,0.0348183047407213,0.02315,0.016050000000000002,-0.00016794739556472415,-1.4182568334192896e-06
0.8,0.15,12.0,0.29,0.37,18.472599677533132,0.6837722339831621,0.0348183047407213,0.02315,0.016050000000000002,-0.00016794739556472415,-1.4182568334192896e-06
0.8,0.15,14.0,0.29,0.37,18.472599677533132,0.6837722339831621,0.0348183047407213,0.02315,0.016050000000000002,-0.00016794739556472415,-1.4182568334192896e-06
0.8,0.15,16.0,0.29,0.37,18.472599677533132,0.6837722339831621,0.0348183047407213,0.02315,0.016050000000000002,-0.00016794739556472415,-1.4182568334192896e-06
0.8,0.15,18.0,0.29,0.37,18.472599677533132,0.6837722339831621,0.0348183047407213,0.02315,0.016050000000000002,-0.00016794739556472415,-1.4182568334192896e-06
0.8,0.2,,0.29,0.37,18.472599677533132,0.6837722339831621,0.0348183047407213,0.02315,0.016050000000000002,-0.00016794739556472415,-1.4182568334192896e-06
0.8,0.2,2.0,0.29,0.37,18.472599677533132,0.6837722339831621,0.0348183047407213,0.02315,0.016050000000000002,-0.00016794739556472415,-1.4182568334192896e-06
0.8,0.2,4.0,0.29,0.37,18.472599677533132,0.6837722339831621,0.0348183047407213,0.02315,0.016050000000000002,-0.00016794739556472415,-1.4182568334192896e-06
0.8,0.2,6.0,0.29,0.37,18.472599677533132,0.6837722339831621,0.0348183047407213,0.02315,0.016050000000000002,-0.00016794739556472415,-1.4182568334192896e-06
0.8,0.2,8.0,0.29,0.37,18.472599677533132,0.6837722339831621,0.0348183047407213,0.02315,0.016050000000000002,-0.00016794739556472415,-1.4182568334192896e-06
0.8,0.2,10.0,0.29,0.37,18.472599677533132,0.6837722339831621,0.0348183047407213,0.02315,0.016050000000000002,-0.00016794739556472415,-1.4182568334192896e-06
0.8,0.2,12.0,0.29,0.37,18.472599677533132,0.6837722339831621,0.0348183047407213,0.02315,0.016050000000000002,-0.00016794739556472415,-1.4182568334192896e-06
0.8,0.2,14.0,0.29,0.37,18.472599677533132,0.6837722339831621,0.0348183047407213,0.02315,0.016050000000000002,-0.00016794739556472415,-1.4182568334192896e-06
0.8,0.2,16.0,0.29,0.37,18.472599677533132,0.6837722339831621,0.0348183047407213,0.02315,0.016050000000000002,-0.00016794739556472415,-1.4182568334192896e-06
0.8,0.2,18.0,0.29,0.37,18.472599677533132,0.6837722339831621,0.0348183047407213,0.02315,0.016050000000000002,-0.00016794739556472415,-1.4182568334192896e-06
0.8,0.25,,0.29,0.37,18.472599677533132,0.6837722339831621,0.0348183047407213,0.02315,0.016050000000000002,-0.00016794739556472415,-1.4182568334192896e-06
0.8,0.25,2.0,0.29,0.37,18.472599677533132,0.6837722339831621,0.0348183047407213,0.02315,0.016050000000000002,-0.00016794739556472415,-1.4182568334192896e-06
0.8,0.25,4.0,0.29,0.37,18.472599677533132,0.6837722339831621,0.0348183047407213,0.02315,0.016050000000000002,-0.00016794739556472415,-1.4182568334192896e-06
0.8,0.25,6.0,0.29,0.37,18.472599677533132,0.6837722339831621,0.0348183047407213,0.02315,0.016050000000000002,-0.00016794739556472415,-1.4182568334192896e-06
0.8,0.25,8.0,0.29,0.37,18.472599677533132,0.6837722339831621,0.0348183047407213,0.02315,0.016050000000000002,-0.00016794739556472415,-1.4182568334192896e-06
0.8,0.25,10.0,0.29,0.37,18.472599677533132,0.6837722339831621,0.0348183047407213,0.02315,0.016050000000000002,-0.00016794739556472415,-1.4182568334192896e-06
0.8,0.25,12.0,0.29,0.37,18.472599677533132,0.6837722339831621,0.0348183047407213,0.02315,0.016050000000000002,-0.00016794739556472415,-1.4182568334192896e-06
0.8,0.25,14.0,0.29,0.37,18.472599677533132,0.6837722339831621,0.0348183047407213,0.02315,0.016050000000000002,-0.00016794739556472415,-1.4182568334192896e-06
0.8,0.25,16.0,0.29,0.37,18.472599677533132,0.6837722339831621,0.0348183047407213,0.02315,0.016050000000000002,-0.00016794739556472415,-1.4182568334192896e-06
0.8,0.25,18.0,0.29,0.37,18.472599677533132,0.6837722339831621,0.0348183047407213,0.02315,0.016050000000000002,-0.00016794739556472415,-1.4182568334192896e-06
0.8,0.3,,0.29,0.37,18.472599677533132,0.6837722339831621,0.0348183047407213,0.02315,0.016050000000000002,-0.00016794739556472415,-1.4182568334192896e-06
0.8,0.3,2.0,0.29,0.37,18.472599677533132,0.6837722339831621,0.0348183047407213,0.02315,0.016050000000000002,-0.00016794739556472415,-1.4182568334192896e-06
0.8,0.3,4.0,0.29,0.37,18.472599677533132,0.6837722339831621,0.0348183047407213,0.02315,0.016050000000000002,-0.00016794739556472415,-1.4182568334192896e-06
0.8,0.3,6.0,0.29,0.37,18.472599677533132,0.6837722339831621,0.0348183047407213,0.02315,0.016050000000000002,-0.00016794739556472415,-1.4182568334192896e-06
0.8,0.3,8.0,0.29,0.37,18.472599677533132,0.6837722339831621,0.0348183047407213,0.02315,0.016050000000000002,-0.00016794739556472415,-1.4182568334192896e-06
0.8,0.3,10.0,0.29,0.37,18.472599677533132,0.6837722339831621,0.0348183047407213,0.02315,0.016050000000000002,-0.00016794739556472415,-1.4182568334192896e-06
0.8,0.3,12.0,0.29,0.37,18.472599677533132,0.6837722339831621,0.0348183047407213,0.02315,0.016050000000000002,-0.00016794739556472415,-1.4182568334192896e-06
0.8,0.3,14.0,0.29,0.37,18.472599677533132,0.6837722339831621,0.0348183047407213,0.02315,0.016050000000000002,-0.00016794739556472415,-1.4182568334192896e-06
0.8,0.3,16.0,0.29,0.37,18.472599677533132,0.6837722339831621,0.0348183047407213,0.02315,0.016050000000000002,-0.00016794739556472415,-1.4182568334192896e-06
0.8,0.3,18.0,0.29,0.37,18.472599677533132,0.6837722339831621,0.0348183047407213,0.02315,0.016050000000000002,-0.00016794739556472415,-1.4182568334192896e-06
0.8,0.35,,0.29,0.37,18.472599677533132,0.6837722339831621,0.0348183047407213,0.02315,0.016050000000000002,-0.00016794739556472415,-1.4182568334192896e-06
0.8,0.35,2.0,0.29,0.37,18.472599677533132,0.6837722339831621,0.0348183047407213,0.02315,0.016050000000000002,-0.00016794739556472415,-1.4182568334192896e-06
0.8,0.35,4.0,0.29,0.37,18.472599677533132,0.6837722339831621,0.0348183047407213,0.02315,0.016050000000000002,-0.00016794739556472415,-1.4182568334192896e-06
0.8,0.35,6.0,0.29,0.37,18.472599677533132,0.6837722339831621,0.0348183047407213,0.02315,0.016050000000000002,-0.00016794739556472415,-1.4182568334192896e-06
0.8,0.35,8.0,0.29,0.37,18.472599677533132,0.6837722339831621,0.0348183047407213,0.02315,0.016050000000000002,-0.00016794739556472415,-1.4182568334192896e-06
0.8,0.35,10.0,0.29,0.37,18.472599677533132,0.6837722339831621,0.0348183047407213,0.02315,0.016050000000000002,-0.00016794739556472415,-1.4182568334192896e-06
0.8,0.35,12.0,0.29,0.37,18.472599677533132,0.6837722339831621,0.0348183047407213,0.02315,0.016050000000000002,-0.00016794739556472415,-1.4182568334192896e-06
0.8,0.35,14.0,0.29,0.37,18.472599677533132,0.6837722339831621,0.0348183047407213,0.02315,0.016050000000000002,-0.00016794739556472415,-1.4182568334192896e-06
0.8,0.35,16.0,0.29,0.37,18.472599677533132,0.6837722339831621,0.0348183047407213,0.02315,0.016050000000000002,-0.00016794739556472415,-1.4182568334192896e-06
0.8,0.35,18.0,0.29,0.37,18.472599677533132,0.6837722339831621,0.0348183047407213,0.02315,0.016050000000000002,-0.00016794739556472415,-1.4182568334192896e-06
0.8,0.4,,0.29,0.37,18.472599677533132,0.6837722339831621,0.0348183047407213,0.02315,0.016050000000000002,-0.00016794739556472415,-1.4182568334192896e-06
0.8,0.4,2.0,0.29,0.37,18.472599677533132,0.6837722339831621,0.0348183047407213,0.02315,0.016050000000000002,-0.00016794739556472415,-1.4182568334192896e-06
0.8,0.4,4.0,0.29,0.37,18.472599677533132,0.6837722339831621,0.0348183047407213,0.02315,0.016050000000000002,-0.00016794739556472415,-1.4182568334192896e-06
0.8,0.4,6.0,0.29,0.37,18.472599677533132,0.6837722339831621,0.0348183047407213,0.02315,0.016050000000000002,-0.00016794739556472415,-1.4182568334192896e-06
0.8,0.4,8.0,0.29,0.37,18.472599677533132,0.6837722339831621,0.0348183047407213,0.02315,0.016050000000000002,-0.00016794739556472415,-1.4182568334192896e-06
0.8,0.4,10.0,0.29,0.37,18.472599677533132,0.6837722339831621,0.0348183047407213,0.02315,0.016050000000000002,-0.00016794739556472415,-1.4182568334192896e-06
0.8,0.4,12.0,0.29,0.37,18.472599677533132,0.6837722339831621,0.0348183047407213,0.02315,0.016050000000000002,-0.00016794739556472415,-1.4182568334192896e-06
0.8,0.4,14.0,0.29,0.37,18.472599677533132,0.6837722339831621,0.0348183047407213,0.02315,0.016050000000000002,-0.00016794739556472415,-1.4182568334192896e-06
0.8,0.4,16.0,0.29,0.37,18.472599677533132,0.6837722339831621,0.0348183047407213,0.02315,0.016050000000000002,-0.00016794739556472415,-1.4182568334192896e-06
0.8,0.4,18.0,0.29,0.37,18.472599677533132,0.6837722339831621,0.0348183047407213,0.02315,0.016050000000000002,-0.00016794739556472415,-1.4182568334192896e-06
0.8,0.45,,0.29,0.37,18.472599677533132,0.6837722339831621,0.0348183047407213,0.02315,0.016050000000000002,-0.00016794739556472415,-1.4182568334192896e-06
0.8,0.45,2.0,0.29,0.37,18.472599677533132,0.6837722339831621,0.0348183047407213,0.02315,0.016050000000000002,-0.00016794739556472415,-1.4182568334192896e-06
0.8,0.45,4.0,0.29,0.37,18.472599677533132,0.6837722339831621,0.0348183047407213,0.02315,0.016050000000000002,-0.00016794739556472415,-1.4182568334192896e-06
0.8,0.45,6.0,0.29,0.37,18.472599677533132,0.6837722339831621,0.0348183047407213,0.02315,0.016050000000000002,-0.00016794739556472415,-1.4182568334192896e-06
0.8,0.45,8.0,0.29,0.37,18.472599677533132,0.6837722339831621,0.0348183047407213,0.02315,0.016050000000000002,-0.00016794739556472415,-1.4182568334192896e-06
0.8,0.45,10.0,0.29,0.37,18.472599677533132,0.6837722339831621,0.0348183047407213,0.02315,0.016050000000000002,-0.00016794739556472415,-1.4182568334192896e-06
0.8,0.45,12.0,0.29,0.37,18.472599677533132,0.6837722339831621,0.0348183047407213,0.02315,0.016050000000000002,-0.00016794739556472415,-1.4182568334192896e-06
0.8,0.45,14.0,0.29,0.37,18.472599677533132,0.6837722339831621,0.0348183047407213,0.02315,0.016050000000000002,-0.00016794739556472415,-1.4182568334192896e-06
0.8,0.45,16.0,0.29,0.37,18.472599677533132,0.6837722339831621,0.0348183047407213,0.02315,0.016050000000000002,-0.00016794739556472415,-1.4182568334192896e-06
0.8,0.45,18.0,0.29,0.37,18.472599677533132,0.6837722339831621,0.0348183047407213,0.02315,0.016050000000000002,-0.00016794739556472415,-1.4182568334192896e-06
0.8,0.5,,0.29,0.37,18.472599677533132,0.6837722339831621,0.0348183047407213,0.02315,0.016050000000000002,-0.00016794739556472415,-1.4182568334192896e-06
0.8,0.5,2.0,0.29,0.37,18.472599677533132,0.6837722339831621,0.0348183047407213,0.02315,0.016050000000000002,-0.00016794739556472415,-1.4182568334192896e-06
0.8,0.5,4.0,0.29,0.37,18.472599677533132,0.6837722339831621,0.0348183047407213,0.02315,0.016050000000000002,-0.00016794739556472415,-1.4182568334192896e-06
0.8,0.5,6.0,0.29,0.37,18.472599677533132,0.6837722339831621,0.0348183047407213,0.02315,0.016050000000000002,-0.00016794739556472415,-1.4182568334192896e-06
0.8,0.5,8.0,0.29,0.37,18.472599677533132,0.6837722339831621,0.0348183047407213,0.02315,0.016050000000000002,-0.00016794739556472415,-1.4182568334192896e-06
0.8,0.5,10.0,0.29,0.37,18.472599677533132,0.6837722339831621,0.0348183047407213,0.02315,0.016050000000000002,-0.00016794739556472415,-1.4182568334192896e-06
0.8,0.5,12.0,0.29,0.37,18.472599677533132,0.6837722339831621,0.0348183047407213,0.02315,0.016050000000000002,-0.00016794739556472415,-1.4182568334192896e-06
0.8,0.5,14.0,0.29,0.37,18.472599677533132,0.6837722339831621,0.0348183047407213,0.02315,0.016050000000000002,-0.00016794739556472415,-1.4182568334192896e-06
0.8,0.5,16.0,0.29,0.37,18.472599677533132,0.6837722339831621,0.0348183047407213,0.02315,0.016050000000000002,-0.00016794739556472415,-1.4182568334192896e-06
0.8,0.5,18.0,0.29,0.37,18.472599677533132,0.6837722339831621,0.0348183047407213,0.02315,0.016050000000000002,-0.00016794739556472415,-1.4182568334192896e-06
0.8,0.55,,0.29,0.37,18.472599677533132,0.6837722339831621,0.0348183047407213,0.02315,0.016050000000000002,-0.00016794739556472415,-1.4182568334192896e-06
0.8,0.55,2.0,0.29,0.37,18.472599677533132,0.6837722339831621,0.0348183047407213,0.02315,0.016050000000000002,-0.00016794739556472415,-1.4182568334192896e-06
0.8,0.55,4.0,0.29,0.37,18.472599677533132,0.6837722339831621,0.0348183047407213,0.02315,0.016050000000000002,-0.00016794739556472415,-1.4182568334192896e-06
0.8,0.55,6.0,0.29,0.37,18.472599677533132,0.6837722339831621,0.0348183047407213,0.02315,0.016050000000000002,-0.00016794739556472415,-1.4182568334192896e-06
0.8,0.55,8.0,0.29,0.37,18.472599677533132,0.6837722339831621,0.0348183047407213,0.02315,0.016050000000000002,-0.00016794739556472415,-1.4182568334192896e-06
0.8,0.55,10.0,0.29,0.37,18.472599677533132,0.6837722339831621,0.0348183047407213,0.02315,0.016050000000000002,-0.00016794739556472415,-1.4182568334192896e-06
0.8,0.55,12.0,0.29,0.37,18.472599677533132,0.6837722339831621,0.0348183047407213,0.02315,0.016050000000000002,-0.00016794739556472415,-1.4182568334192896e-06
0.8,0.55,14.0,0.29,0.37,18.472599677533132,0.6837722339831621,0.0348183047407213,0.02315,0.016050000000000002,-0.00016794739556472415,-1.4182568334192896e-06
0.8,0.55,16.0,0.29,0.37,18.472599677533132,0.6837722339831621,0.0348183047407213,0.02315,0.016050000000000002,-0.00016794739556472415,-1.4182568334192896e-06
0.8,0.55,18.0,0.29,0.37,18.472599677533132,0.6837722339831621,0.0348183047407213,0.02315,0.016050000000000002,-0.00016794739556472415,-1.4182568334192896e-06
0.8,0.6,,0.29,0.37,18.472599677533132,0.6837722339831621,0.0348183047407213,0.02315,0.016050000000000002,-0.00016794739556472415,-1.4182568334192896e-06
0.8,0.6,2.0,0.29,0.37,18.472599677533132,0.6837722339831621,0.0348183047407213,0.02315,0.016050000000000002,-0.00016794739556472415,-1.4182568334192896e-06
0.8,0.6,4.0,0.29,0.37,18.472599677533132,0.6837722339831621,0.0348183047407213,0.02315,0.016050000000000002,-0.00016794739556472415,-1.4182568334192896e-06
0.8,0.6,6.0,0.29,0.37,18.472599677533132,0.6837722339831621,0.0348183047407213,0.02315,0.016050000000000002,-0.00016794739556472415,-1.4182568334192896e-06
0.8,0.6,8.0,0.29,0.37,18.472599677533132,0.6837722339831621,0.0348183047407213,0.02315,0.016050000000000002,-0.00016794739556472415,-1.4182568334192896e-06
0.8,0.6,10.0,0.29,0.37,18.472599677533132,0.6837722339831621,0.0348183047407213,0.02315,0.016050000000000002,-0.00016794739556472415,-1.4182568334192896e-06
0.8,0.6,12.0,0.29,0.37,18.472599677533132,0.6837722339831621,0.0348183047407213,0.02315,0.016050000000000002,-0.00016794739556472415,-1.4182568334192896e-06
0.8,0.6,14.0,0.29,0.37,18.472599677533132,0.6837722339831621,0.0348183047407213,0.02315,0.016050000000000002,-0.00016794739556472415,-1.4182568334192896e-06
0.8,0.6,16.0,0.29,0.37,18.472599677533132,0.6837722339831621,0.0348183047407213,0.02315,0.016050000000000002,-0.00016794739556472415,-1.4182568334192896e-06
0.8,0.6,18.0,0.29,0.37,18.472599677533132,0.6837722339831621,0.0348183047407213,0.02315,0.016050000000000002,-0.00016794739556472415,-1.4182568334192896e-06
0.8,0.65,,0.29,0.37,18.472599677533132,0.6837722339831621,0.0348183047407213,0.02315,0.016050000000000002,-0.00016794739556472415,-1.4182568334192896e-06
0.8,0.65,2.0,0.29,0.37,18.472599677533132,0.6837722339831621,0.0348183047407213,0.02315,0.016050000000000002,-0.00016794739556472415,-1.4182568334192896e-06
0.8,0.65,4.0,0.29,0.37,18.472599677533132,0.6837722339831621,0.0348183047407213,0.02315,0.016050000000000002,-0.00016794739556472415,-1.4182568334192896e-06
0.8,0.65,6.0,0.29,0.37,18.472599677533132,0.6837722339831621,0.0348183047407213,0.02315,0.016050000000000002,-0.00016794739556472415,-1.4182568334192896e-06
0.8,0.65,8.0,0.29,0.37,18.472599677533132,0.6837722339831621,0.0348183047407213,0.02315,0.016050000000000002,-0.00016794739556472415,-1.4182568334192896e-06
0.8,0.65,10.0,0.29,0.37,18.472599677533132,0.6837722339831621,0.0348183047407213,0.02315,0.016050000000000002,-0.00016794739556472415,-1.4182568334192896e-06
0.8,0.65,12.0,0.29,0.37,18.472599677533132,0.6837722339831621,0.0348183047407213,0.02315,0.016050000000000002,-0.00016794739556472415,-1.4182568334192896e-06
0.8,0.65,14.0,0.29,0.37,18.472599677533132,0.6837722339831621,0.0348183047407213,0.02315,0.016050000000000002,-0.00016794739556472415,-1.4182568334192896e-06
0.8,0.65,16.0,0.29,0.37,18.472599677533132,0.6837722339831621,0.0348183047407213,0.02315,0.016050000000000002,-0.00016794739556472415,-1.4182568334192896e-06
0.8,0.65,18.0,0.29,0.37,18.472599677533132,0.6837722339831621,0.0348183047407213,0.02315,0.016050000000000002,-0.00016794739556472415,-1.4182568334192896e-06
0.8,0.7,,0.29,0.37,18.472599677533132,0.6837722339831621,0.0348183047407213,0.02315,0.016050000000000002,-0.00016794739556472415,-1.4182568334192896e-06
0.8,0.7,2.0,0.29,0.37,18.472599677533132,0.6837722339831621,0.0348183047407213,0.02315,0.016050000000000002,-0.00016794739556472415,-1.4182568334192896e-06
0.8,0.7,4.0,0.29,0.37,18.472599677533132,0.6837722339831621,0.0348183047407213,0.02315,0.016050000000000002,-0.00016794739556472415,-1.4182568334192896e-06
0.8,0.7,6.0,0.29,0.37,18.472599677533132,0.6837722339831621,0.0348183047407213,0.02315,0.016050000000000002,-0.00016794739556472415,-1.4182568334192896e-06
0.8,0.7,8.0,0.29,0.37,18.472599677533132,0.6837722339831621,0.0348183047407213,0.02315,0.016050000000000002,-0.00016794739556472415,-1.4182568334192896e-06
0.8,0.7,10.0,0.29,0.37,18.472599677533132,0.6837722339831621,0.0348183047407213,0.02315,0.016050000000000002,-0.00016794739556472415,-1.4182568334192896e-06
0.8,0.7,12.0,0.29,0.37,18.472599677533132,0.6837722339831621,0.0348183047407213,0.02315,0.016050000000000002,-0.00016794739556472415,-1.4182568334192896e-06
0.8,0.7,14.0,0.29,0.37,18.472599677533132,0.6837722339831621,0.0348183047407213,0.02315,0.016050000000000002,-0.00016794739556472415,-1.4182568334192896e-06
0.8,0.7,16.0,0.29,0.37,18.472599677533132,0.6837722339831621,0.0348183047407213,0.02315,0.016050000000000002,-0.00016794739556472415,-1.4182568334192896e-06
0.8,0.7,18.0,0.29,0.37,18.472599677533132,0.6837722339831621,0.0348183047407213,0.02315,0.016050000000000002,-0.00016794739556472415,-1.4182568334192896e-06
0.8,0.75,,0.29,0.37,18.472599677533132,0.6837722339831621,0.0348183047407213,0.02315,0.016050000000000002,-0.00016794739556472415,-1.4182568334192896e-06
0.8,0.75,2.0,0.29,0.37,18.472599677533132,0.6837722339831621,0.0348183047407213,0.02315,0.016050000000000002,-0.00016794739556472415,-1.4182568334192896e-06
0.8,0.75,4.0,0.29,0.37,18.472599677533132,0.6837722339831621,0.0348183047407213,0.02315,0.016050000000000002,-0.00016794739556472415,-1.4182568334192896e-06
0.8,0.75,6.0,0.29,0.37,18.472599677533132,0.6837722339831621,0.0348183047407213,0.02315,0.016050000000000002,-0.00016794739556472415,-1.4182568334192896e-06
0.8,0.75,8.0,0.29,0.37,18.472599677533132,0.6837722339831621,0.0348183047407213,0.02315,0.016050000000000002,-0.00016794739556472415,-1.4182568334192896e-06
0.8,0.75,10.0,0.29,0.37,18.472599677533132,0.6837722339831621,0.0348183047407213,0.02315,0.016050000000000002,-0.00016794739556472415,-1.4182568334192896e-06
0.8,0.75,12.0,0.29,0.37,18.472599677533132,0.6837722339831621,0.0348183047407213,0.02315,0.016050000000000002,-0.00016794739556472415,-1.4182568334192896e-06
0.8,0.75,14.0,0.29,0.37,18.472599677533132,0.6837722339831621,0.0348183047407213,0.02315,0.016050000000000002,-0.00016794739556472415,-1.4182568334192896e-06
0.8,0.75,16.0,0.29,0.37,18.472599677533132,0.6837722339831621,0.0348183047407213,0.02315,0.016050000000000002,-0.00016794739556472415,-1.4182568334192896e-06
0.8,0.75,18.0,0.29,0.37,18.472599677533132,0.6837722339831621,0.0348183047407213,0.02315,0.016050000000000002,-0.00016794739556472415,-1.4182568334192896e-06
0.8,0.8,,0.29,0.37,18.472599677533132,0.6837722339831621,0.0348183047407213,0.02315,0.016050000000000002,-0.00016794739556472415,-1.4182568334192896e-06
0.8,0.8,2.0,0.29,0.37,18.472599677533132,0.6837722339831621,0.0348183047407213,0.02315,0.016050000000000002,-0.00016794739556472415,-1.4182568334192896e-06
0.8,0.8,4.0,0.29,0.37,18.472599677533132,0.6837722339831621,0.0348183047407213,0.02315,0.016050000000000002,-0.00016794739556472415,-1.4182568334192896e-06
0.8,0.8,6.0,0.29,0.37,18.472599677533132,0.6837722339831621,0.0348183047407213,0.02315,0.016050000000000002,-0.00016794739556472415,-1.4182568334192896e-06
0.8,0.8,8.0,0.29,0.37,18.472599677533132,0.6837722339831621,0.0348183047407213,0.02315,0.016050000000000002,-0.00016794739556472415,-1.4182568334192896e-06
0.8,0.8,10.0,0.29,0.37,18.472599677533132,0.6837722339831621,0.0348183047407213,0.02315,0.016050000000000002,-0.00016794739556472415,-1.4182568334192896e-06
0.8,0.8,12.0,0.29,0.37,18.472599677533132,0.6837722339831621,0.0348183047407213,0.02315,0.016050000000000002,-0.00016794739556472415,-1.4182568334192896e-06
0.8,0.8,14.0,0.29,0.37,18.472599677533132,0.6837722339831621,0.0348183047407213,0.02315,0.016050000000000002,-0.00016794739556472415,-1.4182568334192896e-06
0.8,0.8,16.0,0.29,0.37,18.472599677533132,0.6837722339831621,0.0348183047407213,0.02315,0.016050000000000002,-0.00016794739556472415,-1.4182568334192896e-06
0.8,0.8,18.0,0.29,0.37,18.472599677533132,0.6837722339831621,0.0348183047407213,0.02315,0.016050000000000002,-0.00016794739556472415,-1.4182568334192896e-06
0.8,0.85,,0.29,0.37,18.472599677533132,0.6837722339831621,0.0348183047407213,0.02315,0.016050000000000002,-0.00016794739556472415,-1.4182568334192896e-06
0.8,0.85,2.0,0.29,0.37,18.472599677533132,0.6837722339831621,0.0348183047407213,0.02315,0.016050000000000002,-0.00016794739556472415,-1.4182568334192896e-06
0.8,0.85,4.0,0.29,0.37,18.472599677533132,0.6837722339831621,0.0348183047407213,0.02315,0.016050000000000002,-0.00016794739556472415,-1.4182568334192896e-06
0.8,0.85,6.0,0.29,0.37,18.472599677533132,0.6837722339831621,0.0348183047407213,0.02315,0.016050000000000002,-0.00016794739556472415,-1.4182568334192896e-06
0.8,0.85,8.0,0.29,0.37,18.472599677533132,0.6837722339831621,0.0348183047407213,0.02315,0.016050000000000002,-0.00016794739556472415,-1.4182568334192896e-06
0.8,0.85,10.0,0.29,0.37,18.472599677533132,0.6837722339831621,0.0348183047407213,0.02315,0.016050000000000002,-0.00016794739556472415,-1.4182568334192896e-06
0.8,0.85,12.0,0.29,0.37,18.472599677533132,0.6837722339831621,0.0348183047407213,0.02315,0.016050000000000002,-0.00016794739556472415,-1.4182568334192896e-06
0.8,0.85,14.0,0.29,0.37,18.472599677533132,0.6837722339831621,0.0348183047407213,0.02315,0.016050000000000002,-0.00016794739556472415,-1.4182568334192896e-06
0.8,0.85,16.0,0.29,0.37,18.472599677533132,0.6837722339831621,0.0348183047407213,0.02315,0.016050000000000002,-0.00016794739556472415,-1.4182568334192896e-06
0.8,0.85,18.0,0.29,0.37,18.472599677533132,0.6837722339831621,0.0348183047407213,0.02315,0.016050000000000002,-0.00016794739556472415,-1.4182568334192896e-06
0.8,0.9,,0.29,0.37,18.472599677533132,0.6837722339831621,0.0348183047407213,0.02315,0.016050000000000002,-0.00016794739556472415,-1.4182568334192896e-06
0.8,0.9,2.0,0.29,0.37,18.472599677533132,0.6837722339831621,0.0348183047407213,0.02315,0.016050000000000002,-0.00016794739556472415,-1.4182568334192896e-06
0.8,0.9,4.0,0.29,0.37,18.472599677533132,0.6837722339831621,0.0348183047407213,0.02315,0.016050000000000002,-0.00016794739556472415,-1.4182568334192896e-06
0.8,0.9,6.0,0.29,0.37,18.472599677533132,0.6837722339831621,0.0348183047407213,0.02315,0.016050000000000002,-0.00016794739556472415,-1.4182568334192896e-06
0.8,0.9,8.0,0.29,0.37,18.472599677533132,0.6837722339831621,0.0348183047407213,0.02315,0.016050000000000002,-0.00016794739556472415,-1.4182568334192896e-06
0.8,0.9,10.0,0.29,0.37,18.472599677533132,0.6837722339831621,0.0348183047407213,0.02315,0.016050000000000002,-0.00016794739556472415,-1.4182568334192896e-06
0.8,0.9,12.0,0.29,0.37,18.472599677533132,0.6837722339831621,0.0348183047407213,0.02315,0.016050000000000002,-0.00016794739556472415,-1.4182568334192896e-06
0.8,0.9,14.0,0.29,0.37,18.472599677533132,0.6837722339831621,0.0348183047407213,0.02315,0.016050000000000002,-0.00016794739556472415,-1.4182568334192896e-06
0.8,0.9,16.0,0.29,0.37,18.472599677533132,0.6837722339831621,0.0348183047407213,0.02315,0.016050000000000002,-0.00016794739556472415,-1.4182568334192896e-06
0.8,0.9,18.0,0.29,0.37,18.472599677533132,0.6837722339831621,0.0348183047407213,0.02315,0.016050000000000002,-0.00016794739556472415,-1.4182568334192896e-06
0.8,0.95,,0.29,0.37,18.472599677533132,0.6837722339831621,0.0348183047407213,0.02315,0.016050000000000002,-0.00016794739556472415,-1.4182568334192896e-06
0.8,0.95,2.0,0.29,0.37,18.472599677533132,0.6837722339831621,0.0348183047407213,0.02315,0.016050000000000002,-0.00016794739556472415,-1.4182568334192896e-06
0.8,0.95,4.0,0.29,0.37,18.472599677533132,0.6837722339831621,0.0348183047407213,0.02315,0.016050000000000002,-0.00016794739556472415,-1.4182568334192896e-06
0.8,0.95,6.0,0.29,0.37,18.472599677533132,0.6837722339831621,0.0348183047407213,0.02315,0.016050000000000002,-0.00016794739556472415,-1.4182568334192896e-06
0.8,0.95,8.0,0.29,0.37,18.472599677533132,0.6837722339831621,0.0348183047407213,0.02315,0.016050000000000002,-0.00016794739556472415,-1.4182568334192896e-06
0.8,0.95,10.0,0.29,0.37,18.472599677533132,0.6837722339831621,0.0348183047407213,0.02315,0.016050000000000002,-0.00016794739556472415,-1.4182568334192896e-06
0.8,0.95,12.0,0.29,0.37,18.472599677533132,0.6837722339831621,0.0348183047407213,0.02315,0.016050000000000002,-0.00016794739556472415,-1.4182568334192896e-06
0.8,0.95,14.0,0.29,0.37,18.472599677533132,0.6837722339831621,0.0348183047407213,0.02315,0.016050000000000002,-0.00016794739556472415,-1.4182568334192896e-06
0.8,0.95,16.0,0.29,0.37,18.472599677533132,0.6837722339831621,0.0348183047407213,0.02315,0.016050000000000002,-0.00016794739556472415,-1.4182568334192896e-06
0.8,0.95,18.0,0.29,0.37,18.472599677533132,0.6837722339831621,0.0348183047407213,0.02315,0.016050000000000002,-0.00016794739556472415,-1.4182568334192896e-06
0.8,1.0,,0.29,0.37,18.472599677533132,0.6837722339831621,0.0348183047407213,0.02315,0.016050000000000002,-0.00016794739556472415,-1.4182568334192896e-06
0.8,1.0,2.0,0.29,0.37,18.472599677533132,0.6837722339831621,0.0348183047407213,0.02315,0.016050000000000002,-0.00016794739556472415,-1.4182568334192896e-06
0.8,1.0,4.0,0.29,0.37,18.472599677533132,0.6837722339831621,0.0348183047407213,0.02315,0.016050000000000002,-0.00016794739556472415,-1.4182568334192896e-06
0.8,1.0,6.0,0.29,0.37,18.472599677533132,0.6837722339831621,0.0348183047407213,0.02315,0.016050000000000002,-0.00016794739556472415,-1.4182568334192896e-06
0.8,1.0,8.0,0.29,0.37,18.472599677533132,0.6837722339831621,0.0348183047407213,0.02315,0.016050000000000002,-0.00016794739556472415,-1.4182568334192896e-06
0.8,1.0,10.0,0.29,0.37,18.472599677533132,0.6837722339831621,0.0348183047407213,0.02315,0.016050000000000002,-0.00016794739556472415,-1.4182568334192896e-06
0.8,1.0,12.0,0.29,0.37,18.472599677533132,0.6837722339831621,0.0348183047407213,0.02315,0.016050000000000002,-0.00016794739556472415,-1.4182568334192896e-06
0.8,1.0,14.0,0.29,0.37,18.472599677533132,0.6837722339831621,0.0348183047407213,0.02315,0.016050000000000002,-0.00016794739556472415,-1.4182568334192896e-06
0.8,1.0,16.0,0.29,0.37,18.472599677533132,0.6837722339831621,0.0348183047407213,0.02315,0.016050000000000002,-0.00016794739556472415,-1.4182568334192896e-06
0.8,1.0,18.0,0.29,0.37,18.472599677533132,0.6837722339831621,0.0348183047407213,0.02315,0.016050000000000002,-0.00016794739556472415,-1.4182568334192896e-06
0.85,0.1,,0.29,0.37,18.472599677533132,0.6837722339831621,0.0348183047407213,0.02315,0.016050000000000002,-0.00016794739556472415,-1.4182568334192896e-06
0.85,0.1,2.0,0.29,0.37,18.472599677533132,0.6837722339831621,0.0348183047407213,0.02315,0.016050000000000002,-0.00016794739556472415,-1.4182568334192896e-06
0.85,0.1,4.0,0.29,0.37,18.472599677533132,0.6837722339831621,0.0348183047407213,0.02315,0.016050000000000002,-0.00016794739556472415,-1.4182568334192896e-06
0.85,0.1,6.0,0.29,0.37,18.472599677533132,0.6837722339831621,0.0348183047407213,0.02315,0.016050000000000002,-0.00016794739556472415,-1.4182568334192896e-06
0.85,0.1,8.0,0.29,0.37,18.472599677533132,0.6837722339831621,0.0348183047407213,0.02315,0.016050000000000002,-0.00016794739556472415,-1.4182568334192896e-06
0.85,0.1,10.0,0.29,0.37,18.472599677533132,0.6837722339831621,0.0348183047407213,0.02315,0.016050000000000002,-0.00016794739556472415,-1.4182568334192896e-06
0.85,0.1,12.0,0.29,0.37,18.472599677533132,0.6837722339831621,0.0348183047407213,0.02315,0.016050000000000002,-0.00016794739556472415,-1.4182568334192896e-06
0.85,0.1,14.0,0.29,0.37,18.472599677533132,0.6837722339831621,0.0348183047407213,0.02315,0.016050000000000002,-0.00016794739556472415,-1.4182568334192896e-06
0.85,0.1,16.0,0.29,0.37,18.472599677533132,0.6837722339831621,0.0348183047407213,0.02315,0.016050000000000002,-0.00016794739556472415,-1.4182568334192896e-06
0.85,0.1,18.0,0.29,0.37,18.472599677533132,0.6837722339831621,0.0348183047407213,0.02315,0.016050000000000002,-0.00016794739556472415,-1.4182568334192896e-06
0.85,0.15,,0.29,0.37,18.472599677533132,0.6837722339831621,0.0348183047407213,0.02315,0.016050000000000002,-0.00016794739556472415,-1.4182568334192896e-06
0.85,0.15,2.0,0.29,0.37,18.472599677533132,0.6837722339831621,0.0348183047407213,0.02315,0.016050000000000002,-0.00016794739556472415,-1.4182568334192896e-06
0.85,0.15,4.0,0.29,0.37,18.472599677533132,0.6837722339831621,0.0348183047407213,0.02315,0.016050000000000002,-0.00016794739556472415,-1.4182568334192896e-06
0.85,0.15,6.0,0.29,0.37,18.472599677533132,0.6837722339831621,0.0348183047407213,0.02315,0.016050000000000002,-0.00016794739556472415,-1.4182568334192896e-06
0.85,0.15,8.0,0.29,0.37,18.472599677533132,0.6837722339831621,0.0348183047407213,0.02315,0.016050000000000002,-0.00016794739556472415,-1.4182568334192896e-06
0.85,0.15,10.0,0.29,0.37,18.472599677533132,0.6837722339831621,0.0348183047407213,0.02315,0.016050000000000002,-0.00016794739556472415,-1.4182568334192896e-06
0.85,0.15,12.0,0.29,0.37,18.472599677533132,0.6837722339831621,0.0348183047407213,0.02315,0.016050000000000002,-0.00016794739556472415,-1.4182568334192896e-06
0.85,0.15,14.0,0.29,0.37,18.472599677533132,0.6837722339831621,0.0348183047407213,0.02315,0.016050000000000002,-0.00016794739556472415,-1.4182568334192896e-06
0.85,0.15,16.0,0.29,0.37,18.472599677533132,0.6837722339831621,0.0348183047407213,0.02315,0.016050000000000002,-0.00016794739556472415,-1.4182568334192896e-06
0.85,0.15,18.0,0.29,0.37,18.472599677533132,0.6837722339831621,0.0348183047407213,0.02315,0.016050000000000002,-0.00016794739556472415,-1.4182568334192896e-06
0.85,0.2,,0.29,0.37,18.472599677533132,0.6837722339831621,0.0348183047407213,0.02315,0.016050000000000002,-0.00016794739556472415,-1.4182568334192896e-06
0.85,0.2,2.0,0.29,0.37,18.472599677533132,0.6837722339831621,0.0348183047407213,0.02315,0.016050000000000002,-0.00016794739556472415,-1.4182568334192896e-06
0.85,0.2,4.0,0.29,0.37,18.472599677533132,0.6837722339831621,0.0348183047407213,0.02315,0.016050000000000002,-0.00016794739556472415,-1.4182568334192896e-06
0.85,0.2,6.0,0.29,0.37,18.472599677533132,0.6837722339831621,0.0348183047407213,0.02315,0.016050000000000002,-0.00016794739556472415,-1.4182568334192896e-06
0.85,0.2,8.0,0.29,0.37,18.472599677533132,0.6837722339831621,0.0348183047407213,0.02315,0.016050000000000002,-0.00016794739556472415,-1.4182568334192896e-06
0.85,0.2,10.0,0.29,0.37,18.472599677533132,0.6837722339831621,0.0348183047407213,0.02315,0.016050000000000002,-0.00016794739556472415,-1.4182568334192896e-06
0.85,0.2,12.0,0.29,0.37,18.472599677533132,0.6837722339831621,0.0348183047407213,0.02315,0.016050000000000002,-0.00016794739556472415,-1.4182568334192896e-06
0.85,0.2,14.0,0.29,0.37,18.472599677533132,0.6837722339831621,0.0348183047407213,0.02315,0.016050000000000002,-0.00016794739556472415,-1.4182568334192896e-06
0.85,0.2,16.0,0.29,0.37,18.472599677533132,0.6837722339831621,0.0348183047407213,0.02315,0.016050000000000002,-0.00016794739556472415,-1.4182568334192896e-06
0.85,0.2,18.0,0.29,0.37,18.472599677533132,0.6837722339831621,0.0348183047407213,0.02315,0.016050000000000002,-0.00016794739556472415,-1.4182568334192896e-06
0.85,0.25,,0.29,0.37,18.472599677533132,0.6837722339831621,0.0348183047407213,0.02315,0.016050000000000002,-0.00016794739556472415,-1.4182568334192896e-06
0.85,0.25,2.0,0.29,0.37,18.472599677533132,0.6837722339831621,0.0348183047407213,0.02315,0.016050000000000002,-0.00016794739556472415,-1.4182568334192896e-06
0.85,0.25,4.0,0.29,0.37,18.472599677533132,0.6837722339831621,0.0348183047407213,0.02315,0.016050000000000002,-0.00016794739556472415,-1.4182568334192896e-06
0.85,0.25,6.0,0.29,0.37,18.472599677533132,0.6837722339831621,0.0348183047407213,0.02315,0.016050000000000002,-0.00016794739556472415,-1.4182568334192896e-06
0.85,0.25,8.0,0.29,0.37,18.472599677533132,0.6837722339831621,0.0348183047407213,0.02315,0.016050000000000002,-0.00016794739556472415,-1.4182568334192896e-06
0.85,0.25,10.0,0.29,0.37,18.472599677533132,0.6837722339831621,0.0348183047407213,0.02315,0.016050000000000002,-0.00016794739556472415,-1.4182568334192896e-06
0.85,0.25,12.0,0.29,0.37,18.472599677533132,0.6837722339831621,0.0348183047407213,0.02315,0.016050000000000002,-0.00016794739556472415,-1.4182568334192896e-06
0.85,0.25,14.0,0.29,0.37,18.472599677533132,0.6837722339831621,0.0348183047407213,0.02315,0.016050000000000002,-0.00016794739556472415,-1.4182568334192896e-06
0.85,0.25,16.0,0.29,0.37,18.472599677533132,0.6837722339831621,0.0348183047407213,0.02315,0.016050000000000002,-0.00016794739556472415,-1.4182568334192896e-06
0.85,0.25,18.0,0.29,0.37,18.472599677533132,0.6837722339831621,0.0348183047407213,0.02315,0.016050000000000002,-0.00016794739556472415,-1.4182568334192896e-06
0.85,0.3,,0.29,0.37,18.472599677533132,0.6837722339831621,0.0348183047407213,0.02315,0.016050000000000002,-0.00016794739556472415,-1.4182568334192896e-06
0.85,0.3,2.0,0.29,0.37,18.472599677533132,0.6837722339831621,0.0348183047407213,0.02315,0.016050000000000002,-0.00016794739556472415,-1.4182568334192896e-06
0.85,0.3,4.0,0.29,0.37,18.472599677533132,0.6837722339831621,0.0348183047407213,0.02315,0.016050000000000002,-0.00016794739556472415,-1.4182568334192896e-06
0.85,0.3,6.0,0.29,0.37,18.472599677533132,0.6837722339831621,0.0348183047407213,0.02315,0.016050000000000002,-0.00016794739556472415,-1.4182568334192896e-06
0.85,0.3,8.0,0.29,0.37,18.472599677533132,0.6837722339831621,0.0348183047407213,0.02315,0.016050000000000002,-0.00016794739556472415,-1.4182568334192896e-06
0.85,0.3,10.0,0.29,0.37,18.472599677533132,0.6837722339831621,0.0348183047407213,0.02315,0.016050000000000002,-0.00016794739556472415,-1.4182568334192896e-06
0.85,0.3,12.0,0.29,0.37,18.472599677533132,0.6837722339831621,0.0348183047407213,0.02315,0.016050000000000002,-0.00016794739556472415,-1.4182568334192896e-06
0.85,0.3,14.0,0.29,0.37,18.472599677533132,0.6837722339831621,0.0348183047407213,0.02315,0.016050000000000002,-0.00016794739556472415,-1.4182568334192896e-06
0.85,0.3,16.0,0.29,0.37,18.472599677533132,0.6837722339831621,0.0348183047407213,0.02315,0.016050000000000002,-0.00016794739556472415,-1.4182568334192896e-06
0.85,0.3,18.0,0.29,0.37,18.472599677533132,0.6837722339831621,0.0348183047407213,0.02315,0.016050000000000002,-0.00016794739556472415,-1.4182568334192896e-06
0.85,0.35,,0.29,0.37,18.472599677533132,0.6837722339831621,0.0348183047407213,0.02315,0.016050000000000002,-0.00016794739556472415,-1.4182568334192896e-06
0.85,0.35,2.0,0.29,0.37,18.472599677533132,0.6837722339831621,0.0348183047407213,0.02315,0.016050000000000002,-0.00016794739556472415,-1.4182568334192896e-06
0.85,0.35,4.0,0.29,0.37,18.472599677533132,0.6837722339831621,0.0348183047407213,0.02315,0.016050000000000002,-0.00016794739556472415,-1.4182568334192896e-06
0.85,0.35,6.0,0.29,0.37,18.472599677533132,0.6837722339831621,0.0348183047407213,0.02315,0.016050000000000002,-0.00016794739556472415,-1.4182568334192896e-06
0.85,0.35,8.0,0.29,0.37,18.472599677533132,0.6837722339831621,0.0348183047407213,0.02315,0.016050000000000002,-0.00016794739556472415,-1.4182568334192896e-06
0.85,0.35,10.0,0.29,0.37,18.472599677533132,0.6837722339831621,0.0348183047407213,0.02315,0.016050000000000002,-0.00016794739556472415,-1.4182568334192896e-06
0.85,0.35,12.0,0.29,0.37,18.472599677533132,0.6837722339831621,0.0348183047407213,0.02315,0.016050000000000002,-0.00016794739556472415,-1.4182568334192896e-06
0.85,0.35,14.0,0.29,0.37,18.472599677533132,0.6837722339831621,0.0348183047407213,0.02315,0.016050000000000002,-0.00016794739556472415,-1.4182568334192896e-06
0.85,0.35,16.0,0.29,0.37,18.472599677533132,0.6837722339831621,0.0348183047407213,0.02315,0.016050000000000002,-0.00016794739556472415,-1.4182568334192896e-06
0.85,0.35,18.0,0.29,0.37,18.472599677533132,0.6837722339831621,0.0348183047407213,0.02315,0.016050000000000002,-0.00016794739556472415,-1.4182568334192896e-06
0.85,0.4,,0.29,0.37,18.472599677533132,0.6837722339831621,0.0348183047407213,0.02315,0.016050000000000002,-0.00016794739556472415,-1.4182568334192896e-06
0.85,0.4,2.0,0.29,0.37,18.472599677533132,0.6837722339831621,0.0348183047407213,0.02315,0.016050000000000002,-0.00016794739556472415,-1.4182568334192896e-06
0.85,0.4,4.0,0.29,0.37,18.472599677533132,0.6837722339831621,0.0348183047407213,0.02315,0.016050000000000002,-0.00016794739556472415,-1.4182568334192896e-06
0.85,0.4,6.0,0.29,0.37,18.472599677533132,0.6837722339831621,0.0348183047407213,0.02315,0.016050000000000002,-0.00016794739556472415,-1.4182568334192896e-06
0.85,0.4,8.0,0.29,0.37,18.472599677533132,0.6837722339831621,0.0348183047407213,0.02315,0.016050000000000002,-0.00016794739556472415,-1.4182568334192896e-06
0.85,0.4,10.0,0.29,0.37,18.472599677533132,0.6837722339831621,0.0348183047407213,0.02315,0.016050000000000002,-0.00016794739556472415,-1.4182568334192896e-06
0.85,0.4,12.0,0.29,0.37,18.472599677533132,0.6837722339831621,0.0348183047407213,0.02315,0.016050000000000002,-0.00016794739556472415,-1.4182568334192896e-06
0.85,0.4,14.0,0.29,0.37,18.472599677533132,0.6837722339831621,0.0348183047407213,0.02315,0.016050000000000002,-0.00016794739556472415,-1.4182568334192896e-06
0.85,0.4,16.0,0.29,0.37,18.472599677533132,0.6837722339831621,0.0348183047407213,0.02315,0.016050000000000002,-0.00016794739556472415,-1.4182568334192896e-06
0.85,0.4,18.0,0.29,0.37,18.472599677533132,0.6837722339831621,0.0348183047407213,0.02315,0.016050000000000002,-0.00016794739556472415,-1.4182568334192896e-06
0.85,0.45,,0.29,0.37,18.472599677533132,0.6837722339831621,0.0348183047407213,0.02315,0.016050000000000002,-0.00016794739556472415,-1.4182568334192896e-06
0.85,0.45,2.0,0.29,0.37,18.472599677533132,0.6837722339831621,0.0348183047407213,0.02315,0.016050000000000002,-0.00016794739556472415,-1.4182568334192896e-06
0.85,0.45,4.0,0.29,0.37,18.472599677533132,0.6837722339831621,0.0348183047407213,0.02315,0.016050000000000002,-0.00016794739556472415,-1.4182568334192896e-06
0.85,0.45,6.0,0.29,0.37,18.472599677533132,0.6837722339831621,0.0348183047407213,0.02315,0.016050000000000002,-0.00016794739556472415,-1.4182568334192896e-06
0.85,0.45,8.0,0.29,0.37,18.472599677533132,0.6837722339831621,0.0348183047407213,0.02315,0.016050000000000002,-0.00016794739556472415,-1.4182568334192896e-06
0.85,0.45,10.0,0.29,0.37,18.472599677533132,0.6837722339831621,0.0348183047407213,0.02315,0.016050000000000002,-0.00016794739556472415,-1.4182568334192896e-06
0.85,0.45,12.0,0.29,0.37,18.472599677533132,0.6837722339831621,0.0348183047407213,0.02315,0.016050000000000002,-0.00016794739556472415,-1.4182568334192896e-06
0.85,0.45,14.0,0.29,0.37,18.472599677533132,0.6837722339831621,0.0348183047407213,0.02315,0.016050000000000002,-0.00016794739556472415,-1.4182568334192896e-06
0.85,0.45,16.0,0.29,0.37,18.472599677533132,0.6837722339831621,0.0348183047407213,0.02315,0.016050000000000002,-0.00016794739556472415,-1.4182568334192896e-06
0.85,0.45,18.0,0.29,0.37,18.472599677533132,0.6837722339831621,0.0348183047407213,0.02315,0.016050000000000002,-0.00016794739556472415,-1.4182568334192896e-06
0.85,0.5,,0.29,0.37,18.472599677533132,0.6837722339831621,0.0348183047407213,0.02315,0.016050000000000002,-0.00016794739556472415,-1.4182568334192896e-06
0.85,0.5,2.0,0.29,0.37,18.472599677533132,0.6837722339831621,0.0348183047407213,0.02315,0.016050000000000002,-0.00016794739556472415,-1.4182568334192896e-06
0.85,0.5,4.0,0.29,0.37,18.472599677533132,0.6837722339831621,0.0348183047407213,0.02315,0.016050000000000002,-0.00016794739556472415,-1.4182568334192896e-06
0.85,0.5,6.0,0.29,0.37,18.472599677533132,0.6837722339831621,0.0348183047407213,0.02315,0.016050000000000002,-0.00016794739556472415,-1.4182568334192896e-06
0.85,0.5,8.0,0.29,0.37,18.472599677533132,0.6837722339831621,0.0348183047407213,0.02315,0.016050000000000002,-0.00016794739556472415,-1.4182568334192896e-06
0.85,0.5,10.0,0.29,0.37,18.472599677533132,0.6837722339831621,0.0348183047407213,0.02315,0.016050000000000002,-0.00016794739556472415,-1.4182568334192896e-06
0.85,0.5,12.0,0.29,0.37,18.472599677533132,0.6837722339831621,0.0348183047407213,0.02315,0.016050000000000002,-0.00016794739556472415,-1.4182568334192896e-06
0.85,0.5,14.0,0.29,0.37,18.472599677533132,0.6837722339831621,0.0348183047407213,0.02315,0.016050000000000002,-0.00016794739556472415,-1.4182568334192896e-06
0.85,0.5,16.0,0.29,0.37,18.472599677533132,0.6837722339831621,0.0348183047407213,0.02315,0.016050000000000002,-0.00016794739556472415,-1.4182568334192896e-06
0.85,0.5,18.0,0.29,0.37,18.472599677533132,0.6837722339831621,0.0348183047407213,0.02315,0.016050000000000002,-0.00016794739556472415,-1.4182568334192896e-06
0.85,0.55,,0.29,0.37,18.472599677533132,0.6837722339831621,0.0348183047407213,0.02315,0.016050000000000002,-0.00016794739556472415,-1.4182568334192896e-06
0.85,0.55,2.0,0.29,0.37,18.472599677533132,0.6837722339831621,0.0348183047407213,0.02315,0.016050000000000002,-0.00016794739556472415,-1.4182568334192896e-06
0.85,0.55,4.0,0.29,0.37,18.472599677533132,0.6837722339831621,0.0348183047407213,0.02315,0.016050000000000002,-0.00016794739556472415,-1.4182568334192896e-06
0.85,0.55,6.0,0.29,0.37,18.472599677533132,0.6837722339831621,0.0348183047407213,0.02315,0.016050000000000002,-0.00016794739556472415,-1.4182568334192896e-06
0.85,0.55,8.0,0.29,0.37,18.472599677533132,0.6837722339831621,0.0348183047407213,0.02315,0.016050000000000002,-0.00016794739556472415,-1.4182568334192896e-06
0.85,0.55,10.0,0.29,0.37,18.472599677533132,0.6837722339831621,0.0348183047407213,0.02315,0.016050000000000002,-0.00016794739556472415,-1.4182568334192896e-06
0.85,0.55,12.0,0.29,0.37,18.472599677533132,0.6837722339831621,0.0348183047407213,0.02315,0.016050000000000002,-0.00016794739556472415,-1.4182568334192896e-06
0.85,0.55,14.0,0.29,0.37,18.472599677533132,0.6837722339831621,0.0348183047407213,0.02315,0.016050000000000002,-0.00016794739556472415,-1.4182568334192896e-06
0.85,0.55,16.0,0.29,0.37,18.472599677533132,0.6837722339831621,0.0348183047407213,0.02315,0.016050000000000002,-0.00016794739556472415,-1.4182568334192896e-06
0.85,0.55,18.0,0.29,0.37,18.472599677533132,0.6837722339831621,0.0348183047407213,0.02315,0.016050000000000002,-0.00016794739556472415,-1.4182568334192896e-06
0.85,0.6,,0.29,0.37,18.472599677533132,0.6837722339831621,0.0348183047407213,0.02315,0.016050000000000002,-0.00016794739556472415,-1.4182568334192896e-06
0.85,0.6,2.0,0.29,0.37,18.472599677533132,0.6837722339831621,0.0348183047407213,0.02315,0.016050000000000002,-0.00016794739556472415,-1.4182568334192896e-06
0.85,0.6,4.0,0.29,0.37,18.472599677533132,0.6837722339831621,0.0348183047407213,0.02315,0.016050000000000002,-0.00016794739556472415,-1.4182568334192896e-06
0.85,0.6,6.0,0.29,0.37,18.472599677533132,0.6837722339831621,0.0348183047407213,0.02315,0.016050000000000002,-0.00016794739556472415,-1.4182568334192896e-06
0.85,0.6,8.0,0.29,0.37,18.472599677533132,0.6837722339831621,0.0348183047407213,0.02315,0.016050000000000002,-0.00016794739556472415,-1.4182568334192896e-06
0.85,0.6,10.0,0.29,0.37,18.472599677533132,0.6837722339831621,0.0348183047407213,0.02315,0.016050000000000002,-0.00016794739556472415,-1.4182568334192896e-06
0.85,0.6,12.0,0.29,0.37,18.472599677533132,0.6837722339831621,0.0348183047407213,0.02315,0.016050000000000002,-0.00016794739556472415,-1.4182568334192896e-06
0.85,0.6,14.0,0.29,0.37,18.472599677533132,0.6837722339831621,0.0348183047407213,0.02315,0.016050000000000002,-0.00016794739556472415,-1.4182568334192896e-06
0.85,0.6,16.0,0.29,0.37,18.472599677533132,0.6837722339831621,0.0348183047407213,0.02315,0.016050000000000002,-0.00016794739556472415,-1.4182568334192896e-06
0.85,0.6,18.0,0.29,0.37,18.472599677533132,0.6837722339831621,0.0348183047407213,0.02315,0.016050000000000002,-0.00016794739556472415,-1.4182568334192896e-06
0.85,0.65,,0.29,0.37,18.472599677533132,0.6837722339831621,0.0348183047407213,0.02315,0.016050000000000002,-0.00016794739556472415,-1.4182568334192896e-06
0.85,0.65,2.0,0.29,0.37,18.472599677533132,0.6837722339831621,0.0348183047407213,0.02315,0.016050000000000002,-0.00016794739556472415,-1.4182568334192896e-06
0.85,0.65,4.0,0.29,0.37,18.472599677533132,0.6837722339831621,0.0348183047407213,0.02315,0.016050000000000002,-0.00016794739556472415,-1.4182568334192896e-06
0.85,0.65,6.0,0.29,0.37,18.472599677533132,0.6837722339831621,0.0348183047407213,0.02315,0.016050000000000002,-0.00016794739556472415,-1.4182568334192896e-06
0.85,0.65,8.0,0.29,0.37,18.472599677533132,0.6837722339831621,0.0348183047407213,0.02315,0.016050000000000002,-0.00016794739556472415,-1.4182568334192896e-06
0.85,0.65,10.0,0.29,0.37,18.472599677533132,0.6837722339831621,0.0348183047407213,0.02315,0.016050000000000002,-0.00016794739556472415,-1.4182568334192896e-06
0.85,0.65,12.0,0.29,0.37,18.472599677533132,0.6837722339831621,0.0348183047407213,0.02315,0.016050000000000002,-0.00016794739556472415,-1.4182568334192896e-06
0.85,0.65,14.0,0.29,0.37,18.472599677533132,0.6837722339831621,0.0348183047407213,0.02315,0.016050000000000002,-0.00016794739556472415,-1.4182568334192896e-06
0.85,0.65,16.0,0.29,0.37,18.472599677533132,0.6837722339831621,0.0348183047407213,0.02315,0.016050000000000002,-0.00016794739556472415,-1.4182568334192896e-06
0.85,0.65,18.0,0.29,0.37,18.472599677533132,0.6837722339831621,0.0348183047407213,0.02315,0.016050000000000002,-0.00016794739556472415,-1.4182568334192896e-06
0.85,0.7,,0.29,0.37,18.472599677533132,0.6837722339831621,0.0348183047407213,0.02315,0.016050000000000002,-0.00016794739556472415,-1.4182568334192896e-06
0.85,0.7,2.0,0.29,0.37,18.472599677533132,0.6837722339831621,0.0348183047407213,0.02315,0.016050000000000002,-0.00016794739556472415,-1.4182568334192896e-06
0.85,0.7,4.0,0.29,0.37,18.472599677533132,0.6837722339831621,0.0348183047407213,0.02315,0.016050000000000002,-0.00016794739556472415,-1.4182568334192896e-06
0.85,0.7,6.0,0.29,0.37,18.472599677533132,0.6837722339831621,0.0348183047407213,0.02315,0.016050000000000002,-0.00016794739556472415,-1.4182568334192896e-06
0.85,0.7,8.0,0.29,0.37,18.472599677533132,0.6837722339831621,0.0348183047407213,0.02315,0.016050000000000002,-0.00016794739556472415,-1.4182568334192896e-06
0.85,0.7,10.0,0.29,0.37,18.472599677533132,0.6837722339831621,0.0348183047407213,0.02315,0.016050000000000002,-0.00016794739556472415,-1.4182568334192896e-06
0.85,0.7,12.0,0.29,0.37,18.472599677533132,0.6837722339831621,0.0348183047407213,0.02315,0.016050000000000002,-0.00016794739556472415,-1.4182568334192896e-06
0.85,0.7,14.0,0.29,0.37,18.472599677533132,0.6837722339831621,0.0348183047407213,0.02315,0.016050000000000002,-0.00016794739556472415,-1.4182568334192896e-06
0.85,0.7,16.0,0.29,0.37,18.472599677533132,0.6837722339831621,0.0348183047407213,0.02315,0.016050000000000002,-0.00016794739556472415,-1.4182568334192896e-06
0.85,0.7,18.0,0.29,0.37,18.472599677533132,0.6837722339831621,0.0348183047407213,0.02315,0.016050000000000002,-0.00016794739556472415,-1.4182568334192896e-06
0.85,0.75,,0.29,0.37,18.472599677533132,0.6837722339831621,0.0348183047407213,0.02315,0.016050000000000002,-0.00016794739556472415,-1.4182568334192896e-06
0.85,0.75,2.0,0.29,0.37,18.472599677533132,0.6837722339831621,0.0348183047407213,0.02315,0.016050000000000002,-0.00016794739556472415,-1.4182568334192896e-06
0.85,0.75,4.0,0.29,0.37,18.472599677533132,0.6837722339831621,0.0348183047407213,0.02315,0.016050000000000002,-0.00016794739556472415,-1.4182568334192896e-06
0.85,0.75,6.0,0.29,0.37,18.472599677533132,0.6837722339831621,0.0348183047407213,0.02315,0.016050000000000002,-0.00016794739556472415,-1.4182568334192896e-06
0.85,0.75,8.0,0.29,0.37,18.472599677533132,0.6837722339831621,0.0348183047407213,0.02315,0.016050000000000002,-0.00016794739556472415,-1.4182568334192896e-06
0.85,0.75,10.0,0.29,0.37,18.472599677533132,0.6837722339831621,0.0348183047407213,0.02315,0.016050000000000002,-0.00016794739556472415,-1.4182568334192896e-06
0.85,0.75,12.0,0.29,0.37,18.472599677533132,0.6837722339831621,0.0348183047407213,0.02315,0.016050000000000002,-0.00016794739556472415,-1.4182568334192896e-06
0.85,0.75,14.0,0.29,0.37,18.472599677533132,0.6837722339831621,0.0348183047407213,0.02315,0.016050000000000002,-0.00016794739556472415,-1.4182568334192896e-06
0.85,0.75,16.0,0.29,0.37,18.472599677533132,0.6837722339831621,0.0348183047407213,0.02315,0.016050000000000002,-0.00016794739556472415,-1.4182568334192896e-06
0.85,0.75,18.0,0.29,0.37,18.472599677533132,0.6837722339831621,0.0348183047407213,0.02315,0.016050000000000002,-0.00016794739556472415,-1.4182568334192896e-06
0.85,0.8,,0.29,0.37,18.472599677533132,0.6837722339831621,0.0348183047407213,0.02315,0.016050000000000002,-0.00016794739556472415,-1.4182568334192896e-06
0.85,0.8,2.0,0.29,0.37,18.472599677533132,0.6837722339831621,0.0348183047407213,0.02315,0.016050000000000002,-0.00016794739556472415,-1.4182568334192896e-06
0.85,0.8,4.0,0.29,0.37,18.472599677533132,0.6837722339831621,0.0348183047407213,0.02315,0.016050000000000002,-0.00016794739556472415,-1.4182568334192896e-06
0.85,0.8,6.0,0.29,0.37,18.472599677533132,0.6837722339831621,0.0348183047407213,0.02315,0.016050000000000002,-0.00016794739556472415,-1.4182568334192896e-06
0.85,0.8,8.0,0.29,0.37,18.472599677533132,0.6837722339831621,0.0348183047407213,0.02315,0.016050000000000002,-0.00016794739556472415,-1.4182568334192896e-06
0.85,0.8,10.0,0.29,0.37,18.472599677533132,0.6837722339831621,0.0348183047407213,0.02315,0.016050000000000002,-0.00016794739556472415,-1.4182568334192896e-06
0.85,0.8,12.0,0.29,0.37,18.472599677533132,0.6837722339831621,0.0348183047407213,0.02315,0.016050000000000002,-0.00016794739556472415,-1.4182568334192896e-06
0.85,0.8,14.0,0.29,0.37,18.472599677533132,0.6837722339831621,0.0348183047407213,0.02315,0.016050000000000002,-0.00016794739556472415,-1.4182568334192896e-06
0.85,0.8,16.0,0.29,0.37,18.472599677533132,0.6837722339831621,0.0348183047407213,0.02315,0.016050000000000002,-0.00016794739556472415,-1.4182568334192896e-06
0.85,0.8,18.0,0.29,0.37,18.472599677533132,0.6837722339831621,0.0348183047407213,0.02315,0.016050000000000002,-0.00016794739556472415,-1.4182568334192896e-06
0.85,0.85,,0.29,0.37,18.472599677533132,0.6837722339831621,0.0348183047407213,0.02315,0.016050000000000002,-0.00016794739556472415,-1.4182568334192896e-06
0.85,0.85,2.0,0.29,0.37,18.472599677533132,0.6837722339831621,0.0348183047407213,0.02315,0.016050000000000002,-0.00016794739556472415,-1.4182568334192896e-06
0.85,0.85,4.0,0.29,0.37,18.472599677533132,0.6837722339831621,0.0348183047407213,0.02315,0.016050000000000002,-0.00016794739556472415,-1.4182568334192896e-06
0.85,0.85,6.0,0.29,0.37,18.472599677533132,0.6837722339831621,0.0348183047407213,0.02315,0.016050000000000002,-0.00016794739556472415,-1.4182568334192896e-06
0.85,0.85,8.0,0.29,0.37,18.472599677533132,0.6837722339831621,0.0348183047407213,0.02315,0.016050000000000002,-0.00016794739556472415,-1.4182568334192896e-06
0.85,0.85,10.0,0.29,0.37,18.472599677533132,0.6837722339831621,0.0348183047407213,0.02315,0.016050000000000002,-0.00016794739556472415,-1.4182568334192896e-06
0.85,0.85,12.0,0.29,0.37,18.472599677533132,0.6837722339831621,0.0348183047407213,0.02315,0.016050000000000002,-0.00016794739556472415,-1.4182568334192896e-06
0.85,0.85,14.0,0.29,0.37,18.472599677533132,0.6837722339831621,0.0348183047407213,0.02315,0.016050000000000002,-0.00016794739556472415,-1.4182568334192896e-06
0.85,0.85,16.0,0.29,0.37,18.472599677533132,0.6837722339831621,0.0348183047407213,0.02315,0.016050000000000002,-0.00016794739556472415,-1.4182568334192896e-06
0.85,0.85,18.0,0.29,0.37,18.472599677533132,0.6837722339831621,0.0348183047407213,0.02315,0.016050000000000002,-0.00016794739556472415,-1.4182568334192896e-06
0.85,0.9,,0.29,0.37,18.472599677533132,0.6837722339831621,0.0348183047407213,0.02315,0.016050000000000002,-0.00016794739556472415,-1.4182568334192896e-06
0.85,0.9,2.0,0.29,0.37,18.472599677533132,0.6837722339831621,0.0348183047407213,0.02315,0.016050000000000002,-0.00016794739556472415,-1.4182568334192896e-06
0.85,0.9,4.0,0.29,0.37,18.472599677533132,0.6837722339831621,0.0348183047407213,0.02315,0.016050000000000002,-0.00016794739556472415,-1.4182568334192896e-06
0.85,0.9,6.0,0.29,0.37,18.472599677533132,0.6837722339831621,0.0348183047407213,0.02315,0.016050000000000002,-0.00016794739556472415,-1.4182568334192896e-06
0.85,0.9,8.0,0.29,0.37,18.472599677533132,0.6837722339831621,0.0348183047407213,0.02315,0.016050000000000002,-0.00016794739556472415,-1.4182568334192896e-06
0.85,0.9,10.0,0.29,0.37,18.472599677533132,0.6837722339831621,0.0348183047407213,0.02315,0.016050000000000002,-0.00016794739556472415,-1.4182568334192896e-06
0.85,0.9,12.0,0.29,0.37,18.472599677533132,0.6837722339831621,0.0348183047407213,0.02315,0.016050000000000002,-0.00016794739556472415,-1.4182568334192896e-06
0.85,0.9,14.0,0.29,0.37,18.472599677533132,0.6837722339831621,0.0348183047407213,0.02315,0.016050000000000002,-0.00016794739556472415,-1.4182568334192896e-06
0.85,0.9,16.0,0.29,0.37,18.472599677533132,0.6837722339831621,0.0348183047407213,0.02315,0.016050000000000002,-0.00016794739556472415,-1.4182568334192896e-06
0.85,0.9,18.0,0.29,0.37,18.472599677533132,0.6837722339831621,0.0348183047407213,0.02315,0.016050000000000002,-0.00016794739556472415,-1.4182568334192896e-06
0.85,0.95,,0.29,0.37,18.472599677533132,0.6837722339831621,0.0348183047407213,0.02315,0.016050000000000002,-0.00016794739556472415,-1.4182568334192896e-06
0.85,0.95,2.0,0.29,0.37,18.472599677533132,0.6837722339831621,0.0348183047407213,0.02315,0.016050000000000002,-0.00016794739556472415,-1.4182568334192896e-06
0.85,0.95,4.0,0.29,0.37,18.472599677533132,0.6837722339831621,0.0348183047407213,0.02315,0.016050000000000002,-0.00016794739556472415,-1.4182568334192896e-06
0.85,0.95,6.0,0.29,0.37,18.472599677533132,0.6837722339831621,0.0348183047407213,0.02315,0.016050000000000002,-0.00016794739556472415,-1.4182568334192896e-06
0.85,0.95,8.0,0.29,0.37,18.472599677533132,0.6837722339831621,0.0348183047407213,0.02315,0.016050000000000002,-0.00016794739556472415,-1.4182568334192896e-06
0.85,0.95,10.0,0.29,0.37,18.472599677533132,0.6837722339831621,0.0348183047407213,0.02315,0.016050000000000002,-0.00016794739556472415,-1.4182568334192896e-06
0.85,0.95,12.0,0.29,0.37,18.472599677533132,0.6837722339831621,0.0348183047407213,0.02315,0.016050000000000002,-0.00016794739556472415,-1.4182568334192896e-06
0.85,0.95,14.0,0.29,0.37,18.472599677533132,0.6837722339831621,0.0348183047407213,0.02315,0.016050000000000002,-0.00016794739556472415,-1.4182568334192896e-06
0.85,0.95,16.0,0.29,0.37,18.472599677533132,0.6837722339831621,0.0348183047407213,0.02315,0.016050000000000002,-0.00016794739556472415,-1.4182568334192896e-06
0.85,0.95,18.0,0.29,0.37,18.472599677533132,0.6837722339831621,0.0348183047407213,0.02315,0.016050000000000002,-0.00016794739556472415,-1.4182568334192896e-06
0.85,1.0,,0.29,0.37,18.472599677533132,0.6837722339831621,0.0348183047407213,0.02315,0.016050000000000002,-0.00016794739556472415,-1.4182568334192896e-06
0.85,1.0,2.0,0.29,0.37,18.472599677533132,0.6837722339831621,0.0348183047407213,0.02315,0.016050000000000002,-0.00016794739556472415,-1.4182568334192896e-06
0.85,1.0,4.0,0.29,0.37,18.472599677533132,0.6837722339831621,0.0348183047407213,0.02315,0.016050000000000002,-0.00016794739556472415,-1.4182568334192896e-06
0.85,1.0,6.0,0.29,0.37,18.472599677533132,0.6837722339831621,0.0348183047407213,0.02315,0.016050000000000002,-0.00016794739556472415,-1.4182568334192896e-06
0.85,1.0,8.0,0.29,0.37,18.472599677533132,0.6837722339831621,0.0348183047407213,0.02315,0.016050000000000002,-0.00016794739556472415,-1.4182568334192896e-06
0.85,1.0,10.0,0.29,0.37,18.472599677533132,0.6837722339831621,0.0348183047407213,0.02315,0.016050000000000002,-0.00016794739556472415,-1.4182568334192896e-06
0.85,1.0,12.0,0.29,0.37,18.472599677533132,0.6837722339831621,0.0348183047407213,0.02315,0.016050000000000002,-0.00016794739556472415,-1.4182568334192896e-06
0.85,1.0,14.0,0.29,0.37,18.472599677533132,0.6837722339831621,0.0348183047407213,0.02315,0.016050000000000002,-0.00016794739556472415,-1.4182568334192896e-06
0.85,1.0,16.0,0.29,0.37,18.472599677533132,0.6837722339831621,0.0348183047407213,0.02315,0.016050000000000002,-0.00016794739556472415,-1.4182568334192896e-06
0.85,1.0,18.0,0.29,0.37,18.472599677533132,0.6837722339831621,0.0348183047407213,0.02315,0.016050000000000002,-0.00016794739556472415,-1.4182568334192896e-06
0.9,0.1,,0.29,0.34,18.872460034337163,0.9,0.034702207197724745,-0.0453,0.0517,-0.00012163968131585706,-2.8604471858134203e-05
0.9,0.1,2.0,0.29,0.34,18.872460034337163,0.9,0.034702207197724745,-0.0453,0.0517,-0.00012163968131585706,-2.8604471858134203e-05
0.9,0.1,4.0,0.29,0.34,18.872460034337163,0.9,0.034702207197724745,-0.0453,0.0517,-0.00012163968131585706,-2.8604471858134203e-05
0.9,0.1,6.0,0.29,0.34,18.872460034337163,0.9,0.034702207197724745,-0.0453,0.0517,-0.00012163968131585706,-2.8604471858134203e-05
0.9,0.1,8.0,0.29,0.34,18.872460034337163,0.9,0.034702207197724745,-0.0453,0.0517,-0.00012163968131585706,-2.8604471858134203e-05
0.9,0.1,10.0,0.29,0.34,18.872460034337163,0.9,0.034702207197724745,-0.0453,0.0517,-0.00012163968131585706,-2.8604471858134203e-05
0.9,0.1,12.0,0.29,0.34,18.872460034337163,0.9,0.034702207197724745,-0.0453,0.0517,-0.00012163968131585706,-2.8604471858134203e-05
0.9,0.1,14.0,0.29,0.34,18.872460034337163,0.9,0.034702207197724745,-0.0453,0.0517,-0.00012163968131585706,-2.8604471858134203e-05
0.9,0.1,16.0,0.29,0.34,18.872460034337163,0.9,0.034702207197724745,-0.0453,0.0517,-0.00012163968131585706,-2.8604471858134203e-05
0.9,0.1,18.0,0.29,0.34,18.872460034337163,0.9,0.034702207197724745,-0.0453,0.0517,-0.00012163968131585706,-2.8604471858134203e-05
0.9,0.15,,0.29,0.34,18.872460034337163,0.9,0.034702207197724745,-0.0453,0.0517,-0.00012163968131585706,-2.8604471858134203e-05
0.9,0.15,2.0,0.29,0.34,18.872460034337163,0.9,0.034702207197724745,-0.0453,0.0517,-0.00012163968131585706,-2.8604471858134203e-05
0.9,0.15,4.0,0.29,0.34,18.872460034337163,0.9,0.034702207197724745,-0.0453,0.0517,-0.00012163968131585706,-2.8604471858134203e-05
0.9,0.15,6.0,0.29,0.34,18.872460034337163,0.9,0.034702207197724745,-0.0453,0.0517,-0.00012163968131585706,-2.8604471858134203e-05
0.9,0.15,8.0,0.29,0.34,18.872460034337163,0.9,0.034702207197724745,-0.0453,0.0517,-0.00012163968131585706,-2.8604471858134203e-05
0.9,0.15,10.0,0.29,0.34,18.872460034337163,0.9,0.034702207197724745,-0.0453,0.0517,-0.00012163968131585706,-2.8604471858134203e-05
0.9,0.15,12.0,0.29,0.34,18.872460034337163,0.9,0.034702207197724745,-0.0453,0.0517,-0.00012163968131585706,-2.8604471858134203e-05
0.9,0.15,14.0,0.29,0.34,18.872460034337163,0.9,0.034702207197724745,-0.0453,0.0517,-0.00012163968131585706,-2.8604471858134203e-05
0.9,0.15,16.0,0.29,0.34,18.872460034337163,0.9,0.034702207197724745,-0.0453,0.0517,-0.00012163968131585706,-2.8604471858134203e-05
0.9,0.15,18.0,0.29,0.34,18.872460034337163,0.9,0.034702207197724745,-0.0453,0.0517,-0.00012163968131585706,-2.8604471858134203e-05
0.9,0.2,,0.29,0.34,18.872460034337163,0.9,0.034702207197724745,-0.0453,0.0517,-0.00012163968131585706,-2.8604471858134203e-05
0.9,0.2,2.0,0.29,0.34,18.872460034337163,0.9,0.034702207197724745,-0.0453,0.0517,-0.00012163968131585706,-2.8604471858134203e-05
0.9,0.2,4.0,0.29,0.34,18.872460034337163,0.9,0.034702207197724745,-0.0453,0.0517,-0.00012163968131585706,-2.8604471858134203e-05
0.9,0.2,6.0,0.29,0.34,18.872460034337163,0.9,0.034702207197724745,-0.0453,0.0517,-0.00012163968131585706,-2.8604471858134203e-05
0.9,0.2,8.0,0.29,0.34,18.872460034337163,0.9,0.034702207197724745,-0.0453,0.0517,-0.00012163968131585706,-2.8604471858134203e-05
0.9,0.2,10.0,0.29,0.34,18.872460034337163,0.9,0.034702207197724745,-0.0453,0.0517,-0.00012163968131585706,-2.8604471858134203e-05
0.9,0.2,12.0,0.29,0.34,18.872460034337163,0.9,0.034702207197724745,-0.0453,0.0517,-0.00012163968131585706,-2.8604471858134203e-05
0.9,0.2,14.0,0.29,0.34,18.872460034337163,0.9,0.034702207197724745,-0.0453,0.0517,-0.00012163968131585706,-2.8604471858134203e-05
0.9,0.2,16.0,0.29,0.34,18.872460034337163,0.9,0.034702207197724745,-0.0453,0.0517,-0.00012163968131585706,-2.8604471858134203e-05
0.9,0.2,18.0,0.29,0.34,18.872460034337163,0.9,0.034702207197724745,-0.0453,0.0517,-0.00012163968131585706,-2.8604471858134203e-05
0.9,0.25,,0.29,0.34,18.872460034337163,0.9,0.034702207197724745,-0.0453,0.0517,-0.00012163968131585706,-2.8604471858134203e-05
0.9,0.25,2.0,0.29,0.34,18.872460034337163,0.9,0.034702207197724745,-0.0453,0.0517,-0.00012163968131585706,-2.8604471858134203e-05
0.9,0.25,4.0,0.29,0.34,18.872460034337163,0.9,0.034702207197724745,-0.0453,0.0517,-0.00012163968131585706,-2.8604471858134203e-05
0.9,0.25,6.0,0.29,0.34,18.872460034337163,0.9,0.034702207197724745,-0.0453,0.0517,-0.00012163968131585706,-2.8604471858134203e-05
0.9,0.25,8.0,0.29,0.34,18.872460034337163,0.9,0.034702207197724745,-0.0453,0.0517,-0.00012163968131585706,-2.8604471858134203e-05
0.9,0.25,10.0,0.29,0.34,18.872460034337163,0.9,0.034702207197724745,-0.0453,0.0517,-0.00012163968131585706,-2.8604471858134203e-05
0.9,0.25,12.0,0.29,0.34,18.872460034337163,0.9,0.034702207197724745,-0.0453,0.0517,-0.00012163968131585706,-2.8604471858134203e-05
0.9,0.25,14.0,0.29,0.34,18.872460034337163,0.9,0.034702207197724745,-0.0453,0.0517,-0.00012163968131585706,-2.8604471858134203e-05
0.9,0.25,16.0,0.29,0.34,18.872460034337163,0.9,0.034702207197724745,-0.0453,0.0517,-0.00012163968131585706,-2.8604471858134203e-05
0.9,0.25,18.0,0.29,0.34,18.872460034337163,0.9,0.034702207197724745,-0.0453,0.0517,-0.00012163968131585706,-2.8604471858134203e-05
0.9,0.3,,0.29,0.34,18.872460034337163,0.9,0.034702207197724745,-0.0453,0.0517,-0.00012163968131585706,-2.8604471858134203e-05
0.9,0.3,2.0,0.29,0.34,18.872460034337163,0.9,0.034702207197724745,-0.0453,0.0517,-0.00012163968131585706,-2.8604471858134203e-05
0.9,0.3,4.0,0.29,0.34,18.872460034337163,0.9,0.034702207197724745,-0.0453,0.0517,-0.00012163968131585706,-2.8604471858134203e-05
0.9,0.3,6.0,0.29,0.34,18.872460034337163,0.9,0.034702207197724745,-0.0453,0.0517,-0.00012163968131585706,-2.8604471858134203e-05
0.9,0.3,8.0,0.29,0.34,18.872460034337163,0.9,0.034702207197724745,-0.0453,0.0517,-0.00012163968131585706,-2.8604471858134203e-05
0.9,0.3,10.0,0.29,0.34,18.872460034337163,0.9,0.034702207197724745,-0.0453,0.0517,-0.00012163968131585706,-2.8604471858134203e-05
0.9,0.3,12.0,0.29,0.34,18.872460034337163,0.9,0.034702207197724745,-0.0453,0.0517,-0.00012163968131585706,-2.8604471858134203e-05
0.9,0.3,14.0,0.29,0.34,18.872460034337163,0.9,0.034702207197724745,-0.0453,0.0517,-0.00012163968131585706,-2.8604471858134203e-05
0.9,0.3,16.0,0.29,0.34,18.872460034337163,0.9,0.034702207197724745,-0.0453,0.0517,-0.00012163968131585706,-2.8604471858134203e-05
0.9,0.3,18.0,0.29,0.34,18.872460034337163,0.9,0.034702207197724745,-0.0453,0.0517,-0.00012163968131585706,-2.8604471858134203e-05
0.9,0.35,,0.29,0.34,18.872460034337163,0.9,0.034702207197724745,-0.0453,0.0517,-0.00012163968131585706,-2.8604471858134203e-05
0.9,0.35,2.0,0.29,0.34,18.872460034337163,0.9,0.034702207197724745,-0.0453,0.0517,-0.00012163968131585706,-2.8604471858134203e-05
0.9,0.35,4.0,0.29,0.34,18.872460034337163,0.9,0.034702207197724745,-0.0453,0.0517,-0.00012163968131585706,-2.8604471858134203e-05
0.9,0.35,6.0,0.29,0.34,18.872460034337163,0.9,0.034702207197724745,-0.0453,0.0517,-0.00012163968131585706,-2.8604471858134203e-05
0.9,0.35,8.0,0.29,0.34,18.872460034337163,0.9,0.034702207197724745,-0.0453,0.0517,-0.00012163968131585706,-2.8604471858134203e-05
0.9,0.35,10.0,0.29,0.34,18.872460034337163,0.9,0.034702207197724745,-0.0453,0.0517,-0.00012163968131585706,-2.8604471858134203e-05
0.9,0.35,12.0,0.29,0.34,18.872460034337163,0.9,0.034702207197724745,-0.0453,0.0517,-0.00012163968131585706,-2.8604471858134203e-05
0.9,0.35,14.0,0.29,0.34,18.872460034337163,0.9,0.034702207197724745,-0.0453,0.0517,-0.00012163968131585706,-2.8604471858134203e-05
0.9,0.35,16.0,0.29,0.34,18.872460034337163,0.9,0.034702207197724745,-0.0453,0.0517,-0.00012163968131585706,-2.8604471858134203e-05
0.9,0.35,18.0,0.29,0.34,18.872460034337163,0.9,0.034702207197724745,-0.0453,0.0517,-0.00012163968131585706,-2.8604471858134203e-05
0.9,0.4,,0.29,0.34,18.872460034337163,0.9,0.034702207197724745,-0.0453,0.0517,-0.00012163968131585706,-2.8604471858134203e-05
0.9,0.4,2.0,0.29,0.34,18.872460034337163,0.9,0.034702207197724745,-0.0453,0.0517,-0.00012163968131585706,-2.8604471858134203e-05
0.9,0.4,4.0,0.29,0.34,18.872460034337163,0.9,0.034702207197724745,-0.0453,0.0517,-0.00012163968131585706,-2.8604471858134203e-05
0.9,0.4,6.0,0.29,0.34,18.872460034337163,0.9,0.034702207197724745,-0.0453,0.0517,-0.00012163968131585706,-2.8604471858134203e-05
0.9,0.4,8.0,0.29,0.34,18.872460034337163,0.9,0.034702207197724745,-0.0453,0.0517,-0.00012163968131585706,-2.8604471858134203e-05
0.9,0.4,10.0,0.29,0.34,18.872460034337163,0.9,0.034702207197724745,-0.0453,0.0517,-0.00012163968131585706,-2.8604471858134203e-05
0.9,0.4,12.0,0.29,0.34,18.872460034337163,0.9,0.034702207197724745,-0.0453,0.0517,-0.00012163968131585706,-2.8604471858134203e-05
0.9,0.4,14.0,0.29,0.34,18.872460034337163,0.9,0.034702207197724745,-0.0453,0.0517,-0.00012163968131585706,-2.8604471858134203e-05
0.9,0.4,16.0,0.29,0.34,18.872460034337163,0.9,0.034702207197724745,-0.0453,0.0517,-0.00012163968131585706,-2.8604471858134203e-05
0.9,0.4,18.0,0.29,0.34,18.872460034337163,0.9,0.034702207197724745,-0.0453,0.0517,-0.00012163968131585706,-2.8604471858134203e-05
0.9,0.45,,0.29,0.34,18.872460034337163,0.9,0.034702207197724745,-0.0453,0.0517,-0.00012163968131585706,-2.8604471858134203e-05
0.9,0.45,2.0,0.29,0.34,18.872460034337163,0.9,0.034702207197724745,-0.0453,0.0517,-0.00012163968131585706,-2.8604471858134203e-05
0.9,0.45,4.0,0.29,0.34,18.872460034337163,0.9,0.034702207197724745,-0.0453,0.0517,-0.00012163968131585706,-2.8604471858134203e-05
0.9,0.45,6.0,0.29,0.34,18.872460034337163,0.9,0.034702207197724745,-0.0453,0.0517,-0.00012163968131585706,-2.8604471858134203e-05
0.9,0.45,8.0,0.29,0.34,18.872460034337163,0.9,0.034702207197724745,-0.0453,0.0517,-0.00012163968131585706,-2.8604471858134203e-05
0.9,0.45,10.0,0.29,0.34,18.872460034337163,0.9,0.034702207197724745,-0.0453,0.0517,-0.00012163968131585706,-2.8604471858134203e-05
0.9,0.45,12.0,0.29,0.34,18.872460034337163,0.9,0.034702207197724745,-0.0453,0.0517,-0.00012163968131585706,-2.8604471858134203e-05
0.9,0.45,14.0,0.29,0.34,18.872460034337163,0.9,0.034702207197724745,-0.0453,0.0517,-0.00012163968131585706,-2.8604471858134203e-05
0.9,0.45,16.0,0.29,0.34,18.872460034337163,0.9,0.034702207197724745,-0.0453,0.0517,-0.00012163968131585706,-2.8604471858134203e-05
0.9,0.45,18.0,0.29,0.34,18.872460034337163,0.9,0.034702207197724745,-0.0453,0.0517,-0.00012163968131585706,-2.8604471858134203e-05
0.9,0.5,,0.29,0.34,18.872460034337163,0.9,0.034702207197724745,-0.0453,0.0517,-0.00012163968131585706,-2.8604471858134203e-05
0.9,0.5,2.0,0.29,0.34,18.872460034337163,0.9,0.034702207197724745,-0.0453,0.0517,-0.00012163968131585706,-2.8604471858134203e-05
0.9,0.5,4.0,0.29,0.34,18.872460034337163,0.9,0.034702207197724745,-0.0453,0.0517,-0.00012163968131585706,-2.8604471858134203e-05
0.9,0.5,6.0,0.29,0.34,18.872460034337163,0.9,0.034702207197724745,-0.0453,0.0517,-0.00012163968131585706,-2.8604471858134203e-05
0.9,0.5,8.0,0.29,0.34,18.872460034337163,0.9,0.034702207197724745,-0.0453,0.0517,-0.00012163968131585706,-2.8604471858134203e-05
0.9,0.5,10.0,0.29,0.34,18.872460034337163,0.9,0.034702207197724745,-0.0453,0.0517,-0.00012163968131585706,-2.8604471858134203e-05
0.9,0.5,12.0,0.29,0.34,18.872460034337163,0.9,0.034702207197724745,-0.0453,0.0517,-0.00012163968131585706,-2.8604471858134203e-05
0.9,0.5,14.0,0.29,0.34,18.872460034337163,0.9,0.034702207197724745,-0.0453,0.0517,-0.00012163968131585706,-2.8604471858134203e-05
0.9,0.5,16.0,0.29,0.34,18.872460034337163,0.9,0.034702207197724745,-0.0453,0.0517,-0.00012163968131585706,-2.8604471858134203e-05
0.9,0.5,18.0,0.29,0.34,18.872460034337163,0.9,0.034702207197724745,-0.0453,0.0517,-0.00012163968131585706,-2.8604471858134203e-05
0.9,0.55,,0.29,0.34,18.872460034337163,0.9,0.034702207197724745,-0.0453,0.0517,-0.00012163968131585706,-2.8604471858134203e-05
0.9,0.55,2.0,0.29,0.34,18.872460034337163,0.9,0.034702207197724745,-0.0453,0.0517,-0.00012163968131585706,-2.8604471858134203e-05
0.9,0.55,4.0,0.29,0.34,18.872460034337163,0.9,0.034702207197724745,-0.0453,0.0517,-0.00012163968131585706,-2.8604471858134203e-05
0.9,0.55,6.0,0.29,0.34,18.872460034337163,0.9,0.034702207197724745,-0.0453,0.0517,-0.00012163968131585706,-2.8604471858134203e-05
0.9,0.55,8.0,0.29,0.34,18.872460034337163,0.9,0.034702207197724745,-0.0453,0.0517,-0.00012163968131585706,-2.8604471858134203e-05
0.9,0.55,10.0,0.29,0.34,18.872460034337163,0.9,0.034702207197724745,-0.0453,0.0517,-0.00012163968131585706,-2.8604471858134203e-05
0.9,0.55,12.0,0.29,0.34,18.872460034337163,0.9,0.034702207197724745,-0.0453,0.0517,-0.00012163968131585706,-2.8604471858134203e-05
0.9,0.55,14.0,0.29,0.34,18.872460034337163,0.9,0.034702207197724745,-0.0453,0.0517,-0.00012163968131585706,-2.8604471858134203e-05
0.9,0.55,16.0,0.29,0.34,18.872460034337163,0.9,0.034702207197724745,-0.0453,0.0517,-0.00012163968131585706,-2.8604471858134203e-05
0.9,0.55,18.0,0.29,0.34,18.872460034337163,0.9,0.034702207197724745,-0.0453,0.0517,-0.00012163968131585706,-2.8604471858134203e-05
0.9,0.6,,0.29,0.34,18.872460034337163,0.9,0.034702207197724745,-0.0453,0.0517,-0.00012163968131585706,-2.8604471858134203e-05
0.9,0.6,2.0,0.29,0.34,18.872460034337163,0.9,0.034702207197724745,-0.0453,0.0517,-0.00012163968131585706,-2.8604471858134203e-05
0.9,0.6,4.0,0.29,0.34,18.872460034337163,0.9,0.034702207197724745,-0.0453,0.0517,-0.00012163968131585706,-2.8604471858134203e-05
0.9,0.6,6.0,0.29,0.34,18.872460034337163,0.9,0.034702207197724745,-0.0453,0.0517,-0.00012163968131585706,-2.8604471858134203e-05
0.9,0.6,8.0,0.29,0.34,18.872460034337163,0.9,0.034702207197724745,-0.0453,0.0517,-0.00012163968131585706,-2.8604471858134203e-05
0.9,0.6,10.0,0.29,0.34,18.872460034337163,0.9,0.034702207197724745,-0.0453,0.0517,-0.00012163968131585706,-2.8604471858134203e-05
0.9,0.6,12.0,0.29,0.34,18.872460034337163,0.9,0.034702207197724745,-0.0453,0.0517,-0.00012163968131585706,-2.8604471858134203e-05
0.9,0.6,14.0,0.29,0.34,18.872460034337163,0.9,0.034702207197724745,-0.0453,0.0517,-0.00012163968131585706,-2.8604471858134203e-05
0.9,0.6,16.0,0.29,0.34,18.872460034337163,0.9,0.034702207197724745,-0.0453,0.0517,-0.00012163968131585706,-2.8604471858134203e-05
0.9,0.6,18.0,0.29,0.34,18.872460034337163,0.9,0.034702207197724745,-0.0453,0.0517,-0.00012163968131585706,-2.8604471858134203e-05
0.9,0.65,,0.29,0.34,18.872460034337163,0.9,0.034702207197724745,-0.0453,0.0517,-0.00012163968131585706,-2.8604471858134203e-05
0.9,0.65,2.0,0.29,0.34,18.872460034337163,0.9,0.034702207197724745,-0.0453,0.0517,-0.00012163968131585706,-2.8604471858134203e-05
0.9,0.65,4.0,0.29,0.34,18.872460034337163,0.9,0.034702207197724745,-0.0453,0.0517,-0.00012163968131585706,-2.8604471858134203e-05
0.9,0.65,6.0,0.29,0.34,18.872460034337163,0.9,0.034702207197724745,-0.0453,0.0517,-0.00012163968131585706,-2.8604471858134203e-05
0.9,0.65,8.0,0.29,0.34,18.872460034337163,0.9,0.034702207197724745,-0.0453,0.0517,-0.00012163968131585706,-2.8604471858134203e-05
0.9,0.65,10.0,0.29,0.34,18.872460034337163,0.9,0.034702207197724745,-0.0453,0.0517,-0.00012163968131585706,-2.8604471858134203e-05
0.9,0.65,12.0,0.29,0.34,18.872460034337163,0.9,0.034702207197724745,-0.0453,0.0517,-0.00012163968131585706,-2.8604471858134203e-05
0.9,0.65,14.0,0.29,0.34,18.872460034337163,0.9,0.034702207197724745,-0.0453,0.0517,-0.00012163968131585706,-2.8604471858134203e-05
0.9,0.65,16.0,0.29,0.34,18.872460034337163,0.9,0.034702207197724745,-0.0453,0.0517,-0.00012163968131585706,-2.8604471858134203e-05
0.9,0.65,18.0,0.29,0.34,18.872460034337163,0.9,0.034702207197724745,-0.0453,0.0517,-0.00012163968131585706,-2.8604471858134203e-05
0.9,0.7,,0.29,0.34,18.872460034337163,0.9,0.034702207197724745,-0.0453,0.0517,-0.00012163968131585706,-2.8604471858134203e-05
0.9,0.7,2.0,0.29,0.34,18.872460034337163,0.9,0.034702207197724745,-0.0453,0.0517,-0.00012163968131585706,-2.8604471858134203e-05
0.9,0.7,4.0,0.29,0.34,18.872460034337163,0.9,0.034702207197724745,-0.0453,0.0517,-0.00012163968131585706,-2.8604471858134203e-05
0.9,0.7,6.0,0.29,0.34,18.872460034337163,0.9,0.034702207197724745,-0.0453,0.0517,-0.00012163968131585706,-2.8604471858134203e-05
0.9,0.7,8.0,0.29,0.34,18.872460034337163,0.9,0.034702207197724745,-0.0453,0.0517,-0.00012163968131585706,-2.8604471858134203e-05
0.9,0.7,10.0,0.29,0.34,18.872460034337163,0.9,0.034702207197724745,-0.0453,0.0517,-0.00012163968131585706,-2.8604471858134203e-05
0.9,0.7,12.0,0.29,0.34,18.872460034337163,0.9,0.034702207197724745,-0.0453,0.0517,-0.00012163968131585706,-2.8604471858134203e-05
0.9,0.7,14.0,0.29,0.34,18.872460034337163,0.9,0.034702207197724745,-0.0453,0.0517,-0.00012163968131585706,-2.8604471858134203e-05
0.9,0.7,16.0,0.29,0.34,18.872460034337163,0.9,0.034702207197724745,-0.0453,0.0517,-0.00012163968131585706,-2.8604471858134203e-05
0.9,0.7,18.0,0.29,0.34,18.872460034337163,0.9,0.034702207197724745,-0.0453,0.0517,-0.00012163968131585706,-2.8604471858134203e-05
0.9,0.75,,0.29,0.34,18.872460034337163,0.9,0.034702207197724745,-0.0453,0.0517,-0.00012163968131585706,-2.8604471858134203e-05
0.9,0.75,2.0,0.29,0.34,18.872460034337163,0.9,0.034702207197724745,-0.0453,0.0517,-0.00012163968131585706,-2.8604471858134203e-05
0.9,0.75,4.0,0.29,0.34,18.872460034337163,0.9,0.034702207197724745,-0.0453,0.0517,-0.00012163968131585706,-2.8604471858134203e-05
0.9,0.75,6.0,0.29,0.34,18.872460034337163,0.9,0.034702207197724745,-0.0453,0.0517,-0.00012163968131585706,-2.8604471858134203e-05
0.9,0.75,8.0,0.29,0.34,18.872460034337163,0.9,0.034702207197724745,-0.0453,0.0517,-0.00012163968131585706,-2.8604471858134203e-05
0.9,0.75,10.0,0.29,0.34,18.872460034337163,0.9,0.034702207197724745,-0.0453,0.0517,-0.00012163968131585706,-2.8604471858134203e-05
0.9,0.75,12.0,0.29,0.34,18.872460034337163,0.9,0.034702207197724745,-0.0453,0.0517,-0.00012163968131585706,-2.8604471858134203e-05
0.9,0.75,14.0,0.29,0.34,18.872460034337163,0.9,0.034702207197724745,-0.0453,0.0517,-0.00012163968131585706,-2.8604471858134203e-05
0.9,0.75,16.0,0.29,0.34,18.872460034337163,0.9,0.034702207197724745,-0.0453,0.0517,-0.00012163968131585706,-2.8604471858134203e-05
0.9,0.75,18.0,0.29,0.34,18.872460034337163,0.9,0.034702207197724745,-0.0453,0.0517,-0.00012163968131585706,-2.8604471858134203e-05
0.9,0.8,,0.29,0.34,18.872460034337163,0.9,0.034702207197724745,-0.0453,0.0517,-0.00012163968131585706,-2.8604471858134203e-05
0.9,0.8,2.0,0.29,0.34,18.872460034337163,0.9,0.034702207197724745,-0.0453,0.0517,-0.00012163968131585706,-2.8604471858134203e-05
0.9,0.8,4.0,0.29,0.34,18.872460034337163,0.9,0.034702207197724745,-0.0453,0.0517,-0.00012163968131585706,-2.8604471858134203e-05
0.9,0.8,6.0,0.29,0.34,18.872460034337163,0.9,0.034702207197724745,-0.0453,0.0517,-0.00012163968131585706,-2.8604471858134203e-05
0.9,0.8,8.0,0.29,0.34,18.872460034337163,0.9,0.034702207197724745,-0.0453,0.0517,-0.00012163968131585706,-2.8604471858134203e-05
0.9,0.8,10.0,0.29,0.34,18.872460034337163,0.9,0.034702207197724745,-0.0453,0.0517,-0.00012163968131585706,-2.8604471858134203e-05
0.9,0.8,12.0,0.29,0.34,18.872460034337163,0.9,0.034702207197724745,-0.0453,0.0517,-0.00012163968131585706,-2.8604471858134203e-05
0.9,0.8,14.0,0.29,0.34,18.872460034337163,0.9,0.034702207197724745,-0.0453,0.0517,-0.00012163968131585706,-2.8604471858134203e-05
0.9,0.8,16.0,0.29,0.34,18.872460034337163,0.9,0.034702207197724745,-0.0453,0.0517,-0.00012163968131585706,-2.8604471858134203e-05
0.9,0.8,18.0,0.29,0.34,18.872460034337163,0.9,0.034702207197724745,-0.0453,0.0517,-0.00012163968131585706,-2.8604471858134203e-05
0.9,0.85,,0.29,0.34,18.872460034337163,0.9,0.034702207197724745,-0.0453,0.0517,-0.00012163968131585706,-2.8604471858134203e-05
0.9,0.85,2.0,0.29,0.34,18.872460034337163,0.9,0.034702207197724745,-0.0453,0.0517,-0.00012163968131585706,-2.8604471858134203e-05
0.9,0.85,4.0,0.29,0.34,18.872460034337163,0.9,0.034702207197724745,-0.0453,0.0517,-0.00012163968131585706,-2.8604471858134203e-05
0.9,0.85,6.0,0.29,0.34,18.872460034337163,0.9,0.034702207197724745,-0.0453,0.0517,-0.00012163968131585706,-2.8604471858134203e-05
0.9,0.85,8.0,0.29,0.34,18.872460034337163,0.9,0.034702207197724745,-0.0453,0.0517,-0.00012163968131585706,-2.8604471858134203e-05
0.9,0.85,10.0,0.29,0.34,18.872460034337163,0.9,0.034702207197724745,-0.0453,0.0517,-0.00012163968131585706,-2.8604471858134203e-05
0.9,0.85,12.0,0.29,0.34,18.872460034337163,0.9,0.034702207197724745,-0.0453,0.0517,-0.00012163968131585706,-2.8604471858134203e-05
0.9,0.85,14.0,0.29,0.34,18.872460034337163,0.9,0.034702207197724745,-0.0453,0.0517,-0.00012163968131585706,-2.8604471858134203e-05
0.9,0.85,16.0,0.29,0.34,18.872460034337163,0.9,0.034702207197724745,-0.0453,0.0517,-0.00012163968131585706,-2.8604471858134203e-05
0.9,0.85,18.0,0.29,0.34,18.872460034337163,0.9,0.034702207197724745,-0.0453,0.0517,-0.00012163968131585706,-2.8604471858134203e-05
0.9,0.9,,0.29,0.34,18.872460034337163,0.9,0.034702207197724745,-0.0453,0.0517,-0.00012163968131585706,-2.8604471858134203e-05
0.9,0.9,2.0,0.29,0.34,18.872460034337163,0.9,0.034702207197724745,-0.0453,0.0517,-0.00012163968131585706,-2.8604471858134203e-05
0.9,0.9,4.0,0.29,0.34,18.872460034337163,0.9,0.034702207197724745,-0.0453,0.0517,-0.00012163968131585706,-2.8604471858134203e-05
0.9,0.9,6.0,0.29,0.34,18.872460034337163,0.9,0.034702207197724745,-0.0453,0.0517,-0.00012163968131585706,-2.8604471858134203e-05
0.9,0.9,8.0,0.29,0.34,18.872460034337163,0.9,0.034702207197724745,-0.0453,0.0517,-0.00012163968131585706,-2.8604471858134203e-05
0.9,0.9,10.0,0.29,0.34,18.872460034337163,0.9,0.034702207197724745,-0.0453,0.0517,-0.00012163968131585706,-2.8604471858134203e-05
0.9,0.9,12.0,0.29,0.34,18.872460034337163,0.9,0.034702207197724745,-0.0453,0.0517,-0.00012163968131585706,-2.8604471858134203e-05
0.9,0.9,14.0,0.29,0.34,18.872460034337163,0.9,0.034702207197724745,-0.0453,0.0517,-0.00012163968131585706,-2.8604471858134203e-05
0.9,0.9,16.0,0.29,0.34,18.872460034337163,0.9,0.034702207197724745,-0.0453,0.0517,-0.00012163968131585706,-2.8604471858134203e-05
0.9,0.9,18.0,0.29,0.34,18.872460034337163,0.9,0.034702207197724745,-0.0453,0.0517,-0.00012163968131585706,-2.8604471858134203e-05
0.9,0.95,,0.29,0.34,18.872460034337163,0.9,0.034702207197724745,-0.0453,0.0517,-0.00012163968131585706,-2.8604471858134203e-05
0.9,0.95,2.0,0.29,0.34,18.872460034337163,0.9,0.034702207197724745,-0.0453,0.0517,-0.00012163968131585706,-2.8604471858134203e-05
0.9,0.95,4.0,0.29,0.34,18.872460034337163,0.9,0.034702207197724745,-0.0453,0.0517,-0.00012163968131585706,-2.8604471858134203e-05
0.9,0.95,6.0,0.29,0.34,18.872460034337163,0.9,0.034702207197724745,-0.0453,0.0517,-0.00012163968131585706,-2.8604471858134203e-05
0.9,0.95,8.0,0.29,0.34,18.872460034337163,0.9,0.034702207197724745,-0.0453,0.0517,-0.00012163968131585706,-2.8604471858134203e-05
0.9,0.95,10.0,0.29,0.34,18.872460034337163,0.9,0.034702207197724745,-0.0453,0.0517,-0.00012163968131585706,-2.8604471858134203e-05
0.9,0.95,12.0,0.29,0.34,18.872460034337163,0.9,0.034702207197724745,-0.0453,0.0517,-0.00012163968131585706,-2.8604471858134203e-05
0.9,0.95,14.0,0.29,0.34,18.872460034337163,0.9,0.034702207197724745,-0.0453,0.0517,-0.00012163968131585706,-2.8604471858134203e-05
0.9,0.95,16.0,0.29,0.34,18.872460034337163,0.9,0.034702207197724745,-0.0453,0.0517,-0.00012163968131585706,-2.8604471858134203e-05
0.9,0.95,18.0,0.29,0.34,18.872460034337163,0.9,0.034702207197724745,-0.0453,0.0517,-0.00012163968131585706,-2.8604471858134203e-05
0.9,1.0,,0.29,0.34,18.872460034337163,0.9,0.034702207197724745,-0.0453,0.0517,-0.00012163968131585706,-2.8604471858134203e-05
0.9,1.0,2.0,0.29,0.34,18.872460034337163,0.9,0.034702207197724745,-0.0453,0.0517,-0.00012163968131585706,-2.8604471858134203e-05
0.9,1.0,4.0,0.29,0.34,18.872460034337163,0.9,0.034702207197724745,-0.0453,0.0517,-0.00012163968131585706,-2.8604471858134203e-05
0.9,1.0,6.0,0.29,0.34,18.872460034337163,0.9,0.034702207197724745,-0.0453,0.0517,-0.00012163968131585706,-2.8604471858134203e-05
0.9,1.0,8.0,0.29,0.34,18.872460034337163,0.9,0.034702207197724745,-0.0453,0.0517,-0.00012163968131585706,-2.8604471858134203e-05
0.9,1.0,10.0,0.29,0.34,18.872460034337163,0.9,0.034702207197724745,-0.0453,0.0517,-0.00012163968131585706,-2.8604471858134203e-05
0.9,1.0,12.0,0.29,0.34,18.872460034337163,0.9,0.034702207197724745,-0.0453,0.0517,-0.00012163968131585706,-2.8604471858134203e-05
0.9,1.0,14.0,0.29,0.34,18.872460034337163,0.9,0.034702207197724745,-0.0453,0.0517,-0.00012163968131585706,-2.8604471858134203e-05
0.9,1.0,16.0,0.29,0.34,18.872460034337163,0.9,0.034702207197724745,-0.0453,0.0517,-0.00012163968131585706,-2.8604471858134203e-05
0.9,1.0,18.0,0.29,0.34,18.872460034337163,0.9,0.034702207197724745,-0.0453,0.0517,-0.00012163968131585706,-2.8604471858134203e-05
0.95,0.1,,0.29,0.34,18.872460034337163,0.9,0.034702207197724745,-0.0453,0.0517,-0.00012163968131585706,-2.8604471858134203e-05
0.95,0.1,2.0,0.29,0.34,18.872460034337163,0.9,0.034702207197724745,-0.0453,0.0517,-0.00012163968131585706,-2.8604471858134203e-05
0.95,0.1,4.0,0.29,0.34,18.872460034337163,0.9,0.034702207197724745,-0.0453,0.0517,-0.00012163968131585706,-2.8604471858134203e-05
0.95,0.1,6.0,0.29,0.34,18.872460034337163,0.9,0.034702207197724745,-0.0453,0.0517,-0.00012163968131585706,-2.8604471858134203e-05
0.95,0.1,8.0,0.29,0.34,18.872460034337163,0.9,0.034702207197724745,-0.0453,0.0517,-0.00012163968131585706,-2.8604471858134203e-05
0.95,0.1,10.0,0.29,0.34,18.872460034337163,0.9,0.034702207197724745,-0.0453,0.0517,-0.00012163968131585706,-2.8604471858134203e-05
0.95,0.1,12.0,0.29,0.34,18.872460034337163,0.9,0.034702207197724745,-0.0453,0.0517,-0.00012163968131585706,-2.8604471858134203e-05
0.95,0.1,14.0,0.29,0.34,18.872460034337163,0.9,0.034702207197724745,-0.0453,0.0517,-0.00012163968131585706,-2.8604471858134203e-05
0.95,0.1,16.0,0.29,0.34,18.872460034337163,0.9,0.034702207197724745,-0.0453,0.0517,-0.00012163968131585706,-2.8604471858134203e-05
0.95,0.1,18.0,0.29,0.34,18.872460034337163,0.9,0.034702207197724745,-0.0453,0.0517,-0.00012163968131585706,-2.8604471858134203e-05
0.95,0.15,,0.29,0.34,18.872460034337163,0.9,0.034702207197724745,-0.0453,0.0517,-0.00012163968131585706,-2.8604471858134203e-05
0.95,0.15,2.0,0.29,0.34,18.872460034337163,0.9,0.034702207197724745,-0.0453,0.0517,-0.00012163968131585706,-2.8604471858134203e-05
0.95,0.15,4.0,0.29,0.34,18.872460034337163,0.9,0.034702207197724745,-0.0453,0.0517,-0.00012163968131585706,-2.8604471858134203e-05
0.95,0.15,6.0,0.29,0.34,18.872460034337163,0.9,0.034702207197724745,-0.0453,0.0517,-0.00012163968131585706,-2.8604471858134203e-05
0.95,0.15,8.0,0.29,0.34,18.872460034337163,0.9,0.034702207197724745,-0.0453,0.0517,-0.00012163968131585706,-2.8604471858134203e-05
0.95,0.15,10.0,0.29,0.34,18.872460034337163,0.9,0.034702207197724745,-0.0453,0.0517,-0.00012163968131585706,-2.8604471858134203e-05
0.95,0.15,12.0,0.29,0.34,18.872460034337163,0.9,0.034702207197724745,-0.0453,0.0517,-0.00012163968131585706,-2.8604471858134203e-05
0.95,0.15,14.0,0.29,0.34,18.872460034337163,0.9,0.034702207197724745,-0.0453,0.0517,-0.00012163968131585706,-2.8604471858134203e-05
0.95,0.15,16.0,0.29,0.34,18.872460034337163,0.9,0.034702207197724745,-0.0453,0.0517,-0.00012163968131585706,-2.8604471858134203e-05
0.95,0.15,18.0,0.29,0.34,18.872460034337163,0.9,0.034702207197724745,-0.0453,0.0517,-0.00012163968131585706,-2.8604471858134203e-05
0.95,0.2,,0.29,0.34,18.872460034337163,0.9,0.034702207197724745,-0.0453,0.0517,-0.00012163968131585706,-2.8604471858134203e-05
0.95,0.2,2.0,0.29,0.34,18.872460034337163,0.9,0.034702207197724745,-0.0453,0.0517,-0.00012163968131585706,-2.8604471858134203e-05
0.95,0.2,4.0,0.29,0.34,18.872460034337163,0.9,0.034702207197724745,-0.0453,0.0517,-0.00012163968131585706,-2.8604471858134203e-05
0.95,0.2,6.0,0.29,0.34,18.872460034337163,0.9,0.034702207197724745,-0.0453,0.0517,-0.00012163968131585706,-2.8604471858134203e-05
0.95,0.2,8.0,0.29,0.34,18.872460034337163,0.9,0.034702207197724745,-0.0453,0.0517,-0.00012163968131585706,-2.8604471858134203e-05
0.95,0.2,10.0,0.29,0.34,18.872460034337163,0.9,0.034702207197724745,-0.0453,0.0517,-0.00012163968131585706,-2.8604471858134203e-05
0.95,0.2,12.0,0.29,0.34,18.872460034337163,0.9,0.034702207197724745,-0.0453,0.0517,-0.00012163968131585706,-2.8604471858134203e-05
0.95,0.2,14.0,0.29,0.34,18.872460034337163,0.9,0.034702207197724745,-0.0453,0.0517,-0.00012163968131585706,-2.8604471858134203e-05
0.95,0.2,16.0,0.29,0.34,18.872460034337163,0.9,0.034702207197724745,-0.0453,0.0517,-0.00012163968131585706,-2.8604471858134203e-05
0.95,0.2,18.0,0.29,0.34,18.872460034337163,0.9,0.034702207197724745,-0.0453,0.0517,-0.00012163968131585706,-2.8604471858134203e-05
0.95,0.25,,0.29,0.34,18.872460034337163,0.9,0.034702207197724745,-0.0453,0.0517,-0.00012163968131585706,-2.8604471858134203e-05
0.95,0.25,2.0,0.29,0.34,18.872460034337163,0.9,0.034702207197724745,-0.0453,0.0517,-0.00012163968131585706,-2.8604471858134203e-05
0.95,0.25,4.0,0.29,0.34,18.872460034337163,0.9,0.034702207197724745,-0.0453,0.0517,-0.00012163968131585706,-2.8604471858134203e-05
0.95,0.25,6.0,0.29,0.34,18.872460034337163,0.9,0.034702207197724745,-0.0453,0.0517,-0.00012163968131585706,-2.8604471858134203e-05
0.95,0.25,8.0,0.29,0.34,18.872460034337163,0.9,0.034702207197724745,-0.0453,0.0517,-0.00012163968131585706,-2.8604471858134203e-05
0.95,0.25,10.0,0.29,0.34,18.872460034337163,0.9,0.034702207197724745,-0.0453,0.0517,-0.00012163968131585706,-2.8604471858134203e-05
0.95,0.25,12.0,0.29,0.34,18.872460034337163,0.9,0.034702207197724745,-0.0453,0.0517,-0.00012163968131585706,-2.8604471858134203e-05
0.95,0.25,14.0,0.29,0.34,18.872460034337163,0.9,0.034702207197724745,-0.0453,0.0517,-0.00012163968131585706,-2.8604471858134203e-05
0.95,0.25,16.0,0.29,0.34,18.872460034337163,0.9,0.034702207197724745,-0.0453,0.0517,-0.00012163968131585706,-2.8604471858134203e-05
0.95,0.25,18.0,0.29,0.34,18.872460034337163,0.9,0.034702207197724745,-0.0453,0.0517,-0.00012163968131585706,-2.8604471858134203e-05
0.95,0.3,,0.29,0.34,18.872460034337163,0.9,0.034702207197724745,-0.0453,0.0517,-0.00012163968131585706,-2.8604471858134203e-05
0.95,0.3,2.0,0.29,0.34,18.872460034337163,0.9,0.034702207197724745,-0.0453,0.0517,-0.00012163968131585706,-2.8604471858134203e-05
0.95,0.3,4.0,0.29,0.34,18.872460034337163,0.9,0.034702207197724745,-0.0453,0.0517,-0.00012163968131585706,-2.8604471858134203e-05
0.95,0.3,6.0,0.29,0.34,18.872460034337163,0.9,0.034702207197724745,-0.0453,0.0517,-0.00012163968131585706,-2.8604471858134203e-05
0.95,0.3,8.0,0.29,0.34,18.872460034337163,0.9,0.034702207197724745,-0.0453,0.0517,-0.00012163968131585706,-2.8604471858134203e-05
0.95,0.3,10.0,0.29,0.34,18.872460034337163,0.9,0.034702207197724745,-0.0453,0.0517,-0.00012163968131585706,-2.8604471858134203e-05
0.95,0.3,12.0,0.29,0.34,18.872460034337163,0.9,0.034702207197724745,-0.0453,0.0517,-0.00012163968131585706,-2.8604471858134203e-05
0.95,0.3,14.0,0.29,0.34,18.872460034337163,0.9,0.034702207197724745,-0.0453,0.0517,-0.00012163968131585706,-2.8604471858134203e-05
0.95,0.3,16.0,0.29,0.34,18.872460034337163,0.9,0.034702207197724745,-0.0453,0.0517,-0.00012163968131585706,-2.8604471858134203e-05
0.95,0.3,18.0,0.29,0.34,18.872460034337163,0.9,0.034702207197724745,-0.0453,0.0517,-0.00012163968131585706,-2.8604471858134203e-05
0.95,0.35,,0.29,0.34,18.872460034337163,0.9,0.034702207197724745,-0.0453,0.0517,-0.00012163968131585706,-2.8604471858134203e-05
0.95,0.35,2.0,0.29,0.34,18.872460034337163,0.9,0.034702207197724745,-0.0453,0.0517,-0.00012163968131585706,-2.8604471858134203e-05
0.95,0.35,4.0,0.29,0.34,18.872460034337163,0.9,0.034702207197724745,-0.0453,0.0517,-0.00012163968131585706,-2.8604471858134203e-05
0.95,0.35,6.0,0.29,0.34,18.872460034337163,0.9,0.034702207197724745,-0.0453,0.0517,-0.00012163968131585706,-2.8604471858134203e-05
0.95,0.35,8.0,0.29,0.34,18.872460034337163,0.9,0.034702207197724745,-0.0453,0.0517,-0.00012163968131585706,-2.8604471858134203e-05
0.95,0.35,10.0,0.29,0.34,18.872460034337163,0.9,0.034702207197724745,-0.0453,0.0517,-0.00012163968131585706,-2.8604471858134203e-05
0.95,0.35,12.0,0.29,0.34,18.872460034337163,0.9,0.034702207197724745,-0.0453,0.0517,-0.00012163968131585706,-2.8604471858134203e-05
0.95,0.35,14.0,0.29,0.34,18.872460034337163,0.9,0.034702207197724745,-0.0453,0.0517,-0.00012163968131585706,-2.8604471858134203e-05
0.95,0.35,16.0,0.29,0.34,18.872460034337163,0.9,0.034702207197724745,-0.0453,0.0517,-0.00012163968131585706,-2.8604471858134203e-05
0.95,0.35,18.0,0.29,0.34,18.872460034337163,0.9,0.034702207197724745,-0.0453,0.0517,-0.00012163968131585706,-2.8604471858134203e-05
0.95,0.4,,0.29,0.34,18.872460034337163,0.9,0.034702207197724745,-0.0453,0.0517,-0.00012163968131585706,-2.8604471858134203e-05
0.95,0.4,2.0,0.29,0.34,18.872460034337163,0.9,0.034702207197724745,-0.0453,0.0517,-0.00012163968131585706,-2.8604471858134203e-05
0.95,0.4,4.0,0.29,0.34,18.872460034337163,0.9,0.034702207197724745,-0.0453,0.0517,-0.00012163968131585706,-2.8604471858134203e-05
0.95,0.4,6.0,0.29,0.34,18.872460034337163,0.9,0.034702207197724745,-0.0453,0.0517,-0.00012163968131585706,-2.8604471858134203e-05
0.95,0.4,8.0,0.29,0.34,18.872460034337163,0.9,0.034702207197724745,-0.0453,0.0517,-0.00012163968131585706,-2.8604471858134203e-05
0.95,0.4,10.0,0.29,0.34,18.872460034337163,0.9,0.034702207197724745,-0.0453,0.0517,-0.00012163968131585706,-2.8604471858134203e-05
0.95,0.4,12.0,0.29,0.34,18.872460034337163,0.9,0.034702207197724745,-0.0453,0.0517,-0.00012163968131585706,-2.8604471858134203e-05
0.95,0.4,14.0,0.29,0.34,18.872460034337163,0.9,0.034702207197724745,-0.0453,0.0517,-0.00012163968131585706,-2.8604471858134203e-05
0.95,0.4,16.0,0.29,0.34,18.872460034337163,0.9,0.034702207197724745,-0.0453,0.0517,-0.00012163968131585706,-2.8604471858134203e-05
0.95,0.4,18.0,0.29,0.34,18.872460034337163,0.9,0.034702207197724745,-0.0453,0.0517,-0.00012163968131585706,-2.8604471858134203e-05
0.95,0.45,,0.29,0.34,18.872460034337163,0.9,0.034702207197724745,-0.0453,0.0517,-0.00012163968131585706,-2.8604471858134203e-05
0.95,0.45,2.0,0.29,0.34,18.872460034337163,0.9,0.034702207197724745,-0.0453,0.0517,-0.00012163968131585706,-2.8604471858134203e-05
0.95,0.45,4.0,0.29,0.34,18.872460034337163,0.9,0.034702207197724745,-0.0453,0.0517,-0.00012163968131585706,-2.8604471858134203e-05
0.95,0.45,6.0,0.29,0.34,18.872460034337163,0.9,0.034702207197724745,-0.0453,0.0517,-0.00012163968131585706,-2.8604471858134203e-05
0.95,0.45,8.0,0.29,0.34,18.872460034337163,0.9,0.034702207197724745,-0.0453,0.0517,-0.00012163968131585706,-2.8604471858134203e-05
0.95,0.45,10.0,0.29,0.34,18.872460034337163,0.9,0.034702207197724745,-0.0453,0.0517,-0.00012163968131585706,-2.8604471858134203e-05
0.95,0.45,12.0,0.29,0.34,18.872460034337163,0.9,0.034702207197724745,-0.0453,0.0517,-0.00012163968131585706,-2.8604471858134203e-05
0.95,0.45,14.0,0.29,0.34,18.872460034337163,0.9,0.034702207197724745,-0.0453,0.0517,-0.00012163968131585706,-2.8604471858134203e-05
0.95,0.45,16.0,0.29,0.34,18.872460034337163,0.9,0.034702207197724745,-0.0453,0.0517,-0.00012163968131585706,-2.8604471858134203e-05
0.95,0.45,18.0,0.29,0.34,18.872460034337163,0.9,0.034702207197724745,-0.0453,0.0517,-0.00012163968131585706,-2.8604471858134203e-05
0.95,0.5,,0.29,0.34,18.872460034337163,0.9,0.034702207197724745,-0.0453,0.0517,-0.00012163968131585706,-2.8604471858134203e-05
0.95,0.5,2.0,0.29,0.34,18.872460034337163,0.9,0.034702207197724745,-0.0453,0.0517,-0.00012163968131585706,-2.8604471858134203e-05
0.95,0.5,4.0,0.29,0.34,18.872460034337163,0.9,0.034702207197724745,-0.0453,0.0517,-0.00012163968131585706,-2.8604471858134203e-05
0.95,0.5,6.0,0.29,0.34,18.872460034337163,0.9,0.034702207197724745,-0.0453,0.0517,-0.00012163968131585706,-2.8604471858134203e-05
0.95,0.5,8.0,0.29,0.34,18.872460034337163,0.9,0.034702207197724745,-0.0453,0.0517,-0.00012163968131585706,-2.8604471858134203e-05
0.95,0.5,10.0,0.29,0.34,18.872460034337163,0.9,0.034702207197724745,-0.0453,0.0517,-0.00012163968131585706,-2.8604471858134203e-05
0.95,0.5,12.0,0.29,0.34,18.872460034337163,0.9,0.034702207197724745,-0.0453,0.0517,-0.00012163968131585706,-2.8604471858134203e-05
0.95,0.5,14.0,0.29,0.34,18.872460034337163,0.9,0.034702207197724745,-0.0453,0.0517,-0.00012163968131585706,-2.8604471858134203e-05
0.95,0.5,16.0,0.29,0.34,18.872460034337163,0.9,0.034702207197724745,-0.0453,0.0517,-0.00012163968131585706,-2.8604471858134203e-05
0.95,0.5,18.0,0.29,0.34,18.872460034337163,0.9,0.034702207197724745,-0.0453,0.0517,-0.00012163968131585706,-2.8604471858134203e-05
0.95,0.55,,0.29,0.34,18.872460034337163,0.9,0.034702207197724745,-0.0453,0.0517,-0.00012163968131585706,-2.8604471858134203e-05
0.95,0.55,2.0,0.29,0.34,18.872460034337163,0.9,0.034702207197724745,-0.0453,0.0517,-0.00012163968131585706,-2.8604471858134203e-05
0.95,0.55,4.0,0.29,0.34,18.872460034337163,0.9,0.034702207197724745,-0.0453,0.0517,-0.00012163968131585706,-2.8604471858134203e-05
0.95,0.55,6.0,0.29,0.34,18.872460034337163,0.9,0.034702207197724745,-0.0453,0.0517,-0.00012163968131585706,-2.8604471858134203e-05
0.95,0.55,8.0,0.29,0.34,18.872460034337163,0.9,0.034702207197724745,-0.0453,0.0517,-0.00012163968131585706,-2.8604471858134203e-05
0.95,0.55,10.0,0.29,0.34,18.872460034337163,0.9,0.034702207197724745,-0.0453,0.0517,-0.00012163968131585706,-2.8604471858134203e-05
0.95,0.55,12.0,0.29,0.34,18.872460034337163,0.9,0.034702207197724745,-0.0453,0.0517,-0.00012163968131585706,-2.8604471858134203e-05
0.95,0.55,14.0,0.29,0.34,18.872460034337163,0.9,0.034702207197724745,-0.0453,0.0517,-0.00012163968131585706,-2.8604471858134203e-05
0.95,0.55,16.0,0.29,0.34,18.872460034337163,0.9,0.034702207197724745,-0.0453,0.0517,-0.00012163968131585706,-2.8604471858134203e-05
0.95,0.55,18.0,0.29,0.34,18.872460034337163,0.9,0.034702207197724745,-0.0453,0.0517,-0.00012163968131585706,-2.8604471858134203e-05
0.95,0.6,,0.29,0.34,18.872460034337163,0.9,0.034702207197724745,-0.0453,0.0517,-0.00012163968131585706,-2.8604471858134203e-05
0.95,0.6,2.0,0.29,0.34,18.872460034337163,0.9,0.034702207197724745,-0.0453,0.0517,-0.00012163968131585706,-2.8604471858134203e-05
0.95,0.6,4.0,0.29,0.34,18.872460034337163,0.9,0.034702207197724745,-0.0453,0.0517,-0.00012163968131585706,-2.8604471858134203e-05
0.95,0.6,6.0,0.29,0.34,18.872460034337163,0.9,0.034702207197724745,-0.0453,0.0517,-0.00012163968131585706,-2.8604471858134203e-05
0.95,0.6,8.0,0.29,0.34,18.872460034337163,0.9,0.034702207197724745,-0.0453,0.0517,-0.00012163968131585706,-2.8604471858134203e-05
0.95,0.6,10.0,0.29,0.34,18.872460034337163,0.9,0.034702207197724745,-0.0453,0.0517,-0.00012163968131585706,-2.8604471858134203e-05
0.95,0.6,12.0,0.29,0.34,18.872460034337163,0.9,0.034702207197724745,-0.0453,0.0517,-0.00012163968131585706,-2.8604471858134203e-05
0.95,0.6,14.0,0.29,0.34,18.872460034337163,0.9,0.034702207197724745,-0.0453,0.0517,-0.00012163968131585706,-2.8604471858134203e-05
0.95,0.6,16.0,0.29,0.34,18.872460034337163,0.9,0.034702207197724745,-0.0453,0.0517,-0.00012163968131585706,-2.8604471858134203e-05
0.95,0.6,18.0,0.29,0.34,18.872460034337163,0.9,0.034702207197724745,-0.0453,0.0517,-0.00012163968131585706,-2.8604471858134203e-05
0.95,0.65,,0.29,0.34,18.872460034337163,0.9,0.034702207197724745,-0.0453,0.0517,-0.00012163968131585706,-2.8604471858134203e-05
0.95,0.65,2.0,0.29,0.34,18.872460034337163,0.9,0.034702207197724745,-0.0453,0.0517,-0.00012163968131585706,-2.8604471858134203e-05
0.95,0.65,4.0,0.29,0.34,18.872460034337163,0.9,0.034702207197724745,-0.0453,0.0517,-0.00012163968131585706,-2.8604471858134203e-05
0.95,0.65,6.0,0.29,0.34,18.872460034337163,0.9,0.034702207197724745,-0.0453,0.0517,-0.00012163968131585706,-2.8604471858134203e-05
0.95,0.65,8.0,0.29,0.34,18.872460034337163,0.9,0.034702207197724745,-0.0453,0.0517,-0.00012163968131585706,-2.8604471858134203e-05
0.95,0.65,10.0,0.29,0.34,18.872460034337163,0.9,0.034702207197724745,-0.0453,0.0517,-0.00012163968131585706,-2.8604471858134203e-05
0.95,0.65,12.0,0.29,0.34,18.872460034337163,0.9,0.034702207197724745,-0.0453,0.0517,-0.00012163968131585706,-2.8604471858134203e-05
0.95,0.65,14.0,0.29,0.34,18.872460034337163,0.9,0.034702207197724745,-0.0453,0.0517,-0.00012163968131585706,-2.8604471858134203e-05
0.95,0.65,16.0,0.29,0.34,18.872460034337163,0.9,0.034702207197724745,-0.0453,0.0517,-0.00012163968131585706,-2.8604471858134203e-05
0.95,0.65,18.0,0.29,0.34,18.872460034337163,0.9,0.034702207197724745,-0.0453,0.0517,-0.00012163968131585706,-2.8604471858134203e-05
0.95,0.7,,0.29,0.34,18.872460034337163,0.9,0.034702207197724745,-0.0453,0.0517,-0.00012163968131585706,-2.8604471858134203e-05
0.95,0.7,2.0,0.29,0.34,18.872460034337163,0.9,0.034702207197724745,-0.0453,0.0517,-0.00012163968131585706,-2.8604471858134203e-05
0.95,0.7,4.0,0.29,0.34,18.872460034337163,0.9,0.034702207197724745,-0.0453,0.0517,-0.00012163968131585706,-2.8604471858134203e-05
0.95,0.7,6.0,0.29,0.34,18.872460034337163,0.9,0.034702207197724745,-0.0453,0.0517,-0.00012163968131585706,-2.8604471858134203e-05
0.95,0.7,8.0,0.29,0.34,18.872460034337163,0.9,0.034702207197724745,-0.0453,0.0517,-0.00012163968131585706,-2.8604471858134203e-05
0.95,0.7,10.0,0.29,0.34,18.872460034337163,0.9,0.034702207197724745,-0.0453,0.0517,-0.00012163968131585706,-2.8604471858134203e-05
0.95,0.7,12.0,0.29,0.34,18.872460034337163,0.9,0.034702207197724745,-0.0453,0.0517,-0.00012163968131585706,-2.8604471858134203e-05
0.95,0.7,14.0,0.29,0.34,18.872460034337163,0.9,0.034702207197724745,-0.0453,0.0517,-0.00012163968131585706,-2.8604471858134203e-05
0.95,0.7,16.0,0.29,0.34,18.872460034337163,0.9,0.034702207197724745,-0.0453,0.0517,-0.00012163968131585706,-2.8604471858134203e-05
0.95,0.7,18.0,0.29,0.34,18.872460034337163,0.9,0.034702207197724745,-0.0453,0.0517,-0.00012163968131585706,-2.8604471858134203e-05
0.95,0.75,,0.29,0.34,18.872460034337163,0.9,0.034702207197724745,-0.0453,0.0517,-0.00012163968131585706,-2.8604471858134203e-05
0.95,0.75,2.0,0.29,0.34,18.872460034337163,0.9,0.034702207197724745,-0.0453,0.0517,-0.00012163968131585706,-2.8604471858134203e-05
0.95,0.75,4.0,0.29,0.34,18.872460034337163,0.9,0.034702207197724745,-0.0453,0.0517,-0.00012163968131585706,-2.8604471858134203e-05
0.95,0.75,6.0,0.29,0.34,18.872460034337163,0.9,0.034702207197724745,-0.0453,0.0517,-0.00012163968131585706,-2.8604471858134203e-05
0.95,0.75,8.0,0.29,0.34,18.872460034337163,0.9,0.034702207197724745,-0.0453,0.0517,-0.00012163968131585706,-2.8604471858134203e-05
0.95,0.75,10.0,0.29,0.34,18.872460034337163,0.9,0.034702207197724745,-0.0453,0.0517,-0.00012163968131585706,-2.8604471858134203e-05
0.95,0.75,12.0,0.29,0.34,18.872460034337163,0.9,0.034702207197724745,-0.0453,0.0517,-0.00012163968131585706,-2.8604471858134203e-05
0.95,0.75,14.0,0.29,0.34,18.872460034337163,0.9,0.034702207197724745,-0.0453,0.0517,-0.00012163968131585706,-2.8604471858134203e-05
0.95,0.75,16.0,0.29,0.34,18.872460034337163,0.9,0.034702207197724745,-0.0453,0.0517,-0.00012163968131585706,-2.8604471858134203e-05
0.95,0.75,18.0,0.29,0.34,18.872460034337163,0.9,0.034702207197724745,-0.0453,0.0517,-0.00012163968131585706,-2.8604471858134203e-05
0.95,0.8,,0.29,0.34,18.872460034337163,0.9,0.034702207197724745,-0.0453,0.0517,-0.00012163968131585706,-2.8604471858134203e-05
0.95,0.8,2.0,0.29,0.34,18.872460034337163,0.9,0.034702207197724745,-0.0453,0.0517,-0.00012163968131585706,-2.8604471858134203e-05
0.95,0.8,4.0,0.29,0.34,18.872460034337163,0.9,0.034702207197724745,-0.0453,0.0517,-0.00012163968131585706,-2.8604471858134203e-05
0.95,0.8,6.0,0.29,0.34,18.872460034337163,0.9,0.034702207197724745,-0.0453,0.0517,-0.00012163968131585706,-2.8604471858134203e-05
0.95,0.8,8.0,0.29,0.34,18.872460034337163,0.9,0.034702207197724745,-0.0453,0.0517,-0.00012163968131585706,-2.8604471858134203e-05
0.95,0.8,10.0,0.29,0.34,18.872460034337163,0.9,0.034702207197724745,-0.0453,0.0517,-0.00012163968131585706,-2.8604471858134203e-05
0.95,0.8,12.0,0.29,0.34,18.872460034337163,0.9,0.034702207197724745,-0.0453,0.0517,-0.00012163968131585706,-2.8604471858134203e-05
0.95,0.8,14.0,0.29,0.34,18.872460034337163,0.9,0.034702207197724745,-0.0453,0.0517,-0.00012163968131585706,-2.8604471858134203e-05
0.95,0.8,16.0,0.29,0.34,18.872460034337163,0.9,0.034702207197724745,-0.0453,0.0517,-0.00012163968131585706,-2.8604471858134203e-05
0.95,0.8,18.0,0.29,0.34,18.872460034337163,0.9,0.034702207197724745,-0.0453,0.0517,-0.00012163968131585706,-2.8604471858134203e-05
0.95,0.85,,0.29,0.34,18.872460034337163,0.9,0.034702207197724745,-0.0453,0.0517,-0.00012163968131585706,-2.8604471858134203e-05
0.95,0.85,2.0,0.29,0.34,18.872460034337163,0.9,0.034702207197724745,-0.0453,0.0517,-0.00012163968131585706,-2.8604471858134203e-05
0.95,0.85,4.0,0.29,0.34,18.872460034337163,0.9,0.034702207197724745,-0.0453,0.0517,-0.00012163968131585706,-2.8604471858134203e-05
0.95,0.85,6.0,0.29,0.34,18.872460034337163,0.9,0.034702207197724745,-0.0453,0.0517,-0.00012163968131585706,-2.8604471858134203e-05
0.95,0.85,8.0,0.29,0.34,18.872460034337163,0.9,0.034702207197724745,-0.0453,0.0517,-0.00012163968131585706,-2.8604471858134203e-05
0.95,0.85,10.0,0.29,0.34,18.872460034337163,0.9,0.034702207197724745,-0.0453,0.0517,-0.00012163968131585706,-2.8604471858134203e-05
0.95,0.85,12.0,0.29,0.34,18.872460034337163,0.9,0.034702207197724745,-0.0453,0.0517,-0.00012163968131585706,-2.8604471858134203e-05
0.95,0.85,14.0,0.29,0.34,18.872460034337163,0.9,0.034702207197724745,-0.0453,0.0517,-0.00012163968131585706,-2.8604471858134203e-05
0.95,0.85,16.0,0.29,0.34,18.872460034337163,0.9,0.034702207197724745,-0.0453,0.0517,-0.00012163968131585706,-2.8604471858134203e-05
0.95,0.85,18.0,0.29,0.34,18.872460034337163,0.9,0.034702207197724745,-0.0453,0.0517,-0.00012163968131585706,-2.8604471858134203e-05
0.95,0.9,,0.29,0.34,18.872460034337163,0.9,0.034702207197724745,-0.0453,0.0517,-0.00012163968131585706,-2.8604471858134203e-05
0.95,0.9,2.0,0.29,0.34,18.872460034337163,0.9,0.034702207197724745,-0.0453,0.0517,-0.00012163968131585706,-2.8604471858134203e-05
0.95,0.9,4.0,0.29,0.34,18.872460034337163,0.9,0.034702207197724745,-0.0453,0.0517,-0.00012163968131585706,-2.8604471858134203e-05
0.95,0.9,6.0,0.29,0.34,18.872460034337163,0.9,0.034702207197724745,-0.0453,0.0517,-0.00012163968131585706,-2.8604471858134203e-05
0.95,0.9,8.0,0.29,0.34,18.872460034337163,0.9,0.034702207197724745,-0.0453,0.0517,-0.00012163968131585706,-2.8604471858134203e-05
0.95,0.9,10.0,0.29,0.34,18.872460034337163,0.9,0.034702207197724745,-0.0453,0.0517,-0.00012163968131585706,-2.8604471858134203e-05
0.95,0.9,12.0,0.29,0.34,18.872460034337163,0.9,0.034702207197724745,-0.0453,0.0517,-0.00012163968131585706,-2.8604471858134203e-05
0.95,0.9,14.0,0.29,0.34,18.872460034337163,0.9,0.034702207197724745,-0.0453,0.0517,-0.00012163968131585706,-2.8604471858134203e-05
0.95,0.9,16.0,0.29,0.34,18.872460034337163,0.9,0.034702207197724745,-0.0453,0.0517,-0.00012163968131585706,-2.8604471858134203e-05
0.95,0.9,18.0,0.29,0.34,18.872460034337163,0.9,0.034702207197724745,-0.0453,0.0517,-0.00012163968131585706,-2.8604471858134203e-05
0.95,0.95,,0.29,0.34,18.872460034337163,0.9,0.034702207197724745,-0.0453,0.0517,-0.00012163968131585706,-2.8604471858134203e-05
0.95,0.95,2.0,0.29,0.34,18.872460034337163,0.9,0.034702207197724745,-0.0453,0.0517,-0.00012163968131585706,-2.8604471858134203e-05
0.95,0.95,4.0,0.29,0.34,18.872460034337163,0.9,0.034702207197724745,-0.0453,0.0517,-0.00012163968131585706,-2.8604471858134203e-05
0.95,0.95,6.0,0.29,0.34,18.872460034337163,0.9,0.034702207197724745,-0.0453,0.0517,-0.00012163968131585706,-2.8604471858134203e-05
0.95,0.95,8.0,0.29,0.34,18.872460034337163,0.9,0.034702207197724745,-0.0453,0.0517,-0.00012163968131585706,-2.8604471858134203e-05
0.95,0.95,10.0,0.29,0.34,18.872460034337163,0.9,0.034702207197724745,-0.0453,0.0517,-0.00012163968131585706,-2.8604471858134203e-05
0.95,0.95,12.0,0.29,0.34,18.872460034337163,0.9,0.034702207197724745,-0.0453,0.0517,-0.00012163968131585706,-2.8604471858134203e-05
0.95,0.95,14.0,0.29,0.34,18.872460034337163,0.9,0.034702207197724745,-0.0453,0.0517,-0.00012163968131585706,-2.8604471858134203e-05
0.95,0.95,16.0,0.29,0.34,18.872460034337163,0.9,0.034702207197724745,-0.0453,0.0517,-0.00012163968131585706,-2.8604471858134203e-05
0.95,0.95,18.0,0.29,0.34,18.872460034337163,0.9,0.034702207197724745,-0.0453,0.0517,-0.00012163968131585706,-2.8604471858134203e-05
0.95,1.0,,0.29,0.34,18.872460034337163,0.9,0.034702207197724745,-0.0453,0.0517,-0.00012163968131585706,-2.8604471858134203e-05
0.95,1.0,2.0,0.29,0.34,18.872460034337163,0.9,0.034702207197724745,-0.0453,0.0517,-0.00012163968131585706,-2.8604471858134203e-05
0.95,1.0,4.0,0.29,0.34,18.872460034337163,0.9,0.034702207197724745,-0.0453,0.0517,-0.00012163968131585706,-2.8604471858134203e-05
0.95,1.0,6.0,0.29,0.34,18.872460034337163,0.9,0.034702207197724745,-0.0453,0.0517,-0.00012163968131585706,-2.8604471858134203e-05
0.95,1.0,8.0,0.29,0.34,18.872460034337163,0.9,0.034702207197724745,-0.0453,0.0517,-0.00012163968131585706,-2.8604471858134203e-05
0.95,1.0,10.0,0.29,0.34,18.872460034337163,0.9,0.034702207197724745,-0.0453,0.0517,-0.00012163968131585706,-2.8604471858134203e-05
0.95,1.0,12.0,0.29,0.34,18.872460034337163,0.9,0.034702207197724745,-0.0453,0.0517,-0.00012163968131585706,-2.8604471858134203e-05
0.95,1.0,14.0,0.29,0.34,18.872460034337163,0.9,0.034702207197724745,-0.0453,0.0517,-0.00012163968131585706,-2.8604471858134203e-05
0.95,1.0,16.0,0.29,0.34,18.872460034337163,0.9,0.034702207197724745,-0.0453,0.0517,-0.00012163968131585706,-2.8604471858134203e-05
0.95,1.0,18.0,0.29,0.34,18.872460034337163,0.9,0.034702207197724745,-0.0453,0.0517,-0.00012163968131585706,-2.8604471858134203e-05
1.0,0.1,,0.29,0.29,18.999000000000002,1.0,0.034666640476274664,,,-0.00015776636713735553,-4.767650834403078e-05
1.0,0.1,2.0,0.29,0.29,18.999000000000002,1.0,0.034666640476274664,,,-0.00015776636713735553,-4.767650834403078e-05
1.0,0.1,4.0,0.29,0.29,18.999000000000002,1.0,0.034666640476274664,,,-0.00015776636713735553,-4.767650834403078e-05
1.0,0.1,6.0,0.29,0.29,18.999000000000002,1.0,0.034666640476274664,,,-0.00015776636713735553,-4.767650834403078e-05
1.0,0.1,8.0,0.29,0.29,18.999000000000002,1.0,0.034666640476274664,,,-0.00015776636713735553,-4.767650834403078e-05
1.0,0.1,10.0,0.29,0.29,18.999000000000002,1.0,0.034666640476274664,,,-0.00015776636713735553,-4.767650834403078e-05
1.0,0.1,12.0,0.29,0.29,18.999000000000002,1.0,0.034666640476274664,,,-0.00015776636713735553,-4.767650834403078e-05
1.0,0.1,14.0,0.29,0.29,18.999000000000002,1.0,0.034666640476274664,,,-0.00015776636713735553,-4.767650834403078e-05
1.0,0.1,16.0,0.29,0.29,18.999000000000002,1.0,0.034666640476274664,,,-0.00015776636713735553,-4.767650834403078e-05
1.0,0.1,18.0,0.29,0.29,18.999000000000002,1.0,0.034666640476274664,,,-0.00015776636713735553,-4.767650834403078e-05
1.0,0.15,,0.29,0.29,18.999000000000002,1.0,0.034666640476274664,,,-0.00015776636713735553,-4.767650834403078e-05
1.0,0.15,2.0,0.29,0.29,18.999000000000002,1.0,0.034666640476274664,,,-0.00015776636713735553,-4.767650834403078e-05
1.0,0.15,4.0,0.29,0.29,18.999000000000002,1.0,0.034666640476274664,,,-0.00015776636713735553,-4.767650834403078e-05
1.0,0.15,6.0,0.29,0.29,18.999000000000002,1.0,0.034666640476274664,,,-0.00015776636713735553,-4.767650834403078e-05
1.0,0.15,8.0,0.29,0.29,18.999000000000002,1.0,0.034666640476274664,,,-0.00015776636713735553,-4.767650834403078e-05
1.0,0.15,10.0,0.29,0.29,18.999000000000002,1.0,0.034666640476274664,,,-0.00015776636713735553,-4.767650834403078e-05
1.0,0.15,12.0,0.29,0.29,18.999000000000002,1.0,0.034666640476274664,,,-0.00015776636713735553,-4.767650834403078e-05
1.0,0.15,14.0,0.29,0.29,18.999000000000002,1.0,0.034666640476274664,,,-0.00015776636713735553,-4.767650834403078e-05
1.0,0.15,16.0,0.29,0.29,18.999000000000002,1.0,0.034666640476274664,,,-0.00015776636713735553,-4.767650834403078e-05
1.0,0.15,18.0,0.29,0.29,18.999000000000002,1.0,0.034666640476274664,,,-0.00015776636713735553,-4.767650834403078e-05
1.0,0.2,,0.29,0.29,18.999000000000002,1.0,0.034666640476274664,,,-0.00015776636713735553,-4.767650834403078e-05
1.0,0.2,2.0,0.29,0.29,18.999000000000002,1.0,0.034666640476274664,,,-0.00015776636713735553,-4.767650834403078e-05
1.0,0.2,4.0,0.29,0.29,18.999000000000002,1.0,0.034666640476274664,,,-0.00015776636713735553,-4.767650834403078e-05
1.0,0.2,6.0,0.29,0.29,18.999000000000002,1.0,0.034666640476274664,,,-0.00015776636713735553,-4.767650834403078e-05
1.0,0.2,8.0,0.29,0.29,18.999000000000002,1.0,0.034666640476274664,,,-0.00015776636713735553,-4.767650834403078e-05
1.0,0.2,10.0,0.29,0.29,18.999000000000002,1.0,0.034666640476274664,,,-0.00015776636713735553,-4.767650834403078e-05
1.0,0.2,12.0,0.29,0.29,18.999000000000002,1.0,0.034666640476274664,,,-0.00015776636713735553,-4.767650834403078e-05
1.0,0.2,14.0,0.29,0.29,18.999000000000002,1.0,0.034666640476274664,,,-0.00015776636713735553,-4.767650834403078e-05
1.0,0.2,16.0,0.29,0.29,18.999000000000002,1.0,0.034666640476274664,,,-0.00015776636713735553,-4.767650834403078e-05
1.0,0.2,18.0,0.29,0.29,18.999000000000002,1.0,0.034666640476274664,,,-0.00015776636713735553,-4.767650834403078e-05
1.0,0.25,,0.29,0.29,18.999000000000002,1.0,0.034666640476274664,,,-0.00015776636713735553,-4.767650834403078e-05
1.0,0.25,2.0,0.29,0.29,18.999000000000002,1.0,0.034666640476274664,,,-0.00015776636713735553,-4.767650834403078e-05
1.0,0.25,4.0,0.29,0.29,18.999000000000002,1.0,0.034666640476274664,,,-0.00015776636713735553,-4.767650834403078e-05
1.0,0.25,6.0,0.29,0.29,18.999000000000002,1.0,0.034666640476274664,,,-0.00015776636713735553,-4.767650834403078e-05
1.0,0.25,8.0,0.29,0.29,18.999000000000002,1.0,0.034666640476274664,,,-0.00015776636713735553,-4.767650834403078e-05
1.0,0.25,10.0,0.29,0.29,18.999000000000002,1.0,0.034666640476274664,,,-0.00015776636713735553,-4.767650834403078e-05
1.0,0.25,12.0,0.29,0.29,18.999000000000002,1.0,0.034666640476274664,,,-0.00015776636713735553,-4.767650834403078e-05
1.0,0.25,14.0,0.29,0.29,18.999000000000002,1.0,0.034666640476274664,,,-0.00015776636713735553,-4.767650834403078e-05
1.0,0.25,16.0,0.29,0.29,18.999000000000002,1.0,0.034666640476274664,,,-0.00015776636713735553,-4.767650834403078e-05
1.0,0.25,18.0,0.29,0.29,18.999000000000002,1.0,0.034666640476274664,,,-0.00015776636713735553,-4.767650834403078e-05
1.0,0.3,,0.29,0.29,18.999000000000002,1.0,0.034666640476274664,,,-0.00015776636713735553,-4.767650834403078e-05
1.0,0.3,2.0,0.29,0.29,18.999000000000002,1.0,0.034666640476274664,,,-0.00015776636713735553,-4.767650834403078e-05
1.0,0.3,4.0,0.29,0.29,18.999000000000002,1.0,0.034666640476274664,,,-0.00015776636713735553,-4.767650834403078e-05
1.0,0.3,6.0,0.29,0.29,18.999000000000002,1.0,0.034666640476274664,,,-0.00015776636713735553,-4.767650834403078e-05
1.0,0.3,8.0,0.29,0.29,18.999000000000002,1.0,0.034666640476274664,,,-0.00015776636713735553,-4.767650834403078e-05
1.0,0.3,10.0,0.29,0.29,18.999000000000002,1.0,0.034666640476274664,,,-0.00015776636713735553,-4.767650834403078e-05
1.0,0.3,12.0,0.29,0.29,18.999000000000002,1.0,0.034666640476274664,,,-0.00015776636713735553,-4.767650834403078e-05
1.0,0.3,14.0,0.29,0.29,18.999000000000002,1.0,0.034666640476274664,,,-0.00015776636713735553,-4.767650834403078e-05
1.0,0.3,16.0,0.29,0.29,18.999000000000002,1.0,0.034666640476274664,,,-0.00015776636713735553,-4.767650834403078e-05
1.0,0.3,18.0,0.29,0.29,18.999000000000002,1.0,0.034666640476274664,,,-0.00015776636713735553,-4.767650834403078e-05
1.0,0.35,,0.29,0.29,18.999000000000002,1.0,0.034666640476274664,,,-0.00015776636713735553,-4.767650834403078e-05
1.0,0.35,2.0,0.29,0.29,18.999000000000002,1.0,0.034666640476274664,,,-0.00015776636713735553,-4.767650834403078e-05
1.0,0.35,4.0,0.29,0.29,18.999000000000002,1.0,0.034666640476274664,,,-0.00015776636713735553,-4.767650834403078e-05
1.0,0.35,6.0,0.29,0.29,18.999000000000002,1.0,0.034666640476274664,,,-0.00015776636713735553,-4.767650834403078e-05
1.0,0.35,8.0,0.29,0.29,18.999000000000002,1.0,0.034666640476274664,,,-0.00015776636713735553,-4.767650834403078e-05
1.0,0.35,10.0,0.29,0.29,18.999000000000002,1.0,0.034666640476274664,,,-0.00015776636713735553,-4.767650834403078e-05
1.0,0.35,12.0,0.29,0.29,18.999000000000002,1.0,0.034666640476274664,,,-0.00015776636713735553,-4.767650834403078e-05
1.0,0.35,14.0,0.29,0.29,18.999000000000002,1.0,0.034666640476274664,,,-0.00015776636713735553,-4.767650834403078e-05
1.0,0.35,16.0,0.29,0.29,18.999000000000002,1.0,0.034666640476274664,,,-0.00015776636713735553,-4.767650834403078e-05
1.0,0.35,18.0,0.29,0.29,18.999000000000002,1.0,0.034666640476274664,,,-0.00015776636713735553,-4.767650834403078e-05
1.0,0.4,,0.29,0.29,18.999000000000002,1.0,0.034666640476274664,,,-0.00015776636713735553,-4.767650834403078e-05
1.0,0.4,2.0,0.29,0.29,18.999000000000002,1.0,0.034666640476274664,,,-0.00015776636713735553,-4.767650834403078e-05
1.0,0.4,4.0,0.29,0.29,18.999000000000002,1.0,0.034666640476274664,,,-0.00015776636713735553,-4.767650834403078e-05
1.0,0.4,6.0,0.29,0.29,18.999000000000002,1.0,0.034666640476274664,,,-0.00015776636713735553,-4.767650834403078e-05
1.0,0.4,8.0,0.29,0.29,18.999000000000002,1.0,0.034666640476274664,,,-0.00015776636713735553,-4.767650834403078e-05
1.0,0.4,10.0,0.29,0.29,18.999000000000002,1.0,0.034666640476274664,,,-0.00015776636713735553,-4.767650834403078e-05
1.0,0.4,12.0,0.29,0.29,18.999000000000002,1.0,0.034666640476274664,,,-0.00015776636713735553,-4.767650834403078e-05
1.0,0.4,14.0,0.29,0.29,18.999000000000002,1.0,0.034666640476274664,,,-0.00015776636713735553,-4.767650834403078e-05
1.0,0.4,16.0,0.29,0.29,18.999000000000002,1.0,0.034666640476274664,,,-0.00015776636713735553,-4.767650834403078e-05
1.0,0.4,18.0,0.29,0.29,18.999000000000002,1.0,0.034666640476274664,,,-0.00015776636713735553,-4.767650834403078e-05
1.0,0.45,,0.29,0.29,18.999000000000002,1.0,0.034666640476274664,,,-0.00015776636713735553,-4.767650834403078e-05
1.0,0.45,2.0,0.29,0.29,18.999000000000002,1.0,0.034666640476274664,,,-0.00015776636713735553,-4.767650834403078e-05
1.0,0.45,4.0,0.29,0.29,18.999000000000002,1.0,0.034666640476274664,,,-0.00015776636713735553,-4.767650834403078e-05
1.0,0.45,6.0,0.29,0.29,18.999000000000002,1.0,0.034666640476274664,,,-0.00015776636713735553,-4.767650834403078e-05
1.0,0.45,8.0,0.29,0.29,18.999000000000002,1.0,0.034666640476274664,,,-0.00015776636713735553,-4.767650834403078e-05
1.0,0.45,10.0,0.29,0.29,18.999000000000002,1.0,0.034666640476274664,,,-0.00015776636713735553,-4.767650834403078e-05
1.0,0.45,12.0,0.29,0.29,18.999000000000002,1.0,0.034666640476274664,,,-0.00015776636713735553,-4.767650834403078e-05
1.0,0.45,14.0,0.29,0.29,18.999000000000002,1.0,0.034666640476274664,,,-0.00015776636713735553,-4.767650834403078e-05
1.0,0.45,16.0,0.29,0.29,18.999000000000002,1.0,0.034666640476274664,,,-0.00015776636713735553,-4.767650834403078e-05
1.0,0.45,18.0,0.29,0.29,18.999000000000002,1.0,0.034666640476274664,,,-0.00015776636713735553,-4.767650834403078e-05
1.0,0.5,,0.29,0.29,18.999000000000002,1.0,0.034666640476274664,,,-0.00015776636713735553,-4.767650834403078e-05
1.0,0.5,2.0,0.29,0.29,18.999000000000002,1.0,0.034666640476274664,,,-0.00015776636713735553,-4.767650834403078e-05
1.0,0.5,4.0,0.29,0.29,18.999000000000002,1.0,0.034666640476274664,,,-0.00015776636713735553,-4.767650834403078e-05
1.0,0.5,6.0,0.29,0.29,18.999000000000002,1.0,0.034666640476274664,,,-0.00015776636713735553,-4.767650834403078e-05
1.0,0.5,8.0,0.29,0.29,18.999000000000002,1.0,0.034666640476274664,,,-0.00015776636713735553,-4.767650834403078e-05
1.0,0.5,10.0,0.29,0.29,18.999000000000002,1.0,0.034666640476274664,,,-0.00015776636713735553,-4.767650834403078e-05
1.0,0.5,12.0,0.29,0.29,18.999000000000002,1.0,0.034666640476274664,,,-0.00015776636713735553,-4.767650834403078e-05
1.0,0.5,14.0,0.29,0.29,18.999000000000002,1.0,0.034666640476274664,,,-0.00015776636713735553,-4.767650834403078e-05
1.0,0.5,16.0,0.29,0.29,18.999000000000002,1.0,0.034666640476274664,,,-0.00015776636713735553,-4.767650834403078e-05
1.0,0.5,18.0,0.29,0.29,18.999000000000002,1.0,0.034666640476274664,,,-0.00015776636713735553,-4.767650834403078e-05
1.0,0.55,,0.29,0.29,18.999000000000002,1.0,0.034666640476274664,,,-0.00015776636713735553,-4.767650834403078e-05
1.0,0.55,2.0,0.29,0.29,18.999000000000002,1.0,0.034666640476274664,,,-0.00015776636713735553,-4.767650834403078e-05
1.0,0.55,4.0,0.29,0.29,18.999000000000002,1.0,0.034666640476274664,,,-0.00015776636713735553,-4.767650834403078e-05
1.0,0.55,6.0,0.29,0.29,18.999000000000002,1.0,0.034666640476274664,,,-0.00015776636713735553,-4.767650834403078e-05
1.0,0.55,8.0,0.29,0.29,18.999000000000002,1.0,0.034666640476274664,,,-0.00015776636713735553,-4.767650834403078e-05
1.0,0.55,10.0,0.29,0.29,18.999000000000002,1.0,0.034666640476274664,,,-0.00015776636713735553,-4.767650834403078e-05
1.0,0.55,12.0,0.29,0.29,18.999000000000002,1.0,0.034666640476274664,,,-0.00015776636713735553,-4.767650834403078e-05
1.0,0.55,14.0,0.29,0.29,18.999000000000002,1.0,0.034666640476274664,,,-0.00015776636713735553,-4.767650834403078e-05
1.0,0.55,16.0,0.29,0.29,18.999000000000002,1.0,0.034666640476274664,,,-0.00015776636713735553,-4.767650834403078e-05
1.0,0.55,18.0,0.29,0.29,18.999000000000002,1.0,0.034666640476274664,,,-0.00015776636713735553,-4.767650834403078e-05
1.0,0.6,,0.29,0.29,18.999000000000002,1.0,0.034666640476274664,,,-0.00015776636713735553,-4.767650834403078e-05
1.0,0.6,2.0,0.29,0.29,18.999000000000002,1.0,0.034666640476274664,,,-0.00015776636713735553,-4.767650834403078e-05
1.0,0.6,4.0,0.29,0.29,18.999000000000002,1.0,0.034666640476274664,,,-0.00015776636713735553,-4.767650834403078e-05
1.0,0.6,6.0,0.29,0.29,18.999000000000002,1.0,0.034666640476274664,,,-0.00015776636713735553,-4.767650834403078e-05
1.0,0.6,8.0,0.29,0.29,18.999000000000002,1.0,0.034666640476274664,,,-0.00015776636713735553,-4.767650834403078e-05
1.0,0.6,10.0,0.29,0.29,18.999000000000002,1.0,0.034666640476274664,,,-0.00015776636713735553,-4.767650834403078e-05
1.0,0.6,12.0,0.29,0.29,18.999000000000002,1.0,0.034666640476274664,,,-0.00015776636713735553,-4.767650834403078e-05
1.0,0.6,14.0,0.29,0.29,18.999000000000002,1.0,0.034666640476274664,,,-0.00015776636713735553,-4.767650834403078e-05
1.0,0.6,16.0,0.29,0.29,18.999000000000002,1.0,0.034666640476274664,,,-0.00015776636713735553,-4.767650834403078e-05
1.0,0.6,18.0,0.29,0.29,18.999000000000002,1.0,0.034666640476274664,,,-0.00015776636713735553,-4.767650834403078e-05
1.0,0.65,,0.29,0.29,18.999000000000002,1.0,0.034666640476274664,,,-0.00015776636713735553,-4.767650834403078e-05
1.0,0.65,2.0,0.29,0.29,18.999000000000002,1.0,0.034666640476274664,,,-0.00015776636713735553,-4.767650834403078e-05
1.0,0.65,4.0,0.29,0.29,18.999000000000002,1.0,0.034666640476274664,,,-0.00015776636713735553,-4.767650834403078e-05
1.0,0.65,6.0,0.29,0.29,18.999000000000002,1.0,0.034666640476274664,,,-0.00015776636713735553,-4.767650834403078e-05
1.0,0.65,8.0,0.29,0.29,18.999000000000002,1.0,0.034666640476274664,,,-0.00015776636713735553,-4.767650834403078e-05
1.0,0.65,10.0,0.29,0.29,18.999000000000002,1.0,0.034666640476274664,,,-0.00015776636713735553,-4.767650834403078e-05
1.0,0.65,12.0,0.29,0.29,18.999000000000002,1.0,0.034666640476274664,,,-0.00015776636713735553,-4.767650834403078e-05
1.0,0.65,14.0,0.29,0.29,18.999000000000002,1.0,0.034666640476274664,,,-0.00015776636713735553,-4.767650834403078e-05
1.0,0.65,16.0,0.29,0.29,18.999000000000002,1.0,0.034666640476274664,,,-0.00015776636713735553,-4.767650834403078e-05
1.0,0.65,18.0,0.29,0.29,18.999000000000002,1.0,0.034666640476274664,,,-0.00015776636713735553,-4.767650834403078e-05
1.0,0.7,,0.29,0.29,18.999000000000002,1.0,0.034666640476274664,,,-0.00015776636713735553,-4.767650834403078e-05
1.0,0.7,2.0,0.29,0.29,18.999000000000002,1.0,0.034666640476274664,,,-0.00015776636713735553,-4.767650834403078e-05
1.0,0.7,4.0,0.29,0.29,18.999000000000002,1.0,0.034666640476274664,,,-0.00015776636713735553,-4.767650834403078e-05
1.0,0.7,6.0,0.29,0.29,18.999000000000002,1.0,0.034666640476274664,,,-0.00015776636713735553,-4.767650834403078e-05
1.0,0.7,8.0,0.29,0.29,18.999000000000002,1.0,0.034666640476274664,,,-0.00015776636713735553,-4.767650834403078e-05
1.0,0.7,10.0,0.29,0.29,18.999000000000002,1.0,0.034666640476274664,,,-0.00015776636713735553,-4.767650834403078e-05
1.0,0.7,12.0,0.29,0.29,18.999000000000002,1.0,0.034666640476274664,,,-0.00015776636713735553,-4.767650834403078e-05
1.0,0.7,14.0,0.29,0.29,18.999000000000002,1.0,0.034666640476274664,,,-0.00015776636713735553,-4.767650834403078e-05
1.0,0.7,16.0,0.29,0.29,18.999000000000002,1.0,0.034666640476274664,,,-0.00015776636713735553,-4.767650834403078e-05
1.0,0.7,18.0,0.29,0.29,18.999000000000002,1.0,0.034666640476274664,,,-0.00015776636713735553,-4.767650834403078e-05
1.0,0.75,,0.29,0.29,18.999000000000002,1.0,0.034666640476274664,,,-0.00015776636713735553,-4.767650834403078e-05
1.0,0.75,2.0,0.29,0.29,18.999000000000002,1.0,0.034666640476274664,,,-0.00015776636713735553,-4.767650834403078e-05
1.0,0.75,4.0,0.29,0.29,18.999000000000002,1.0,0.034666640476274664,,,-0.00015776636713735553,-4.767650834403078e-05
1.0,0.75,6.0,0.29,0.29,18.999000000000002,1.0,0.034666640476274664,,,-0.00015776636713735553,-4.767650834403078e-05
1.0,0.75,8.0,0.29,0.29,18.999000000000002,1.0,0.034666640476274664,,,-0.00015776636713735553,-4.767650834403078e-05
1.0,0.75,10.0,0.29,0.29,18.999000000000002,1.0,0.034666640476274664,,,-0.00015776636713735553,-4.767650834403078e-05
1.0,0.75,12.0,0.29,0.29,18.999000000000002,1.0,0.034666640476274664,,,-0.00015776636713735553,-4.767650834403078e-05
1.0,0.75,14.0,0.29,0.29,18.999000000000002,1.0,0.034666640476274664,,,-0.00015776636713735553,-4.767650834403078e-05
1.0,0.75,16.0,0.29,0.29,18.999000000000002,1.0,0.034666640476274664,,,-0.00015776636713735553,-4.767650834403078e-05
1.0,0.75,18.0,0.29,0.29,18.999000000000002,1.0,0.034666640476274664,,,-0.00015776636713735553,-4.767650834403078e-05
1.0,0.8,,0.29,0.29,18.999000000000002,1.0,0.034666640476274664,,,-0.00015776636713735553,-4.767650834403078e-05
1.0,0.8,2.0,0.29,0.29,18.999000000000002,1.0,0.034666640476274664,,,-0.00015776636713735553,-4.767650834403078e-05
1.0,0.8,4.0,0.29,0.29,18.999000000000002,1.0,0.034666640476274664,,,-0.00015776636713735553,-4.767650834403078e-05
1.0,0.8,6.0,0.29,0.29,18.999000000000002,1.0,0.034666640476274664,,,-0.00015776636713735553,-4.767650834403078e-05
1.0,0.8,8.0,0.29,0.29,18.999000000000002,1.0,0.034666640476274664,,,-0.00015776636713735553,-4.767650834403078e-05
1.0,0.8,10.0,0.29,0.29,18.999000000000002,1.0,0.034666640476274664,,,-0.00015776636713735553,-4.767650834403078e-05
1.0,0.8,12.0,0.29,0.29,18.999000000000002,1.0,0.034666640476274664,,,-0.00015776636713735553,-4.767650834403078e-05
1.0,0.8,14.0,0.29,0.29,18.999000000000002,1.0,0.034666640476274664,,,-0.00015776636713735553,-4.767650834403078e-05
1.0,0.8,16.0,0.29,0.29,18.999000000000002,1.0,0.034666640476274664,,,-0.00015776636713735553,-4.767650834403078e-05
1.0,0.8,18.0,0.29,0.29,18.999000000000002,1.0,0.034666640476274664,,,-0.00015776636713735553,-4.767650834403078e-05
1.0,0.85,,0.29,0.29,18.999000000000002,1.0,0.034666640476274664,,,-0.00015776636713735553,-4.767650834403078e-05
1.0,0.85,2.0,0.29,0.29,18.999000000000002,1.0,0.034666640476274664,,,-0.00015776636713735553,-4.767650834403078e-05
1.0,0.85,4.0,0.29,0.29,18.999000000000002,1.0,0.034666640476274664,,,-0.00015776636713735553,-4.767650834403078e-05
1.0,0.85,6.0,0.29,0.29,18.999000000000002,1.0,0.034666640476274664,,,-0.00015776636713735553,-4.767650834403078e-05
1.0,0.85,8.0,0.29,0.29,18.999000000000002,1.0,0.034666640476274664,,,-0.00015776636713735553,-4.767650834403078e-05
1.0,0.85,10.0,0.29,0.29,18.999000000000002,1.0,0.034666640476274664,,,-0.00015776636713735553,-4.767650834403078e-05
1.0,0.85,12.0,0.29,0.29,18.999000000000002,1.0,0.034666640476274664,,,-0.00015776636713735553,-4.767650834403078e-05
1.0,0.85,14.0,0.29,0.29,18.999000000000002,1.0,0.034666640476274664,,,-0.00015776636713735553,-4.767650834403078e-05
1.0,0.85,16.0,0.29,0.29,18.999000000000002,1.0,0.034666640476274664,,,-0.00015776636713735553,-4.767650834403078e-05
1.0,0.85,18.0,0.29,0.29,18.999000000000002,1.0,0.034666640476274664,,,-0.00015776636713735553,-4.767650834403078e-05
1.0,0.9,,0.29,0.29,18.999000000000002,1.0,0.034666640476274664,,,-0.00015776636713735553,-4.767650834403078e-05
1.0,0.9,2.0,0.29,0.29,18.999000000000002,1.0,0.034666640476274664,,,-0.00015776636713735553,-4.767650834403078e-05
1.0,0.9,4.0,0.29,0.29,18.999000000000002,1.0,0.034666640476274664,,,-0.00015776636713735553,-4.767650834403078e-05
1.0,0.9,6.0,0.29,0.29,18.999000000000002,1.0,0.034666640476274664,,,-0.00015776636713735553,-4.767650834403078e-05
1.0,0.9,8.0,0.29,0.29,18.999000000000002,1.0,0.034666640476274664,,,-0.00015776636713735553,-4.767650834403078e-05
1.0,0.9,10.0,0.29,0.29,18.999000000000002,1.0,0.034666640476274664,,,-0.00015776636713735553,-4.767650834403078e-05
1.0,0.9,12.0,0.29,0.29,18.999000000000002,1.0,0.034666640476274664,,,-0.00015776636713735553,-4.767650834403078e-05
1.0,0.9,14.0,0.29,0.29,18.999000000000002,1.0,0.034666640476274664,,,-0.00015776636713735553,-4.767650834403078e-05
1.0,0.9,16.0,0.29,0.29,18.999000000000002,1.0,0.034666640476274664,,,-0.00015776636713735553,-4.767650834403078e-05
1.0,0.9,18.0,0.29,0.29,18.999000000000002,1.0,0.034666640476274664,,,-0.00015776636713735553,-4.767650834403078e-05
1.0,0.95,,0.29,0.29,18.999000000000002,1.0,0.034666640476274664,,,-0.00015776636713735553,-4.767650834403078e-05
1.0,0.95,2.0,0.29,0.29,18.999000000000002,1.0,0.034666640476274664,,,-0.00015776636713735553,-4.767650834403078e-05
1.0,0.95,4.0,0.29,0.29,18.999000000000002,1.0,0.034666640476274664,,,-0.00015776636713735553,-4.767650834403078e-05
1.0,0.95,6.0,0.29,0.29,18.999000000000002,1.0,0.034666640476274664,,,-0.00015776636713735553,-4.767650834403078e-05
1.0,0.95,8.0,0.29,0.29,18.999000000000002,1.0,0.034666640476274664,,,-0.00015776636713735553,-4.767650834403078e-05
1.0,0.95,10.0,0.29,0.29,18.999000000000002,1.0,0.034666640476274664,,,-0.00015776636713735553,-4.767650834403078e-05
1.0,0.95,12.0,0.29,0.29,18.999000000000002,1.0,0.034666640476274664,,,-0.00015776636713735553,-4.767650834403078e-05
1.0,0.95,14.0,0.29,0.29,18.999000000000002,1.0,0.034666640476274664,,,-0.00015776636713735553,-4.767650834403078e-05
1.0,0.95,16.0,0.29,0.29,18.999000000000002,1.0,0.034666640476274664,,,-0.00015776636713735553,-4.767650834403078e-05
1.0,0.95,18.0,0.29,0.29,18.999000000000002,1.0,0.034666640476274664,,,-0.00015776636713735553,-4.767650834403078e-05
1.0,1.0,,0.29,0.29,18.999000000000002,1.0,0.034666640476274664,,,-0.00015776636713735553,-4.767650834403078e-05
1.0,1.0,2.0,0.29,0.29,18.999000000000002,1.0,0.034666640476274664,,,-0.00015776636713735553,-4.767650834403078e-05
1.0,1.0,4.0,0.29,0.29,18.999000000000002,1.0,0.034666640476274664,,,-0.00015776636713735553,-4.767650834403078e-05
1.0,1.0,6.0,0.29,0.29,18.999000000000002,1.0,0.034666640476274664,,,-0.00015776636713735553,-4.767650834403078e-05
1.0,1.0,8.0,0.29,0.29,18.999000000000002,1.0,0.034666640476274664,,,-0.00015776636713735553,-4.767650834403078e-05
1.0,1.0,10.0,0.29,0.29,18.999000000000002,1.0,0.034666640476274664,,,-0.00015776636713735553,-4.767650834403078e-05
1.0,1.0,12.0,0.29,0.29,18.999000000000002,1.0,0.034666640476274664,,,-0.00015776636713735553,-4.767650834403078e-05
1.0,1.0,14.0,0.29,0.29,18.999000000000002,1.0,0.034666640476274664,,,-0.00015776636713735553,-4.767650834403078e-05
1.0,1.0,16.0,0.29,0.29,18.999000000000002,1.0,0.034666640476274664,,,-0.00015776636713735553,-4.767650834403078e-05
1.0,1.0,18.0,0.29,0.29,18.999000000000002,1.0,0.034666640476274664,,,-0.00015776636713735553,-4.767650834403078e-05
